Time (s),Shear Stress (kPa),Vertical Effective Stress (kPa),Shear Strain (%),Vertical Strain (%)
0.000488602,0,153,-0.003,0
0.0996748,1.5,153.3,0.02,-0.003
0.19935,3.4,153.8,0.061,-0.003
0.299024,5.1,154.4,0.121,-0.003
0.398699,7.3,155.1,0.2,0
0.498374,9.2,155.6,0.281,-0.003
0.598049,11.3,156.1,0.368,-0.006
0.697724,13.2,156.6,0.45,-0.006
0.797399,15.1,157.1,0.528,-0.008
0.897073,17,157.5,0.613,-0.008
0.996748,18.6,157.8,0.705,-0.009
1.09642,20.4,158.3,0.798,-0.011
1.1961,22.1,158.7,0.881,-0.012
1.29577,23.5,159.3,0.962,-0.012
1.39545,24.8,159.8,1.041,-0.008
1.49512,26.2,160,1.118,-0.014
1.5948,27.5,160.5,1.19,-0.014
1.69447,28.6,161.2,1.258,-0.015
1.79415,29.5,161.7,1.321,-0.015
1.89382,30.4,162.3,1.381,-0.014
1.9935,31.2,163,1.431,-0.014
2.09317,31.9,163.3,1.479,-0.012
2.19285,32.3,163.7,1.518,-0.012
2.29252,32.8,163.9,1.55,-0.011
2.3922,33,164,1.578,-0.005
2.49187,33.1,164,1.596,-0.011
2.59155,33.1,164.1,1.609,-0.011
2.69122,33,164,1.616,-0.011
2.79089,32.8,164,1.618,-0.009
2.89057,32.5,163.9,1.618,-0.009
2.99024,32,163.8,1.618,-0.009
3.08992,31.3,163.8,1.61,-0.009
3.18959,30.6,163.6,1.595,-0.008
3.28927,29.8,163.4,1.578,-0.009
3.38894,28.7,163.2,1.555,-0.005
3.48862,27.7,162.8,1.526,-0.006
3.58829,26.6,162.6,1.492,-0.008
3.68797,25.3,162.2,1.453,-0.008
3.78764,23.9,161.8,1.407,-0.005
3.88732,22.4,161.3,1.353,-0.005
3.98699,20.8,160.8,1.294,-0.003
4.08667,19.2,160.2,1.231,-0.002
4.18634,17.4,159.8,1.167,0
4.28602,15.5,159.2,1.087,0
4.38569,13.7,158.5,1.011,0.002
4.48537,11.8,157.8,0.927,0.002
4.58504,9.7,157.3,0.841,0.003
4.68472,7.6,156.7,0.751,0.003
4.78439,5.6,156.1,0.661,0.005
4.88407,3.5,155.7,0.569,0.005
4.98374,1.5,155.2,0.471,0.006
5.08342,-0.7,154.8,0.37,0.006
5.18309,-2.7,154.5,0.272,0.006
5.28277,-4.8,154,0.173,0.009
5.38244,-7,153.6,0.073,0.009
5.48212,-8.9,153.5,-0.026,0.011
5.58179,-10.7,153.5,-0.151,0.009
5.68147,-12.8,153.1,-0.294,0.009
5.78114,-14.9,152.8,-0.405,0.009
5.88081,-16.6,152.4,-0.505,0.009
5.98049,-18.4,152.1,-0.602,0.009
6.08016,-20.1,151.9,-0.697,0.011
6.17984,-21.8,151.5,-0.794,0.011
6.27951,-23.2,151.4,-0.885,0.012
6.37919,-24.6,151.1,-0.977,0.012
6.47886,-25.9,151,-1.064,0.017
6.57854,-27.2,150.9,-1.156,0.012
6.67821,-28.2,151.1,-1.24,0.012
6.77789,-29.3,151.3,-1.332,0.011
6.87756,-30.1,151.6,-1.414,0.012
6.97724,-31,151.8,-1.494,0.012
7.07691,-31.7,151.7,-1.561,0.012
7.17659,-32.2,151.6,-1.615,0.012
7.27626,-32.6,151.4,-1.656,0.012
7.37594,-33,151.3,-1.694,0.012
7.47561,-33,151.3,-1.719,0.018
7.57529,-33.1,151.2,-1.737,0.014
7.67496,-32.9,151.2,-1.746,0.012
7.77464,-32.7,151.2,-1.749,0.014
7.87431,-32.4,151.3,-1.751,0.014
7.97399,-31.9,151.3,-1.746,0.014
8.07366,-31.4,151.4,-1.74,0.014
8.17334,-30.5,151.6,-1.726,0.014
8.27301,-29.7,151.7,-1.709,0.014
8.37269,-28.8,151.9,-1.685,0.014
8.47236,-27.8,152.2,-1.656,0.018
8.57203,-26.5,152.3,-1.619,0.014
8.67171,-25.4,152.6,-1.579,0.014
8.77138,-24,152.8,-1.534,0.014
8.87106,-22.6,153,-1.482,0.014
8.97073,-21.1,153.4,-1.422,0.014
9.07041,-19.5,153.5,-1.361,0.015
9.17008,-17.7,153.8,-1.289,0.014
9.26976,-16,153.9,-1.208,0.014
9.36943,-14,153.8,-1.118,0.014
9.46911,-12.2,153.6,-1.02,0.017
9.56878,-10.2,153.6,-0.907,0.015
9.66846,-8.1,154.1,-0.8,0.014
9.76813,-6.1,154.5,-0.688,0.014
9.86781,-4.5,154.4,-0.557,0.012
9.96748,-1.8,154.8,-0.384,0.014
10.0672,0.3,155.4,-0.274,0.015
10.1668,2.4,155.9,-0.168,0.014
10.2665,4.4,156.4,-0.064,0.014
10.3662,6.5,156.8,0.038,0.014
10.4659,8.5,157.4,0.139,0.014
10.5655,10.6,157.7,0.243,0.015
10.6652,12.6,158,0.347,0.014
10.7649,14.4,158.1,0.445,0.014
10.8646,16.2,158.4,0.547,0.014
10.9642,18,158.7,0.645,0.012
11.0639,19.7,158.7,0.743,0.012
11.1636,21.4,158.9,0.839,0.011
11.2633,23,159.3,0.931,0.012
11.3629,24.4,159.5,1.018,0.011
11.4626,25.8,159.9,1.099,0.009
11.5623,27,160.1,1.176,0.011
11.662,28.2,160.4,1.248,0.009
11.7616,29.3,160.7,1.315,0.006
11.8613,30.1,160.9,1.378,0.006
11.961,31,161,1.433,0.005
12.0607,31.7,161.1,1.483,0.005
12.1603,32.2,161.1,1.527,0.005
12.26,32.6,161.3,1.564,0.005
12.3597,32.9,161.3,1.593,0.003
12.4594,33.1,161.3,1.613,0.005
12.559,33.1,161.4,1.631,0.009
12.6587,33.1,161.1,1.638,0.005
12.7584,32.9,161.1,1.641,0.005
12.8581,32.6,161,1.641,0.003
12.9577,32.2,160.8,1.641,0.003
13.0574,31.6,160.7,1.633,0.003
13.1571,30.8,160.5,1.622,0.005
13.2568,30,160.3,1.605,0.002
13.3564,29,160.1,1.584,0.003
13.4561,28,159.8,1.557,0.003
13.5558,26.9,159.4,1.526,0.008
13.6555,25.7,159,1.482,0.003
13.7551,24.4,158.6,1.436,0.003
13.8548,22.8,158.1,1.384,0.005
13.9545,21.3,157.7,1.326,0.005
14.0542,19.7,157.1,1.263,0.003
14.1538,18,156.6,1.2,0.005
14.2535,16.2,156.1,1.131,0.005
14.3532,14.2,155.4,1.055,0.006
14.4528,12.3,154.8,0.976,0.008
14.5525,10.4,154.3,0.891,0.014
14.6522,8.3,153.5,0.807,0.008
14.7519,6.3,152.9,0.716,0.011
14.8515,4.3,152.7,0.616,0.011
14.9512,2.2,152.1,0.515,0.011
15.0509,0,151.7,0.41,0.011
15.1506,-2,151.1,0.309,0.012
15.2502,-4.2,150.9,0.194,0.014
15.3499,-6.2,150.5,0.084,0.014
15.4496,-8.2,150.2,-0.026,0.014
15.5493,-9.8,150.3,-0.151,0.017
15.6489,-12.2,149.9,-0.335,0.014
15.7486,-14.2,149.5,-0.453,0.015
15.8483,-16.1,149.1,-0.564,0.015
15.948,-17.7,148.7,-0.67,0.017
16.0476,-19.5,148.5,-0.775,0.018
16.1473,-21.1,148.1,-0.879,0.017
16.247,-22.7,147.9,-0.98,0.017
16.3467,-24.2,147.9,-1.075,0.018
16.4463,-25.5,147.9,-1.167,0.018
16.546,-26.9,148.1,-1.258,0.018
16.6457,-27.9,148.1,-1.344,0.02
16.7454,-29.1,148.3,-1.427,0.02
16.845,-30,148.6,-1.501,0.018
16.9447,-30.9,148.4,-1.569,0.018
17.0444,-31.4,148.2,-1.622,0.02
17.1441,-32.1,148,-1.673,0.018
17.2437,-32.6,148.1,-1.706,0.018
17.3434,-32.9,148,-1.738,0.017
17.4431,-33,148,-1.763,0.018
17.5428,-33,147.9,-1.778,0.018
17.6424,-32.9,148,-1.789,0.023
17.7421,-32.9,148,-1.794,0.018
17.8418,-32.5,148,-1.794,0.018
17.9415,-32.2,148,-1.79,0.018
18.0411,-31.5,148.2,-1.784,0.018
18.1408,-30.8,148.2,-1.772,0.02
18.2405,-29.9,148.4,-1.757,0.018
18.3402,-29.1,148.5,-1.737,0.018
18.4398,-28.1,148.7,-1.708,0.018
18.5395,-27,148.9,-1.673,0.018
18.6392,-25.8,149.2,-1.633,0.023
18.7389,-24.5,149.4,-1.587,0.018
18.8385,-23.1,149.8,-1.535,0.018
18.9382,-21.6,149.8,-1.48,0.018
19.0379,-20.1,150.2,-1.42,0.018
19.1376,-18.3,150.4,-1.352,0.018
19.2372,-16.6,150.4,-1.278,0.018
19.3369,-14.7,150.4,-1.194,0.018
19.4366,-12.8,150.2,-1.099,0.018
19.5363,-11,150,-0.995,0.018
19.6359,-9,150.1,-0.885,0.024
19.7356,-6.8,150.5,-0.772,0.021
19.8353,-4.8,151,-0.657,0.02
19.935,-3.2,150.4,-0.488,0.02
20.0346,-0.5,151.3,-0.323,0.018
20.1343,1.7,151.8,-0.208,0.02
20.234,3.7,152.3,-0.098,0.02
20.3337,5.8,152.8,0.012,0.02
20.4333,7.9,153.3,0.122,0.018
20.533,10,153.7,0.232,0.02
20.6327,11.8,154,0.339,0.023
20.7324,13.8,154.3,0.45,0.018
20.832,15.6,154.4,0.558,0.018
20.9317,17.5,154.7,0.662,0.018
21.0314,19.2,155,0.765,0.015
21.1311,20.8,155.3,0.861,0.015
21.2307,22.5,155.5,0.959,0.015
21.3304,24,155.8,1.049,0.014
21.4301,25.4,156,1.133,0.014
21.5298,26.6,156.3,1.212,0.014
21.6294,27.8,156.5,1.281,0.014
21.7291,28.8,156.7,1.35,0.012
21.8288,29.9,157,1.411,0.011
21.9285,30.7,157.1,1.468,0.011
22.0281,31.4,157.3,1.517,0.009
22.1278,32,157.4,1.561,0.009
22.2275,32.5,157.5,1.599,0.009
22.3272,32.9,157.5,1.628,0.009
22.4268,33,157.5,1.65,0.008
22.5265,33.1,157.5,1.668,0.008
22.6262,33.1,157.5,1.676,0.008
22.7259,32.9,157.4,1.682,0.008
22.8255,32.7,157.3,1.68,0.008
22.9252,32.2,157.2,1.68,0.006
23.0249,31.8,157.1,1.677,0.008
23.1246,31.1,156.8,1.667,0.008
23.2242,30.3,156.7,1.651,0.008
23.3239,29.4,156.4,1.63,0.006
23.4236,28.4,156.1,1.604,0.006
23.5233,27.4,155.8,1.573,0.006
23.6229,26.2,155.4,1.534,0.006
23.7226,24.9,155,1.491,0.011
23.8223,23.4,154.5,1.439,0.008
23.922,21.9,154,1.385,0.008
24.0216,20.1,153.5,1.323,0.008
24.1213,18.6,153,1.261,0.009
24.221,16.7,152.5,1.193,0.011
24.3207,14.8,151.8,1.121,0.009
24.4203,13,151.2,1.041,0.011
24.52,11,150.7,0.96,0.011
24.6197,9,150,0.876,0.012
24.7194,6.9,149.5,0.786,0.02
24.819,4.9,149,0.691,0.015
24.9187,2.8,148.6,0.592,0.015
25.0184,0.7,148.1,0.488,0.017
25.1181,-1.2,147.8,0.382,0.017
25.2177,-3.4,147.3,0.266,0.018
25.3174,-5.4,146.8,0.153,0.02
25.4171,-7.6,146.4,0.034,0.018
25.5168,-9.4,146.2,-0.086,0.02
25.6164,-11.3,146.5,-0.272,0.02
25.7161,-13.5,145.8,-0.417,0.026
25.8158,-15.3,145.3,-0.537,0.021
25.9155,-17.2,144.8,-0.653,0.02
26.0151,-18.9,144.5,-0.768,0.02
26.1148,-20.6,144.2,-0.875,0.021
26.2145,-22.1,144.1,-0.98,0.02
26.3142,-23.6,144.1,-1.084,0.021
26.4138,-25.1,144.2,-1.185,0.021
26.5135,-26.4,144.4,-1.278,0.021
26.6132,-27.6,144.6,-1.367,0.021
26.7129,-28.7,144.8,-1.453,0.026
26.8125,-29.7,144.8,-1.527,0.021
26.9122,-30.5,144.7,-1.589,0.021
27.0119,-31.3,144.5,-1.642,0.021
27.1116,-32,144.4,-1.691,0.021
27.2112,-32.3,144.4,-1.729,0.021
27.3109,-32.9,144.4,-1.758,0.021
27.4106,-33.1,144.4,-1.786,0.021
27.5103,-33.1,144.5,-1.804,0.021
27.6099,-33.1,144.4,-1.813,0.021
27.7096,-32.9,144.5,-1.82,0.023
27.8093,-32.6,144.5,-1.82,0.021
27.909,-32.3,144.6,-1.818,0.021
28.0086,-31.8,144.7,-1.813,0.021
28.1083,-31.1,144.7,-1.803,0.021
28.208,-30.2,144.9,-1.787,0.021
28.3076,-29.4,144.8,-1.768,0.021
28.4073,-28.5,145.2,-1.742,0.021
28.507,-27.3,145.4,-1.709,0.021
28.6067,-26.2,145.5,-1.671,0.021
28.7063,-24.9,145.8,-1.627,0.021
28.806,-23.5,146.1,-1.578,0.023
28.9057,-22.1,146.3,-1.524,0.021
29.0054,-20.5,146.6,-1.468,0.023
29.105,-18.9,146.7,-1.402,0.021
29.2047,-17.2,146.9,-1.332,0.023
29.3044,-15.4,146.9,-1.254,0.023
29.4041,-13.5,146.7,-1.162,0.021
29.5037,-11.6,146.5,-1.061,0.023
29.6034,-9.5,146.2,-0.953,0.023
29.7031,-7.5,146.6,-0.836,0.023
29.8028,-5.4,147.1,-0.722,0.026
29.9024,-3.9,146.8,-0.596,0.023
30.0021,-1.3,146.9,-0.382,0.021
30.1018,0.9,147.4,-0.252,0.021
30.2015,3,147.8,-0.136,0.021
30.3011,5.1,148.3,-0.017,0.02
30.4008,7.2,148.7,0.093,0.021
30.5005,9.1,149.1,0.205,0.021
30.6002,11.2,149.5,0.323,0.02
30.6998,13.1,150,0.434,0.018
30.7995,15,150.4,0.543,0.023
30.8992,16.8,150.8,0.653,0.017
30.9989,18.6,150.9,0.758,0.015
31.0985,20.2,150.3,0.865,0.015
31.1982,22,150.8,0.966,0.014
31.2979,23.4,151.1,1.061,0.014
31.3976,24.9,151.5,1.145,0.012
31.4972,26.3,151.7,1.229,0.011
31.5969,27.5,151.7,1.301,0.011
31.6966,28.6,152,1.37,0.011
31.7963,29.6,152.4,1.433,0.017
31.8959,30.4,152.5,1.491,0.008
31.9956,31.1,152.8,1.541,0.008
32.0953,31.9,152.9,1.586,0.009
32.195,32.4,152.9,1.622,0.008
32.2946,32.7,153,1.654,0.006
32.3943,33.1,153,1.676,0.006
32.494,33.1,153.1,1.694,0.006
32.5937,33.1,153,1.706,0.006
32.6933,33,152.8,1.709,0.006
32.793,32.8,152.9,1.714,0.009
32.8927,32.4,152.7,1.711,0.006
32.9924,31.9,152.6,1.709,0.006
33.092,31.3,152.4,1.7,0.005
33.1917,30.6,152.2,1.685,0.005
33.2914,29.6,151.8,1.667,0.006
33.3911,28.8,151.7,1.644,0.006
33.4907,27.7,151.3,1.613,0.006
33.5904,26.6,151,1.583,0.006
33.6901,25.3,150.5,1.537,0.006
33.7898,23.9,150.2,1.491,0.006
33.8894,22.3,149.7,1.434,0.006
33.9891,20.8,149.1,1.381,0.008
34.0888,19.1,148.5,1.316,0.008
34.1885,17.3,148.1,1.249,0.009
34.2881,15.5,147.6,1.179,0.009
34.3878,13.6,147,1.104,0.011
34.4875,11.6,146.4,1.02,0.011
34.5872,9.7,145.8,0.937,0.012
34.6868,7.6,145.5,0.847,0.012
34.7865,5.6,144.9,0.754,0.012
34.8862,3.5,144.4,0.654,0.015
34.9859,1.4,144.1,0.553,0.015
35.0855,-0.7,143.6,0.445,0.015
35.1852,-2.7,143.1,0.336,0.017
35.2849,-4.8,142.5,0.217,0.017
35.3846,-6.8,142.1,0.101,0.017
35.4842,-8.8,141.7,-0.021,0.018
35.5839,-10.2,142.2,-0.176,0.02
35.6836,-12.8,141.4,-0.372,0.018
35.7833,-14.7,141,-0.495,0.02
35.8829,-16.6,140.7,-0.619,0.024
35.9826,-18.3,140.3,-0.735,0.021
36.0823,-20,140,-0.85,0.02
36.182,-21.6,140,-0.966,0.021
36.2816,-23.2,140,-1.076,0.02
36.3813,-24.6,140.3,-1.182,0.02
36.481,-26,140.5,-1.284,0.02
36.5807,-27.2,140.7,-1.379,0.02
36.6803,-28.3,140.8,-1.465,0.02
36.78,-29.4,140.8,-1.543,0.02
36.8797,-30.3,140.7,-1.602,0.026
36.9794,-31.1,140.4,-1.656,0.02
37.079,-31.7,140.3,-1.708,0.021
37.1787,-32.4,140.1,-1.749,0.02
37.2784,-32.7,140.2,-1.783,0.021
37.3781,-33,140.2,-1.81,0.02
37.4777,-33.2,140.2,-1.827,0.02
37.5774,-33.1,140.2,-1.841,0.02
37.6771,-33.1,140.1,-1.847,0.021
37.7768,-32.8,140.2,-1.85,0.02
37.8764,-32.4,140.2,-1.849,0.024
37.9761,-32,140.1,-1.842,0.021
38.0758,-31.2,139.9,-1.836,0.02
38.1755,-30.5,140,-1.821,0.02
38.2751,-29.6,140.2,-1.804,0.02
38.3748,-28.8,140.1,-1.781,0.02
38.4745,-27.8,140.3,-1.749,0.018
38.5742,-26.7,140.5,-1.712,0.018
38.6738,-25.5,140.8,-1.671,0.018
38.7735,-24,140.7,-1.624,0.018
38.8732,-22.6,141.2,-1.57,0.02
38.9729,-21.1,141.3,-1.514,0.017
39.0725,-19.5,141.5,-1.451,0.018
39.1722,-17.7,141.7,-1.382,0.017
39.2719,-16,141.7,-1.307,0.017
39.3716,-14,141.8,-1.222,0.017
39.4712,-12.2,141.6,-1.127,0.015
39.5709,-10.2,141.2,-1.017,0.015
39.6706,-8.2,140.9,-0.899,0.015
39.7703,-6.2,141.3,-0.778,0.015
39.8699,-4.2,141.8,-0.661,0.015
39.9696,-2.7,141.2,-0.483,0.015
40.0693,0.2,141.9,-0.3,0.015
40.169,2.4,142.5,-0.174,0.014
40.2686,4.4,142.8,-0.052,0.015
40.3683,6.5,143.4,0.063,0.014
40.468,8.5,143.8,0.18,0.014
40.5677,10.6,144.3,0.297,0.012
40.6673,12.4,144.7,0.41,0.011
40.767,14.4,145.1,0.524,0.011
40.8667,16.2,145.5,0.636,0.009
40.9664,18,145.9,0.746,0.011
41.066,19.8,146.2,0.856,0.006
41.1657,21.3,145.7,0.959,0.006
41.2654,23,146,1.06,0.006
41.3651,24.4,146.3,1.147,0.005
41.4647,25.7,146.7,1.234,0.005
41.5644,27,146.7,1.312,0.003
41.6641,28.2,147.1,1.379,0.003
41.7638,29.3,147.3,1.446,0
41.8634,30.1,147.6,1.505,0.002
41.9631,31,147.7,1.557,0.005
42.0628,31.6,147.8,1.605,-0.002
42.1624,32.2,148,1.644,0
42.2621,32.6,148.2,1.674,-0.002
42.3618,33,148.1,1.702,-0.002
42.4615,33.1,148.1,1.722,-0.003
42.5611,33.1,148.1,1.732,-0.003
42.6608,33.1,148.1,1.74,-0.002
42.7605,32.8,148,1.742,-0.002
42.8602,32.5,147.9,1.742,-0.002
42.9599,32.1,147.8,1.74,0.005
43.0595,31.5,147.6,1.732,-0.002
43.1592,30.7,147.4,1.719,-0.002
43.2589,30,147.3,1.702,-0.002
43.3585,29.1,147,1.68,-0.002
43.4582,28,146.7,1.653,-0.002
43.5579,26.9,146.3,1.621,-0.002
43.6576,25.7,145.9,1.581,-0.002
43.7572,24.3,145.4,1.534,0
43.8569,22.8,145,1.482,-0.002
43.9566,21.2,144.6,1.425,0.003
44.0563,19.6,143.9,1.362,0
44.1559,17.8,143.4,1.3,0.002
44.2556,16,143,1.228,0.002
44.3553,14.1,142.3,1.154,0.003
44.455,12.3,141.7,1.075,0.003
44.5546,10.4,141.4,0.986,0.005
44.6543,8.2,140.8,0.898,0.005
44.754,6.2,140.1,0.807,0.005
44.8537,4.1,140,0.706,0.006
44.9533,2.1,139.5,0.605,0.011
45.053,0,138.8,0.503,0.008
45.1527,-2.1,138.4,0.396,0.008
45.2524,-4.1,137.8,0.28,0.008
45.352,-6.1,137.4,0.164,0.008
45.4517,-8.2,137,0.046,0.008
45.5514,-9.8,137.1,-0.087,0.009
45.6511,-12.2,136.9,-0.304,0.008
45.7507,-14,136.4,-0.442,0.011
45.8504,-16,135.9,-0.57,0.011
45.9501,-17.7,135.9,-0.693,0.011
46.0498,-19.5,135.9,-0.82,0.012
46.1494,-21.1,135.8,-0.937,0.011
46.2491,-22.6,135.8,-1.057,0.012
46.3488,-24.2,136,-1.168,0.014
46.4485,-25.5,136.3,-1.275,0.012
46.5481,-26.8,136.5,-1.376,0.012
46.6478,-28,136.6,-1.469,0.012
46.7475,-29.1,136.5,-1.544,0.012
46.8472,-30,136.4,-1.609,0.012
46.9468,-30.9,136.3,-1.668,0.012
47.0465,-31.6,136.4,-1.719,0.017
47.1462,-32.2,136.3,-1.764,0.014
47.2459,-32.6,136.3,-1.801,0.014
47.3455,-32.9,136.3,-1.83,0.012
47.4452,-33.1,136.3,-1.85,0.014
47.5449,-33.2,136.3,-1.867,0.014
47.6446,-33.1,136.5,-1.873,0.014
47.7442,-32.9,136.5,-1.875,0.014
47.8439,-32.5,136.6,-1.873,0.014
47.9436,-32.1,136.5,-1.871,0.014
48.0433,-31.5,136.7,-1.865,0.02
48.1429,-30.8,136.8,-1.853,0.014
48.2426,-29.9,136.9,-1.838,0.014
48.3423,-29,137.1,-1.815,0.014
48.442,-28.1,137.3,-1.786,0.014
48.5416,-26.9,137.5,-1.752,0.014
48.6413,-25.8,137.7,-1.711,0.015
48.741,-24.5,137.9,-1.667,0.012
48.8407,-23,138.2,-1.613,0.014
48.9403,-21.6,138.4,-1.56,0.015
49.04,-20,138.7,-1.498,0.02
49.1397,-18.3,138.8,-1.431,0.015
49.2394,-16.6,139,-1.355,0.015
49.339,-14.6,139.1,-1.272,0.014
49.4387,-12.8,139,-1.182,0.015
49.5384,-10.9,138.6,-1.078,0.015
49.6381,-8.9,138.3,-0.957,0.015
49.7377,-6.8,138.3,-0.832,0.015
49.8374,-4.7,138.7,-0.714,0.015
49.9371,-3.3,138.5,-0.575,0.015
50.0368,-0.6,138.8,-0.359,0.017
50.1364,1.6,139.2,-0.223,0.015
50.2361,3.6,139.6,-0.099,0.014
50.3358,5.9,140.2,0.029,0.014
50.4355,7.9,140.7,0.147,0.014
50.5351,9.9,141.1,0.265,0.015
50.6348,11.8,141.4,0.378,0.014
50.7345,13.8,141.9,0.495,0.014
50.8342,15.6,142.3,0.609,0.011
50.9338,17.4,142.6,0.723,0.011
51.0335,19.2,142.9,0.832,0.011
51.1332,20.9,143.1,0.937,0.008
51.2329,22.4,143.1,1.037,0.008
51.3325,24,143.4,1.138,0.008
51.4322,25.3,143.5,1.223,0.006
51.5319,26.6,143.9,1.303,0.005
51.6316,27.9,144.3,1.376,0.005
51.7312,28.9,144.5,1.443,0.005
51.8309,29.9,144.6,1.505,0.005
51.9306,30.7,144.9,1.56,0.002
52.0303,31.4,144.9,1.61,0.003
52.1299,32,145,1.651,0.003
52.2296,32.5,145.1,1.685,0.002
52.3293,32.9,145.1,1.714,0.002
52.429,33.1,145.2,1.735,0.002
52.5286,33.1,145.1,1.749,0.002
52.6283,33.2,145.1,1.76,0
52.728,32.8,145,1.761,0
52.8277,32.6,144.9,1.763,0.002
52.9273,32.2,144.8,1.76,0.002
53.027,31.7,144.6,1.757,0
53.1267,31.1,144.4,1.743,0.006
53.2264,30.2,144.2,1.729,0.002
53.326,29.4,144,1.709,0
53.4257,28.4,143.8,1.682,0.002
53.5254,27.3,143.4,1.653,-0.002
53.6251,26.2,142.9,1.615,0
53.7247,24.8,142.6,1.572,0
53.8244,23.3,142.1,1.52,0
53.9241,21.8,141.5,1.466,0.003
54.0238,20.1,141.2,1.404,0.002
54.1234,18.3,140.7,1.339,0.008
54.2231,16.6,140.1,1.271,0.005
54.3228,14.8,139.6,1.196,0.005
54.4225,12.9,139,1.118,0.006
54.5221,10.9,138.5,1.029,0.006
54.6218,8.9,138.1,0.939,0.006
54.7215,7,137.5,0.849,0.006
54.8212,4.9,137,0.752,0.009
54.9208,2.8,136.4,0.653,0.009
55.0205,0.7,135.9,0.55,0.011
55.1202,-1.3,135.4,0.445,0.017
55.2199,-3.6,134.7,0.332,0.011
55.3195,-5.5,134.4,0.217,0.014
55.4192,-7.6,133.9,0.095,0.012
55.5189,-9.4,133.7,-0.024,0.014
55.6186,-11.3,134,-0.225,0.014
55.7182,-13.4,133.4,-0.388,0.014
55.8179,-15.4,133.1,-0.521,0.014
55.9176,-17.2,133,-0.651,0.014
56.0173,-18.9,132.8,-0.778,0.015
56.1169,-20.5,132.7,-0.899,0.018
56.2166,-22.1,132.7,-1.021,0.015
56.3163,-23.6,132.9,-1.142,0.015
56.416,-25.2,133,-1.252,0.015
56.5156,-26.4,133.3,-1.358,0.015
56.6153,-27.6,133.4,-1.459,0.015
56.715,-28.7,133.2,-1.54,0.014
56.8147,-29.7,133,-1.612,0.014
56.9143,-30.5,133.1,-1.671,0.015
57.014,-31.4,133,-1.728,0.014
57.1137,-32,133.1,-1.771,0.015
57.2133,-32.5,133,-1.81,0.014
57.313,-32.9,132.9,-1.842,0.015
57.4127,-33.1,132.9,-1.865,0.014
57.5124,-33.2,132.9,-1.881,0.014
57.612,-33,132.8,-1.89,0.012
57.7117,-33,132.9,-1.894,0.012
57.8114,-32.7,132.9,-1.896,0.012
57.9111,-32.3,132.9,-1.893,0.012
58.0107,-31.8,132.9,-1.888,0.012
58.1104,-31.1,132.9,-1.879,0.012
58.2101,-30.2,133.1,-1.862,0.015
58.3098,-29.4,133.2,-1.842,0.012
58.4094,-28.4,133.2,-1.818,0.011
58.5091,-27.3,133.4,-1.784,0.011
58.6088,-26.2,133.6,-1.748,0.011
58.7085,-24.9,133.8,-1.702,0.011
58.8081,-23.5,134,-1.653,0.011
58.9078,-22.1,134.2,-1.598,0.011
59.0075,-20.5,134.3,-1.537,0.011
59.1072,-18.8,134.6,-1.469,0.009
59.2068,-17.1,134.7,-1.398,0.015
59.3065,-15.4,134.8,-1.318,0.011
59.4062,-13.4,134.7,-1.228,0.009
59.5059,-11.7,134.6,-1.128,0.009
59.6055,-9.6,134.3,-1.014,0.009
59.7052,-7.5,133.8,-0.885,0.009
59.8049,-5.4,134.1,-0.758,0.009
59.9046,-3.6,134.3,-0.635,0.009
60.0042,-1.5,134,-0.425,0.009
60.1039,0.8,134.1,-0.268,0.008
60.2036,2.9,134.7,-0.133,0.015
60.3033,5,135.2,-0.009,0.008
60.4029,7.1,135.7,0.112,0.008
60.5026,9.1,136.1,0.231,0.008
60.6023,11.2,136.6,0.35,0.008
60.702,13.1,137.1,0.466,0.006
60.8016,15,137.5,0.583,0.005
60.9013,16.8,137.8,0.697,0.003
61.001,18.5,138.2,0.809,0.003
61.1007,20.3,138.6,0.917,0.002
61.2003,22,138.9,1.021,0.005
61.3,23.4,139.1,1.116,0
61.3997,24.8,139.4,1.208,-0.002
61.4994,26.2,139.5,1.294,-0.002
61.599,27.4,139.6,1.37,-0.005
61.6987,28.6,140,1.442,-0.005
61.7984,29.6,140.2,1.508,-0.005
61.8981,30.4,140.5,1.564,-0.006
61.9977,31.2,140.6,1.615,-0.008
62.0974,31.8,140.7,1.66,-0.006
62.1971,32.3,140.9,1.696,-0.005
62.2968,32.8,140.8,1.728,-0.008
62.3964,33,140.9,1.751,-0.008
62.4961,33.1,140.9,1.768,-0.009
62.5958,33.1,140.8,1.778,-0.009
62.6955,33,140.9,1.783,-0.009
62.7951,32.7,140.8,1.786,-0.009
62.8948,32.4,140.7,1.783,-0.008
62.9945,31.9,140.6,1.78,-0.009
63.0942,31.1,140.4,1.771,-0.009
63.1938,30.5,140.2,1.755,-0.009
63.2935,29.7,139.9,1.735,-0.008
63.3932,28.7,139.6,1.712,-0.008
63.4929,27.7,139.3,1.683,-0.009
63.5925,26.6,139,1.648,-0.009
63.6922,25.2,138.7,1.605,-0.011
63.7919,23.8,138.2,1.557,-0.009
63.8916,22.2,137.7,1.503,-0.009
63.9912,20.7,137.3,1.445,-0.009
64.0909,18.9,136.7,1.381,-0.008
64.1906,17.2,136.2,1.312,-0.006
64.2903,15.4,135.7,1.238,-0.003
64.3899,13.6,135.2,1.161,-0.005
64.4896,11.7,134.6,1.079,-0.003
64.5893,9.7,134.1,0.989,-0.003
64.689,7.7,133.4,0.898,-0.002
64.7886,5.6,132.9,0.803,0
64.8883,3.5,132.3,0.7,0.002
64.988,1.4,131.7,0.599,0.002
65.0877,-0.7,131.1,0.492,0.003
65.1873,-2.7,130.6,0.387,0.003
65.287,-4.8,130.2,0.269,0.009
65.3867,-6.8,129.7,0.153,0.005
65.4864,-8.9,129.5,0.029,0.006
65.586,-10.3,129.9,-0.136,0.006
65.6857,-12.8,129.5,-0.33,0.006
65.7854,-14.7,129.3,-0.469,0.006
65.8851,-16.6,129,-0.601,0.006
65.9847,-18.3,128.9,-0.731,0.008
66.0844,-20,128.9,-0.861,0.008
66.1841,-21.7,128.9,-0.986,0.008
66.2838,-23.1,129.3,-1.11,0.012
66.3834,-24.6,129.4,-1.229,0.008
66.4831,-25.9,129.7,-1.339,0.006
66.5828,-27.2,130,-1.443,0.008
66.6825,-28.4,129.8,-1.534,0.006
66.7821,-29.4,129.8,-1.605,0.006
66.8818,-30.4,129.7,-1.671,0.008
66.9815,-31.1,129.8,-1.729,0.006
67.0812,-31.8,129.9,-1.778,0.006
67.1808,-32.3,129.9,-1.818,0.008
67.2805,-32.7,129.9,-1.852,0.011
67.3802,-33,129.8,-1.878,0.006
67.4799,-33.1,129.9,-1.896,0.008
67.5795,-33.2,129.8,-1.908,0.008
67.6792,-33.1,130,-1.914,0.008
67.7789,-32.7,129.8,-1.913,0.008
67.8786,-32.5,130,-1.914,0.006
67.9782,-31.9,130.2,-1.911,0.006
68.0779,-31.1,130.2,-1.901,0.008
68.1776,-30.5,130.3,-1.888,0.006
68.2773,-29.6,130.6,-1.87,0.008
68.3769,-28.8,130.5,-1.846,0.008
68.4766,-27.8,130.8,-1.816,0.006
68.5763,-26.6,131.1,-1.777,0.008
68.676,-25.4,131.2,-1.737,0.006
68.7756,-24,131.4,-1.688,0.006
68.8753,-22.6,131.6,-1.635,0.008
68.975,-21,131.9,-1.573,0.008
69.0747,-19.5,132.1,-1.508,0.008
69.1743,-17.7,132.4,-1.437,0.006
69.274,-16,132.5,-1.361,0.006
69.3737,-14,132.6,-1.271,0.009
69.4734,-12.2,132.5,-1.174,0.008
69.573,-10.2,132.1,-1.064,0.008
69.6727,-8.3,131.7,-0.943,0.008
69.7724,-6.1,131.7,-0.809,0.009
69.8721,-4.1,132,-0.687,0.008
69.9717,-2.8,131.4,-0.517,0.009
70.0714,0.2,131.8,-0.315,0.008
70.1711,2.3,131.9,-0.182,0.008
70.2708,4.4,132.3,-0.052,0.008
70.3704,6.5,132.9,0.075,0.012
70.4701,8.5,133.4,0.196,0.009
70.5698,10.6,133.9,0.315,0.009
70.6694,12.5,134.5,0.433,0.008
70.7691,14.4,134.9,0.549,0.008
70.8688,16.2,135.4,0.665,0.006
70.9685,18,135.7,0.781,0.006
71.0681,19.7,136,0.89,0.005
71.1678,21.4,136.4,0.997,0.003
71.2675,22.9,136.7,1.093,0.003
71.3672,24.4,137,1.19,0.008
71.4669,25.7,137.2,1.275,0
71.5665,27,137.4,1.356,-0.003
71.6662,28.1,137.3,1.433,-0.002
71.7659,29.2,137.5,1.501,-0.002
71.8655,30.2,137.7,1.563,-0.002
71.9652,31,137.9,1.616,-0.003
72.0649,31.6,138.1,1.662,-0.003
72.1646,32.3,138.4,1.702,-0.005
72.2642,32.6,138.3,1.732,-0.003
72.3639,32.9,138.4,1.758,0
72.4636,33.1,138.4,1.777,-0.005
72.5633,33.1,138.4,1.79,-0.005
72.6629,33,138.4,1.795,-0.005
72.7626,32.7,138.3,1.797,-0.006
72.8623,32.6,138.3,1.797,-0.006
72.962,32,138.2,1.795,-0.005
73.0616,31.6,138,1.789,-0.006
73.1613,30.8,137.8,1.774,-0.006
73.261,29.9,137.6,1.755,-0.006
73.3607,29.1,137.3,1.734,0
73.4603,28.1,137.1,1.708,-0.006
73.56,26.9,136.7,1.674,-0.005
73.6597,25.7,136.3,1.635,-0.005
73.7594,24.3,135.9,1.586,-0.005
73.859,22.8,135.4,1.534,-0.006
73.9587,21.2,134.9,1.477,-0.005
74.0584,19.5,134.4,1.414,-0.003
74.1581,17.8,133.9,1.346,-0.003
74.2577,16.1,133.4,1.275,-0.002
74.3574,14.1,132.9,1.199,-0.002
74.4571,12.3,132.1,1.118,0
74.5568,10.3,131.6,1.029,0
74.6564,8.2,131.1,0.936,0
74.7561,6.2,130.5,0.842,0.003
74.8558,4.1,129.9,0.743,0.003
74.9555,2,129.4,0.641,0.005
75.0551,-0.1,128.7,0.535,0.006
75.1548,-2,128.3,0.431,0.006
75.2545,-4.2,127.8,0.317,0.008
75.3542,-6.3,127.4,0.2,0.008
75.4538,-8.2,127.2,0.078,0.009
75.5535,-9.7,127.7,-0.063,0.009
75.6532,-12.1,127.4,-0.277,0.009
75.7529,-14,127,-0.42,0.009
75.8525,-15.9,126.8,-0.555,0.009
75.9522,-17.6,126.7,-0.685,0.011
76.0519,-19.5,126.6,-0.82,0.011
76.1516,-21.1,126.7,-0.946,0.009
76.2512,-22.5,126.9,-1.075,0.009
76.3509,-24.1,127.2,-1.199,0.009
76.4506,-25.5,127.5,-1.313,0.014
76.5503,-26.7,127.7,-1.422,0.011
76.6499,-28.1,127.8,-1.517,0.011
76.7496,-29.1,127.6,-1.598,0.011
76.8493,-30.1,127.6,-1.668,0.011
76.949,-30.9,127.5,-1.725,0.009
77.0486,-31.6,127.4,-1.778,0.009
77.1483,-32.2,127.5,-1.824,0.011
77.248,-32.6,127.4,-1.858,0.009
77.3477,-32.9,127.6,-1.884,0.011
77.4473,-33,127.6,-1.907,0.015
77.547,-33.2,127.6,-1.923,0.011
77.6467,-33.2,127.5,-1.928,0.009
77.7464,-32.9,127.6,-1.933,0.009
77.846,-32.6,127.7,-1.933,0.008
77.9457,-32.1,127.7,-1.928,0.009
78.0454,-31.4,127.8,-1.92,0.009
78.1451,-30.8,127.9,-1.91,0.009
78.2447,-30,128,-1.893,0.011
78.3444,-29.1,128.1,-1.871,0.009
78.4441,-28,128.4,-1.842,0.017
78.5438,-27,128.4,-1.807,0.011
78.6434,-25.7,128.6,-1.766,0.011
78.7431,-24.5,128.8,-1.719,0.011
78.8428,-23.1,129,-1.667,0.011
78.9425,-21.6,129.2,-1.61,0.011
79.0421,-20,129.3,-1.544,0.011
79.1418,-18.2,129.5,-1.474,0.011
79.2415,-16.6,129.8,-1.399,0.011
79.3412,-14.7,130,-1.313,0.009
79.4408,-12.8,129.9,-1.22,0.012
79.5405,-10.9,129.6,-1.115,0.009
79.6402,-9,129.1,-0.995,0.009
79.7399,-6.8,128.8,-0.862,0.011
79.8395,-4.8,128.9,-0.732,0.011
79.9392,-3.2,128.8,-0.592,0.011
80.0389,-0.6,128.9,-0.372,0.011
80.1386,1.6,129.3,-0.234,0.011
80.2382,3.8,129.3,-0.101,0.009
80.3379,5.9,129.4,0.034,0.011
80.4376,7.8,129.9,0.154,0.011
80.5373,9.9,130.3,0.281,0.009
80.6369,11.8,130.8,0.401,0.006
80.7366,13.8,131.3,0.518,0.006
80.8363,15.6,131.6,0.635,0.005
80.936,17.4,132.2,0.751,0.003
81.0356,19.1,132.7,0.864,0.003
81.1353,20.9,133,0.972,0.002
81.235,22.4,133.5,1.075,0
81.3347,24,133.7,1.173,-0.002
81.4343,25.3,134,1.26,-0.002
81.534,26.5,134.1,1.342,-0.002
81.6337,27.8,134.5,1.42,-0.005
81.7334,28.9,134.5,1.492,-0.006
81.833,29.8,134.5,1.555,-0.006
81.9327,30.7,134.7,1.612,-0.006
82.0324,31.5,134.8,1.662,-0.006
82.1321,32,135,1.705,-0.008
82.2317,32.5,135.2,1.738,-0.008
82.3314,32.8,135.1,1.766,-0.006
82.4311,33.1,135.2,1.787,-0.009
82.5308,33.1,135.1,1.801,-0.003
82.6304,33.1,135.2,1.812,-0.008
82.7301,32.8,135,1.815,-0.009
82.8298,32.6,134.8,1.815,-0.008
82.9295,32.2,134.7,1.813,-0.008
83.0291,31.7,134.6,1.807,-0.008
83.1288,31,134.5,1.797,-0.008
83.2285,30.1,134.3,1.78,-0.008
83.3282,29.4,134,1.761,-0.008
83.4278,28.4,133.7,1.732,-0.008
83.5275,27.3,133.5,1.702,0
83.6272,26.1,133,1.665,-0.006
83.7269,24.8,132.6,1.621,-0.009
83.8265,23.3,132.2,1.57,-0.009
83.9262,21.7,131.8,1.514,-0.008
84.0259,20.1,131.2,1.451,-0.006
84.1255,18.4,130.9,1.385,-0.006
84.2252,16.5,130.2,1.316,-0.006
84.3249,14.8,129.7,1.242,-0.003
84.4246,12.9,129.2,1.162,-0.002
84.5243,10.9,128.6,1.072,0.005
84.6239,8.9,128.1,0.982,-0.002
84.7236,6.9,127.4,0.888,-0.002
84.8233,4.9,126.8,0.79,0
84.923,2.8,126.3,0.69,0.002
85.0226,0.7,125.7,0.583,0.002
85.1223,-1.5,125.3,0.476,0.005
85.222,-3.5,124.9,0.364,0.005
85.3216,-5.5,124.5,0.243,0.005
85.4213,-7.6,124.5,0.122,0.006
85.521,-9.3,124.4,-0.006,0.008
85.6207,-11.3,124.4,-0.213,0.006
85.7204,-13.4,124,-0.372,0.006
85.82,-15.3,123.9,-0.508,0.005
85.9197,-17.2,123.8,-0.642,0.006
86.0194,-18.8,123.9,-0.775,0.006
86.119,-20.5,123.8,-0.905,0.008
86.2187,-22.1,124,-1.037,0.006
86.3184,-23.6,124.3,-1.167,0.006
86.4181,-25,124.5,-1.287,0.008
86.5177,-26.4,124.8,-1.402,0.008
86.6174,-27.7,124.6,-1.5,0.008
86.7171,-28.7,124.7,-1.579,0.008
86.8168,-29.8,124.5,-1.656,0.008
86.9164,-30.5,124.6,-1.717,0.008
87.0161,-31.3,124.5,-1.774,0.009
87.1158,-32,124.5,-1.821,0.008
87.2155,-32.5,124.5,-1.859,0.006
87.3151,-32.9,124.5,-1.891,0.008
87.4148,-33,124.5,-1.913,0.008
87.5145,-33.1,124.5,-1.93,0.006
87.6142,-33.2,124.5,-1.942,0.011
87.7138,-32.9,124.6,-1.945,0.006
87.8135,-32.7,124.6,-1.942,0.008
87.9132,-32.3,124.7,-1.942,0.008
88.0129,-31.7,124.8,-1.937,0.008
88.1125,-31.1,124.9,-1.927,0.006
88.2122,-30.2,125.1,-1.91,0.008
88.3119,-29.4,125.2,-1.891,0.006
88.4116,-28.5,125.3,-1.864,0.008
88.5112,-27.3,125.6,-1.83,0.009
88.6109,-26.2,125.8,-1.792,0.012
88.7106,-24.9,126,-1.746,0.008
88.8103,-23.6,126.2,-1.696,0.008
88.9099,-22.1,126.5,-1.639,0.008
89.0096,-20.6,126.7,-1.578,0.008
89.1093,-18.9,126.8,-1.509,0.008
89.209,-17.1,127.1,-1.434,0.006
89.3086,-15.3,127.3,-1.352,0.008
89.4083,-13.4,127.5,-1.261,0.009
89.508,-11.6,127.4,-1.164,0.008
89.6077,-9.6,127,-1.046,0.014
89.7073,-7.6,126.3,-0.917,0.009
89.807,-5.3,126.4,-0.778,0.009
89.9067,-3.6,126.5,-0.65,0.008
90.0064,-1.6,126.3,-0.443,0.008
90.106,0.9,126.7,-0.28,0.009
90.2057,3,126.9,-0.145,0.009
90.3054,5.1,127.1,-0.017,0.008
90.4051,7.1,127.2,0.113,0.008
90.5047,9.1,127.6,0.237,0.008
90.6044,11.2,128.3,0.362,0.011
90.7041,13.2,128.6,0.488,0.006
90.8038,15,129.2,0.605,0.005
90.9034,16.8,129.7,0.722,0.003
91.0031,18.6,130.1,0.833,0.003
91.1028,20.4,130.6,0.946,0.002
91.2025,21.8,130.9,1.049,0
91.3021,23.4,131.2,1.148,0
91.4018,24.9,131.6,1.243,-0.002
91.5015,26.2,131.9,1.329,-0.005
91.6012,27.4,132.1,1.407,0
91.7008,28.6,132.3,1.482,-0.003
91.8005,29.5,132.4,1.546,-0.005
91.9002,30.4,132.5,1.605,-0.006
91.9999,31.2,132.7,1.656,-0.005
92.0995,31.8,132.8,1.702,-0.005
92.1992,32.4,132.7,1.74,-0.006
92.2989,32.8,132.9,1.771,-0.006
92.3986,32.9,132.9,1.792,-0.006
92.4982,33.1,132.9,1.81,-0.006
92.5979,33.1,132.8,1.82,-0.006
92.6976,32.9,132.8,1.826,-0.005
92.7973,32.8,132.6,1.827,-0.006
92.8969,32.4,132.6,1.826,-0.006
92.9966,31.9,132.5,1.823,-0.006
93.0963,31.3,132.4,1.812,-0.005
93.196,30.4,132.2,1.797,-0.006
93.2956,29.6,131.9,1.78,-0.006
93.3953,28.7,131.7,1.755,-0.006
93.495,27.7,131.4,1.723,-0.006
93.5947,26.4,131,1.69,-0.006
93.6943,25.1,130.5,1.648,-0.003
93.794,23.8,130.2,1.599,-0.006
93.8937,22.3,129.7,1.544,-0.006
93.9934,20.6,129.3,1.483,-0.005
94.093,19,128.7,1.417,-0.005
94.1927,17.3,128.2,1.353,-0.005
94.2924,15.4,127.6,1.275,-0.003
94.3921,13.5,127.1,1.197,-0.003
94.4917,11.6,126.5,1.112,-0.002
94.5914,9.5,126,1.023,0
94.6911,7.6,125.4,0.928,0.006
94.7908,5.5,124.7,0.832,0.003
94.8904,3.5,124.2,0.728,0.003
94.9901,1.4,123.6,0.627,0.003
95.0898,-0.7,123.2,0.52,0.005
95.1895,-2.7,122.9,0.408,0.005
95.2891,-4.9,122.5,0.289,0.008
95.3888,-6.9,122.2,0.17,0.006
95.4885,-8.9,122.1,0.044,0.008
95.5882,-10.4,122.5,-0.135,0.009
95.6878,-12.8,122,-0.32,0.015
95.7875,-14.6,122,-0.465,0.009
95.8872,-16.6,121.8,-0.602,0.009
95.9869,-18.4,121.8,-0.734,0.008
96.0865,-20,121.5,-0.867,0.008
96.1862,-21.5,121.9,-1,0.009
96.2859,-23.2,122.1,-1.133,0.009
96.3856,-24.6,122.4,-1.258,0.008
96.4852,-25.9,122.6,-1.376,0.009
96.5849,-27.3,122.6,-1.48,0.008
96.6846,-28.4,122.7,-1.566,0.014
96.7843,-29.5,122.4,-1.644,0.009
96.8839,-30.3,122.4,-1.708,0.009
96.9836,-31.2,122.3,-1.768,0.008
97.0833,-31.8,122.4,-1.815,0.009
97.183,-32.4,122.2,-1.858,0.009
97.2826,-32.7,122.2,-1.891,0.008
97.3823,-33,122.4,-1.919,0.008
97.482,-33.2,122.3,-1.936,0.008
97.5816,-33.2,122.3,-1.948,0.008
97.6813,-32.9,122.5,-1.953,0.011
97.781,-32.8,122.5,-1.956,0.008
97.8807,-32.3,122.4,-1.953,0.009
97.9804,-31.9,122.6,-1.949,0.009
98.08,-31.2,122.5,-1.942,0.009
98.1797,-30.5,122.8,-1.927,0.008
98.2794,-29.7,122.8,-1.908,0.009
98.3791,-28.7,123,-1.884,0.008
98.4787,-27.7,123.1,-1.852,0.008
98.5784,-26.6,123.3,-1.815,0.008
98.6781,-25.3,123.5,-1.774,0.008
98.7777,-24.1,123.6,-1.723,0.011
98.8774,-22.6,123.6,-1.668,0.009
98.9771,-21,124,-1.607,0.008
99.0768,-19.4,124,-1.543,0.008
99.1765,-17.6,124.3,-1.468,0.008
99.2761,-15.9,124.4,-1.387,0.006
99.3758,-14,124.5,-1.301,0.008
99.4755,-12.2,124.5,-1.205,0.006
99.5751,-10.3,124.3,-1.095,0.008
99.6748,-8.3,123.8,-0.971,0.006
99.7745,-6.2,123.4,-0.835,0.011
99.8742,-4.1,123.5,-0.697,0.008
99.9738,-2.7,123.1,-0.528,0.006
100.074,0.2,123.6,-0.327,0.006
100.173,2.4,124,-0.191,0.008
100.273,4.4,124.2,-0.061,0.006
100.373,6.5,124.5,0.073,0.008
100.472,8.5,124.6,0.2,0.006
100.572,10.6,124.7,0.329,0.006
100.672,12.4,125.2,0.456,0.005
100.771,14.5,126,0.578,0.009
100.871,16.2,126.3,0.694,0.005
100.971,18,126.9,0.812,0.002
101.07,19.7,127.4,0.924,0
101.17,21.4,127.8,1.031,-0.002
101.27,23,128.2,1.13,-0.002
101.369,24.5,128.6,1.228,-0.003
101.469,25.6,128.8,1.31,-0.005
101.569,27,129.2,1.396,-0.006
101.668,28.2,129.4,1.471,-0.006
101.768,29.2,129.7,1.538,-0.005
101.868,30.1,129.8,1.598,-0.008
101.967,30.9,129.9,1.653,-0.009
102.067,31.6,130.1,1.699,-0.011
102.167,32.1,130.2,1.74,-0.011
102.266,32.6,130.4,1.774,-0.012
102.366,32.9,130.3,1.8,-0.012
102.466,33.1,130.3,1.82,-0.011
102.565,33.1,130.3,1.83,-0.011
102.665,33.1,130.3,1.838,-0.012
102.765,32.8,130.2,1.839,-0.009
102.864,32.5,130.2,1.838,-0.012
102.964,32.1,130,1.836,-0.011
103.064,31.4,129.8,1.829,-0.012
103.163,30.7,129.6,1.816,-0.012
103.263,29.9,129.5,1.798,-0.012
103.363,29,129.3,1.774,-0.011
103.462,28,128.9,1.748,-0.012
103.562,26.9,128.6,1.716,-0.012
103.662,25.7,128.2,1.673,-0.012
103.761,24.2,127.8,1.625,-0.009
103.861,22.7,127.4,1.573,-0.011
103.961,21.2,126.9,1.515,-0.009
104.061,19.5,126.5,1.453,-0.011
104.16,17.7,126,1.387,-0.009
104.26,16.1,125.5,1.313,-0.009
104.36,14.1,125,1.237,-0.008
104.459,12.2,124.4,1.151,-0.008
104.559,10.2,123.9,1.061,-0.005
104.659,8.2,123.4,0.971,-0.005
104.758,6.2,122.8,0.875,-0.003
104.858,4.1,122.2,0.771,-0.002
104.958,2.1,121.8,0.668,-0.002
105.057,-0.1,121.4,0.561,0
105.157,-2.2,120.9,0.45,0
105.257,-4.3,120.6,0.335,0
105.356,-6.3,120.4,0.217,0.002
105.456,-8.3,120.3,0.092,0.002
105.556,-9.7,121,-0.057,0.002
105.655,-12.1,120.4,-0.268,0.002
105.755,-14.1,120.4,-0.414,0.003
105.855,-16,120.3,-0.553,0.005
105.954,-17.8,120.1,-0.691,0.003
106.054,-19.4,120.1,-0.827,0.003
106.154,-21,120.2,-0.96,0.002
106.253,-22.6,120.4,-1.095,0.002
106.353,-24,120.8,-1.226,0.002
106.453,-25.5,121,-1.349,0.003
106.552,-26.9,121,-1.456,0
106.652,-28.2,120.8,-1.546,0.002
106.752,-29.2,120.7,-1.628,0.002
106.851,-30.1,120.8,-1.694,0.008
106.951,-30.9,120.6,-1.757,0.002
107.051,-31.6,120.6,-1.807,0.002
107.15,-32.2,120.6,-1.853,0.002
107.25,-32.6,120.6,-1.888,0.002
107.35,-33,120.6,-1.916,0.003
107.449,-33.1,120.6,-1.937,0
107.549,-33.2,120.6,-1.951,0.003
107.649,-33,120.8,-1.957,0.002
107.748,-32.8,120.8,-1.962,0.003
107.848,-32.5,120.9,-1.96,0.008
107.948,-32.1,120.9,-1.957,0.003
108.048,-31.5,121,-1.954,0.003
108.147,-30.8,121,-1.94,0.003
108.247,-30,121.2,-1.92,0.003
108.347,-29.1,121.4,-1.899,0.002
108.446,-28.1,121.6,-1.87,0.003
108.546,-27,121.7,-1.833,0.003
108.646,-25.8,122,-1.795,0.003
108.745,-24.4,122.2,-1.746,0.002
108.845,-23.1,122.5,-1.694,0.006
108.945,-21.7,122.6,-1.636,0.002
109.044,-19.9,122.8,-1.569,0.003
109.144,-18.4,123.1,-1.498,0.002
109.244,-16.6,123.4,-1.42,0.003
109.343,-14.7,123.6,-1.336,0.003
109.443,-12.8,123.7,-1.242,0.005
109.543,-10.8,123.5,-1.138,0.003
109.642,-8.9,123.1,-1.021,0.002
109.742,-6.8,122.5,-0.885,0.005
109.842,-4.8,122.4,-0.746,0.005
109.941,-3,122.4,-0.604,0.005
110.041,-0.7,122.3,-0.379,0.003
110.141,1.7,122.9,-0.235,0.003
110.24,3.7,123.2,-0.104,0.002
110.34,5.8,123.5,0.028,0.003
110.44,7.9,123.8,0.156,0.003
110.539,9.8,124,0.287,0.003
110.639,11.8,124.1,0.416,0.003
110.739,13.8,124.7,0.541,0.003
110.838,15.6,125.2,0.662,0.003
110.938,17.5,125.7,0.781,0.003
111.038,19.1,126.2,0.891,0.002
111.137,20.8,126.6,1.003,-0.002
111.237,22.4,126.9,1.105,-0.002
111.337,23.9,127.3,1.205,-0.003
111.436,25.3,127.7,1.297,-0.005
111.536,26.6,128.1,1.381,-0.005
111.636,27.7,128.3,1.456,-0.006
111.735,29,128.6,1.526,-0.006
111.835,29.8,128.8,1.589,-0.008
111.935,30.7,129,1.645,-0.005
112.035,31.4,129.2,1.693,-0.009
112.134,31.9,129.3,1.735,-0.009
112.234,32.5,129.4,1.771,-0.011
112.334,32.9,129.4,1.8,-0.011
112.433,33.1,129.4,1.82,-0.011
112.533,33,129.4,1.832,-0.009
112.633,33.1,129.3,1.842,-0.009
112.732,32.8,129.2,1.846,-0.009
112.832,32.6,129.2,1.846,-0.011
112.932,32.2,129.1,1.844,-0.008
113.031,31.7,128.8,1.839,-0.009
113.131,31,128.7,1.827,-0.011
113.231,30.1,128.5,1.81,-0.011
113.33,29.3,128.3,1.79,-0.011
113.43,28.3,128,1.764,-0.012
113.53,27.2,127.6,1.734,-0.012
113.629,26,127.4,1.694,-0.011
113.729,24.7,126.8,1.65,-0.011
113.829,23.2,126.5,1.598,-0.011
113.928,21.7,126,1.541,-0.005
114.028,20.1,125.6,1.482,-0.009
114.128,18.4,125,1.414,-0.009
114.227,16.6,124.4,1.341,-0.006
114.327,14.8,124,1.268,-0.006
114.427,12.9,123.6,1.187,-0.006
114.526,10.9,123,1.099,-0.005
114.626,9,122.5,1.005,-0.003
114.726,6.9,122,0.91,-0.003
114.825,4.7,121.6,0.81,-0.002
114.925,2.7,121.2,0.708,0
115.025,0.6,120.7,0.599,-0.002
115.124,-1.5,120.3,0.492,0.002
115.224,-3.6,120,0.376,0
115.324,-5.6,119.6,0.258,0.002
115.423,-7.7,119.3,0.135,0.002
115.523,-9.2,119.4,0.009,0.002
115.623,-11.4,119.6,-0.209,0.002
115.722,-13.5,119.7,-0.367,0.003
115.822,-15.4,119.5,-0.506,0.003
115.922,-17.2,119.3,-0.647,0.005
116.021,-18.9,119.2,-0.781,0.003
116.121,-20.6,119.4,-0.92,0.003
116.221,-22.1,119.6,-1.057,0.003
116.321,-23.7,119.8,-1.191,0.003
116.42,-25,120.1,-1.316,0.003
116.52,-26.4,120.1,-1.431,0.003
116.62,-27.7,119.9,-1.527,0.002
116.719,-28.8,119.8,-1.607,0.003
116.819,-29.8,119.9,-1.68,0.003
116.919,-30.6,119.8,-1.743,0.003
117.018,-31.3,119.7,-1.797,0.006
117.118,-32,119.7,-1.842,0.005
117.218,-32.4,119.7,-1.882,0.003
117.317,-32.9,119.8,-1.911,0.003
117.417,-33.1,119.8,-1.937,0.003
117.517,-33.2,119.8,-1.951,0.003
117.616,-33.1,119.8,-1.96,0.002
117.716,-33,119.9,-1.965,0
117.816,-32.6,120,-1.965,0.002
117.915,-32.3,120.1,-1.965,0.002
118.015,-31.7,120.1,-1.957,0.006
118.115,-31.1,120.2,-1.946,0.003
118.214,-30.2,120.3,-1.93,0.003
118.314,-29.4,120.4,-1.911,0.002
118.414,-28.4,120.7,-1.882,0.002
118.513,-27.3,120.8,-1.852,0.003
118.613,-26.1,121.1,-1.813,0.002
118.713,-24.9,121.1,-1.768,0.002
118.812,-23.5,121.5,-1.714,0.002
118.912,-22,121.6,-1.659,0.002
119.012,-20.5,122,-1.596,0.009
119.111,-18.8,122.1,-1.527,0.003
119.211,-17,122.4,-1.451,0.003
119.311,-15.3,122.6,-1.37,0.002
119.41,-13.4,122.8,-1.274,0.003
119.51,-11.4,122.8,-1.179,0.003
119.61,-9.5,122.5,-1.069,0.005
119.709,-7.5,122,-0.937,0.005
119.809,-5.6,121.5,-0.798,0.003
119.909,-3.5,121.6,-0.657,0.003
120.008,-1.6,121.2,-0.457,0.008
120.108,0.9,121.8,-0.284,0.005
120.208,3,122.2,-0.15,0.003
120.308,5,122.6,-0.017,0.003
120.407,7.2,123,0.115,0.005
120.507,9.2,123.3,0.242,0.005
120.607,11.1,123.4,0.375,0.005
120.706,13.1,123.5,0.503,0.005
120.806,14.9,124.1,0.625,0.003
120.906,16.8,124.5,0.746,0.005
121.005,18.5,125.1,0.856,0.003
121.105,20.3,125.6,0.969,0
121.205,21.9,126,1.078,-0.002
121.304,23.4,126.3,1.18,0
121.404,25,126.7,1.277,-0.002
121.504,26.2,126.9,1.359,-0.003
121.603,27.4,127.1,1.437,-0.005
121.703,28.6,127.5,1.514,-0.005
121.803,29.5,127.7,1.576,-0.006
121.902,30.4,127.8,1.636,-0.008
122.002,31.2,128,1.685,-0.008
122.102,31.8,128,1.731,-0.006
122.201,32.4,128.2,1.768,-0.009
122.301,32.7,128.2,1.798,-0.009
122.401,33.1,128.2,1.82,-0.009
122.5,33.1,128.2,1.838,-0.009
122.6,33,128.2,1.846,-0.009
122.7,32.9,128.2,1.85,-0.009
122.799,32.7,128,1.852,-0.009
122.899,32.4,128,1.85,-0.009
122.999,31.9,127.8,1.849,-0.009
123.098,31.2,127.7,1.836,-0.008
123.198,30.6,127.5,1.823,-0.009
123.298,29.7,127.2,1.801,-0.011
123.397,28.7,127,1.78,-0.009
123.497,27.6,126.7,1.749,-0.011
123.597,26.5,126.4,1.716,-0.011
123.696,25.1,125.9,1.67,-0.011
123.796,23.9,125.6,1.621,-0.009
123.896,22.2,125,1.567,-0.009
123.995,20.6,124.4,1.505,-0.008
124.095,19,124.1,1.443,-0.002
124.195,17.2,123.6,1.376,-0.008
124.295,15.3,123,1.297,-0.006
124.394,13.5,122.7,1.217,-0.005
124.494,11.6,122.4,1.131,-0.005
124.594,9.5,121.9,1.04,-0.002
124.693,7.6,121.4,0.945,-0.003
124.793,5.5,121.1,0.849,-0.002
124.893,3.4,120.7,0.745,-0.002
124.992,1.3,120.3,0.641,0
125.092,-0.8,120,0.526,0.006
125.192,-2.8,119.6,0.416,0.002
125.291,-4.9,119.3,0.3,0.002
125.391,-6.9,119,0.182,0.002
125.491,-8.9,119,0.055,0.002
125.59,-10.4,119.5,-0.135,0.002
125.69,-12.8,119.1,-0.317,0.003
125.79,-14.6,119,-0.459,0.003
125.889,-16.6,118.9,-0.601,0.003
125.989,-18.3,118.8,-0.74,0.003
126.089,-20,118.8,-0.878,0.008
126.188,-21.6,119,-1.018,0.005
126.288,-23.1,119.2,-1.153,0.005
126.388,-24.6,119.5,-1.286,0.005
126.487,-26.1,119.6,-1.407,0.003
126.587,-27.3,119.3,-1.501,0.005
126.687,-28.5,119.2,-1.587,0.003
126.786,-29.6,119.2,-1.662,0.003
126.886,-30.3,119.2,-1.723,0.005
126.986,-31.1,119.1,-1.784,0.005
127.085,-31.8,119.1,-1.835,0.006
127.185,-32.3,119.1,-1.875,0.006
127.285,-32.8,119.1,-1.908,0.005
127.384,-33,119.1,-1.933,0.003
127.484,-33.1,119.1,-1.953,0.003
127.584,-33.2,119.2,-1.962,0.003
127.683,-32.9,119.2,-1.968,0.005
127.783,-32.8,119.3,-1.971,0.003
127.883,-32.4,119.3,-1.968,0.005
127.982,-31.9,119.4,-1.965,0.005
128.082,-31.3,119.5,-1.954,0.005
128.182,-30.5,119.7,-1.94,0.005
128.281,-29.6,119.8,-1.92,0.005
128.381,-28.8,119.9,-1.899,0.005
128.481,-27.6,120.2,-1.865,0.005
128.581,-26.6,120.3,-1.827,0.005
128.68,-25.4,120.5,-1.786,0.005
128.78,-24,120.7,-1.735,0.005
128.88,-22.6,121,-1.68,0.005
128.979,-21.1,121.1,-1.621,0.003
129.079,-19.3,121.4,-1.552,0.005
129.179,-17.7,121.7,-1.48,0.008
129.278,-15.9,121.9,-1.398,0.005
129.378,-14,122,-1.312,0.005
129.478,-12.1,122.2,-1.216,0.005
129.577,-10.3,121.9,-1.11,0.005
129.677,-8.3,121.5,-0.986,0.003
129.777,-6.2,120.9,-0.85,0.005
129.876,-4.1,120.7,-0.703,0.006
129.976,-2.6,120.4,-0.538,0.006
130.076,0.2,120.8,-0.329,0.005
130.175,2.3,121.4,-0.191,0.012
130.275,4.4,121.7,-0.058,0.006
130.375,6.4,122.1,0.072,0.006
130.474,8.5,122.5,0.203,0.006
130.574,10.6,122.9,0.333,0.006
130.674,12.5,123,0.46,0.005
130.773,14.4,123.1,0.587,0.005
130.873,16.2,123.6,0.711,0.005
130.973,18,124.1,0.83,0.005
131.072,19.8,124.5,0.942,0.003
131.172,21.4,124.9,1.052,0.008
131.272,23,125.3,1.156,0
131.371,24.5,125.6,1.252,-0.002
131.471,25.8,126,1.339,-0.002
131.571,27.1,126.3,1.422,-0.003
131.67,28.2,126.6,1.495,-0.003
131.77,29.2,126.9,1.564,-0.005
131.87,30.1,127,1.624,-0.005
131.969,31,127,1.676,-0.005
132.069,31.7,127.3,1.723,-0.006
132.169,32.2,127.4,1.76,-0.003
132.268,32.6,127.4,1.792,-0.006
132.368,32.9,127.4,1.816,-0.008
132.468,33,127.4,1.835,-0.008
132.568,33.1,127.4,1.849,-0.009
132.667,33,127.3,1.853,-0.009
132.767,32.8,127.2,1.852,-0.009
132.867,32.5,127.2,1.853,-0.009
132.966,31.9,127,1.85,-0.011
133.066,31.4,126.9,1.846,-0.009
133.166,30.7,126.9,1.832,-0.008
133.265,29.9,126.6,1.813,-0.009
133.365,29,126.2,1.792,-0.008
133.465,28,126,1.763,-0.009
133.564,26.8,125.6,1.729,-0.009
133.664,25.7,125.3,1.688,-0.009
133.764,24.2,124.9,1.644,-0.008
133.863,22.8,124.4,1.592,-0.009
133.963,21.1,124,1.531,-0.008
134.063,19.4,123.4,1.466,-0.008
134.162,17.7,123,1.402,-0.006
134.262,16,122.7,1.327,-0.002
134.362,14.1,122.3,1.248,-0.003
134.461,12.3,121.8,1.165,-0.003
134.561,10.2,121.4,1.073,-0.002
134.661,8.2,121.1,0.983,-0.002
134.76,6.2,120.9,0.884,0
134.86,4.1,120.7,0.781,0
134.96,2.1,120.5,0.674,0.002
135.059,-0.2,120.2,0.564,0
135.159,-2.1,119.5,0.457,0.003
135.259,-4.2,119.1,0.339,0.006
135.358,-6.3,118.7,0.222,0.002
135.458,-8.3,118.6,0.096,0.003
135.558,-9.6,119.1,-0.055,0.003
135.657,-12.2,118.7,-0.268,0.003
135.757,-14,118.4,-0.413,0.003
135.857,-15.9,118.3,-0.552,0.002
135.956,-17.7,118.2,-0.696,0.002
136.056,-19.4,118.3,-0.832,0
136.156,-21.1,118.5,-0.971,0.002
136.255,-22.6,118.7,-1.112,0.009
136.355,-24.1,119,-1.246,0.002
136.455,-25.5,119,-1.37,0.002
136.555,-26.9,118.8,-1.471,0.002
136.654,-28.1,118.6,-1.56,0.002
136.754,-29.2,118.7,-1.638,0.003
136.854,-30.1,118.7,-1.706,0.003
136.953,-30.9,118.5,-1.769,0.002
137.053,-31.7,118.7,-1.821,0.002
137.153,-32.1,118.6,-1.862,0.002
137.252,-32.7,118.6,-1.901,0.009
137.352,-32.9,118.5,-1.928,0.002
137.452,-33.2,118.6,-1.946,0.003
137.551,-33.2,118.7,-1.962,0.003
137.651,-33,118.7,-1.969,0.003
137.751,-32.9,118.8,-1.972,0.003
137.85,-32.6,118.8,-1.971,0.005
137.95,-32.1,118.9,-1.966,0.003
138.05,-31.5,118.9,-1.962,0.005
138.149,-30.8,119.2,-1.946,0.003
138.249,-29.9,119.3,-1.931,0.008
138.349,-29,119.2,-1.908,0.005
138.448,-28,119.6,-1.879,0.005
138.548,-27,119.7,-1.846,0.005
138.648,-25.7,119.9,-1.804,0.005
138.747,-24.4,120.1,-1.755,0.006
138.847,-23.1,120.3,-1.705,0.005
138.947,-21.6,120.6,-1.644,0.005
139.046,-19.9,120.9,-1.578,0.006
139.146,-18.2,121.1,-1.508,0.005
139.246,-16.4,121.5,-1.427,0.005
139.345,-14.6,121.4,-1.344,0.006
139.445,-12.8,121.5,-1.251,0.008
139.545,-10.9,121.6,-1.148,0.006
139.644,-8.9,121.2,-1.032,0.005
139.744,-6.9,120.7,-0.898,0.006
139.844,-4.8,120.3,-0.757,0.006
139.943,-3,120.2,-0.61,0.006
140.043,-0.6,120.1,-0.382,0.005
140.143,1.6,120.4,-0.235,0.006
140.242,3.7,120.9,-0.104,0.006
140.342,5.8,121.4,0.031,0.009
140.442,7.8,121.8,0.157,0.008
140.542,9.8,122.3,0.291,0.006
140.641,11.8,122.6,0.42,0.006
140.741,13.8,122.7,0.549,0.006
140.841,15.6,122.8,0.673,0.006
140.94,17.4,123.3,0.797,0.005
141.04,19.2,123.6,0.911,0.003
141.14,20.9,123.9,1.023,0.003
141.239,22.4,124.2,1.127,0.002
141.339,23.9,124.6,1.226,0.006
141.439,25.3,124.9,1.318,0
141.538,26.6,125.2,1.404,-0.002
141.638,27.9,125.5,1.479,-0.002
141.738,29,125.8,1.549,-0.003
141.837,29.8,126.1,1.607,-0.003
141.937,30.7,126.3,1.665,-0.005
142.037,31.4,126.4,1.711,-0.006
142.136,32,126.5,1.752,-0.006
142.236,32.5,126.6,1.786,-0.006
142.336,32.8,126.8,1.816,0
142.435,33,126.7,1.835,-0.006
142.535,33.1,126.7,1.849,-0.008
142.635,33.1,126.6,1.858,-0.008
142.734,32.7,126.5,1.858,-0.008
142.834,32.6,126.4,1.859,-0.006
142.934,32.1,126.4,1.856,-0.008
143.033,31.6,126.2,1.852,-0.008
143.133,31,126,1.841,-0.008
143.233,30.1,125.8,1.826,-0.008
143.332,29.2,125.7,1.804,-0.003
143.432,28.4,125.3,1.78,-0.006
143.532,27.2,125,1.748,-0.006
143.631,26,124.6,1.709,-0.008
143.731,24.7,124.2,1.665,-0.006
143.831,23.3,123.8,1.612,-0.006
143.93,21.7,123.3,1.555,-0.006
144.03,20,122.7,1.494,-0.006
144.13,18.3,122.4,1.43,-0.005
144.229,16.5,121.8,1.356,-0.002
144.329,14.7,121.7,1.281,0
144.429,12.8,121.2,1.197,-0.002
144.528,10.9,120.9,1.11,0
144.628,8.9,120.4,1.017,0.002
144.728,6.8,120,0.922,0.002
144.828,4.8,119.6,0.823,0.002
144.927,2.7,119.2,0.714,0.005
145.027,0.5,119,0.605,0.003
145.127,-1.5,118.6,0.497,0.003
145.226,-3.6,118.3,0.382,0.002
145.326,-5.7,118.2,0.263,0.003
145.426,-7.7,118.3,0.139,0.005
145.525,-9.3,118.3,0.005,0.003
145.625,-11.5,118.3,-0.217,0.003
145.725,-13.5,117.9,-0.367,0.003
145.824,-15.5,117.7,-0.511,0.003
145.924,-17.2,117.7,-0.647,0.003
146.024,-19,117.7,-0.787,0.003
146.123,-20.5,117.9,-0.927,0.005
146.223,-22.1,118,-1.07,0.003
146.323,-23.7,118.3,-1.202,0.005
146.422,-25.1,118.3,-1.332,0.009
146.522,-26.5,118.3,-1.44,0.003
146.622,-27.7,118.1,-1.532,0.003
146.721,-28.8,118.1,-1.612,0.005
146.821,-29.8,118,-1.683,0.003
146.921,-30.6,118,-1.748,0.005
147.02,-31.4,118.1,-1.803,0.005
147.12,-32,118.1,-1.85,0.005
147.22,-32.6,118,-1.891,0.005
147.319,-32.9,118.2,-1.92,0.005
147.419,-33.1,118.1,-1.943,0.012
147.519,-33.1,118.2,-1.959,0.005
147.618,-33.1,118.2,-1.968,0.006
147.718,-32.9,118.4,-1.972,0.003
147.818,-32.6,118.5,-1.971,0.005
147.917,-32.3,118.5,-1.972,0.006
148.017,-31.8,118.6,-1.966,0.006
148.117,-31,118.7,-1.954,0.005
148.216,-30.2,118.9,-1.94,0.006
148.316,-29.4,119.1,-1.92,0.006
148.416,-28.3,119.2,-1.894,0.012
148.515,-27.3,119.4,-1.862,0.006
148.615,-26.2,119.6,-1.824,0.008
148.715,-25,119.8,-1.778,0.008
148.815,-23.4,120.1,-1.729,0.006
148.914,-22.1,120.3,-1.674,0.006
149.014,-20.5,120.5,-1.609,0.008
149.114,-18.8,120.7,-1.54,0.005
149.213,-17,120.9,-1.462,0.006
149.313,-15.3,121,-1.381,0.005
149.413,-13.4,121.2,-1.289,0.011
149.512,-11.4,121,-1.187,0.006
149.612,-9.5,120.8,-1.075,0.008
149.712,-7.5,120.2,-0.948,0.006
149.811,-5.4,119.8,-0.807,0.008
149.911,-3.4,119.9,-0.664,0.006
150.011,-1.9,119.2,-0.469,0.006
150.11,0.9,119.9,-0.289,0.006
150.21,3,120.1,-0.151,0.006
150.31,5.1,120.7,-0.017,0.006
150.409,7.2,121.2,0.115,0.008
150.509,9.1,121.6,0.245,0.008
150.609,11.1,121.9,0.376,0.006
150.708,13.1,122.3,0.506,0.006
150.808,15,122.2,0.633,0.005
150.908,16.9,122.6,0.758,0.005
151.007,18.6,122.9,0.876,0.006
151.107,20.3,123.3,0.991,0.005
151.207,21.9,123.5,1.096,0.003
151.306,23.5,123.8,1.197,0.003
151.406,24.9,124,1.29,0.002
151.506,26.2,124.4,1.376,0.005
151.605,27.4,124.6,1.454,0
151.705,28.6,125,1.526,-0.002
151.805,29.5,125.1,1.589,-0.002
151.904,30.4,125.3,1.648,-0.003
152.004,31.1,125.6,1.699,-0.003
152.104,31.9,125.6,1.742,-0.003
152.203,32.4,125.6,1.775,-0.005
152.303,32.8,125.9,1.803,-0.003
152.403,33,125.9,1.826,-0.005
152.502,33.2,125.8,1.842,-0.002
152.602,33,125.9,1.852,-0.006
152.702,32.9,125.8,1.856,-0.006
152.801,32.7,125.6,1.856,-0.005
152.901,32.3,125.7,1.858,-0.006
153.001,31.8,125.4,1.852,-0.006
153.101,31.2,125.4,1.844,-0.006
153.2,30.5,125.2,1.832,-0.005
153.3,29.6,125,1.812,-0.006
153.4,28.7,124.8,1.789,-0.006
153.499,27.6,124.5,1.758,-0.002
153.599,26.4,124,1.723,-0.003
153.699,25.1,123.6,1.677,-0.006
153.798,23.7,123.2,1.63,-0.005
153.898,22.1,122.7,1.576,-0.003
153.998,20.7,122.2,1.518,-0.005
154.097,18.8,121.7,1.449,-0.003
154.197,17.1,121.5,1.382,-0.002
154.297,15.3,121.1,1.309,-0.002
154.396,13.5,120.7,1.226,0
154.496,11.6,120.2,1.142,0.006
154.596,9.5,119.8,1.049,0.002
154.695,7.5,119.6,0.954,0.002
154.795,5.5,119.1,0.855,0.003
154.895,3.3,118.8,0.752,0.003
154.994,1.4,118.6,0.645,0.003
155.094,-0.8,118.1,0.535,0.003
155.194,-3,117.8,0.42,0.003
155.293,-4.9,117.8,0.306,0.003
155.393,-7,117.8,0.179,0.005
155.493,-8.8,117.5,0.054,0.009
155.592,-10.6,118.1,-0.145,0.006
155.692,-12.9,117.4,-0.321,0.006
155.792,-14.8,117.3,-0.462,0.006
155.891,-16.6,117.2,-0.602,0.005
155.991,-18.3,117,-0.74,0.005
156.091,-20,117.3,-0.884,0.006
156.19,-21.7,117.4,-1.026,0.006
156.29,-23.1,117.7,-1.162,0.006
156.39,-24.7,117.9,-1.295,0.006
156.489,-26,117.7,-1.408,0.006
156.589,-27.3,117.7,-1.505,0.005
156.689,-28.5,117.5,-1.587,0.006
156.788,-29.4,117.5,-1.662,0.005
156.888,-30.5,117.4,-1.729,0.006
156.988,-31.2,117.5,-1.787,0.006
157.088,-31.8,117.4,-1.836,0.006
157.187,-32.3,117.5,-1.879,0.006
157.287,-32.8,117.7,-1.911,0.006
157.387,-33,117.6,-1.939,0.006
157.486,-33.2,117.8,-1.957,0.006
157.586,-33.2,117.8,-1.971,0.009
157.686,-33,118.2,-1.977,0.006
157.785,-32.7,118.4,-1.98,0.006
157.885,-32.3,118.7,-1.982,0.006
157.985,-31.9,119,-1.98,0.006
158.084,-31.2,119,-1.975,0.009
158.184,-30.5,119.1,-1.965,0.009
158.284,-29.7,119.1,-1.949,0.005
158.383,-28.6,119.3,-1.928,0.008
158.483,-27.6,119.5,-1.902,0.006
158.583,-26.5,119.7,-1.867,0.012
158.682,-25.3,119.8,-1.826,0.008
158.782,-24,120,-1.778,0.008
158.882,-22.6,120.2,-1.725,0.008
158.981,-21,120.3,-1.662,0.006
159.081,-19.3,120.4,-1.596,0.006
159.181,-17.6,120.7,-1.521,0.008
159.28,-15.9,120.6,-1.442,0.006
159.38,-14,120.6,-1.346,0.006
159.48,-12.2,120.3,-1.246,0.006
159.579,-10.2,120.1,-1.131,0.012
159.679,-8.3,119.5,-1.005,0.008
159.779,-6.1,119.2,-0.864,0.008
159.878,-4,119.5,-0.734,0.009
159.978,-2.5,119,-0.583,0.008
160.078,0.2,119.1,-0.361,0.008
160.177,2.3,119.3,-0.216,0.009
160.277,4.3,119.5,-0.076,0.008
160.377,6.4,120,0.066,0.006
160.476,8.5,120.3,0.2,0.008
160.576,10.6,120.8,0.335,0.014
160.676,12.5,121,0.465,0.008
160.775,14.4,121.3,0.592,0.008
160.875,16.3,121.5,0.717,0.006
160.975,18,121.6,0.841,0.006
161.075,19.7,122.1,0.956,0.006
161.174,21.5,122.6,1.069,0.006
161.274,23,122.8,1.171,0.003
161.374,24.5,123.1,1.268,0.003
161.473,25.7,123.3,1.358,0.002
161.573,27,123.6,1.44,0.002
161.673,28.2,123.8,1.514,0.002
161.772,29.2,124,1.579,-0.002
161.872,30.2,124.4,1.638,-0.003
161.972,31,124.5,1.688,-0.002
162.071,31.7,124.6,1.734,-0.005
162.171,32.2,124.7,1.772,-0.005
162.271,32.6,124.8,1.801,-0.005
162.37,32.9,124.9,1.826,-0.006
162.47,33.1,125,1.844,-0.005
162.57,33,124.8,1.856,-0.005
162.669,32.9,124.8,1.862,-0.006
162.769,32.8,124.7,1.865,-0.006
162.869,32.5,124.8,1.864,-0.005
162.968,31.9,124.5,1.861,-0.006
163.068,31.4,124.4,1.855,-0.006
163.168,30.7,124.3,1.842,-0.006
163.267,29.9,124.1,1.824,-0.005
163.367,28.9,123.8,1.803,-0.006
163.467,28,123.4,1.777,-0.006
163.566,26.8,123.2,1.743,-0.006
163.666,25.6,122.8,1.699,-0.003
163.766,24.2,122.3,1.653,-0.005
163.865,22.7,121.9,1.599,-0.005
163.965,21,121.4,1.543,-0.005
164.065,19.4,121,1.48,-0.003
164.164,17.7,120.7,1.413,-0.003
164.264,16,120.3,1.338,-0.003
164.364,14,120,1.258,-0.002
164.463,12.2,119.8,1.177,-0.002
164.563,10.2,119.4,1.084,-0.002
164.663,8.2,119,0.991,0.006
164.762,6.1,118.6,0.891,0
164.862,4,118.3,0.79,0.002
164.962,2,118,0.683,0.002
165.062,-0.2,117.6,0.573,0.002
165.161,-2.2,117.3,0.462,0.002
165.261,-4.3,117.5,0.344,0.003
165.361,-6.3,117.2,0.222,0.003
165.46,-8.3,117,0.098,0.003
165.56,-9.6,117.6,-0.066,0.005
165.66,-12.2,117,-0.275,0.011
165.759,-14.1,116.8,-0.416,0.003
165.859,-16,116.6,-0.557,0.003
165.959,-17.8,116.6,-0.697,0.005
166.058,-19.4,116.7,-0.836,0.003
166.158,-21.1,116.9,-0.983,0.003
166.258,-22.6,117.2,-1.124,0.003
166.357,-24.1,117.4,-1.254,0.005
166.457,-25.7,117.3,-1.376,0.003
166.557,-27,117.2,-1.472,0.005
166.656,-28.1,117,-1.561,0.011
166.756,-29.1,116.9,-1.639,0.005
166.856,-30.1,116.9,-1.708,0.005
166.955,-30.9,117,-1.771,0.005
167.055,-31.6,116.9,-1.824,0.005
167.155,-32.3,117.1,-1.868,0.005
167.254,-32.6,117.1,-1.904,0.005
167.354,-33,117.3,-1.936,0.005
167.454,-33.2,117.5,-1.96,0.003
167.553,-33.2,118,-1.982,0.005
167.653,-33,118.4,-1.998,0.008
167.753,-32.8,118.5,-2.008,0.005
167.852,-32.4,118.8,-2.009,0.003
167.952,-32.1,118.7,-2.011,0.003
168.052,-31.4,118.8,-2.003,0.005
168.151,-30.7,119,-1.994,0.005
168.251,-30,118.9,-1.982,0.005
168.351,-29,119,-1.96,0.005
168.45,-27.9,119.1,-1.934,0.005
168.55,-26.9,119.2,-1.899,0.005
168.65,-25.6,119.3,-1.858,0.005
168.749,-24.4,119.5,-1.815,0.005
168.849,-23,119.7,-1.76,0.005
168.949,-21.5,119.8,-1.702,0.005
169.049,-19.9,119.8,-1.636,0.005
169.148,-18.2,120,-1.564,0.005
169.248,-16.5,120.1,-1.483,0.006
169.348,-14.6,119.9,-1.394,0.005
169.447,-12.8,119.7,-1.294,0.006
169.547,-10.8,119.3,-1.18,0.006
169.647,-8.9,119,-1.052,0.005
169.746,-6.6,118.8,-0.919,0.009
169.846,-4.7,119.2,-0.794,0.005
169.946,-2.9,119,-0.657,0.006
170.045,-0.7,118.4,-0.434,0.005
170.145,1.6,118.5,-0.269,0.005
170.245,3.8,118.9,-0.125,0.005
170.344,5.7,119.1,0.015,0.006
170.444,7.8,119.4,0.153,0.008
170.544,9.9,119.9,0.291,0.006
170.643,11.8,120.2,0.425,0.006
170.743,13.8,120.7,0.553,0.011
170.843,15.6,121,0.679,0.005
170.942,17.4,121.1,0.804,0.005
171.042,19.2,121.3,0.924,0.002
171.142,21,121.8,1.04,0.005
171.241,22.4,122.1,1.141,0.002
171.341,24,122.5,1.245,0.002
171.441,25.3,122.6,1.335,0.002
171.54,26.6,122.9,1.42,0
171.64,27.9,123.2,1.495,-0.002
171.74,28.9,123.5,1.563,0.005
171.839,29.9,123.5,1.627,-0.002
171.939,30.7,123.9,1.676,-0.005
172.039,31.5,124,1.725,-0.005
172.138,32,124.1,1.764,-0.003
172.238,32.4,124.1,1.798,-0.005
172.338,32.8,124.2,1.824,-0.006
172.437,33,124.1,1.844,-0.006
172.537,33.1,124.3,1.858,-0.005
172.637,33,124,1.865,-0.005
172.736,32.8,124.2,1.868,-0.003
172.836,32.6,124,1.868,-0.005
172.936,32.2,124,1.865,-0.006
173.035,31.6,123.9,1.862,-0.005
173.135,30.8,123.7,1.849,-0.006
173.235,30.1,123.4,1.833,-0.006
173.335,29.3,123.3,1.813,-0.006
173.434,28.3,122.9,1.787,-0.006
173.534,27.1,122.6,1.757,-0.006
173.634,26,122.2,1.719,-0.006
173.733,24.7,121.9,1.674,-0.005
173.833,23.2,121.3,1.622,-0.005
173.933,21.6,120.9,1.566,-0.006
174.032,20,120.5,1.505,-0.005
174.132,18.3,120.2,1.437,-0.003
174.232,16.6,119.9,1.367,-0.003
174.331,14.7,119.6,1.289,-0.002
174.431,12.8,119.2,1.206,0
174.531,10.9,118.9,1.119,-0.002
174.63,8.8,118.7,1.026,0
174.73,6.8,118.2,0.927,-0.002
174.83,4.7,117.8,0.827,0.003
174.929,2.6,117.4,0.72,0.002
175.029,0.6,117.2,0.613,0
175.129,-1.5,116.9,0.503,0.003
175.228,-3.6,117,0.382,0.002
175.328,-5.6,116.8,0.263,0.003
175.428,-7.7,116.5,0.136,0.003
175.527,-9.2,116.7,0,0.003
175.627,-11.6,116.5,-0.225,0.003
175.727,-13.5,116.4,-0.373,0.003
175.826,-15.5,116.2,-0.514,0.006
175.926,-17.2,116.1,-0.656,0.003
176.026,-19,116.2,-0.797,0.003
176.125,-20.5,116.5,-0.939,0.002
176.225,-22.3,116.6,-1.083,0.002
176.325,-23.7,116.8,-1.216,0.005
176.424,-25.2,116.9,-1.338,0.003
176.524,-26.5,116.8,-1.443,0.005
176.624,-27.8,116.7,-1.537,0.005
176.723,-28.7,116.6,-1.615,0.005
176.823,-29.8,116.6,-1.688,0.011
176.923,-30.7,116.5,-1.751,0.003
177.022,-31.4,116.6,-1.806,0.005
177.122,-32,116.7,-1.856,0.005
177.222,-32.5,116.7,-1.894,0.005
177.322,-32.9,117,-1.93,0.005
177.421,-33,117.4,-1.963,0.003
177.521,-33.2,117.8,-1.989,0.003
177.621,-33.1,117.9,-2.009,0.005
177.72,-32.9,118.1,-2.018,0.003
177.82,-32.6,118.1,-2.021,0.012
177.92,-32.3,118.3,-2.021,0.006
178.019,-31.7,118.3,-2.018,0.005
178.119,-31,118.3,-2.009,0.005
178.219,-30.2,118.4,-1.994,0.005
178.318,-29.4,118.5,-1.975,0.005
178.418,-28.4,118.6,-1.951,0.005
178.518,-27.3,118.7,-1.919,0.005
178.617,-26.1,118.9,-1.879,0.005
178.717,-24.9,118.9,-1.835,0.006
178.817,-23.5,119.2,-1.786,0.008
178.916,-22,119.1,-1.728,0.006
179.016,-20.4,119.3,-1.665,0.005
179.116,-18.8,119.3,-1.593,0.006
179.215,-17,119.5,-1.514,0.006
179.315,-15.3,119.3,-1.43,0.006
179.415,-13.3,119.3,-1.332,0.006
179.514,-11.5,119,-1.223,0.006
179.614,-9.5,118.6,-1.101,0.005
179.714,-7.5,118.3,-0.966,0.005
179.813,-5.3,118.6,-0.839,0.008
179.913,-3.4,118.7,-0.713,0.005
180.013,-2.1,117.5,-0.532,0.006
180.112,0.9,118,-0.324,0.006
180.212,3,118.2,-0.177,0.005
180.312,5,118.4,-0.037,0.006
180.411,7.1,118.8,0.107,0.005
180.511,9.2,119.2,0.245,0.006
180.611,11.1,119.5,0.382,0.006
180.71,13.1,120,0.512,0.005
180.81,15,120.4,0.641,0.005
180.91,16.8,120.6,0.766,0.006
181.009,18.6,120.8,0.884,0.003
181.109,20.3,121,1.003,0.002
181.209,21.9,121.4,1.113,0.002
181.309,23.4,121.6,1.214,-0.002
181.408,24.9,122,1.31,0
181.508,26.2,122.2,1.394,0
181.608,27.5,122.4,1.477,-0.002
181.707,28.6,122.6,1.546,-0.005
181.807,29.5,122.9,1.61,-0.005
181.907,30.4,123.1,1.667,0
182.006,31.3,123.3,1.717,-0.005
182.106,31.9,123.3,1.76,-0.005
182.206,32.3,123.5,1.794,-0.006
182.305,32.8,123.5,1.821,-0.006
182.405,33,123.6,1.842,-0.008
182.505,33.1,123.6,1.859,-0.006
182.604,33,123.5,1.868,-0.008
182.704,32.9,123.5,1.873,-0.006
182.804,32.7,123.4,1.873,-0.006
182.903,32.4,123.5,1.871,0
183.003,31.9,123.2,1.868,-0.006
183.103,31.2,123.2,1.858,-0.005
183.202,30.4,122.8,1.846,-0.006
183.302,29.5,122.7,1.826,-0.006
183.402,28.6,122.4,1.803,-0.005
183.501,27.6,122.2,1.772,-0.006
183.601,26.4,121.7,1.737,-0.005
183.701,25.1,121.4,1.691,-0.005
183.8,23.6,120.9,1.644,-0.005
183.9,22.2,120.6,1.587,0
184,20.5,119.9,1.529,-0.003
184.099,18.9,119.6,1.462,-0.003
184.199,17.1,119.4,1.396,-0.003
184.299,15.3,119.1,1.316,-0.003
184.398,13.4,118.7,1.237,-0.002
184.498,11.5,118.5,1.151,-0.002
184.598,9.5,118.1,1.06,-0.002
184.697,7.4,117.8,0.963,0
184.797,5.5,117.4,0.864,0.002
184.897,3.3,117.1,0.758,0.005
184.996,1.3,116.7,0.651,0.002
185.096,-0.8,116.7,0.538,0.003
185.196,-2.8,116.5,0.427,0.003
185.296,-4.9,116.3,0.303,0.002
185.395,-7,116.1,0.182,0.003
185.495,-8.8,116.1,0.054,0.002
185.595,-10.7,116.3,-0.157,0.005
185.694,-12.9,116,-0.326,0.003
185.794,-14.8,115.9,-0.468,0.003
185.894,-16.6,115.7,-0.609,0.005
185.993,-18.4,115.8,-0.749,0.003
186.093,-20,115.9,-0.891,0.005
186.193,-21.6,116.1,-1.035,0.003
186.292,-23.1,116.3,-1.174,0.005
186.392,-24.8,116.4,-1.301,0.005
186.492,-26.1,116.3,-1.41,0.003
186.591,-27.3,116.2,-1.506,0.003
186.691,-28.5,116.1,-1.59,0.003
186.791,-29.6,116.2,-1.668,0.003
186.89,-30.4,116,-1.732,0.005
186.99,-31.1,115.9,-1.789,0.005
187.09,-31.9,116.1,-1.842,0.005
187.189,-32.3,116.2,-1.887,0.003
187.289,-32.8,116.5,-1.927,0.003
187.389,-33,116.9,-1.962,0.005
187.488,-33.1,117.2,-1.991,0.005
187.588,-33.1,117.4,-2.012,0.003
187.688,-33,117.4,-2.024,0.005
187.787,-32.7,117.5,-2.027,0.005
187.887,-32.3,117.8,-2.029,0.005
187.987,-31.9,117.8,-2.026,0.011
188.086,-31.3,117.9,-2.021,0.005
188.186,-30.6,117.9,-2.006,0.005
188.286,-29.6,117.9,-1.988,0.005
188.385,-28.7,118,-1.966,0.005
188.485,-27.6,118.1,-1.934,0.005
188.585,-26.5,118.3,-1.899,0.005
188.684,-25.3,118.5,-1.856,0.005
188.784,-24,118.5,-1.807,0.006
188.884,-22.6,118.7,-1.752,0.006
188.983,-21,118.8,-1.69,0.012
189.083,-19.4,118.9,-1.622,0.006
189.183,-17.6,119.1,-1.543,0.006
189.282,-15.8,118.9,-1.46,0.005
189.382,-14,118.8,-1.367,0.005
189.482,-12.2,118.6,-1.263,0.005
189.582,-10.2,118.1,-1.147,0.005
189.681,-8.2,117.7,-1.015,0.005
189.781,-6,117.9,-0.885,0.006
189.881,-4.1,118,-0.758,0.006
189.98,-2.5,117.6,-0.612,0.011
190.08,0.1,117.4,-0.382,0.005
190.18,2.3,117.7,-0.229,0.006
190.279,4.4,118,-0.086,0.006
190.379,6.5,118.2,0.061,0.006
190.479,8.5,118.5,0.199,0.005
190.578,10.6,119,0.338,0.003
190.678,12.5,119.3,0.471,0.005
190.778,14.4,119.6,0.599,0.006
190.877,16.3,120,0.728,0.005
190.977,18,120.4,0.849,0.006
191.077,19.7,120.4,0.966,0.003
191.176,21.4,120.6,1.081,0.003
191.276,23,121,1.182,0.002
191.376,24.4,121.2,1.281,0
191.475,25.7,121.3,1.372,0.002
191.575,27,121.6,1.453,-0.002
191.675,28.1,121.8,1.527,-0.002
191.774,29.2,122,1.593,-0.002
191.874,30.1,122.1,1.651,-0.003
191.974,31,122.3,1.7,-0.005
192.073,31.6,122.3,1.746,-0.005
192.173,32.2,122.5,1.783,-0.006
192.273,32.6,122.6,1.816,-0.005
192.372,32.8,122.7,1.839,-0.006
192.472,33.1,122.7,1.858,-0.006
192.572,33.1,122.7,1.868,-0.006
192.671,33.1,122.7,1.876,-0.006
192.771,32.8,122.5,1.878,-0.006
192.871,32.5,122.5,1.876,-0.005
192.97,31.9,122.4,1.875,-0.006
193.07,31.4,122.2,1.867,-0.003
193.17,30.7,122,1.853,-0.006
193.269,29.8,121.8,1.835,-0.005
193.369,28.9,121.5,1.813,-0.005
193.469,28,121.3,1.784,-0.006
193.569,26.9,121,1.751,-0.005
193.668,25.5,120.6,1.711,-0.006
193.768,24.2,120.2,1.662,-0.005
193.868,22.7,119.7,1.61,-0.005
193.967,21.1,119.4,1.552,-0.003
194.067,19.4,119.3,1.489,0
194.167,17.6,118.9,1.42,-0.002
194.266,16,118.8,1.347,-0.003
194.366,14,118.3,1.266,-0.002
194.466,12.1,118,1.185,-0.002
194.565,10.2,117.6,1.095,-0.003
194.665,8.2,117.3,0.998,-0.002
194.765,6.1,117.3,0.898,0
194.864,4,117,0.797,0
194.964,2,117.3,0.688,0
195.064,-0.3,116.8,0.573,0.005
195.163,-2.2,116.3,0.462,-0.002
195.263,-4.3,116,0.342,0.002
195.363,-6.4,115.9,0.222,0.002
195.462,-8.3,115.7,0.095,0.002
195.562,-9.6,116.3,-0.073,0.002
195.662,-12.3,115.7,-0.278,0
195.761,-14.2,115.5,-0.422,0.002
195.861,-16,115.4,-0.564,0
195.961,-17.8,115.4,-0.703,0.002
196.06,-19.6,115.5,-0.847,0.006
196.16,-21.1,115.6,-0.991,0.003
196.26,-22.7,115.9,-1.131,0.002
196.359,-24.2,116,-1.26,0.002
196.459,-25.5,115.9,-1.375,0.002
196.559,-27,115.8,-1.472,0.002
196.658,-28.1,115.7,-1.563,0.003
196.758,-29.2,115.7,-1.642,0.002
196.858,-30.2,115.6,-1.711,0.002
196.957,-30.8,115.7,-1.771,0.003
197.057,-31.6,115.7,-1.824,0.005
197.157,-32.3,115.8,-1.873,0.003
197.256,-32.6,116,-1.913,0.003
197.356,-32.9,116.4,-1.953,0.002
197.456,-33.1,116.6,-1.988,0.003
197.555,-33.2,116.7,-2.011,0.002
197.655,-32.9,116.9,-2.024,0.003
197.755,-32.9,116.9,-2.032,0.003
197.855,-32.5,117,-2.031,0.003
197.954,-32.2,117,-2.031,0.003
198.054,-31.4,117.1,-2.023,0.003
198.154,-30.7,117.2,-2.014,0.005
198.253,-29.9,117.3,-1.997,0.003
198.353,-29,117.3,-1.975,0.003
198.453,-28,117.5,-1.946,0.003
198.552,-26.9,117.6,-1.913,0.003
198.652,-25.6,117.8,-1.87,0.002
198.752,-24.4,118,-1.824,0.002
198.851,-23,118.1,-1.769,0.005
198.951,-21.5,118.1,-1.712,0.003
199.051,-19.9,118.3,-1.645,0.003
199.15,-18.2,118.3,-1.573,0.008
199.25,-16.4,118.5,-1.489,0.003
199.35,-14.6,118.4,-1.401,0.003
199.449,-12.8,118.2,-1.301,0.003
199.549,-10.8,118,-1.188,0.003
199.649,-8.9,117.5,-1.063,0.003
199.748,-6.7,117.4,-0.928,0.005
199.848,-4.6,117.7,-0.8,0.003
199.948,-2.8,117.6,-0.671,0.003
200.047,-0.8,116.8,-0.453,0.005
200.147,1.6,117.2,-0.278,0.011
200.247,3.7,117.3,-0.133,0.005
200.346,5.8,117.6,0.011,0.005
200.446,7.8,117.9,0.151,0.003
200.546,9.8,118.3,0.294,0.003
200.645,11.8,118.6,0.43,0.003
200.745,13.8,119.1,0.561,0.002
200.845,15.6,119.4,0.69,0.003
200.944,17.4,119.7,0.812,0.003
201.044,19.2,120,0.933,0.002
201.144,20.9,120.3,1.047,0.008
201.243,22.5,120.3,1.156,0
201.343,24,120.6,1.258,0
201.443,25.3,120.9,1.347,0
201.542,26.6,121,1.436,-0.002
201.642,27.8,121.1,1.512,-0.002
201.742,29,121.4,1.581,-0.003
201.842,29.9,121.5,1.642,-0.003
201.941,30.7,121.6,1.694,-0.003
202.041,31.5,121.9,1.743,-0.005
202.141,32,122,1.783,0
202.24,32.5,122.1,1.813,-0.005
202.34,32.9,122.2,1.842,-0.006
202.44,33.1,122.1,1.861,-0.006
202.539,33.1,122.1,1.871,-0.006
202.639,33,122.2,1.882,-0.008
202.739,32.8,122.1,1.882,-0.006
202.838,32.5,122.1,1.882,-0.006
202.938,32.2,121.9,1.879,-0.006
203.038,31.6,121.8,1.876,-0.006
203.137,30.9,121.7,1.862,-0.006
203.237,30.2,121.5,1.846,-0.006
203.337,29.2,121.1,1.827,-0.006
203.436,28.3,120.9,1.801,-0.006
203.536,27.1,120.5,1.768,-0.008
203.636,26,120.2,1.729,-0.005
203.735,24.7,119.8,1.685,-0.006
203.835,23.2,119.4,1.633,-0.006
203.935,21.6,119,1.576,-0.005
204.034,20,118.7,1.514,-0.005
204.134,18.3,118.4,1.449,-0.005
204.234,16.5,118.1,1.378,-0.002
204.333,14.7,117.8,1.3,-0.003
204.433,12.7,117.5,1.217,-0.003
204.533,10.9,117.1,1.128,-0.005
204.632,8.8,116.8,1.037,-0.002
204.732,6.8,116.5,0.937,-0.002
204.832,4.7,116.2,0.835,-0.002
204.931,2.6,116,0.726,0
205.031,0.5,115.9,0.616,0
205.131,-1.6,115.8,0.505,0
205.23,-3.6,115.6,0.385,0.005
205.33,-5.7,115.5,0.263,0
205.43,-7.7,115.2,0.141,0.002
205.529,-9.2,115.5,-0.005,0.002
205.629,-11.6,115.4,-0.226,0.002
205.729,-13.7,115.1,-0.373,0.002
205.829,-15.4,115,-0.515,0.002
205.928,-17.1,114.8,-0.656,0.002
206.028,-19,115,-0.8,0.002
206.128,-20.6,115.4,-0.942,0.002
206.227,-22.2,115.4,-1.087,0.006
206.327,-23.7,115.5,-1.22,0.002
206.427,-25.2,115.5,-1.339,0.002
206.526,-26.5,115.4,-1.44,0.002
206.626,-27.9,115.4,-1.535,0.002
206.726,-28.8,115.3,-1.615,0.002
206.825,-29.8,115.2,-1.69,0.002
206.925,-30.7,115.2,-1.751,0.003
207.025,-31.4,115.2,-1.809,0.002
207.124,-32,115.3,-1.859,0.003
207.224,-32.5,115.5,-1.905,0.009
207.324,-32.8,115.8,-1.948,0.003
207.423,-33,116.1,-1.983,0.002
207.523,-33.2,116.2,-2.011,0.002
207.623,-33.1,116.4,-2.026,0.002
207.722,-33,116.4,-2.035,0.002
207.822,-32.7,116.4,-2.038,0.003
207.922,-32.3,116.6,-2.035,0.003
208.021,-31.7,116.6,-2.032,0.003
208.121,-30.9,116.6,-2.021,0.003
208.221,-30.2,116.8,-2.008,0.006
208.32,-29.3,116.8,-1.989,0.002
208.42,-28.2,116.9,-1.96,0.003
208.52,-27.3,117,-1.928,0.002
208.619,-26.1,117.2,-1.887,0.003
208.719,-24.9,117.3,-1.842,0.002
208.819,-23.4,117.5,-1.794,0.002
208.918,-22,117.5,-1.734,0.002
209.018,-20.5,117.7,-1.67,0.002
209.118,-18.8,117.8,-1.598,0.002
209.217,-17,117.9,-1.52,0.003
209.317,-15.2,117.9,-1.434,0.002
209.417,-13.4,117.8,-1.335,0.003
209.516,-11.6,117.5,-1.229,0.003
209.616,-9.5,117.2,-1.107,0.003
209.716,-7.4,116.8,-0.972,0.003
209.816,-5.3,117.1,-0.844,0.003
209.915,-3.3,117.2,-0.717,0.003
210.015,-2.1,116.1,-0.544,0.003
210.115,0.8,116.5,-0.333,0.003
210.214,3.1,116.8,-0.183,0.005
210.314,5.1,117,-0.038,0.008
210.414,7.2,117.3,0.109,0.003
210.513,9.1,117.6,0.246,0.003
210.613,11.2,118.1,0.387,0.003
210.713,13.2,118.6,0.52,0.003
210.812,15,118.9,0.65,0.002
210.912,16.9,119.2,0.775,0.003
211.012,18.6,119.7,0.893,0.002
211.111,20.4,119.8,1.009,0
211.211,21.9,119.8,1.121,0
211.311,23.5,120.1,1.225,0.005
211.41,24.8,120.3,1.32,0
211.51,26.3,120.5,1.408,0
211.61,27.4,120.7,1.486,-0.002
211.709,28.6,120.8,1.555,-0.003
211.809,29.5,120.9,1.616,-0.003
211.909,30.4,121.1,1.673,-0.005
212.008,31.2,121.1,1.722,-0.005
212.108,31.9,121.3,1.769,-0.005
212.208,32.3,121.3,1.804,-0.005
212.307,32.7,121.5,1.832,0
212.407,33,121.3,1.855,-0.005
212.507,33.1,121.3,1.87,-0.006
212.606,33.1,121.5,1.879,-0.006
212.706,33,121.2,1.884,-0.006
212.806,32.7,121.1,1.884,-0.005
212.905,32.3,121.2,1.882,-0.006
213.005,31.9,121,1.881,-0.006
213.105,31.2,120.9,1.87,-0.006
213.204,30.4,120.8,1.856,-0.006
213.304,29.5,120.5,1.836,-0.002
213.404,28.6,120.2,1.81,-0.006
213.503,27.6,120,1.783,-0.005
213.603,26.4,119.5,1.748,-0.005
213.703,25.1,119.2,1.702,-0.006
213.802,23.6,118.8,1.651,-0.006
213.902,22.1,118.5,1.598,-0.005
214.002,20.5,118.2,1.538,-0.006
214.102,18.9,118,1.472,-0.005
214.201,17.1,117.7,1.402,-0.003
214.301,15.2,117.3,1.324,-0.003
214.401,13.3,117,1.248,-0.002
214.5,11.4,116.7,1.159,-0.002
214.6,9.5,116.4,1.067,-0.003
214.7,7.4,116.1,0.972,-0.002
214.799,5.4,115.9,0.872,0
214.899,3.4,115.6,0.766,0
214.999,1.3,115.6,0.656,0
215.098,-0.8,115.4,0.538,0
215.198,-2.8,115.2,0.425,0
215.298,-5.1,115,0.303,0
215.397,-7,114.9,0.179,0.002
215.497,-8.8,114.8,0.049,0.002
215.597,-10.9,115.1,-0.168,0.002
215.696,-13,114.6,-0.332,0.002
215.796,-14.8,114.5,-0.471,0.002
215.896,-16.6,114.4,-0.615,0.002
215.995,-18.4,114.5,-0.755,0.002
216.095,-20.1,114.7,-0.902,0.002
216.195,-21.7,114.9,-1.04,0.002
216.294,-23.2,115,-1.179,0.002
216.394,-24.7,114.9,-1.301,0.005
216.494,-26.1,114.8,-1.411,0.003
216.593,-27.3,114.8,-1.506,0.003
216.693,-28.5,114.6,-1.592,0.003
216.793,-29.5,114.7,-1.667,0.002
216.892,-30.4,114.6,-1.734,0.002
216.992,-31.2,114.7,-1.794,0.002
217.092,-31.8,114.7,-1.847,0.003
217.191,-32.4,114.9,-1.897,0.003
217.291,-32.7,115.3,-1.942,0.003
217.391,-33,115.5,-1.979,0.006
217.49,-33.1,115.5,-2.008,0.002
217.59,-33.1,115.8,-2.026,0.002
217.69,-33,115.8,-2.035,0.003
217.789,-32.8,115.9,-2.04,0.002
217.889,-32.4,116,-2.038,0.003
217.989,-31.9,116.1,-2.035,0.002
218.089,-31.2,116.1,-2.027,0.003
218.188,-30.6,116.2,-2.015,0.002
218.288,-29.7,116.3,-1.995,0.003
218.388,-28.7,116.4,-1.969,0.009
218.487,-27.6,116.5,-1.94,0.002
218.587,-26.5,116.6,-1.902,0.003
218.687,-25.2,116.8,-1.859,0.003
218.786,-23.9,116.9,-1.81,0.003
218.886,-22.6,117,-1.754,0.003
218.986,-21,117.1,-1.693,0.003
219.085,-19.3,117.3,-1.624,0.003
219.185,-17.8,117.4,-1.547,0.003
219.285,-15.8,117.4,-1.463,0.003
219.384,-14,117.5,-1.372,0.008
219.484,-12.2,117.3,-1.268,0.003
219.584,-10.2,116.9,-1.15,0.003
219.683,-8.2,116.4,-1.02,0.003
219.783,-5.9,116.6,-0.887,0.003
219.883,-4,116.7,-0.761,0.003
219.982,-2.4,116.3,-0.619,0.005
220.082,0.2,116.1,-0.387,0.005
220.182,2.3,116.3,-0.229,0.005
220.281,4.4,116.5,-0.084,0.005
220.381,6.4,116.8,0.058,0.006
220.481,8.5,117,0.199,0.005
220.58,10.5,117.4,0.344,0.005
220.68,12.5,117.9,0.48,0.003
220.78,14.4,118.3,0.61,0.005
220.879,16.2,118.7,0.737,0.003
220.979,18,119.1,0.859,0.003
221.079,19.7,119.2,0.976,0.003
221.178,21.5,119.5,1.089,0.002
221.278,23,119.5,1.194,0.002
221.378,24.5,119.7,1.292,0.002
221.477,25.9,119.9,1.384,0.002
221.577,27.1,120.1,1.465,0
221.677,28.2,120.3,1.538,0
221.776,29.3,120.3,1.604,-0.002
221.876,30.1,120.4,1.66,-0.003
221.976,31,120.5,1.712,-0.003
222.076,31.6,120.7,1.757,-0.005
222.175,32.2,120.8,1.795,-0.005
222.275,32.7,120.8,1.827,-0.005
222.375,32.8,120.9,1.85,-0.006
222.474,33.1,120.9,1.868,-0.002
222.574,33.1,120.9,1.879,-0.006
222.674,33,120.8,1.885,-0.006
222.773,32.7,120.8,1.885,-0.006
222.873,32.5,120.8,1.885,-0.006
222.973,31.9,120.5,1.882,-0.006
223.072,31.4,120.4,1.876,-0.005
223.172,30.6,120.3,1.861,-0.005
223.272,29.8,120.1,1.847,-0.006
223.371,28.9,119.8,1.823,-0.006
223.471,27.9,119.6,1.794,-0.002
223.571,26.8,119.3,1.76,-0.006
223.67,25.6,118.9,1.72,-0.006
223.77,24.2,118.6,1.671,-0.005
223.87,22.7,118.2,1.619,-0.005
223.969,21.1,117.8,1.56,-0.005
224.069,19.4,117.7,1.497,-0.005
224.169,17.6,117.4,1.428,-0.005
224.268,15.9,117.1,1.356,-0.003
224.368,14,116.6,1.274,-0.002
224.468,12.1,116.4,1.19,0.005
224.567,10.1,116.1,1.101,-0.002
224.667,8,115.7,1.006,-0.003
224.767,6.1,115.5,0.907,-0.002
224.866,4,115.3,0.801,0
224.966,1.9,115.2,0.69,0
225.066,-0.2,115,0.576,0
225.165,-2.2,114.8,0.466,0
225.265,-4.3,114.6,0.344,0.002
225.365,-6.3,114.3,0.222,0.002
225.464,-8.4,114,0.095,0.005
225.564,-9.6,114.7,-0.089,0.003
225.664,-12.3,113.9,-0.283,0.003
225.763,-14.3,113.6,-0.425,0.002
225.863,-16.1,113.4,-0.567,0.002
225.963,-17.9,113.3,-0.709,0.003
226.063,-19.5,113.4,-0.853,0.003
226.162,-21.1,113.6,-0.997,0.002
226.262,-22.7,113.9,-1.138,0
226.362,-24.2,113.9,-1.264,0
226.461,-25.6,113.7,-1.375,0.003
226.561,-26.9,113.8,-1.475,0
226.661,-28.1,113.6,-1.566,0
226.76,-29.2,113.6,-1.645,0.002
226.86,-30.1,113.6,-1.711,0
226.96,-30.9,113.8,-1.775,0
227.059,-31.6,113.9,-1.833,0
227.159,-32.1,114.3,-1.882,0.002
227.259,-32.6,114.6,-1.933,0.003
227.358,-32.9,115,-1.974,0.002
227.458,-33.1,115.2,-2.005,0.002
227.558,-33.1,115.2,-2.023,0.003
227.657,-33.1,115.2,-2.035,0.002
227.757,-32.9,115.3,-2.041,0.002
227.857,-32.6,115.3,-2.04,0.003
227.956,-32.1,115.4,-2.038,0.002
228.056,-31.5,115.5,-2.032,0.003
228.156,-30.7,115.5,-2.021,0.003
228.255,-29.9,115.6,-2.005,0.003
228.355,-29.1,115.6,-1.98,0.002
228.455,-28,115.8,-1.953,0.005
228.554,-27,115.8,-1.919,0.006
228.654,-25.7,116.1,-1.875,0.003
228.754,-24.4,116.3,-1.829,0.003
228.853,-23,116.4,-1.775,0.003
228.953,-21.5,116.5,-1.714,0.003
229.053,-19.9,116.6,-1.645,0.003
229.152,-18.2,116.7,-1.572,0.003
229.252,-16.4,117,-1.491,0.002
229.352,-14.6,116.9,-1.402,0.003
229.451,-12.7,116.8,-1.304,0.003
229.551,-10.8,116.5,-1.191,0.011
229.651,-8.8,116,-1.064,0.005
229.75,-6.6,115.9,-0.93,0.005
229.85,-4.6,116.2,-0.801,0.005
229.95,-2.7,116.1,-0.674,0.003
230.049,-0.8,115.5,-0.457,0.005
230.149,1.6,115.9,-0.281,0.005
230.249,3.7,116,-0.136,0.003
230.349,5.7,116.2,0.008,0.005
230.448,7.8,116.4,0.151,0.003
230.548,9.9,116.9,0.297,0.012
230.648,11.8,117.1,0.437,0.005
230.747,13.8,117.7,0.57,0.003
230.847,15.7,118,0.7,0.002
230.947,17.5,118.5,0.824,0.002
231.046,19.2,118.9,0.94,0
231.146,20.9,119.1,1.053,0
231.246,22.5,119.2,1.162,0
231.345,24,119.2,1.266,0
231.445,25.3,119.4,1.356,0
231.545,26.7,119.6,1.443,0.002
231.644,27.9,119.7,1.521,-0.002
231.744,28.9,119.8,1.589,-0.002
231.844,29.8,120,1.647,-0.003
231.943,30.8,120.2,1.7,-0.002
232.043,31.5,120.3,1.749,-0.005
232.143,32,120.4,1.789,-0.005
232.242,32.5,120.5,1.82,-0.006
232.342,32.8,120.6,1.849,-0.005
232.442,33,120.6,1.868,-0.006
232.541,33.1,120.7,1.879,-0.005
232.641,33.1,120.5,1.887,-0.006
232.741,32.8,120.5,1.89,-0.006
232.84,32.6,120.4,1.888,-0.008
232.94,32.2,120.3,1.887,-0.008
233.04,31.6,120.2,1.882,-0.006
233.139,30.9,120.1,1.87,-0.008
233.239,30.1,119.8,1.853,-0.006
233.339,29.2,119.7,1.833,-0.008
233.438,28.2,119.4,1.809,-0.006
233.538,27.1,119.1,1.777,-0.006
233.638,26,118.8,1.738,-0.005
233.737,24.7,118.3,1.693,-0.008
233.837,23.2,117.9,1.639,-0.006
233.937,21.5,117.5,1.586,-0.006
234.036,20,117.2,1.521,-0.003
234.136,18.2,116.9,1.456,-0.005
234.236,16.5,116.6,1.382,-0.003
234.336,14.6,116.2,1.303,-0.003
234.435,12.6,115.9,1.223,-0.002
234.535,10.7,115.4,1.135,-0.002
234.635,8.8,115,1.043,0.005
234.734,6.8,114.6,0.945,0
234.834,4.7,114.4,0.839,-0.002
234.934,2.7,114.1,0.732,0
235.033,0.5,113.8,0.618,0.002
235.133,-1.5,113.5,0.505,0.002
235.233,-3.7,113,0.385,0.002
235.332,-5.7,112.6,0.265,0.002
235.432,-7.8,112.2,0.141,0.003
235.532,-9.2,112.6,-0.012,0.005
235.631,-11.7,112.2,-0.231,0.009
235.731,-13.6,111.8,-0.376,0.005
235.831,-15.5,111.5,-0.518,0.005
235.93,-17.2,111.4,-0.662,0.005
236.03,-19,111.5,-0.809,0.005
236.13,-20.5,111.7,-0.954,0.005
236.229,-22.3,111.9,-1.102,0.003
236.329,-23.8,112,-1.226,0.005
236.429,-25.2,111.9,-1.342,0.005
236.528,-26.5,112,-1.446,0.005
236.628,-27.8,111.8,-1.535,0.008
236.728,-28.8,111.8,-1.618,0.005
236.827,-29.8,111.9,-1.693,0.005
236.927,-30.6,112,-1.757,0.005
237.027,-31.4,112.2,-1.818,0.005
237.126,-31.9,112.6,-1.87,0.005
237.226,-32.4,113.1,-1.923,0.005
237.326,-32.8,113.4,-1.965,0.005
237.425,-33.2,113.7,-2,0.005
237.525,-33.2,113.9,-2.023,0.005
237.625,-33,114.3,-2.037,0.008
237.724,-33,114.2,-2.044,0.005
237.824,-32.7,114.4,-2.046,0.005
237.924,-32.2,114.4,-2.043,0.003
238.023,-31.7,114.5,-2.04,0.005
238.123,-31,114.6,-2.029,0.005
238.223,-30.2,114.7,-2.015,0.006
238.323,-29.3,114.8,-1.994,0.005
238.422,-28.3,114.9,-1.966,0.005
238.522,-27.3,115.1,-1.933,0.003
238.622,-26.1,115.3,-1.89,0.006
238.721,-24.9,115.4,-1.847,0.005
238.821,-23.4,115.6,-1.795,0.005
238.921,-22,115.6,-1.738,0.005
239.02,-20.5,115.7,-1.674,0.005
239.12,-18.7,115.9,-1.601,0.003
239.22,-17,116,-1.518,0.005
239.319,-15.2,116,-1.434,0.005
239.419,-13.3,116,-1.336,0.006
239.519,-11.4,115.8,-1.232,0.005
239.618,-9.5,115.4,-1.112,0.006
239.718,-7.5,114.9,-0.977,0.008
239.818,-5.3,115.1,-0.846,0.006
239.917,-3.2,115.3,-0.719,0.006
240.017,-2,114.3,-0.552,0.006
240.117,0.9,114.4,-0.335,0.006
240.216,3.1,114.6,-0.185,0.006
240.316,5.2,114.7,-0.037,0.005
240.416,7.2,114.9,0.107,0.006
240.515,9.2,115.1,0.249,0.005
240.615,11.2,115.4,0.394,0.005
240.715,13.2,115.9,0.532,0.012
240.814,15,116.1,0.664,0.003
240.914,16.9,116.7,0.79,0.003
241.014,18.7,117.1,0.91,0.002
241.113,20.3,117.5,1.023,0
241.213,21.9,117.8,1.135,-0.002
241.313,23.5,118,1.238,-0.003
241.412,24.9,118.2,1.333,-0.003
241.512,26.3,118.4,1.425,-0.003
241.612,27.4,118.6,1.503,-0.005
241.711,28.6,118.9,1.575,0.002
241.811,29.6,119.2,1.636,-0.006
241.911,30.5,119.4,1.694,-0.006
242.01,31.2,119.7,1.74,-0.008
242.11,31.8,119.7,1.781,-0.008
242.21,32.4,119.9,1.818,-0.009
242.309,32.7,120,1.846,-0.008
242.409,33.1,120.1,1.868,-0.009
242.509,33.1,120,1.882,-0.009
242.609,33.1,120.1,1.891,-0.009
242.708,32.9,120,1.896,-0.005
242.808,32.7,119.9,1.894,-0.011
242.908,32.3,119.8,1.894,-0.011
243.007,31.8,119.7,1.891,-0.011
243.107,31.2,119.6,1.879,-0.011
243.207,30.4,119.4,1.865,-0.009
243.306,29.6,119.2,1.847,-0.009
243.406,28.6,118.9,1.823,-0.011
243.506,27.5,118.6,1.79,-0.009
243.605,26.3,118.4,1.758,-0.011
243.705,25.1,118,1.714,-0.008
243.805,23.6,117.4,1.664,-0.009
243.904,22.1,117,1.605,-0.008
244.004,20.6,116.5,1.547,-0.008
244.104,18.8,116,1.482,-0.006
244.203,17,115.5,1.414,-0.008
244.303,15.2,115.1,1.338,-0.006
244.403,13.4,114.5,1.258,-0.006
244.502,11.4,113.8,1.173,-0.005
244.602,9.4,113.2,1.081,-0.005
244.702,7.5,112.8,0.985,-0.003
244.801,5.3,112.5,0.879,-0.002
244.901,3.3,112.2,0.772,-0.003
245.001,1.3,111.8,0.662,-0.002
245.1,-0.9,111.5,0.547,0
245.2,-3,111,0.433,0
245.3,-5,110.5,0.31,0.002
245.399,-7.1,110.1,0.187,0.002
245.499,-8.7,110.1,0.049,0.003
245.599,-10.9,110.1,-0.173,0.003
245.698,-13,109.7,-0.33,0.003
245.798,-14.8,109.4,-0.469,0.006
245.898,-16.6,109,-0.613,0.002
245.997,-18.4,109.3,-0.76,0.003
246.097,-20,109.5,-0.908,0.003
246.197,-21.7,109.9,-1.057,0.003
246.296,-23.3,109.8,-1.188,0.005
246.396,-24.7,109.9,-1.312,0.003
246.496,-26.1,110,-1.416,0.003
246.596,-27.4,109.7,-1.509,0.005
246.695,-28.5,109.8,-1.596,0.003
246.795,-29.5,109.7,-1.673,0.008
246.895,-30.5,109.9,-1.74,0.003
246.994,-31.2,110.1,-1.803,0.003
247.094,-31.8,110.6,-1.861,0.003
247.194,-32.4,111,-1.914,0.003
247.293,-32.7,111.4,-1.963,0.003
247.393,-33,111.7,-2,0.003
247.493,-33.1,111.9,-2.023,0.005
247.592,-33.2,112.1,-2.04,0.003
247.692,-32.9,112.3,-2.049,0.005
247.792,-32.7,112.4,-2.052,0.008
247.891,-32.3,112.5,-2.052,0.005
247.991,-31.9,112.5,-2.047,0.005
248.091,-31.2,112.6,-2.041,0.003
248.19,-30.5,112.8,-2.027,0.002
248.29,-29.6,113,-2.008,0.003
248.39,-28.7,113.1,-1.983,0.003
248.489,-27.6,113.2,-1.948,0.003
248.589,-26.5,113.4,-1.913,0.002
248.689,-25.2,113.5,-1.868,0.003
248.788,-23.9,113.8,-1.82,0.008
248.888,-22.6,113.8,-1.764,0.003
248.988,-21,113.9,-1.699,0.003
249.087,-19.3,114,-1.63,0.003
249.187,-17.7,114.1,-1.553,0.003
249.287,-15.8,114.3,-1.469,0.003
249.386,-14,114.2,-1.379,0.005
249.486,-12.1,114.1,-1.274,0.005
249.586,-10.2,113.8,-1.159,0.003
249.685,-8.1,113.2,-1.029,0.003
249.785,-6,113.2,-0.894,0.006
249.885,-4,113.5,-0.765,0.003
249.984,-2.4,113.1,-0.631,0.003
250.084,0.2,112.7,-0.394,0.003
250.184,2.3,112.8,-0.237,0.005
250.283,4.3,112.9,-0.09,0.003
250.383,6.5,113,0.057,0.005
250.483,8.5,113.2,0.2,0.005
250.583,10.6,113.5,0.349,0.005
250.682,12.4,114,0.488,0.003
250.782,14.4,114.4,0.624,0.003
250.882,16.3,114.9,0.754,0.003
250.981,18.2,115.4,0.878,0.002
251.081,19.8,115.9,0.992,0
251.181,21.5,116.3,1.105,-0.002
251.28,23,116.7,1.209,0
251.38,24.5,116.9,1.306,-0.002
251.48,25.9,117.1,1.399,-0.003
251.579,27.1,117.3,1.48,-0.005
251.679,28.3,117.6,1.553,-0.005
251.779,29.2,117.7,1.621,-0.005
251.878,30.2,118,1.677,-0.002
251.978,31,118.3,1.729,-0.006
252.078,31.7,118.6,1.775,-0.006
252.177,32.1,118.7,1.813,-0.008
252.277,32.6,118.9,1.846,-0.008
252.377,32.8,118.9,1.87,-0.008
252.476,33.1,119,1.887,-0.009
252.576,33,118.8,1.896,-0.009
252.676,33,119,1.902,-0.009
252.775,32.7,119,1.902,-0.011
252.875,32.5,118.7,1.902,-0.002
252.975,31.9,118.7,1.899,-0.009
253.074,31.4,118.6,1.891,-0.009
253.174,30.7,118.4,1.879,-0.011
253.274,29.8,118.1,1.858,-0.011
253.373,28.9,117.9,1.839,-0.011
253.473,27.9,117.6,1.812,-0.011
253.573,26.8,117.2,1.775,-0.009
253.672,25.5,116.9,1.732,-0.009
253.772,24.1,116.5,1.685,-0.009
253.872,22.7,116.1,1.633,-0.003
253.971,21.1,115.5,1.575,-0.008
254.071,19.4,115,1.511,-0.006
254.171,17.6,114.3,1.445,-0.005
254.27,15.9,113.8,1.372,-0.006
254.37,14,113.2,1.292,-0.005
254.47,12,112.6,1.208,-0.003
254.57,10.1,112,1.118,-0.003
254.669,8.1,111.5,1.02,-0.002
254.769,6.1,111.3,0.92,0
254.869,4,111,0.81,0.003
254.968,1.9,110.5,0.703,0.002
255.068,-0.2,110.1,0.587,0
255.168,-2.2,109.6,0.472,0.002
255.267,-4.4,109,0.352,0.002
255.367,-6.5,108.6,0.231,0.003
255.467,-8.4,108.3,0.099,0.003
255.566,-9.8,109,-0.096,0.003
255.666,-12.3,108.2,-0.281,0.003
255.766,-14.3,107.9,-0.419,0.005
255.865,-16.1,107.6,-0.564,0.006
255.965,-17.8,107.7,-0.711,0.006
256.065,-19.6,107.9,-0.865,0.005
256.164,-21.1,108.3,-1.011,0.006
256.264,-22.9,108.3,-1.153,0.005
256.364,-24.3,108.4,-1.274,0.005
256.463,-25.7,108.3,-1.387,0.005
256.563,-27,108.3,-1.483,0.006
256.663,-28.2,108.3,-1.573,0.006
256.762,-29.3,108.3,-1.653,0.005
256.862,-30.1,108.4,-1.725,0.005
256.962,-31,108.6,-1.792,0.008
257.061,-31.5,109.1,-1.853,0.006
257.161,-32.1,109.5,-1.91,0.005
257.261,-32.7,109.9,-1.962,0.006
257.36,-32.9,110.3,-2,0.006
257.46,-33.2,110.5,-2.029,0.006
257.56,-33.2,110.7,-2.047,0.006
257.659,-33,110.9,-2.058,0.006
257.759,-32.9,111.1,-2.061,0.005
257.859,-32.5,111.1,-2.06,0.006
257.958,-32.2,111.1,-2.058,0.009
258.058,-31.4,111.1,-2.05,0.006
258.158,-30.7,111.3,-2.038,0.005
258.257,-29.9,111.4,-2.023,0.005
258.357,-29,111.5,-1.998,0.005
258.457,-27.9,111.6,-1.971,0.005
258.556,-26.9,111.9,-1.934,0.005
258.656,-25.6,111.9,-1.89,0.006
258.756,-24.3,112.2,-1.842,0.005
258.856,-22.9,112.3,-1.79,0.005
258.955,-21.5,112.5,-1.729,0.011
259.055,-19.9,112.4,-1.66,0.005
259.155,-18.2,112.6,-1.586,0.003
259.254,-16.4,112.7,-1.503,0.005
259.354,-14.6,112.7,-1.414,0.003
259.454,-12.6,112.8,-1.313,0.005
259.553,-10.7,112.4,-1.203,0.006
259.653,-8.8,112,-1.081,0.005
259.753,-6.8,111.6,-0.945,0.006
259.852,-4.6,111.9,-0.812,0.006
259.952,-2.5,112,-0.68,0.011
260.052,-1,111.2,-0.472,0.006
260.151,1.7,111.3,-0.294,0.006
260.251,3.7,111.4,-0.144,0.006
260.351,5.9,111.5,0.006,0.005
260.45,7.9,111.5,0.15,0.006
260.55,9.8,111.8,0.298,0.006
260.65,11.9,112.2,0.446,0.005
260.749,13.8,112.6,0.584,0.005
260.849,15.7,113.2,0.716,0.003
260.949,17.4,113.7,0.841,0.008
261.048,19.2,114.2,0.96,0.003
261.148,20.9,114.6,1.076,0.002
261.248,22.4,115.1,1.183,0
261.347,24,115.4,1.283,0
261.447,25.4,115.7,1.375,-0.002
261.547,26.7,116,1.459,-0.003
261.646,27.9,116.1,1.534,-0.003
261.746,29,116.4,1.604,-0.003
261.846,29.9,116.6,1.667,-0.006
261.945,30.7,116.6,1.72,-0.005
262.045,31.5,116.8,1.768,-0.005
262.145,32.1,117,1.809,-0.006
262.244,32.6,117.3,1.844,-0.008
262.344,32.8,117.4,1.87,-0.008
262.444,33,117.4,1.888,-0.008
262.543,33,117.4,1.901,-0.008
262.643,33,117.4,1.908,-0.008
262.743,32.8,117.4,1.91,-0.008
262.842,32.5,117.2,1.91,-0.008
262.942,32.2,117.2,1.908,-0.008
263.042,31.5,117.1,1.902,-0.005
263.142,30.9,116.9,1.89,-0.008
263.241,30.1,116.7,1.875,-0.009
263.341,29.2,116.5,1.853,-0.009
263.441,28.2,116.2,1.829,-0.009
263.54,27.1,115.8,1.795,-0.008
263.64,25.9,115.5,1.757,-0.008
263.74,24.6,115,1.711,-0.008
263.839,23.1,114.6,1.657,-0.008
263.939,21.5,114,1.601,-0.006
264.039,19.9,113.6,1.543,0
264.138,18.2,112.9,1.474,-0.005
264.238,16.4,112.4,1.405,-0.005
264.338,14.6,111.8,1.326,-0.005
264.437,12.7,111.2,1.248,-0.003
264.537,10.8,110.6,1.156,-0.002
264.637,8.8,110.3,1.061,-0.002
264.736,6.7,109.9,0.959,0
264.836,4.7,109.5,0.855,0
264.936,2.6,109.1,0.745,0.002
265.035,0.5,108.8,0.633,0.008
265.135,-1.6,108.1,0.515,0.003
265.235,-3.6,107.5,0.399,0.003
265.334,-5.7,107.1,0.275,0.005
265.434,-7.7,106.8,0.147,0.005
265.534,-9,107.4,-0.02,0.006
265.633,-11.7,106.8,-0.231,0.006
265.733,-13.6,106.3,-0.376,0.005
265.833,-15.5,106,-0.515,0.006
265.932,-17.2,106.1,-0.665,0.006
266.032,-19,106.4,-0.816,0.011
266.132,-20.5,106.7,-0.968,0.006
266.231,-22.3,106.8,-1.112,0.005
266.331,-23.8,106.8,-1.238,0.006
266.431,-25.2,106.9,-1.353,0.006
266.53,-26.5,106.8,-1.456,0.006
266.63,-27.8,106.7,-1.549,0.005
266.73,-28.8,106.7,-1.633,0.006
266.829,-29.9,106.8,-1.709,0.006
266.929,-30.6,107,-1.774,0.006
267.029,-31.4,107.6,-1.842,0.009
267.129,-31.9,108,-1.904,0.006
267.228,-32.4,108.5,-1.957,0.006
267.328,-32.8,108.8,-2,0.006
267.428,-33.1,109,-2.035,0.005
267.527,-33.2,109.2,-2.053,0.006
267.627,-33.1,109.4,-2.064,0.005
267.727,-32.9,109.4,-2.07,0.006
267.826,-32.7,109.4,-2.07,0.006
267.926,-32.2,109.6,-2.069,0.005
268.026,-31.7,109.5,-2.064,0.006
268.125,-30.9,109.7,-2.053,0.006
268.225,-30.2,109.8,-2.035,0.006
268.325,-29.3,109.9,-2.015,0.005
268.424,-28.3,110,-1.988,0.005
268.524,-27.2,110.2,-1.956,0.006
268.624,-26.2,110.4,-1.914,0.005
268.723,-24.8,110.5,-1.868,0.005
268.823,-23.4,110.8,-1.818,0.005
268.923,-22,110.7,-1.76,0.006
269.022,-20.4,110.8,-1.693,0.005
269.122,-18.8,110.9,-1.619,0.008
269.222,-16.9,111.1,-1.54,0.006
269.321,-15.2,111.1,-1.454,0.005
269.421,-13.3,111.1,-1.356,0.005
269.521,-11.4,111,-1.252,0.005
269.62,-9.4,110.6,-1.131,0.006
269.72,-7.5,110,-1,0.005
269.82,-5.3,110.1,-0.861,0.006
269.919,-3.3,110.4,-0.732,0.006
270.019,-1.8,109.8,-0.569,0.006
270.119,1,109.7,-0.352,0.011
270.218,3.1,109.8,-0.199,0.008
270.318,5.2,109.7,-0.05,0.006
270.418,7.1,109.9,0.099,0.006
270.517,9.1,110.1,0.248,0.005
270.617,11.2,110.3,0.399,0.006
270.717,13.2,110.7,0.54,0.005
270.816,15.1,111.3,0.677,0.005
270.916,16.8,111.7,0.804,0.005
271.016,18.6,112.3,0.925,0.002
271.116,20.4,112.7,1.044,0.009
271.215,22,113.2,1.153,0
271.315,23.5,113.6,1.255,-0.002
271.415,24.9,114,1.35,-0.002
271.514,26.2,114.4,1.443,-0.003
271.614,27.5,114.6,1.52,-0.008
271.714,28.6,114.8,1.595,-0.006
271.813,29.6,114.9,1.656,-0.008
271.913,30.5,115.2,1.712,-0.008
272.013,31.2,115.3,1.761,-0.009
272.112,31.9,115.5,1.807,-0.003
272.212,32.3,115.5,1.844,-0.011
272.312,32.7,115.7,1.871,-0.009
272.411,33,115.7,1.894,-0.009
272.511,33.1,115.7,1.91,-0.009
272.611,33.1,115.7,1.917,-0.011
272.71,32.9,115.7,1.922,-0.011
272.81,32.7,115.7,1.923,-0.011
272.91,32.4,115.5,1.92,-0.009
273.009,31.9,115.5,1.917,-0.011
273.109,31.1,115.4,1.907,-0.008
273.209,30.4,115.1,1.891,-0.009
273.308,29.5,114.9,1.871,-0.009
273.408,28.6,114.7,1.849,-0.008
273.508,27.5,114.3,1.816,-0.008
273.607,26.3,114.1,1.781,-0.008
273.707,25,113.5,1.735,-0.009
273.807,23.6,113.1,1.686,-0.008
273.906,22.1,112.6,1.631,-0.006
274.006,20.5,112,1.572,-0.008
274.106,18.8,111.5,1.505,-0.005
274.205,17,110.9,1.436,-0.003
274.305,15.2,110.4,1.361,-0.005
274.405,13.3,109.8,1.28,-0.002
274.504,11.4,109.1,1.193,-0.002
274.604,9.4,108.9,1.101,-0.002
274.704,7.4,108.5,0.998,-0.002
274.803,5.3,108.1,0.894,-0.002
274.903,3.2,107.6,0.787,0.002
275.003,1.2,107.1,0.674,0
275.103,-0.9,106.5,0.56,0.002
275.202,-3,106,0.442,0.006
275.302,-5,105.6,0.323,0.003
275.402,-7.1,105.3,0.194,0.005
275.501,-8.6,105.2,0.05,0.005
275.601,-10.9,105.2,-0.174,0.006
275.701,-13,104.7,-0.327,0.006
275.8,-14.8,104.3,-0.468,0.005
275.9,-16.7,104.3,-0.618,0.005
276,-18.4,104.6,-0.771,0.006
276.099,-20,104.9,-0.925,0.006
276.199,-21.7,105.3,-1.073,0.011
276.299,-23.3,105.2,-1.206,0.006
276.398,-24.7,105.1,-1.324,0.006
276.498,-26.2,105.1,-1.43,0.006
276.598,-27.4,105.1,-1.526,0.006
276.697,-28.5,105,-1.61,0.005
276.797,-29.5,105.2,-1.69,0.006
276.897,-30.4,105.3,-1.764,0.006
276.996,-31.1,105.9,-1.83,0.006
277.096,-31.8,106.4,-1.896,0.005
277.196,-32.3,106.9,-1.953,0.011
277.295,-32.7,107,-2,0.005
277.395,-33.1,107.3,-2.032,0.006
277.495,-33.2,107.5,-2.057,0.006
277.594,-33.2,107.7,-2.072,0.005
277.694,-33.1,107.7,-2.081,0.006
277.794,-32.7,107.8,-2.083,0.005
277.893,-32.3,107.9,-2.081,0.005
277.993,-31.9,108,-2.076,0.006
278.093,-31.3,108.1,-2.07,0.005
278.192,-30.4,108.2,-2.053,0.009
278.292,-29.5,108.3,-2.035,0.006
278.392,-28.6,108.3,-2.011,0.006
278.491,-27.6,108.6,-1.975,0.006
278.591,-26.5,108.6,-1.939,0.003
278.691,-25.2,108.9,-1.893,0.006
278.79,-23.9,109,-1.846,0.003
278.89,-22.4,109.2,-1.787,0.005
278.99,-20.9,109.2,-1.725,0.005
279.09,-19.2,109.4,-1.653,0.005
279.189,-17.6,109.5,-1.575,0.008
279.289,-15.8,109.5,-1.491,0.005
279.389,-13.9,109.6,-1.399,0.006
279.488,-12,109.5,-1.298,0.006
279.588,-10.1,109.2,-1.18,0.005
279.688,-8.1,108.7,-1.057,0.005
279.787,-6.1,108.2,-0.913,0.005
279.887,-3.9,108.6,-0.778,0.005
279.987,-2.1,108.5,-0.642,0.005
280.086,0.2,108.1,-0.41,0.005
280.186,2.4,108.2,-0.254,0.006
280.286,4.3,108.1,-0.107,0.009
280.385,6.4,108.2,0.044,0.005
280.485,8.5,108.3,0.193,0.005
280.585,10.6,108.4,0.346,0.005
280.684,12.5,108.7,0.492,0.003
280.784,14.4,109.2,0.633,0.003
280.884,16.3,109.7,0.768,0.003
280.983,18,110.2,0.891,0.002
281.083,19.8,110.6,1.014,0
281.183,21.5,111.3,1.128,-0.002
281.282,23,111.7,1.232,0.003
281.382,24.4,112.1,1.33,-0.003
281.482,25.9,112.6,1.422,-0.005
281.581,27.2,112.9,1.501,-0.006
281.681,28.3,113.1,1.578,-0.006
281.781,29.2,113.3,1.644,-0.006
281.88,30.2,113.6,1.703,-0.008
281.98,31,113.8,1.757,-0.009
282.08,31.6,113.9,1.801,-0.009
282.179,32.2,113.9,1.841,-0.009
282.279,32.7,114.2,1.873,-0.003
282.379,32.9,114.1,1.896,-0.009
282.478,33,114.1,1.914,-0.009
282.578,33,114.2,1.925,-0.011
282.678,33,114.1,1.931,-0.011
282.777,32.8,114,1.933,-0.011
282.877,32.5,114,1.931,-0.011
282.977,31.9,113.8,1.928,-0.012
283.077,31.2,113.7,1.92,-0.012
283.176,30.7,113.6,1.907,-0.014
283.276,29.8,113.4,1.89,-0.003
283.376,28.9,113.1,1.867,-0.011
283.475,27.9,112.8,1.838,-0.011
283.575,26.7,112.5,1.804,-0.011
283.675,25.5,112,1.764,-0.009
283.774,24.1,111.6,1.714,-0.011
283.874,22.7,111.2,1.662,-0.009
283.974,21.1,110.6,1.602,-0.008
284.073,19.4,110,1.538,-0.006
284.173,17.6,109.5,1.468,-0.006
284.273,15.8,108.9,1.396,-0.003
284.372,14,108.4,1.318,-0.005
284.472,12,107.7,1.232,-0.006
284.572,10.1,107.1,1.139,-0.003
284.671,8.1,106.9,1.04,-0.003
284.771,6,106.4,0.939,-0.002
284.871,4,105.9,0.83,-0.002
284.97,1.8,105.5,0.717,0
285.07,-0.2,104.9,0.604,0
285.17,-2.3,104.3,0.488,0
285.269,-4.4,104,0.365,0.002
285.369,-6.4,103.4,0.239,0.002
285.469,-8.3,103.3,0.106,0.003
285.568,-10.1,103.6,-0.109,0.003
285.668,-12.4,103,-0.278,0.003
285.768,-14.2,102.6,-0.42,0.005
285.867,-16.1,102.5,-0.566,0.003
285.967,-17.9,102.8,-0.72,0.005
286.067,-19.5,103.1,-0.876,0.003
286.166,-21.1,103.4,-1.031,0.003
286.266,-22.9,103.3,-1.17,0.005
286.366,-24.3,103.4,-1.289,0.005
286.465,-25.7,103.4,-1.401,0.003
286.565,-26.9,103.3,-1.5,0.003
286.665,-28.2,103.3,-1.593,0.005
286.764,-29.1,103.4,-1.674,0.005
286.864,-30.1,103.6,-1.749,0.005
286.964,-30.8,104.1,-1.821,0.003
287.064,-31.7,104.7,-1.891,0.005
287.163,-32,105.2,-1.951,0.005
287.263,-32.6,105.5,-2.001,0.005
287.363,-32.9,105.8,-2.038,0.009
287.462,-33.2,105.9,-2.066,0.005
287.562,-33.2,106,-2.081,0.005
287.662,-33,106.2,-2.089,0.005
287.761,-32.9,106.3,-2.093,0.005
287.861,-32.5,106.4,-2.095,0.005
287.961,-32.1,106.4,-2.09,0.005
288.06,-31.5,106.4,-2.084,0.005
288.16,-30.7,106.5,-2.073,0.003
288.26,-30,106.7,-2.053,0.003
288.359,-29.1,106.8,-2.031,0.008
288.459,-27.9,106.9,-2.001,0.003
288.559,-26.8,107.1,-1.963,0.003
288.658,-25.8,107.2,-1.922,0.003
288.758,-24.4,107.4,-1.873,0.003
288.858,-22.9,107.6,-1.818,0.005
288.957,-21.4,107.8,-1.757,0.003
289.057,-19.9,107.8,-1.691,0.003
289.157,-18.2,107.9,-1.615,0.003
289.256,-16.3,108,-1.531,0.003
289.356,-14.6,108.1,-1.44,0.009
289.456,-12.7,108,-1.341,0.003
289.555,-10.7,107.9,-1.232,0.003
289.655,-8.8,107.4,-1.109,0.005
289.755,-6.6,106.8,-0.969,0.003
289.854,-4.5,107,-0.827,0.003
289.954,-2.5,107.2,-0.697,0.005
290.054,-1.2,106.3,-0.505,0.005
290.153,1.7,106.8,-0.309,0.005
290.253,3.8,106.8,-0.161,0.005
290.353,5.8,106.8,-0.014,0.008
290.452,7.9,106.9,0.139,0.005
290.552,9.8,106.9,0.291,0.005
290.652,11.7,107.1,0.442,0.005
290.751,13.8,107.5,0.586,0.003
290.851,15.6,108.2,0.722,0.002
290.951,17.5,108.7,0.856,0.002
291.05,19.2,109.2,0.977,0.002
291.15,21,109.7,1.095,0.002
291.25,22.5,110.2,1.203,0
291.35,24.1,110.6,1.307,0
291.449,25.4,111,1.398,-0.002
291.549,26.8,111.4,1.488,-0.003
291.649,27.8,111.7,1.563,-0.005
291.748,28.9,112,1.631,-0.005
291.848,29.9,112.2,1.694,-0.006
291.948,30.8,112.5,1.751,-0.008
292.047,31.5,112.7,1.797,-0.008
292.147,32,112.7,1.838,-0.009
292.247,32.5,112.9,1.873,-0.009
292.346,32.8,113,1.897,-0.009
292.446,33,113,1.917,-0.005
292.546,33.1,113,1.933,-0.009
292.645,33,112.9,1.94,-0.011
292.745,32.8,112.9,1.94,-0.011
292.845,32.5,112.9,1.942,-0.009
292.944,32.2,112.8,1.939,-0.009
293.044,31.6,112.6,1.931,-0.009
293.144,30.8,112.5,1.92,-0.009
293.243,30.1,112.3,1.907,-0.009
293.343,29.2,112.1,1.882,-0.011
293.443,28.2,111.8,1.858,-0.005
293.542,27.1,111.4,1.827,-0.009
293.642,25.9,111,1.784,-0.009
293.742,24.5,110.6,1.737,-0.009
293.841,23.1,110.1,1.685,-0.009
293.941,21.5,109.6,1.63,-0.009
294.041,19.9,109,1.566,-0.006
294.14,18.2,108.5,1.501,-0.008
294.24,16.5,107.9,1.43,-0.006
294.34,14.6,107.3,1.352,-0.006
294.439,12.6,106.7,1.269,0.002
294.539,10.8,105.9,1.177,-0.005
294.639,8.8,105.8,1.084,-0.003
294.738,6.7,105.3,0.979,-0.002
294.838,4.7,105,0.875,-0.002
294.938,2.5,104.2,0.761,0
295.037,0.5,103.8,0.648,0
295.137,-1.6,103.3,0.531,0.002
295.237,-3.7,102.8,0.41,0.003
295.337,-5.7,102.3,0.283,0.005
295.436,-7.8,102,0.151,0.009
295.536,-9,102.6,-0.026,0.005
295.636,-11.7,101.8,-0.228,0.006
295.735,-13.6,101.4,-0.372,0.005
295.835,-15.5,101.1,-0.517,0.006
295.935,-17.2,101.4,-0.673,0.006
296.034,-19,101.7,-0.83,0.006
296.134,-20.6,102.1,-0.986,0.006
296.234,-22.3,102.2,-1.128,0.006
296.333,-23.8,102.2,-1.257,0.006
296.433,-25.3,102.1,-1.372,0.008
296.533,-26.6,102,-1.475,0.006
296.632,-27.7,101.9,-1.57,0.006
296.732,-28.8,102.1,-1.656,0.006
296.832,-29.8,102.3,-1.735,0.006
296.931,-30.6,102.8,-1.81,0.006
297.031,-31.3,103.4,-1.881,0.006
297.131,-32,103.8,-1.945,0.006
297.23,-32.5,104.3,-1.998,0.006
297.33,-32.9,104.5,-2.038,0.006
297.43,-33,104.7,-2.067,0.006
297.529,-33.3,104.7,-2.089,0.008
297.629,-33.1,104.9,-2.101,0.005
297.729,-33,105,-2.102,0.006
297.828,-32.7,105,-2.104,0.006
297.928,-32.2,105.1,-2.102,0.006
298.028,-31.6,105.1,-2.098,0.005
298.127,-31.1,105.4,-2.087,0.005
298.227,-30.2,105.4,-2.069,0.005
298.327,-29.2,105.5,-2.049,0.005
298.426,-28.3,105.7,-2.021,0.005
298.526,-27.2,105.8,-1.985,0.006
298.626,-26.2,105.9,-1.945,0.006
298.725,-24.8,106.1,-1.897,0.005
298.825,-23.4,106.3,-1.847,0.005
298.925,-22,106.5,-1.786,0.003
299.024,-20.4,106.4,-1.722,0.003
299.124,-18.7,106.5,-1.647,0.005
299.224,-16.9,106.7,-1.567,0.005
299.323,-15.2,106.7,-1.48,0.005
299.423,-13.4,106.7,-1.381,0.005
299.523,-11.4,106.7,-1.274,0.009
299.623,-9.4,106.3,-1.159,0.005
299.722,-7.5,105.6,-1.024,0.005
299.822,-5.3,105.4,-0.876,0.005
299.922,-3.1,105.7,-0.743,0.005
300.021,-1.8,105.3,-0.59,0.006
300.121,1.1,105.3,-0.361,0.005
300.221,3.2,105.5,-0.209,0.006
300.32,5.2,105.4,-0.064,0.005
300.42,7.2,105.6,0.089,0.006
300.52,9.1,105.7,0.235,0.011
300.619,11.3,105.8,0.391,0.006
300.719,13.2,106.2,0.541,0.005
300.819,15.1,106.5,0.682,0.006
300.918,16.9,107.1,0.816,0.005
301.018,18.7,107.7,0.943,0.003
301.118,20.3,108.2,1.064,0.005
301.217,22,108.7,1.176,0.002
301.317,23.6,109.2,1.277,0.002
301.417,24.9,109.5,1.376,0
301.516,26.2,110.1,1.465,0.003
301.616,27.6,110.3,1.543,-0.003
301.716,28.6,110.7,1.615,-0.003
301.815,29.6,111,1.682,-0.006
301.915,30.5,111.2,1.734,-0.006
302.015,31.3,111.4,1.786,-0.008
302.114,31.8,111.5,1.83,-0.009
302.214,32.3,111.6,1.867,-0.008
302.314,32.7,111.7,1.896,-0.008
302.413,32.9,111.8,1.917,-0.009
302.513,33,111.9,1.934,-0.008
302.613,33,111.7,1.942,-0.008
302.712,32.8,111.7,1.948,-0.008
302.812,32.6,111.6,1.948,-0.009
302.912,32.2,111.6,1.945,-0.009
303.011,31.8,111.4,1.943,-0.011
303.111,31,111.3,1.936,-0.011
303.211,30.4,111.2,1.917,-0.011
303.31,29.5,110.9,1.899,-0.009
303.41,28.6,110.5,1.873,-0.008
303.51,27.5,110.4,1.842,-0.008
303.61,26.4,110,1.807,-0.008
303.709,25,109.6,1.763,-0.008
303.809,23.6,109,1.711,-0.008
303.909,22.1,108.7,1.656,-0.008
304.008,20.4,107.9,1.595,-0.006
304.108,18.8,107.5,1.531,-0.006
304.208,17,106.9,1.459,-0.005
304.307,15.1,106.3,1.382,-0.003
304.407,13.2,105.7,1.301,-0.002
304.507,11.3,105.1,1.216,-0.002
304.606,9.4,104.8,1.118,0.002
304.706,7.3,104.3,1.02,0
304.806,5.3,103.8,0.91,0.002
304.905,3.2,103.2,0.801,0.003
305.005,1.1,102.6,0.688,0.003
305.105,-1,102.1,0.573,0.003
305.204,-3,101.6,0.454,0.005
305.304,-5,100.9,0.327,0.006
305.404,-7.2,100.7,0.199,0.006
305.503,-8.6,101,0.052,0.006
305.603,-10.9,100.8,-0.176,0.011
305.703,-13,100.2,-0.327,0.008
305.802,-14.8,99.9,-0.469,0.008
305.902,-16.6,100,-0.621,0.008
306.002,-18.4,100.3,-0.777,0.008
306.101,-20.1,100.7,-0.94,0.008
306.201,-21.8,100.8,-1.089,0.006
306.301,-23.4,100.9,-1.22,0.008
306.4,-24.8,100.8,-1.336,0.008
306.5,-26.1,100.7,-1.446,0.008
306.6,-27.4,100.8,-1.546,0.011
306.699,-28.5,100.7,-1.635,0.008
306.799,-29.6,100.9,-1.717,0.008
306.899,-30.4,101.5,-1.794,0.006
306.998,-31.1,102.1,-1.871,0.006
307.098,-31.7,102.5,-1.937,0.008
307.198,-32.3,102.8,-1.994,0.006
307.297,-32.8,103.1,-2.041,0.006
307.397,-33.1,103.4,-2.073,0.006
307.497,-33.1,103.3,-2.095,0.006
307.596,-33.2,103.7,-2.11,0.009
307.696,-33.1,103.6,-2.116,0.006
307.796,-32.8,103.7,-2.116,0.005
307.896,-32.4,103.8,-2.113,0.006
307.995,-32,103.9,-2.113,0.006
308.095,-31.2,103.9,-2.104,0.006
308.195,-30.5,104,-2.086,0.006
308.294,-29.5,104.1,-2.066,0.006
308.394,-28.8,104.1,-2.043,0.006
308.494,-27.6,104.4,-2.009,0.006
308.593,-26.5,104.6,-1.971,0.006
308.693,-25.2,104.7,-1.927,0.006
308.793,-23.9,104.8,-1.875,0.006
308.892,-22.5,104.9,-1.818,0.006
308.992,-21,105.2,-1.754,0.005
309.092,-19.3,105.1,-1.683,0.006
309.191,-17.5,105.2,-1.605,0.006
309.291,-15.7,105.3,-1.52,0.005
309.391,-14,105.3,-1.427,0.006
309.49,-12,105.3,-1.323,0.006
309.59,-10.1,105.1,-1.209,0.006
309.69,-8.1,104.6,-1.078,0.008
309.789,-5.9,104.1,-0.937,0.006
309.889,-4,104.2,-0.794,0.006
309.989,-2,104.2,-0.657,0.006
310.088,0.2,103.7,-0.433,0.006
310.188,2.4,104,-0.268,0.005
310.288,4.4,104.1,-0.121,0.006
310.387,6.5,103.9,0.032,0.006
310.487,8.6,104.1,0.182,0.006
310.587,10.5,104.1,0.336,0.006
310.686,12.5,104.5,0.491,0.009
310.786,14.4,104.9,0.636,0.006
310.886,16.3,105.4,0.772,0.003
310.985,18.1,106,0.905,0.003
311.085,19.8,106.5,1.027,0.002
311.185,21.5,107,1.145,0.002
311.284,23,107.5,1.252,0
311.384,24.5,107.8,1.355,-0.002
311.484,25.9,108.4,1.445,-0.002
311.583,27.2,108.8,1.527,-0.003
311.683,28.3,109.2,1.601,0
311.783,29.3,109.4,1.668,-0.005
311.883,30.2,109.7,1.729,-0.006
311.982,30.9,109.9,1.781,-0.008
312.082,31.7,110,1.83,-0.008
312.182,32.2,110.1,1.868,-0.009
312.281,32.7,110.2,1.901,-0.009
312.381,32.9,110.3,1.923,-0.008
312.481,33,110.3,1.939,-0.009
312.58,33.1,110.3,1.953,-0.009
312.68,33,110.4,1.956,-0.003
312.78,32.7,110.2,1.957,-0.009
312.879,32.4,110.2,1.957,-0.009
312.979,31.9,110.1,1.953,-0.009
313.079,31.4,109.9,1.945,-0.009
313.178,30.6,109.8,1.931,-0.009
313.278,29.8,109.6,1.916,-0.009
313.378,28.9,109.3,1.893,-0.009
313.477,27.9,109,1.864,-0.011
313.577,26.8,108.6,1.83,-0.011
313.677,25.6,108.5,1.787,-0.006
313.776,24.1,107.8,1.74,-0.008
313.876,22.6,107.3,1.685,-0.008
313.976,21,106.9,1.625,-0.009
314.075,19.4,106.3,1.563,-0.006
314.175,17.6,105.8,1.494,-0.006
314.275,15.8,105.1,1.419,-0.006
314.374,13.9,104.4,1.336,-0.005
314.474,12,103.8,1.254,-0.002
314.574,10,103.3,1.159,-0.002
314.673,8.2,103.1,1.063,0
314.773,6,102.5,0.954,0
314.873,3.8,101.8,0.847,0
314.972,1.8,101.4,0.732,0
315.072,-0.2,100.8,0.619,0.002
315.172,-2.3,100.2,0.497,0.003
315.271,-4.4,99.8,0.376,0.005
315.371,-6.4,99.4,0.246,0.003
315.471,-8.1,99.3,0.109,0.005
315.57,-10.2,99.6,-0.115,0.005
315.67,-12.4,99,-0.277,0.005
315.77,-14.3,98.6,-0.424,0.009
315.87,-16,98.6,-0.567,0.006
315.969,-17.8,98.8,-0.726,0.006
316.069,-19.6,99.2,-0.89,0.005
316.169,-21.3,99.4,-1.046,0.006
316.268,-22.8,99.5,-1.18,0.006
316.368,-24.3,99.4,-1.303,0.005
316.468,-25.7,99.4,-1.419,0.006
316.567,-27,99.3,-1.52,0.006
316.667,-28.1,99.5,-1.612,0.006
316.767,-29.1,99.5,-1.699,0.011
316.866,-30.1,99.9,-1.778,0.005
316.966,-30.8,100.5,-1.858,0.005
317.066,-31.5,101.1,-1.928,0.005
317.165,-32.2,101.5,-1.991,0.005
317.265,-32.7,101.6,-2.04,0.006
317.365,-32.9,101.9,-2.073,0.003
317.464,-33,102.1,-2.099,0.005
317.564,-33.2,102.2,-2.118,0.002
317.664,-33.2,102.2,-2.125,0.005
317.763,-32.9,102.3,-2.128,0.008
317.863,-32.5,102.3,-2.127,0.006
317.963,-32,102.4,-2.125,0.003
318.062,-31.5,102.5,-2.119,0.005
318.162,-30.7,102.7,-2.104,0.003
318.262,-29.8,102.7,-2.087,0.005
318.361,-29,102.9,-2.066,0.005
318.461,-28,102.9,-2.034,0.005
318.561,-26.9,103.2,-1.997,0.003
318.66,-25.7,103.1,-1.954,0.003
318.76,-24.3,103.6,-1.905,0.009
318.86,-23,103.5,-1.852,0.006
318.959,-21.4,103.6,-1.787,0.005
319.059,-19.9,103.8,-1.72,0.003
319.159,-18.1,103.9,-1.642,0.005
319.258,-16.3,103.9,-1.557,0.006
319.358,-14.6,103.9,-1.468,0.005
319.458,-12.5,104,-1.365,0.005
319.557,-10.7,103.8,-1.257,0.005
319.657,-8.6,103.4,-1.135,0.005
319.757,-6.7,102.9,-0.995,0.008
319.857,-4.5,102.7,-0.849,0.006
319.956,-2.5,102.9,-0.709,0.006
320.056,-1.2,102,-0.531,0.006
320.156,1.7,102.5,-0.324,0.005
320.255,3.8,102.8,-0.176,0.006
320.355,5.8,102.8,-0.024,0.006
320.455,7.8,102.7,0.127,0.005
320.554,9.9,102.9,0.28,0.005
320.654,11.8,102.9,0.437,0.005
320.754,13.8,103.4,0.59,0.005
320.853,15.7,103.8,0.731,0.005
320.953,17.5,104.3,0.865,0.003
321.053,19.2,104.8,0.991,0.003
321.152,20.9,105.3,1.112,0.002
321.252,22.6,105.9,1.223,0.002
321.352,23.9,106.4,1.326,0
321.451,25.5,106.9,1.422,-0.002
321.551,26.8,107.3,1.509,-0.002
321.651,27.9,107.6,1.586,-0.005
321.75,28.9,108,1.657,-0.005
321.85,29.8,108.2,1.717,-0.005
321.95,30.7,108.6,1.777,-0.008
322.049,31.6,108.8,1.824,-0.009
322.149,32,109,1.865,-0.011
322.249,32.5,109,1.897,-0.011
322.348,32.8,109.1,1.925,-0.011
322.448,33,109.2,1.943,-0.011
322.548,33.1,109.3,1.959,-0.009
322.647,33,109.1,1.965,-0.011
322.747,32.8,109.1,1.966,-0.011
322.847,32.5,109.1,1.968,-0.005
322.946,32.1,109,1.963,-0.011
323.046,31.5,108.8,1.959,-0.011
323.146,30.8,108.8,1.946,-0.011
323.245,30.1,108.4,1.93,-0.011
323.345,29.2,108.3,1.91,-0.009
323.445,28.1,107.9,1.884,-0.011
323.544,27.1,107.7,1.852,-0.011
323.644,25.9,107.2,1.81,-0.011
323.744,24.5,106.9,1.763,-0.009
323.844,23.1,106.4,1.712,-0.003
323.943,21.5,105.8,1.654,-0.009
324.043,19.9,105.2,1.59,-0.008
324.143,18.1,104.6,1.523,-0.008
324.242,16.3,104.1,1.449,-0.006
324.342,14.4,103.5,1.372,-0.005
324.442,12.6,102.9,1.289,-0.003
324.541,10.7,102.3,1.197,-0.003
324.641,8.8,101.7,1.102,-0.002
324.741,6.7,101.3,0.997,-0.002
324.84,4.7,100.8,0.89,0.003
324.94,2.6,100.1,0.778,0
325.04,0.4,99.7,0.661,0.002
325.139,-1.6,99.1,0.544,0.002
325.239,-3.6,98.6,0.42,0.003
325.339,-5.7,98.1,0.292,0.005
325.438,-7.7,97.8,0.161,0.005
325.538,-9.2,98.5,-0.034,0.005
325.638,-11.6,97.7,-0.228,0.005
325.737,-13.7,97.3,-0.376,0.006
325.837,-15.4,97.3,-0.521,0.008
325.937,-17.2,97.4,-0.679,0.006
326.036,-18.9,97.8,-0.841,0.006
326.136,-20.7,98.2,-1.001,0.006
326.236,-22.3,98.1,-1.144,0.005
326.335,-23.9,98,-1.272,0.005
326.435,-25.2,98.1,-1.39,0.005
326.535,-26.6,98,-1.498,0.006
326.634,-27.7,98,-1.595,0.006
326.734,-28.8,98.2,-1.679,0.006
326.834,-29.8,98.6,-1.766,0.006
326.933,-30.7,99.2,-1.847,0.008
327.033,-31.3,99.6,-1.922,0.006
327.133,-32,100,-1.988,0.006
327.232,-32.5,100.3,-2.038,0.006
327.332,-32.9,100.4,-2.079,0.005
327.432,-33.1,100.5,-2.11,0.005
327.531,-33.1,100.6,-2.127,0.005
327.631,-33,100.7,-2.138,0.005
327.731,-32.9,100.8,-2.144,0.005
327.831,-32.7,101,-2.144,0.003
327.93,-32.3,101,-2.142,0.008
328.03,-31.7,101,-2.136,0.005
328.13,-30.9,101.1,-2.125,0.005
328.229,-30.1,101.2,-2.107,0.003
328.329,-29.3,101.3,-2.087,0.003
328.429,-28.3,101.5,-2.06,0.005
328.528,-27.3,101.6,-2.024,0.003
328.628,-26.1,101.7,-1.983,0.003
328.728,-24.8,102,-1.936,0.003
328.827,-23.4,102.1,-1.881,0.003
328.927,-22,102.3,-1.823,0.009
329.027,-20.4,102.2,-1.755,0.005
329.126,-18.8,102.4,-1.682,0.003
329.226,-16.9,102.4,-1.601,0.003
329.326,-15.1,102.4,-1.511,0.005
329.425,-13.2,102.4,-1.411,0.003
329.525,-11.4,102.4,-1.306,0.003
329.625,-9.4,102.3,-1.185,0.005
329.724,-7.4,101.7,-1.055,0.003
329.824,-5.3,101.1,-0.908,0.005
329.924,-3.2,101.4,-0.768,0.009
330.023,-1.6,101.1,-0.613,0.005
330.123,0.9,100.9,-0.384,0.005
330.223,3.2,101.2,-0.231,0.005
330.322,5.2,101.3,-0.084,0.005
330.422,7.2,101.4,0.07,0.003
330.522,9.2,101.4,0.225,0.005
330.621,11.1,101.4,0.382,0.005
330.721,13.2,101.6,0.537,0.003
330.821,15.1,102.1,0.687,0.003
330.92,16.9,102.7,0.824,0.006
331.02,18.7,103.2,0.954,0.003
331.12,20.4,103.7,1.078,0.002
331.219,22,104.2,1.193,0
331.319,23.6,104.7,1.3,-0.002
331.419,25,105.2,1.401,-0.002
331.518,26.3,105.7,1.489,-0.003
331.618,27.5,106,1.57,-0.005
331.718,28.6,106.3,1.645,-0.005
331.817,29.6,106.7,1.709,-0.008
331.917,30.4,107.1,1.768,-0.006
332.017,31.2,107.2,1.818,-0.008
332.117,31.8,107.4,1.861,-0.011
332.216,32.4,107.6,1.899,-0.012
332.316,32.7,107.6,1.928,-0.011
332.416,32.8,107.8,1.949,-0.012
332.515,33.1,107.8,1.965,-0.012
332.615,33.1,107.9,1.972,-0.012
332.715,32.9,107.7,1.977,-0.011
332.814,32.7,107.7,1.979,-0.012
332.914,32.3,107.7,1.975,-0.012
333.014,31.7,107.5,1.972,-0.011
333.113,31.1,107.4,1.962,-0.011
333.213,30.4,107.2,1.946,-0.014
333.313,29.5,107.1,1.928,-0.012
333.412,28.5,106.7,1.902,-0.011
333.512,27.4,106.4,1.873,-0.012
333.612,26.3,106,1.836,-0.011
333.711,25,105.6,1.79,-0.011
333.811,23.6,105.1,1.74,-0.011
333.911,22.2,104.7,1.683,-0.009
334.01,20.4,104.1,1.622,-0.005
334.11,18.8,103.6,1.555,-0.008
334.21,17,102.9,1.485,-0.008
334.309,15.2,102.4,1.411,-0.005
334.409,13.3,101.7,1.327,-0.005
334.509,11.4,101.1,1.238,-0.005
334.608,9.4,100.4,1.144,-0.003
334.708,7.3,100.1,1.044,-0.002
334.808,5.3,99.6,0.933,-0.002
334.907,3.2,99,0.823,-0.002
335.007,1.2,98.5,0.708,0.008
335.107,-1,97.8,0.59,0
335.206,-3,97.3,0.469,0.002
335.306,-5.1,96.7,0.338,0.003
335.406,-7,96.4,0.206,0.005
335.505,-8.6,96.8,0.041,0.005
335.605,-11,96.4,-0.173,0.005
335.705,-13.1,95.9,-0.329,0.005
335.804,-14.9,95.8,-0.472,0.006
335.904,-16.6,96,-0.628,0.006
336.004,-18.3,96.4,-0.789,0.011
336.104,-20,96.7,-0.954,0.006
336.203,-21.7,96.8,-1.102,0.003
336.303,-23.4,96.7,-1.237,0.005
336.403,-24.8,96.7,-1.358,0.006
336.502,-26.1,96.7,-1.469,0.005
336.602,-27.3,96.7,-1.567,0.005
336.702,-28.5,96.8,-1.66,0.006
336.801,-29.5,97.2,-1.748,0.005
336.901,-30.4,97.8,-1.833,0.005
337.001,-31.2,98.4,-1.911,0.009
337.1,-31.7,98.9,-1.979,0.005
337.2,-32.4,99.2,-2.038,0.005
337.3,-32.8,99.3,-2.079,0.003
337.399,-33,99.5,-2.11,0.005
337.499,-33.1,99.6,-2.13,0.005
337.599,-33.2,99.6,-2.148,0.005
337.698,-33,99.7,-2.153,0.005
337.798,-32.8,99.8,-2.154,0.003
337.898,-32.4,99.8,-2.151,0.005
337.997,-31.9,99.8,-2.148,0.005
338.097,-31.1,99.9,-2.138,0.003
338.197,-30.5,100,-2.124,0.003
338.296,-29.6,100.1,-2.105,0.003
338.396,-28.6,100.4,-2.079,0.003
338.496,-27.6,100.5,-2.046,0.005
338.595,-26.4,100.6,-2.006,0.005
338.695,-25.2,100.7,-1.96,0.005
338.795,-23.9,100.9,-1.911,0.005
338.894,-22.4,101,-1.852,0.003
338.994,-20.9,101.1,-1.789,0.005
339.094,-19.1,101.3,-1.717,0.006
339.193,-17.6,101.3,-1.639,0.003
339.293,-15.7,101.4,-1.549,0.003
339.393,-14,101.4,-1.457,0.003
339.492,-12,101.2,-1.352,0.005
339.592,-10.1,101.1,-1.237,0.005
339.692,-8.1,100.7,-1.109,0.003
339.791,-6,100.1,-0.965,0.005
339.891,-3.9,100,-0.816,0.005
339.991,-2,100.2,-0.676,0.005
340.09,0,99.7,-0.453,0.008
340.19,2.4,100,-0.28,0.006
340.29,4.5,100.2,-0.135,0.006
340.39,6.6,100.3,0.015,0.006
340.489,8.5,100.2,0.167,0.005
340.589,10.6,100.3,0.324,0.005
340.689,12.5,100.5,0.483,0.005
340.788,14.4,100.8,0.636,0.005
340.888,16.3,101.3,0.781,0.003
340.988,18.1,101.8,0.913,0.003
341.087,19.7,102.3,1.04,0.008
341.187,21.5,102.9,1.161,0.003
341.287,23,103.3,1.271,0
341.386,24.5,103.9,1.376,-0.002
341.486,25.9,104.3,1.469,-0.002
341.586,27.1,104.7,1.555,-0.003
341.685,28.3,105.1,1.63,-0.005
341.785,29.3,105.4,1.699,-0.005
341.885,30.2,105.7,1.755,-0.008
341.984,31,106,1.809,-0.006
342.084,31.7,106.3,1.856,-0.003
342.184,32.2,106.4,1.896,-0.009
342.283,32.6,106.5,1.928,-0.011
342.383,32.9,106.6,1.951,-0.012
342.483,33,106.7,1.968,-0.012
342.582,33,106.8,1.98,-0.011
342.682,32.9,106.7,1.986,-0.011
342.782,32.8,106.6,1.988,-0.011
342.881,32.4,106.6,1.988,-0.011
342.981,31.9,106.5,1.983,-0.012
343.081,31.3,106.4,1.977,-0.008
343.18,30.6,106.2,1.962,-0.012
343.28,29.8,106,1.945,-0.011
343.38,28.8,105.7,1.92,-0.011
343.479,28,105.3,1.894,-0.012
343.579,26.6,105.1,1.859,-0.011
343.679,25.4,104.6,1.815,-0.011
343.778,24.1,104.1,1.769,-0.011
343.878,22.5,103.9,1.714,-0.011
343.978,20.9,103.1,1.654,-0.009
344.077,19.3,102.7,1.589,-0.008
344.177,17.6,102.1,1.518,-0.006
344.277,15.8,101.4,1.443,-0.005
344.377,14,100.7,1.362,-0.003
344.476,12.1,100.2,1.277,-0.003
344.576,10,99.6,1.183,-0.002
344.676,8,99,1.083,-0.002
344.775,6,98.6,0.977,0
344.875,3.9,98,0.87,0
344.975,1.9,97.4,0.752,0
345.074,-0.3,96.8,0.635,0.002
345.174,-2.4,96.2,0.512,0.006
345.274,-4.4,95.7,0.388,0.003
345.373,-6.5,95.4,0.255,0.005
345.473,-8.1,95.4,0.11,0.006
345.573,-10.3,95.4,-0.116,0.006
345.672,-12.4,95,-0.277,0.005
345.772,-14.2,94.6,-0.425,0.006
345.872,-16,94.8,-0.579,0.006
345.971,-17.8,95.1,-0.739,0.008
346.071,-19.6,95.5,-0.904,0.006
346.171,-21.2,95.6,-1.058,0.011
346.27,-22.8,95.6,-1.197,0.006
346.37,-24.3,95.5,-1.32,0.006
346.47,-25.7,95.5,-1.439,0.006
346.569,-27,95.5,-1.541,0.006
346.669,-28.2,95.6,-1.639,0.006
346.769,-29.1,96,-1.729,0.006
346.868,-30,96.5,-1.816,0.006
346.968,-30.8,97.2,-1.902,0.006
347.068,-31.6,97.7,-1.972,0.005
347.167,-32.1,98.1,-2.032,0.012
347.267,-32.6,98.2,-2.079,0.006
347.367,-33,98.3,-2.115,0.006
347.466,-33.2,98.5,-2.139,0.005
347.566,-33.2,98.6,-2.156,0.005
347.666,-33,98.5,-2.162,0.005
347.765,-32.8,98.6,-2.168,0.005
347.865,-32.5,98.8,-2.165,0.005
347.965,-32.1,98.8,-2.164,0.003
348.064,-31.5,98.9,-2.156,0.005
348.164,-30.7,99,-2.144,0.009
348.264,-29.9,99.1,-2.125,0.005
348.363,-28.9,99.3,-2.099,0.005
348.463,-27.9,99.3,-2.07,0.005
348.563,-26.9,99.6,-2.032,0.005
348.663,-25.6,99.6,-1.988,0.005
348.762,-24.4,99.8,-1.939,0.005
348.862,-22.9,99.9,-1.882,0.006
348.962,-21.5,100,-1.821,0.005
349.061,-19.9,100.1,-1.752,0.005
349.161,-18.1,100.2,-1.674,0.006
349.261,-16.3,100.2,-1.59,0.005
349.36,-14.6,100.2,-1.497,0.006
349.46,-12.5,100.3,-1.394,0.006
349.56,-10.7,100,-1.286,0.005
349.659,-8.7,99.8,-1.162,0.006
349.759,-6.7,99.2,-1.026,0.006
349.859,-4.7,98.8,-0.875,0.006
349.958,-2.5,99.1,-0.731,0.006
350.058,-1.1,98.3,-0.55,0.006
350.158,1.7,98.7,-0.338,0.006
350.257,3.8,99,-0.19,0.006
350.357,5.9,99.2,-0.04,0.008
350.457,7.9,99.1,0.113,0.006
350.556,9.9,99.3,0.263,0.006
350.656,11.8,99.3,0.427,0.006
350.756,13.8,99.5,0.586,0.006
350.855,15.7,100,0.735,0.006
350.955,17.5,100.3,0.872,0.006
351.055,19.2,100.9,1.003,0.005
351.154,20.9,101.4,1.127,0.003
351.254,22.4,102,1.242,0.005
351.354,24,102.5,1.347,0.002
351.453,25.4,102.9,1.443,-0.002
351.553,26.8,103.4,1.534,-0.003
351.653,27.9,103.7,1.61,-0.005
351.752,28.9,104.1,1.685,-0.005
351.852,29.9,104.4,1.749,-0.006
351.952,30.7,104.7,1.807,-0.006
352.051,31.5,104.9,1.855,-0.008
352.151,32.1,105.1,1.897,-0.008
352.251,32.5,105.4,1.93,-0.003
352.35,32.8,105.3,1.959,-0.008
352.45,33,105.4,1.977,-0.011
352.55,33.2,105.5,1.989,-0.011
352.65,33,105.5,1.997,-0.011
352.749,32.7,105.4,1.998,-0.009
352.849,32.6,105.3,1.998,-0.011
352.949,32.1,105.3,1.995,-0.011
353.048,31.6,105.2,1.991,-0.011
353.148,30.9,105,1.98,-0.011
353.248,30.1,104.9,1.962,-0.005
353.347,29.2,104.6,1.94,-0.009
353.447,28.1,104.2,1.913,-0.009
353.547,27.1,104,1.881,-0.009
353.646,25.8,103.5,1.839,-0.011
353.746,24.5,103.2,1.797,-0.009
353.846,23,102.8,1.738,-0.009
353.945,21.5,102.2,1.683,-0.008
354.045,19.9,101.6,1.619,-0.006
354.145,18.1,101,1.552,-0.006
354.244,16.4,100.5,1.479,0
354.344,14.5,99.9,1.399,-0.003
354.444,12.6,99.2,1.312,-0.003
354.543,10.7,98.7,1.223,-0.002
354.643,8.7,98,1.127,-0.002
354.743,6.7,97.5,1.023,0
354.842,4.6,96.9,0.911,0.002
354.942,2.5,96.3,0.797,0.002
355.042,0.4,95.7,0.68,0.005
355.141,-1.6,95.1,0.56,0.005
355.241,-3.7,94.6,0.437,0.006
355.341,-5.8,94.2,0.304,0.006
355.44,-7.6,93.9,0.168,0.006
355.54,-9.3,94.4,-0.043,0.006
355.64,-11.7,93.7,-0.225,0.006
355.739,-13.7,93.3,-0.378,0.006
355.839,-15.5,93.4,-0.531,0.008
355.939,-17.2,93.8,-0.69,0.008
356.038,-19,94.1,-0.856,0.006
356.138,-20.7,94.3,-1.014,0.008
356.238,-22.3,94.3,-1.157,0.006
356.337,-23.8,94.2,-1.286,0.009
356.437,-25.2,94.3,-1.405,0.008
356.537,-26.5,94.3,-1.512,0.006
356.637,-27.8,94.4,-1.615,0.008
356.736,-28.8,94.6,-1.708,0.006
356.836,-29.8,95.3,-1.804,0.006
356.936,-30.6,96,-1.888,0.006
357.035,-31.4,96.5,-1.965,0.006
357.135,-32,96.9,-2.032,0.006
357.235,-32.5,97,-2.083,0.006
357.334,-32.9,97.1,-2.121,0.011
357.434,-33.1,97.1,-2.148,0.006
357.534,-33.2,97.3,-2.164,0.006
357.633,-33.2,97.2,-2.174,0.005
357.733,-32.9,97.4,-2.179,0.006
357.833,-32.7,97.3,-2.179,0.006
357.932,-32.3,97.6,-2.177,0.006
358.032,-31.7,97.6,-2.171,0.005
358.132,-30.9,97.7,-2.159,0.005
358.231,-30.2,97.7,-2.144,0.005
358.331,-29.4,97.9,-2.124,0.012
358.431,-28.2,98,-2.092,0.005
358.53,-27.2,98,-2.058,0.005
358.63,-26.1,98.2,-2.017,0.005
358.73,-24.8,98.3,-1.968,0.005
358.829,-23.4,98.6,-1.914,0.005
358.929,-21.9,98.6,-1.855,0.005
359.029,-20.4,98.8,-1.787,0.003
359.128,-18.7,98.9,-1.712,0.003
359.228,-17,98.8,-1.631,0.005
359.328,-15.2,98.9,-1.541,0.009
359.427,-13.3,98.9,-1.442,0.005
359.527,-11.4,98.7,-1.335,0.005
359.627,-9.3,98.6,-1.212,0.005
359.726,-7.4,98,-1.081,0.005
359.826,-5.4,97.5,-0.933,0.005
359.926,-3.1,97.5,-0.781,0.005
360.025,-1.6,97.3,-0.63,0.006
360.125,1.1,97.2,-0.398,0.005
360.225,3.2,97.5,-0.242,0.006
360.324,5.2,97.7,-0.095,0.009
360.424,7.3,97.7,0.058,0.006
360.524,9.3,97.8,0.213,0.005
360.624,11.2,97.7,0.37,0.005
360.723,13.1,97.8,0.532,0.005
360.823,15.1,98.4,0.69,0.005
360.923,16.9,98.8,0.833,0.003
361.022,18.7,99.4,0.965,0.003
361.122,20.5,99.7,1.092,0.002
361.222,22.1,100.3,1.211,0.002
361.321,23.6,100.7,1.318,0
361.421,25,101.1,1.414,0
361.521,26.3,101.6,1.506,-0.003
361.62,27.5,101.9,1.59,-0.005
361.72,28.6,102.4,1.664,-0.006
361.82,29.5,102.8,1.731,-0.006
361.919,30.5,103,1.789,-0.008
362.019,31.3,103.3,1.842,-0.009
362.119,31.9,103.6,1.887,-0.011
362.218,32.4,103.8,1.925,-0.012
362.318,32.7,103.9,1.957,-0.012
362.418,32.9,104,1.977,-0.012
362.517,33.1,104,1.994,-0.012
362.617,33,104,2.003,-0.014
362.717,33,104,2.008,-0.014
362.816,32.7,103.9,2.008,-0.015
362.916,32.2,103.9,2.006,-0.014
363.016,31.7,103.8,2.003,-0.012
363.115,31.1,103.7,1.992,-0.012
363.215,30.3,103.5,1.977,-0.012
363.315,29.5,103.2,1.959,-0.014
363.414,28.6,102.9,1.934,-0.008
363.514,27.5,102.7,1.904,-0.014
363.614,26.3,102.3,1.864,-0.012
363.713,25,101.9,1.821,-0.012
363.813,23.6,101.4,1.769,-0.012
363.913,22,100.9,1.712,-0.009
364.012,20.3,100.4,1.651,-0.009
364.112,18.7,99.8,1.583,-0.008
364.212,17,99.3,1.512,-0.006
364.311,15.1,98.6,1.434,-0.005
364.411,13.2,98,1.35,0.002
364.511,11.3,97.3,1.261,-0.003
364.611,9.3,96.6,1.165,-0.003
364.71,7.3,96.1,1.064,-0.002
364.81,5.3,95.6,0.956,0
364.91,3.2,95,0.846,0
365.009,1.1,94.5,0.726,0.002
365.109,-0.9,93.8,0.607,0.003
365.209,-3,93.3,0.482,0.003
365.308,-5.1,92.8,0.355,0.005
365.408,-7.2,92.5,0.216,0.011
365.508,-8.5,93,0.037,0.005
365.607,-11,92.3,-0.174,0.005
365.707,-13,92,-0.326,0.006
365.807,-14.9,92,-0.479,0.005
365.906,-16.7,92.2,-0.639,0.005
366.006,-18.4,92.6,-0.806,0.005
366.106,-20.1,92.9,-0.968,0.005
366.205,-21.8,93,-1.116,0.005
366.305,-23.3,92.9,-1.251,0.005
366.405,-24.8,92.9,-1.373,0.008
366.504,-26.1,92.8,-1.486,0.006
366.604,-27.4,92.9,-1.59,0.005
366.704,-28.5,93.2,-1.688,0.005
366.803,-29.5,93.7,-1.783,0.006
366.903,-30.3,94.5,-1.871,0.003
367.003,-31.2,95,-1.953,0.005
367.102,-31.8,95.3,-2.021,0.005
367.202,-32.3,95.6,-2.076,0.005
367.302,-32.8,95.7,-2.118,0.005
367.401,-33,95.8,-2.147,0.005
367.501,-33.2,95.9,-2.167,0.003
367.601,-33.1,96,-2.182,0.003
367.7,-33,96,-2.186,0.005
367.8,-32.7,96.2,-2.188,0.002
367.9,-32.4,96.3,-2.186,0.003
367.999,-31.9,96.3,-2.183,0.005
368.099,-31.2,96.3,-2.174,0.003
368.199,-30.5,96.5,-2.159,0.003
368.298,-29.5,96.5,-2.139,0.003
368.398,-28.5,96.7,-2.115,0.003
368.498,-27.6,96.8,-2.081,0.006
368.598,-26.4,97,-2.041,0.003
368.697,-25.2,97.1,-1.994,0.003
368.797,-23.9,97.3,-1.942,0.005
368.897,-22.3,97.3,-1.884,0.005
368.996,-20.9,97.5,-1.821,0.003
369.096,-19.3,97.6,-1.748,0.006
369.196,-17.5,97.8,-1.668,0.003
369.295,-15.7,97.8,-1.579,0.005
369.395,-13.9,97.8,-1.482,0.005
369.495,-12,97.8,-1.381,0.011
369.594,-10,97.6,-1.268,0.006
369.694,-8.1,97.1,-1.136,0.003
369.794,-6,96.5,-0.992,0.005
369.893,-4,96.1,-0.838,0.005
369.993,-1.9,96.3,-0.694,0.003
370.093,0,95.7,-0.474,0.005
370.192,2.4,96.2,-0.295,0.003
370.292,4.5,96.5,-0.148,0.005
370.392,6.7,96.5,0.006,0.005
370.491,8.6,96.4,0.159,0.009
370.591,10.6,96.5,0.315,0.005
370.691,12.4,96.5,0.477,0.003
370.79,14.4,96.9,0.638,0.002
370.89,16.3,97.5,0.789,0.003
370.99,18.1,98.1,0.925,0.002
371.089,19.8,98.5,1.057,0.002
371.189,21.5,99,1.179,0
371.289,23,99.5,1.292,0
371.388,24.5,99.8,1.394,0
371.488,25.9,100.4,1.489,0.002
371.588,27.1,100.7,1.573,-0.003
371.687,28.3,101,1.651,-0.005
371.787,29.3,101.5,1.72,-0.006
371.887,30.2,101.8,1.784,-0.008
371.986,31,102.1,1.839,-0.008
372.086,31.7,102.3,1.888,-0.009
372.186,32.2,102.6,1.927,-0.009
372.285,32.6,102.8,1.959,-0.009
372.385,32.9,102.8,1.983,-0.011
372.485,33.1,102.9,2.003,-0.008
372.585,33.1,102.9,2.014,-0.011
372.684,32.9,102.9,2.02,-0.011
372.784,32.7,102.8,2.021,-0.011
372.884,32.4,102.7,2.02,-0.011
372.983,31.9,102.6,2.015,-0.009
373.083,31.3,102.5,2.009,-0.011
373.183,30.6,102.2,1.995,-0.011
373.282,29.8,102.1,1.977,-0.011
373.382,28.8,101.9,1.954,-0.011
373.482,27.9,101.6,1.925,-0.009
373.581,26.7,101.2,1.89,-0.011
373.681,25.4,100.8,1.847,-0.011
373.781,24,100.4,1.797,-0.009
373.88,22.6,99.9,1.743,-0.009
373.98,20.9,99.4,1.682,-0.009
374.08,19.2,99,1.618,-0.008
374.179,17.5,98.3,1.549,-0.006
374.279,15.7,97.8,1.471,-0.005
374.379,13.8,97,1.388,-0.005
374.478,12,96.4,1.304,-0.002
374.578,10,95.8,1.209,0.002
374.678,8,95.1,1.109,0
374.777,6,94.7,1.003,-0.002
374.877,4,94.1,0.891,0
374.977,1.8,93.4,0.772,0
375.076,-0.2,92.8,0.653,0.003
375.176,-2.3,92.3,0.531,0.003
375.276,-4.5,91.8,0.401,0.005
375.375,-6.5,91.4,0.265,0.005
375.475,-8.1,91.6,0.115,0.006
375.575,-10.4,91.4,-0.116,0.011
375.674,-12.4,90.9,-0.277,0.006
375.774,-14.3,90.8,-0.427,0.006
375.874,-16.1,91,-0.584,0.006
375.973,-17.8,91.4,-0.749,0.006
376.073,-19.6,91.6,-0.922,0.006
376.173,-21.1,91.9,-1.073,0.006
376.272,-22.9,91.7,-1.216,0.006
376.372,-24.4,91.7,-1.341,0.006
376.472,-25.7,91.6,-1.454,0.005
376.571,-27,91.8,-1.566,0.011
376.671,-28.1,92,-1.665,0.006
376.771,-29.1,92.5,-1.763,0.006
376.871,-30,93.2,-1.859,0.006
376.97,-30.9,93.8,-1.943,0.006
377.07,-31.6,94.2,-2.015,0.005
377.17,-32.2,94.4,-2.073,0.006
377.269,-32.7,94.7,-2.118,0.005
377.369,-32.9,94.7,-2.15,0.005
377.469,-33.2,94.8,-2.174,0.005
377.568,-33.1,94.9,-2.186,0.009
377.668,-33.1,94.9,-2.194,0.005
377.768,-32.8,95,-2.199,0.005
377.867,-32.5,95.1,-2.197,0.005
377.967,-32,95.1,-2.196,0.005
378.067,-31.5,95.3,-2.188,0.005
378.166,-30.7,95.3,-2.176,0.005
378.266,-29.9,95.4,-2.156,0.005
378.366,-28.9,95.5,-2.133,0.005
378.465,-27.9,95.7,-2.102,0.005
378.565,-26.8,95.9,-2.066,0.006
378.665,-25.6,95.9,-2.02,0.006
378.764,-24.3,96.1,-1.971,0.005
378.864,-22.9,96.2,-1.916,0.005
378.964,-21.3,96.4,-1.852,0.005
379.063,-19.9,96.5,-1.783,0.005
379.163,-18.1,96.6,-1.706,0.005
379.263,-16.4,96.6,-1.621,0.005
379.362,-14.6,96.6,-1.529,0.005
379.462,-12.6,96.6,-1.425,0.005
379.562,-10.6,96.5,-1.31,0.005
379.661,-8.7,96.2,-1.187,0.006
379.761,-6.6,95.7,-1.053,0.006
379.861,-4.5,95.1,-0.902,0.006
379.96,-2.5,95.1,-0.748,0.005
380.06,-1.1,94.4,-0.569,0.005
380.16,1.7,94.7,-0.352,0.005
380.259,3.9,95.2,-0.196,0.006
380.359,5.8,95.4,-0.05,0.006
380.459,7.9,95.5,0.102,0.005
380.558,9.9,95.4,0.258,0.005
380.658,11.8,95.5,0.419,0.008
380.758,13.8,95.6,0.586,0.005
380.858,15.6,96.2,0.74,0.003
380.957,17.7,96.8,0.884,0.003
381.057,19.4,97.2,1.017,0.003
381.157,20.9,97.8,1.142,0.002
381.256,22.5,98.2,1.26,0
381.356,24,98.6,1.368,0
381.456,25.4,99.1,1.466,-0.002
381.555,26.6,99.5,1.557,-0.003
381.655,27.8,99.9,1.636,0
381.755,29,100.2,1.711,-0.005
381.854,29.9,100.5,1.774,-0.005
381.954,30.7,100.9,1.833,-0.006
382.054,31.5,101,1.885,-0.008
382.153,32.1,101.3,1.927,-0.008
382.253,32.5,101.5,1.96,-0.008
382.353,32.8,101.6,1.988,-0.009
382.452,33,101.7,2.009,-0.009
382.552,33.1,101.7,2.021,-0.009
382.652,33,101.8,2.029,-0.005
382.751,32.7,101.6,2.032,-0.009
382.851,32.6,101.6,2.032,-0.009
382.951,32.1,101.5,2.027,-0.011
383.05,31.5,101.4,2.023,-0.009
383.15,30.8,101.3,2.011,-0.011
383.25,30.1,101,1.995,-0.009
383.349,29.2,100.9,1.972,-0.009
383.449,28.2,100.6,1.945,-0.009
383.549,27.1,100.2,1.913,-0.009
383.648,25.8,99.9,1.873,-0.005
383.748,24.6,99.5,1.827,-0.009
383.848,23,98.9,1.772,-0.009
383.947,21.4,98.4,1.712,-0.008
384.047,19.8,98,1.651,-0.006
384.147,18.1,97.4,1.581,-0.006
384.246,16.3,96.8,1.509,-0.005
384.346,14.4,96.1,1.427,-0.003
384.446,12.7,95.6,1.341,-0.003
384.545,10.6,94.8,1.249,-0.002
384.645,8.7,94.2,1.153,0.002
384.745,6.7,93.6,1.046,0
384.844,4.6,93,0.936,0
384.944,2.5,92.5,0.816,0.002
385.044,0.5,91.8,0.702,0.003
385.144,-1.6,91.3,0.576,0.003
385.243,-3.6,90.8,0.453,0.005
385.343,-5.8,90.3,0.313,0.006
385.443,-7.6,90.2,0.174,0.006
385.542,-9.6,90.4,-0.047,0.008
385.642,-11.7,89.8,-0.223,0.006
385.742,-13.6,89.7,-0.376,0.008
385.841,-15.4,89.9,-0.534,0.006
385.941,-17.3,90.1,-0.702,0.008
386.041,-18.9,90.5,-0.87,0.008
386.14,-20.8,90.6,-1.029,0.006
386.24,-22.4,90.6,-1.173,0.006
386.34,-23.9,90.6,-1.303,0.008
386.439,-25.3,90.5,-1.424,0.008
386.539,-26.6,90.7,-1.535,0.009
386.639,-27.7,90.8,-1.638,0.006
386.738,-28.8,91.3,-1.738,0.011
386.838,-29.8,92,-1.838,0.008
386.938,-30.6,92.6,-1.927,0.008
387.037,-31.4,93.1,-2.005,0.006
387.137,-32,93.3,-2.067,0.006
387.237,-32.6,93.5,-2.113,0.006
387.336,-32.9,93.6,-2.151,0.006
387.436,-33.2,93.6,-2.176,0.005
387.536,-33.2,93.8,-2.191,0.005
387.635,-33.2,93.8,-2.202,0.006
387.735,-32.9,93.9,-2.206,0.012
387.835,-32.6,93.9,-2.206,0.005
387.934,-32.3,94,-2.206,0.006
388.034,-31.6,94,-2.199,0.006
388.134,-30.9,94.2,-2.188,0.006
388.233,-30.1,94.2,-2.173,0.005
388.333,-29.3,94.4,-2.151,0.005
388.433,-28.3,94.4,-2.124,0.006
388.532,-27.1,94.6,-2.087,0.006
388.632,-26.1,94.8,-2.047,0.006
388.732,-24.8,94.9,-1.998,0.009
388.831,-23.4,95,-1.945,0.005
388.931,-21.9,95.2,-1.882,0.006
389.031,-20.3,95.3,-1.818,0.005
389.131,-18.7,95.5,-1.743,0.006
389.23,-17,95.4,-1.659,0.006
389.33,-15.2,95.6,-1.567,0.005
389.43,-13.2,95.4,-1.466,0.005
389.529,-11.3,95.4,-1.359,0.005
389.629,-9.3,95.1,-1.24,0.006
389.729,-7.3,94.7,-1.107,0.009
389.828,-5.4,94.1,-0.96,0.006
389.928,-3.1,93.8,-0.803,0.005
390.028,-1.5,93.6,-0.648,0.005
390.127,1,93.5,-0.411,0.006
390.227,3.2,93.9,-0.249,0.006
390.327,5.2,94,-0.101,0.006
390.426,7.3,94.2,0.05,0.006
390.526,9.2,94.1,0.203,0.005
390.626,11.2,94.2,0.362,0.005
390.725,13.1,94.2,0.524,0.005
390.825,15,94.6,0.69,0.005
390.925,17,95.2,0.838,0.003
391.024,18.7,95.7,0.972,0.005
391.124,20.4,96.2,1.104,0.003
391.224,22.1,96.7,1.223,0.002
391.323,23.6,97.2,1.336,0
391.423,25.1,97.5,1.439,-0.002
391.523,26.2,98,1.532,-0.002
391.622,27.5,98.5,1.618,-0.005
391.722,28.6,98.9,1.691,-0.005
391.822,29.6,99.2,1.761,-0.003
391.921,30.6,99.6,1.826,-0.006
392.021,31.2,99.7,1.876,-0.008
392.121,31.8,100,1.922,-0.008
392.22,32.4,100.1,1.959,-0.008
392.32,32.8,100.3,1.989,-0.008
392.42,33,100.3,2.014,-0.011
392.519,33.1,100.3,2.029,-0.009
392.619,32.9,100.4,2.037,-0.011
392.719,32.9,100.3,2.043,-0.009
392.818,32.6,100.2,2.041,-0.006
392.918,32.2,100.2,2.038,-0.011
393.018,31.8,100.1,2.035,-0.012
393.117,31,100,2.026,-0.011
393.217,30.3,99.7,2.011,-0.011
393.317,29.4,99.6,1.992,-0.011
393.417,28.6,99.4,1.966,-0.012
393.516,27.4,99.2,1.937,-0.011
393.616,26.3,98.7,1.899,-0.012
393.716,25,98.3,1.855,-0.011
393.815,23.5,97.9,1.801,-0.003
393.915,22.1,97.4,1.745,-0.009
394.015,20.4,96.7,1.685,-0.009
394.114,18.8,96.2,1.615,-0.008
394.214,16.8,95.7,1.544,-0.006
394.314,15,95,1.465,-0.005
394.413,13.2,94.4,1.381,-0.005
394.513,11.3,93.7,1.29,-0.003
394.613,9.3,93.1,1.194,-0.002
394.712,7.3,92.6,1.092,-0.002
394.812,5.2,92,0.982,0.005
394.912,3.2,91.3,0.865,0.002
395.011,1.1,90.6,0.748,0.002
395.111,-1,90.1,0.622,0.002
395.211,-3,89.6,0.498,0.003
395.31,-5.2,89.1,0.362,0.005
395.41,-7.2,88.8,0.222,0.006
395.51,-8.5,89.4,0.038,0.005
395.609,-11,88.6,-0.17,0.006
395.709,-13,88.4,-0.327,0.008
395.809,-14.8,88.6,-0.483,0.009
395.908,-16.7,88.7,-0.65,0.005
396.008,-18.5,89.1,-0.816,0.006
396.108,-20.2,89.3,-0.982,0.006
396.207,-21.7,89.3,-1.128,0.006
396.307,-23.4,89.4,-1.266,0.006
396.407,-24.9,89.1,-1.39,0.006
396.506,-26.2,89.3,-1.501,0.008
396.606,-27.3,89.4,-1.607,0.006
396.706,-28.5,89.8,-1.709,0.008
396.805,-29.4,90.6,-1.81,0.008
396.905,-30.3,91.2,-1.907,0.008
397.005,-31.1,91.6,-1.988,0.006
397.104,-31.8,91.8,-2.053,0.006
397.204,-32.4,92,-2.104,0.005
397.304,-32.7,92.1,-2.144,0.005
397.404,-33,92.2,-2.176,0.006
397.503,-33.1,92.2,-2.197,0.005
397.603,-33.1,92.4,-2.209,0.003
397.703,-33.1,92.4,-2.217,0.003
397.802,-32.8,92.6,-2.219,0.003
397.902,-32.4,92.5,-2.217,0.006
398.002,-31.9,92.5,-2.212,0.005
398.101,-31.2,92.6,-2.208,0.005
398.201,-30.5,92.8,-2.19,0.003
398.301,-29.5,93,-2.17,0.003
398.4,-28.7,93,-2.147,0.003
398.5,-27.6,93.1,-2.113,0.003
398.6,-26.3,93.2,-2.073,0.003
398.699,-25.1,93.4,-2.024,0.003
398.799,-23.9,93.5,-1.975,0.002
398.899,-22.4,93.8,-1.916,0.009
398.998,-20.9,93.8,-1.852,0.003
399.098,-19.2,93.9,-1.778,0.003
399.198,-17.6,94,-1.699,0.002
399.297,-15.7,94.1,-1.61,0.003
399.397,-13.8,94.1,-1.512,0.002
399.497,-11.9,94,-1.405,0.003
399.596,-10,93.8,-1.29,0.003
399.696,-8.1,93.4,-1.164,0.003
399.796,-6,92.8,-1.021,0.003
399.895,-3.9,92.3,-0.862,0.009
399.995,-1.9,92.3,-0.711,0.003
400.095,0,91.8,-0.495,0.003
400.194,2.5,92.2,-0.306,0.005
400.294,4.5,92.6,-0.151,0.003
400.394,6.7,92.8,-0.003,0.005
400.493,8.6,92.7,0.151,0.003
400.593,10.6,92.7,0.306,0.003
400.693,12.4,92.7,0.465,0.003
400.792,14.4,92.9,0.631,0.003
400.892,16.3,93.5,0.787,0.006
400.992,18.2,94.1,0.931,0.002
401.091,19.8,94.6,1.064,0.002
401.191,21.5,95.2,1.19,0
401.291,23,95.7,1.304,0
401.391,24.5,96.1,1.414,-0.002
401.49,25.9,96.5,1.511,-0.005
401.59,27.2,96.8,1.601,-0.006
401.69,28.2,97.2,1.679,-0.005
401.789,29.3,97.8,1.752,-0.006
401.889,30.2,98,1.813,-0.006
401.989,31.1,98.3,1.87,-0.009
402.088,31.6,98.6,1.919,-0.009
402.188,32.3,98.8,1.962,-0.011
402.288,32.7,98.9,1.994,-0.012
402.387,32.9,99,2.018,-0.011
402.487,33.1,99.2,2.038,-0.011
402.587,33.1,99.1,2.049,-0.011
402.686,32.8,99.2,2.053,-0.012
402.786,32.7,99,2.055,-0.012
402.886,32.4,99,2.055,-0.012
402.985,32,98.9,2.052,-0.011
403.085,31.2,98.8,2.044,-0.012
403.185,30.6,98.6,2.031,-0.012
403.284,29.8,98.4,2.015,-0.014
403.384,28.9,98,1.989,-0.012
403.484,27.9,97.8,1.96,-0.012
403.583,26.6,97.5,1.925,-0.011
403.683,25.3,97.1,1.884,-0.011
403.783,24,96.6,1.833,-0.011
403.882,22.5,96.1,1.777,-0.011
403.982,20.9,95.5,1.717,-0.006
404.082,19.3,95,1.651,-0.008
404.181,17.5,94.5,1.583,-0.008
404.281,15.6,93.9,1.505,-0.006
404.381,13.8,93.2,1.42,-0.006
404.48,12,92.6,1.335,-0.005
404.58,10,92,1.237,-0.003
404.68,7.9,91.4,1.138,-0.003
404.779,6,90.8,1.029,-0.002
404.879,3.9,90.3,0.916,0
404.979,1.8,89.6,0.797,0.006
405.078,-0.3,88.9,0.671,0.002
405.178,-2.4,88.3,0.547,0.003
405.278,-4.4,87.8,0.414,0.003
405.378,-6.5,87.4,0.277,0.005
405.477,-7.9,87.7,0.115,0.005
405.577,-10.4,87.5,-0.113,0.005
405.677,-12.5,87.1,-0.275,0.005
405.776,-14.2,87.1,-0.43,0.005
405.876,-16,87.3,-0.596,0.005
405.976,-17.9,87.7,-0.766,0.011
406.075,-19.7,87.9,-0.931,0.006
406.175,-21.3,88.1,-1.083,0.005
406.275,-22.9,88,-1.219,0.005
406.374,-24.3,88,-1.352,0.005
406.474,-25.8,87.9,-1.471,0.006
406.574,-27,88.1,-1.581,0.006
406.673,-28.2,88.4,-1.685,0.005
406.773,-29.1,89.2,-1.787,0.006
406.873,-30,89.9,-1.89,0.006
406.972,-30.9,90.4,-1.972,0.009
407.072,-31.7,90.7,-2.05,0.006
407.172,-32.2,90.9,-2.104,0.005
407.271,-32.7,90.9,-2.151,0.003
407.371,-32.9,91.1,-2.18,0.002
407.471,-33.2,91.2,-2.205,0.002
407.57,-33.2,91.4,-2.22,0.002
407.67,-33,91.4,-2.225,0
407.77,-32.9,91.4,-2.231,0.003
407.869,-32.6,91.5,-2.229,0.002
407.969,-32,91.6,-2.225,0.003
408.069,-31.4,91.6,-2.22,0.002
408.168,-30.6,91.7,-2.206,0
408.268,-29.9,91.9,-2.19,0.002
408.368,-28.8,92,-2.165,0.003
408.467,-27.9,92.1,-2.134,0.003
408.567,-26.8,92.3,-2.098,0.002
408.667,-25.5,92.3,-2.053,0.003
408.766,-24.3,92.6,-2.003,0.002
408.866,-22.9,92.6,-1.945,0.002
408.966,-21.4,92.8,-1.885,0.002
409.065,-19.7,92.9,-1.813,0.005
409.165,-18.1,93,-1.74,0.003
409.265,-16.3,93.1,-1.648,0.003
409.365,-14.5,93,-1.555,0.002
409.464,-12.6,92.9,-1.451,0.005
409.564,-10.6,92.9,-1.341,0.003
409.664,-8.6,92.6,-1.214,0.003
409.763,-6.6,92.1,-1.078,0.003
409.863,-4.5,91.4,-0.922,0.005
409.963,-2.5,91.2,-0.769,0.003
410.062,-1.1,90.6,-0.59,0.009
410.162,1.7,91,-0.365,0.005
410.262,3.9,91.4,-0.209,0.006
410.361,5.9,91.7,-0.061,0.005
410.461,7.9,91.7,0.093,0.005
410.561,10,91.7,0.248,0.005
410.66,11.9,91.7,0.407,0.005
410.76,13.8,91.7,0.575,0.005
410.86,15.6,92.2,0.74,0.003
410.959,17.5,92.8,0.887,0.003
411.059,19.2,93.5,1.026,0.009
411.159,20.9,93.9,1.156,0.002
411.258,22.6,94.4,1.272,0
411.358,24.1,94.9,1.387,0
411.458,25.5,95.4,1.486,-0.002
411.557,26.8,95.8,1.581,-0.003
411.657,27.9,96.2,1.665,-0.005
411.757,28.9,96.6,1.737,-0.005
411.856,30,96.9,1.806,-0.006
411.956,30.8,97.3,1.864,-0.006
412.056,31.5,97.5,1.917,-0.002
412.155,32,97.6,1.959,-0.008
412.255,32.5,97.9,1.994,-0.009
412.355,32.9,97.9,2.024,-0.009
412.454,33,98,2.043,-0.011
412.554,33.1,98.1,2.06,-0.011
412.654,33,98.1,2.066,-0.011
412.753,32.8,98.1,2.069,-0.011
412.853,32.5,98.1,2.07,-0.011
412.953,32.1,97.9,2.066,-0.009
413.052,31.6,97.7,2.06,-0.006
413.152,30.8,97.7,2.047,-0.011
413.252,30,97.4,2.032,-0.012
413.352,29,97.3,2.011,-0.012
413.451,28.1,96.9,1.983,-0.011
413.551,27.1,96.7,1.954,-0.009
413.651,25.9,96.3,1.91,-0.011
413.75,24.5,95.8,1.862,-0.011
413.85,23,95.4,1.81,-0.009
413.95,21.4,94.9,1.751,-0.009
414.049,19.8,94.3,1.686,-0.006
414.149,18.2,93.7,1.616,-0.008
414.249,16.2,93.1,1.541,-0.006
414.348,14.4,92.4,1.459,-0.005
414.448,12.5,91.9,1.373,-0.003
414.548,10.7,91.3,1.281,-0.003
414.647,8.6,90.8,1.18,-0.002
414.747,6.6,90.1,1.073,0
414.847,4.6,89.4,0.963,0
414.946,2.5,88.8,0.844,0
415.046,0.5,88.1,0.722,0.002
415.146,-1.7,87.4,0.593,0.005
415.245,-3.7,86.9,0.466,0.005
415.345,-5.7,86.6,0.327,0.005
415.445,-7.5,86.4,0.18,0.006
415.544,-9.6,86.6,-0.049,0.006
415.644,-11.7,86.1,-0.222,0.006
415.744,-13.7,86.1,-0.378,0.006
415.843,-15.4,86.3,-0.54,0.008
415.943,-17.2,86.5,-0.709,0.008
416.043,-19.1,86.9,-0.876,0.006
416.142,-20.7,87.1,-1.032,0.012
416.242,-22.3,87.1,-1.179,0.006
416.342,-23.8,86.9,-1.312,0.008
416.441,-25.2,86.9,-1.436,0.006
416.541,-26.6,87,-1.552,0.008
416.641,-27.7,87.3,-1.657,0.006
416.74,-28.7,87.9,-1.761,0.008
416.84,-29.7,88.8,-1.87,0.006
416.94,-30.6,89.3,-1.959,0.006
417.039,-31.4,89.7,-2.032,0.006
417.139,-32,89.8,-2.096,0.012
417.239,-32.6,90,-2.145,0.006
417.339,-32.9,90.1,-2.182,0.005
417.438,-33.2,90.1,-2.208,0.005
417.538,-33.2,90.2,-2.223,0.006
417.638,-33.2,90.2,-2.235,0.006
417.737,-32.9,90.3,-2.24,0.005
417.837,-32.6,90.4,-2.24,0.005
417.937,-32.2,90.4,-2.242,0.005
418.036,-31.6,90.5,-2.232,0.005
418.136,-30.8,90.7,-2.22,0.011
418.236,-30.1,90.7,-2.206,0.005
418.335,-29.2,90.8,-2.185,0.005
418.435,-28.2,90.8,-2.157,0.005
418.535,-27,91.1,-2.122,0.003
418.634,-26,91.3,-2.081,0.003
418.734,-24.7,91.4,-2.032,0.005
418.834,-23.4,91.5,-1.979,0.003
418.933,-21.9,91.6,-1.917,0.005
419.033,-20.2,91.7,-1.85,0.003
419.133,-18.6,91.9,-1.774,0.008
419.232,-16.9,91.8,-1.691,0.005
419.332,-15.1,91.9,-1.596,0.003
419.432,-13.2,91.9,-1.495,0.005
419.531,-11.3,91.8,-1.387,0.003
419.631,-9.3,91.6,-1.266,0.003
419.731,-7.4,91.2,-1.136,0.005
419.83,-5.3,90.5,-0.986,0.005
419.93,-3.2,90,-0.827,0.005
420.03,-1.5,89.9,-0.668,0.005
420.129,0.9,89.6,-0.427,0.005
420.229,3.2,90,-0.263,0.005
420.329,5.2,90.4,-0.112,0.006
420.428,7.3,90.5,0.04,0.005
420.528,9.3,90.5,0.196,0.005
420.628,11.2,90.5,0.35,0.005
420.727,13.1,90.4,0.517,0.005
420.827,15.1,90.7,0.685,0.005
420.927,16.9,91.3,0.842,0.005
421.026,18.7,92,0.985,0.005
421.126,20.4,92.6,1.118,0.003
421.226,22.1,93.2,1.243,0.005
421.325,23.6,93.6,1.355,0.002
421.425,24.9,94.2,1.46,-0.002
421.525,26.3,94.5,1.56,-0.002
421.625,27.5,94.9,1.647,-0.002
421.724,28.6,95.3,1.725,-0.003
421.824,29.6,95.6,1.795,-0.005
421.924,30.5,96,1.858,-0.006
422.023,31.2,96.2,1.913,-0.006
422.123,31.9,96.5,1.959,-0.008
422.223,32.3,96.6,1.997,-0.005
422.322,32.7,96.8,2.027,-0.009
422.422,33,96.8,2.05,-0.011
422.522,33,97,2.067,-0.009
422.621,33,96.9,2.076,-0.011
422.721,32.8,96.9,2.081,-0.011
422.821,32.6,96.8,2.081,-0.011
422.92,32.3,96.8,2.079,-0.011
423.02,31.7,96.7,2.076,-0.011
423.12,31,96.6,2.064,-0.011
423.219,30.3,96.4,2.05,-0.006
423.319,29.5,96.1,2.034,-0.011
423.419,28.5,95.9,2.005,-0.012
423.518,27.4,95.6,1.975,-0.011
423.618,26.3,95.3,1.937,-0.012
423.718,25,94.8,1.896,-0.011
423.817,23.4,94.4,1.838,-0.009
423.917,22,93.9,1.783,-0.009
424.017,20.4,93.4,1.72,-0.008
424.116,18.8,92.8,1.651,-0.008
424.216,16.9,92.2,1.576,-0.002
424.316,15,91.5,1.5,-0.005
424.415,13.2,90.9,1.413,-0.003
424.515,11.3,90.2,1.321,-0.003
424.615,9.3,89.7,1.225,-0.002
424.714,7.3,89.1,1.118,0
424.814,5.3,88.4,1.009,0
424.914,3.1,87.7,0.89,0.002
425.013,1.1,87.1,0.769,0.002
425.113,-1,86.5,0.644,0.003
425.213,-3,86,0.514,0.006
425.312,-5.1,85.5,0.379,0.005
425.412,-7.1,85.1,0.232,0.006
425.512,-8.7,85.8,0.032,0.006
425.612,-11.1,85.1,-0.168,0.005
425.711,-13.1,84.9,-0.326,0.006
425.811,-14.8,85,-0.488,0.006
425.911,-16.6,85.3,-0.659,0.006
426.01,-18.5,85.7,-0.827,0.006
426.11,-20.2,85.9,-0.991,0.008
426.21,-21.8,85.8,-1.139,0.008
426.309,-23.4,85.8,-1.278,0.008
426.409,-24.8,85.8,-1.402,0.008
426.509,-26.2,85.8,-1.523,0.008
426.608,-27.3,86.1,-1.633,0.008
426.708,-28.4,86.7,-1.746,0.008
426.808,-29.3,87.6,-1.852,0.006
426.907,-30.4,88.1,-1.949,0.008
427.007,-31.2,88.5,-2.029,0.006
427.107,-31.8,88.7,-2.096,0.006
427.206,-32.3,88.9,-2.142,0.005
427.306,-32.8,88.9,-2.183,0.009
427.406,-33.1,89,-2.214,0.005
427.505,-33.2,89,-2.234,0.005
427.605,-33.2,89.1,-2.248,0.005
427.705,-32.9,89.2,-2.254,0.005
427.804,-32.6,89.2,-2.254,0.005
427.904,-32.4,89.4,-2.252,0.005
428.004,-31.8,89.4,-2.248,0.003
428.103,-31.2,89.6,-2.243,0.005
428.203,-30.4,89.6,-2.226,0.003
428.303,-29.5,89.9,-2.206,0.009
428.402,-28.6,89.9,-2.182,0.003
428.502,-27.6,90,-2.15,0.003
428.602,-26.4,90.1,-2.108,0.003
428.701,-25.2,90.2,-2.064,0.005
428.801,-23.8,90.3,-2.012,0.003
428.901,-22.5,90.5,-1.953,0.005
429,-20.8,90.6,-1.887,0.005
429.1,-19.1,90.7,-1.813,0.003
429.2,-17.4,90.8,-1.731,0.005
429.299,-15.7,90.9,-1.642,0.011
429.399,-13.9,90.7,-1.544,0.005
429.499,-12,90.8,-1.439,0.005
429.598,-10.1,90.6,-1.321,0.005
429.698,-8,90.3,-1.191,0.005
429.798,-6,89.7,-1.049,0.005
429.898,-3.9,89,-0.893,0.005
429.997,-1.9,88.9,-0.731,0.005
430.097,-0.1,88.3,-0.518,0.006
430.197,2.5,88.8,-0.32,0.006
430.296,4.6,89.3,-0.167,0.011
430.396,6.6,89.4,-0.014,0.006
430.496,8.6,89.5,0.136,0.005
430.595,10.6,89.4,0.295,0.005
430.695,12.4,89.3,0.459,0.003
430.795,14.4,89.4,0.628,0.005
430.894,16.2,89.9,0.792,0.003
430.994,18.2,90.6,0.943,0.003
431.094,19.8,91.2,1.079,0.003
431.193,21.5,91.9,1.208,0.002
431.293,23.1,92.3,1.326,0.002
431.393,24.6,92.7,1.437,0
431.492,25.9,93.2,1.537,-0.003
431.592,27.1,93.6,1.631,-0.003
431.692,28.3,93.8,1.709,-0.005
431.791,29.3,94.4,1.783,-0.006
431.891,30.2,94.7,1.849,-0.008
431.991,31,95,1.905,-0.008
432.09,31.7,95.2,1.954,-0.009
432.19,32.2,95.5,1.997,-0.009
432.29,32.5,95.5,2.029,-0.009
432.389,32.9,95.8,2.055,-0.009
432.489,33.1,95.8,2.075,-0.011
432.589,33.1,95.7,2.087,-0.011
432.688,32.9,95.8,2.093,-0.011
432.788,32.7,95.7,2.093,-0.012
432.888,32.4,95.6,2.093,-0.012
432.987,31.9,95.7,2.089,-0.012
433.087,31.3,95.5,2.083,-0.011
433.187,30.5,95.2,2.069,-0.012
433.286,29.8,95.1,2.052,-0.012
433.386,28.7,94.8,2.027,-0.008
433.486,27.7,94.4,2,-0.011
433.585,26.7,94.2,1.963,-0.011
433.685,25.4,93.8,1.92,-0.011
433.785,23.9,93.3,1.87,-0.011
433.885,22.4,92.8,1.815,-0.009
433.984,20.9,92.3,1.752,-0.008
434.084,19.1,91.6,1.686,-0.008
434.184,17.5,91.2,1.616,-0.006
434.283,15.6,90.6,1.538,-0.005
434.383,13.8,89.9,1.453,0.002
434.483,12,89.3,1.367,-0.003
434.582,10,88.7,1.268,-0.003
434.682,8,88.1,1.164,0
434.782,5.9,87.3,1.052,0
434.881,3.8,86.8,0.939,0.002
434.981,1.7,86.1,0.818,0.002
435.081,-0.2,85.5,0.696,0.003
435.18,-2.4,84.9,0.566,0.005
435.28,-4.4,84.3,0.43,0.005
435.38,-6.5,84.2,0.286,0.012
435.479,-7.9,84.5,0.115,0.006
435.579,-10.5,84,-0.112,0.006
435.679,-12.4,83.7,-0.272,0.006
435.778,-14.3,83.8,-0.436,0.006
435.878,-16.1,84.1,-0.604,0.006
435.978,-17.9,84.5,-0.778,0.006
436.077,-19.6,84.8,-0.945,0.006
436.177,-21.3,84.6,-1.096,0.006
436.277,-22.8,84.7,-1.24,0.006
436.376,-24.3,84.8,-1.37,0.011
436.476,-25.7,84.6,-1.494,0.006
436.576,-27,84.9,-1.61,0.006
436.675,-28.1,85.4,-1.72,0.005
436.775,-29.1,86.3,-1.83,0.006
436.875,-30.1,86.8,-1.933,0.005
436.974,-30.9,87.3,-2.018,0.006
437.074,-31.7,87.5,-2.09,0.005
437.174,-32.2,87.6,-2.142,0.006
437.273,-32.7,87.7,-2.19,0.005
437.373,-32.9,87.8,-2.22,0.006
437.473,-33.3,87.7,-2.243,0.005
437.572,-33.2,88,-2.257,0.005
437.672,-33,88.1,-2.263,0.005
437.772,-32.8,88.1,-2.268,0.005
437.871,-32.5,88.3,-2.266,0.005
437.971,-32,88.4,-2.264,0.005
438.071,-31.4,88.4,-2.258,0.003
438.171,-30.6,88.4,-2.245,0.003
438.27,-29.8,88.5,-2.228,0.003
438.37,-28.9,88.6,-2.205,0.005
438.47,-27.9,88.7,-2.174,0.006
438.569,-26.7,88.9,-2.138,0.003
438.669,-25.5,89,-2.093,0.005
438.769,-24.2,89.1,-2.041,0.003
438.868,-22.9,89.2,-1.986,0.003
438.968,-21.4,89.4,-1.923,0.003
439.068,-19.8,89.5,-1.852,0.005
439.167,-18.1,89.6,-1.775,0.003
439.267,-16.3,89.7,-1.685,0.005
439.367,-14.5,89.6,-1.592,0.005
439.466,-12.5,89.6,-1.485,0.008
439.566,-10.6,89.5,-1.373,0.005
439.666,-8.6,89.2,-1.249,0.003
439.765,-6.6,88.6,-1.109,0.003
439.865,-4.6,88.1,-0.957,0.005
439.965,-2.5,87.6,-0.795,0.005
440.064,-0.9,87.2,-0.616,0.005
440.164,1.7,87.3,-0.381,0.005
440.264,3.9,87.8,-0.22,0.005
440.363,6,88.1,-0.069,0.005
440.463,8,88.3,0.084,0.011
440.563,9.9,88.3,0.239,0.005
440.662,11.8,88.2,0.401,0.005
440.762,13.7,88.1,0.57,0.003
440.862,15.6,88.3,0.739,0.003
440.961,17.5,89.1,0.894,0.003
441.061,19.3,89.9,1.038,0.002
441.161,21,90.4,1.17,0.002
441.26,22.5,91,1.295,0
441.36,24.1,91.5,1.411,-0.002
441.46,25.5,92,1.512,0.003
441.559,26.8,92.3,1.607,-0.003
441.659,28,92.7,1.693,-0.005
441.759,28.9,93,1.769,-0.005
441.858,29.9,93.3,1.839,-0.008
441.958,30.8,93.7,1.902,-0.008
442.058,31.5,94,1.953,-0.009
442.158,32,94.2,1.998,-0.009
442.257,32.5,94.3,2.034,-0.011
442.357,32.8,94.5,2.063,-0.011
442.457,33,94.6,2.083,-0.008
442.556,33.1,94.6,2.095,-0.012
442.656,33.1,94.5,2.104,-0.012
442.756,32.8,94.5,2.105,-0.012
442.855,32.5,94.5,2.104,-0.012
442.955,32.1,94.4,2.102,-0.011
443.055,31.5,94.4,2.098,-0.011
443.154,30.8,94.2,2.086,-0.012
443.254,30.1,93.9,2.069,-0.011
443.354,29.1,93.7,2.049,-0.011
443.453,28.1,93.5,2.021,-0.009
443.553,27,93,1.988,-0.011
443.653,25.8,92.7,1.949,-0.011
443.752,24.5,92.3,1.902,-0.011
443.852,22.9,91.8,1.847,-0.011
443.952,21.4,91.3,1.787,-0.009
444.051,19.8,90.8,1.722,-0.006
444.151,18,90.2,1.653,-0.006
444.251,16.3,89.5,1.576,-0.006
444.35,14.5,89,1.494,-0.005
444.45,12.5,88.4,1.405,-0.003
444.55,10.6,87.9,1.309,0
444.649,8.6,87.1,1.208,-0.002
444.749,6.6,86.5,1.099,-0.002
444.849,4.5,85.8,0.983,0
444.948,2.4,85.1,0.867,0.002
445.048,0.4,84.5,0.745,0.002
445.148,-1.8,83.9,0.615,0.002
445.247,-3.8,83.4,0.48,0.005
445.347,-5.8,82.9,0.338,0.005
445.447,-7.5,83,0.185,0.005
445.546,-9.8,83,-0.052,0.009
445.646,-11.7,82.5,-0.222,0.006
445.746,-13.7,82.5,-0.384,0.006
445.845,-15.4,82.9,-0.552,0.006
445.945,-17.3,83.2,-0.728,0.005
446.045,-19.1,83.5,-0.896,0.006
446.145,-20.8,83.6,-1.055,0.006
446.244,-22.3,83.4,-1.199,0.006
446.344,-23.9,83.5,-1.335,0.006
446.444,-25.2,83.4,-1.459,0.008
446.543,-26.5,83.8,-1.584,0.012
446.643,-27.8,84.2,-1.702,0.006
446.743,-28.8,85.1,-1.813,0.006
446.842,-29.7,85.7,-1.917,0.006
446.942,-30.5,86.1,-2.006,0.006
447.042,-31.5,86.4,-2.084,0.006
447.141,-32,86.6,-2.141,0.006
447.241,-32.5,86.6,-2.19,0.005
447.341,-32.9,86.7,-2.228,0.005
447.44,-33.2,86.9,-2.254,0.003
447.54,-33.2,87,-2.271,0.011
447.64,-33.1,87,-2.28,0.005
447.739,-32.9,87.1,-2.283,0.005
447.839,-32.6,87.2,-2.283,0.003
447.939,-32.2,87.2,-2.281,0.005
448.038,-31.6,87.3,-2.277,0.003
448.138,-30.9,87.4,-2.266,0.005
448.238,-30.1,87.4,-2.249,0.003
448.337,-29.2,87.6,-2.229,0.005
448.437,-28.2,87.6,-2.203,0.005
448.537,-27.1,87.9,-2.167,0.006
448.636,-26,87.8,-2.124,0.005
448.736,-24.6,88.1,-2.073,0.003
448.836,-23.4,88.1,-2.023,0.005
448.935,-21.9,88.4,-1.96,0.005
449.035,-20.3,88.4,-1.891,0.005
449.135,-18.7,88.5,-1.816,0.005
449.234,-16.8,88.6,-1.732,0.005
449.334,-15,88.7,-1.636,0.003
449.434,-13.2,88.6,-1.537,0.003
449.533,-11.3,88.5,-1.424,0.005
449.633,-9.3,88.3,-1.304,0.003
449.733,-7.3,87.9,-1.168,0.005
449.832,-5.2,87.3,-1.021,0.005
449.932,-3.2,86.7,-0.859,0.005
450.032,-1.3,86.6,-0.691,0.005
450.132,0.9,86.2,-0.453,0.003
450.231,3.2,86.5,-0.28,0.005
450.331,5.2,86.9,-0.127,0.006
450.431,7.4,87.1,0.031,0.005
450.53,9.3,87.2,0.183,0.006
450.63,11.2,87.1,0.346,0.006
450.73,13.1,87.1,0.505,0.003
450.829,15,87.2,0.682,0.003
450.929,16.9,87.7,0.847,0.005
451.029,18.8,88.5,0.995,0.003
451.128,20.4,89.1,1.135,0.002
451.228,22.1,89.7,1.26,0.002
451.328,23.5,90.3,1.376,0.002
451.427,25,90.8,1.486,0
451.527,26.3,91.2,1.586,0
451.627,27.5,91.6,1.676,0.003
451.726,28.6,91.8,1.757,-0.003
451.826,29.6,92.3,1.826,-0.005
451.926,30.5,92.6,1.891,-0.006
452.025,31.3,92.7,1.946,-0.006
452.125,31.9,93,1.997,-0.006
452.225,32.4,93.2,2.038,-0.008
452.324,32.8,93.3,2.064,-0.008
452.424,32.9,93.5,2.087,-0.011
452.524,33.1,93.6,2.108,-0.011
452.623,33.1,93.5,2.115,-0.006
452.723,32.9,93.5,2.119,-0.012
452.823,32.6,93.5,2.121,-0.012
452.922,32.2,93.4,2.121,-0.012
453.022,31.7,93.4,2.115,-0.012
453.122,31.1,93.2,2.104,-0.012
453.221,30.3,92.9,2.09,-0.012
453.321,29.4,92.7,2.07,-0.011
453.421,28.5,92.5,2.047,-0.012
453.52,27.4,92.2,2.017,-0.011
453.62,26.3,91.9,1.977,-0.005
453.72,25,91.4,1.931,-0.009
453.819,23.5,90.9,1.879,-0.009
453.919,21.9,90.5,1.821,-0.008
454.019,20.4,89.8,1.757,-0.009
454.118,18.6,89.4,1.688,-0.008
454.218,16.8,88.7,1.615,-0.006
454.318,15,88.2,1.534,-0.005
454.418,13.2,87.6,1.445,-0.003
454.517,11.2,87.1,1.355,-0.002
454.617,9.3,86.4,1.251,0
454.717,7.3,85.7,1.147,0
454.816,5.3,85,1.032,0.002
454.916,3.1,84.3,0.914,0.003
455.016,1.1,83.5,0.794,0.003
455.115,-1,83.1,0.665,0.005
455.215,-3.1,82.3,0.529,0.003
455.315,-5.2,82,0.39,0.006
455.414,-7.1,81.7,0.245,0.008
455.514,-8.9,82.1,0.029,0.008
455.614,-11,81.5,-0.165,0.008
455.713,-13.1,81.4,-0.332,0.008
455.813,-14.9,81.6,-0.498,0.008
455.913,-16.6,82.1,-0.674,0.008
456.012,-18.4,82.3,-0.85,0.008
456.112,-20.2,82.4,-1.011,0.008
456.212,-21.9,82.4,-1.159,0.008
456.311,-23.4,82.4,-1.301,0.008
456.411,-24.9,82.4,-1.433,0.008
456.511,-26.1,82.6,-1.552,0.008
456.61,-27.3,83.1,-1.673,0.008
456.71,-28.4,83.9,-1.795,0.012
456.81,-29.4,84.5,-1.902,0.008
456.909,-30.4,84.9,-1.997,0.006
457.009,-31.2,85.1,-2.079,0.006
457.109,-31.9,85.3,-2.141,0.005
457.208,-32.3,85.5,-2.193,0.006
457.308,-32.8,85.5,-2.232,0.006
457.408,-33,85.6,-2.261,0.006
457.507,-33.2,85.6,-2.281,0.005
457.607,-33.1,85.8,-2.294,0.005
457.707,-32.9,85.8,-2.3,0.011
457.806,-32.8,86,-2.3,0.005
457.906,-32.4,85.9,-2.3,0.005
458.006,-31.8,86,-2.295,0.005
458.105,-31.2,86.1,-2.287,0.005
458.205,-30.5,86.2,-2.272,0.003
458.305,-29.6,86.2,-2.254,0.003
458.405,-28.5,86.4,-2.229,0.005
458.504,-27.5,86.5,-2.196,0.005
458.604,-26.4,86.6,-2.156,0.005
458.704,-25.2,86.7,-2.112,0.009
458.803,-23.8,86.8,-2.058,0.003
458.903,-22.4,87,-1.997,0.003
459.003,-20.8,87.1,-1.93,0.003
459.102,-19.2,87.2,-1.858,0.003
459.202,-17.5,87.3,-1.775,0.003
459.302,-15.6,87.4,-1.683,0.003
459.401,-13.8,87.2,-1.586,0.003
459.501,-11.9,87.2,-1.475,0.003
459.601,-9.9,87.1,-1.361,0.003
459.7,-7.9,86.8,-1.226,0.008
459.8,-5.9,86.2,-1.084,0.003
459.9,-3.9,85.5,-0.928,0.005
459.999,-1.8,85.2,-0.765,0.003
460.099,-0.3,84.5,-0.555,0.003
460.199,2.5,85,-0.342,0.005
460.298,4.6,85.3,-0.179,0.005
460.398,6.7,85.7,-0.024,0.006
460.498,8.7,85.8,0.128,0.005
460.597,10.6,85.8,0.284,0.005
460.697,12.6,85.8,0.448,0.006
460.797,14.3,85.6,0.616,0.005
460.896,16.2,86,0.794,0.003
460.996,18.1,86.6,0.948,0.003
461.096,19.8,87.4,1.093,0.003
461.195,21.5,88.1,1.223,0.002
461.295,23,88.7,1.347,0
461.395,24.5,89.2,1.463,-0.002
461.494,26,89.5,1.566,-0.003
461.594,27.1,90.1,1.659,-0.003
461.694,28.3,90.4,1.74,-0.005
461.793,29.3,90.8,1.818,-0.003
461.893,30.2,91,1.884,-0.006
461.993,31,91.3,1.945,-0.008
462.092,31.7,91.5,1.997,-0.008
462.192,32.2,91.7,2.038,-0.009
462.292,32.6,92.1,2.072,-0.011
462.392,33,92,2.098,-0.011
462.491,33.1,92.2,2.118,-0.011
462.591,33.1,92.2,2.127,-0.011
462.691,33.1,92.2,2.136,-0.011
462.79,32.8,92.1,2.136,-0.008
462.89,32.4,91.9,2.134,-0.011
462.99,31.9,92,2.131,-0.014
463.089,31.3,91.8,2.122,-0.012
463.189,30.6,91.7,2.108,-0.011
463.289,29.7,91.5,2.092,-0.012
463.388,28.8,91.2,2.07,-0.012
463.488,27.7,90.8,2.041,-0.011
463.588,26.6,90.7,2.005,-0.012
463.687,25.4,90.1,1.963,-0.012
463.787,23.9,89.5,1.911,-0.006
463.887,22.4,89.3,1.855,-0.011
463.986,20.9,88.6,1.794,-0.009
464.086,19.2,88.2,1.726,-0.008
464.186,17.4,87.7,1.656,-0.008
464.285,15.6,87.1,1.575,-0.006
464.385,13.8,86.4,1.489,-0.005
464.485,11.9,85.8,1.401,-0.005
464.584,9.9,85.2,1.298,-0.003
464.684,7.9,84.3,1.196,-0.002
464.784,5.9,83.9,1.083,0.005
464.883,3.8,83,0.966,0.002
464.983,1.8,82.4,0.842,0
465.083,-0.4,81.8,0.716,0.002
465.182,-2.4,81.2,0.586,0.005
465.282,-4.5,80.7,0.443,0.006
465.382,-6.5,80.3,0.295,0.005
465.481,-7.8,80.9,0.112,0.006
465.581,-10.4,80.3,-0.112,0.006
465.681,-12.4,80.3,-0.278,0.006
465.78,-14.2,80.3,-0.443,0.011
465.88,-16.1,80.6,-0.624,0.008
465.98,-17.8,80.9,-0.798,0.006
466.079,-19.7,81,-0.966,0.008
466.179,-21.3,81.1,-1.121,0.008
466.279,-22.9,81,-1.266,0.006
466.379,-24.3,81.1,-1.402,0.006
466.478,-25.7,81.2,-1.529,0.006
466.578,-26.8,81.5,-1.647,0.006
466.678,-28,82.4,-1.772,0.006
466.777,-29.1,83.1,-1.887,0.008
466.877,-30.1,83.7,-1.992,0.006
466.977,-31,83.9,-2.075,0.006
467.076,-31.7,84.2,-2.142,0.003
467.176,-32.1,84.3,-2.193,0.003
467.276,-32.7,84.3,-2.237,0.003
467.375,-33,84.4,-2.268,0.003
467.475,-33.2,84.5,-2.294,0.003
467.575,-33.2,84.6,-2.306,0.003
467.674,-32.9,84.8,-2.315,0.003
467.774,-32.9,84.8,-2.318,0.003
467.874,-32.5,84.8,-2.318,0.005
467.973,-32,85,-2.313,0.002
468.073,-31.4,84.9,-2.307,0.002
468.173,-30.6,85.1,-2.295,0.002
468.272,-29.8,85.1,-2.278,0.003
468.372,-28.8,85.3,-2.254,0.003
468.472,-27.9,85.5,-2.225,0.002
468.571,-26.7,85.5,-2.186,0.003
468.671,-25.5,85.6,-2.144,0.003
468.771,-24.4,85.8,-2.093,0.002
468.87,-22.9,85.9,-2.037,0.008
468.97,-21.3,86,-1.971,0.003
469.07,-19.8,86.1,-1.899,0.003
469.169,-18.2,86.2,-1.823,0.003
469.269,-16.3,86.2,-1.735,0.003
469.369,-14.5,86.3,-1.638,0.003
469.468,-12.5,86.2,-1.531,0.003
469.568,-10.5,86,-1.416,0.003
469.668,-8.6,85.8,-1.287,0.003
469.767,-6.6,85.4,-1.148,0.005
469.867,-4.5,84.8,-0.998,0.009
469.967,-2.4,84.2,-0.829,0.005
470.066,-1,83.6,-0.645,0.003
470.166,1.6,83.7,-0.408,0.003
470.266,3.8,84.2,-0.24,0.006
470.366,6.1,84.4,-0.08,0.005
470.465,8,84.8,0.072,0.005
470.565,10,84.7,0.228,0.005
470.665,12,84.6,0.39,0.005
470.764,13.7,84.6,0.553,0.003
470.864,15.7,84.8,0.735,0.009
470.964,17.5,85.2,0.899,0.005
471.063,19.3,86.1,1.053,0.005
471.163,21,86.7,1.191,0.003
471.263,22.6,87.3,1.318,0
471.362,24.1,87.9,1.436,0
471.462,25.4,88.4,1.538,-0.002
471.562,26.8,88.7,1.638,-0.003
471.661,27.8,89.3,1.725,-0.006
471.761,29,89.6,1.803,-0.006
471.861,29.9,90,1.873,-0.005
471.96,30.7,90.2,1.936,-0.008
472.06,31.5,90.4,1.988,-0.008
472.16,32.1,90.7,2.035,-0.009
472.259,32.5,90.8,2.069,-0.011
472.359,32.8,90.8,2.098,-0.011
472.459,33,91,2.121,-0.011
472.558,33.1,91,2.136,-0.011
472.658,33,91,2.144,-0.011
472.758,32.9,91,2.148,-0.012
472.857,32.5,90.9,2.147,-0.011
472.957,32,90.9,2.144,-0.011
473.057,31.5,90.7,2.139,-0.011
473.156,30.9,90.6,2.13,-0.011
473.256,30.1,90.4,2.11,-0.011
473.356,29.2,90.2,2.09,-0.012
473.455,28.1,90,2.063,-0.011
473.555,27.1,89.7,2.031,-0.012
473.655,25.7,89.2,1.991,-0.011
473.754,24.5,88.8,1.94,-0.011
473.854,23,88.3,1.887,-0.009
473.954,21.4,87.8,1.827,-0.006
474.053,19.8,87.2,1.761,-0.008
474.153,18,86.7,1.691,-0.006
474.253,16.2,86.1,1.612,-0.006
474.352,14.4,85.5,1.531,-0.005
474.452,12.6,84.9,1.439,-0.005
474.552,10.6,84.3,1.344,-0.002
474.652,8.5,83.6,1.242,-0.002
474.751,6.6,83,1.13,-0.002
474.851,4.5,82.1,1.014,0
474.951,2.5,81.5,0.89,0.005
475.05,0.3,80.7,0.763,0.003
475.15,-1.8,80.3,0.633,0.002
475.25,-3.8,79.7,0.494,0.003
475.349,-5.8,79.4,0.35,0.005
475.449,-7.4,79.5,0.191,0.006
475.549,-9.8,79.3,-0.049,0.006
475.648,-11.7,79.1,-0.22,0.006
475.748,-13.7,79.3,-0.393,0.006
475.848,-15.4,79.5,-0.567,0.006
475.947,-17.3,79.9,-0.749,0.011
476.047,-19,80.1,-0.919,0.006
476.147,-20.8,80.1,-1.075,0.005
476.246,-22.3,79.9,-1.223,0.006
476.346,-23.9,80,-1.365,0.006
476.446,-25.3,80.1,-1.495,0.006
476.545,-26.5,80.4,-1.621,0.006
476.645,-27.6,81,-1.742,0.006
476.745,-28.8,82,-1.868,0.006
476.844,-29.8,82.5,-1.977,0.006
476.944,-30.7,83,-2.066,0.011
477.044,-31.4,83.1,-2.139,0.005
477.143,-32.1,83.2,-2.197,0.005
477.243,-32.6,83.4,-2.243,0.005
477.343,-33,83.5,-2.278,0.005
477.442,-33.1,83.6,-2.3,0.005
477.542,-33.2,83.6,-2.318,0.005
477.642,-33.1,83.7,-2.329,0.003
477.741,-33,83.7,-2.335,0.003
477.841,-32.6,83.9,-2.333,0.003
477.941,-32.2,84.1,-2.332,0.006
478.04,-31.6,83.9,-2.327,0.003
478.14,-30.9,84.1,-2.316,0.003
478.24,-30.1,84.2,-2.3,0.003
478.339,-29.1,84.3,-2.28,0.003
478.439,-28.2,84.4,-2.252,0.003
478.539,-27.2,84.5,-2.217,0.005
478.639,-26,84.6,-2.176,0.003
478.738,-24.6,84.8,-2.125,0.005
478.838,-23.4,84.8,-2.072,0.003
478.938,-21.9,85,-2.009,0.003
479.037,-20.3,85,-1.942,0.005
479.137,-18.6,85.2,-1.865,0.005
479.237,-16.9,85.2,-1.778,0.003
479.336,-14.9,85.4,-1.686,0.003
479.436,-13.2,85.2,-1.584,0.005
479.536,-11.2,85.1,-1.469,0.003
479.635,-9.2,84.9,-1.347,0.005
479.735,-7.2,84.7,-1.211,0.003
479.835,-5.2,84,-1.061,0.005
479.934,-3.2,83.3,-0.898,0.005
480.034,-1.3,82.8,-0.726,0.008
480.134,0.8,82.5,-0.485,0.005
480.233,3.2,82.9,-0.298,0.006
480.333,5.2,83.1,-0.142,0.006
480.433,7.3,83.6,0.018,0.005
480.532,9.4,83.7,0.171,0.005
480.632,11.2,83.7,0.33,0.006
480.732,13.2,83.6,0.495,0.005
480.831,15,83.6,0.673,0.005
480.931,16.8,83.9,0.847,0.003
481.031,18.7,84.8,1.006,0.009
481.13,20.4,85.4,1.15,0.003
481.23,22.1,86.1,1.28,0.003
481.33,23.5,86.7,1.405,0
481.429,25,87.2,1.514,0
481.529,26.3,87.7,1.618,-0.002
481.629,27.6,88.1,1.706,-0.005
481.728,28.7,88.5,1.79,-0.005
481.828,29.7,88.9,1.865,-0.005
481.928,30.5,89.2,1.928,-0.008
482.027,31.2,89.5,1.986,-0.002
482.127,31.8,89.6,2.037,-0.008
482.227,32.4,89.8,2.075,-0.009
482.326,32.7,90,2.105,-0.011
482.426,32.9,90.1,2.133,-0.009
482.526,33,90.1,2.148,-0.009
482.625,33,90.1,2.156,-0.011
482.725,32.8,90.1,2.164,-0.011
482.825,32.6,90,2.162,-0.011
482.925,32.2,89.8,2.16,-0.011
483.024,31.6,89.9,2.157,-0.006
483.124,31,89.6,2.148,-0.011
483.224,30.2,89.6,2.133,-0.011
483.323,29.4,89.3,2.113,-0.009
483.423,28.5,89,2.087,-0.009
483.523,27.4,88.7,2.057,-0.011
483.622,26.2,88.4,2.021,-0.009
483.722,24.9,87.9,1.974,-0.009
483.822,23.5,87.6,1.919,-0.011
483.921,21.9,86.9,1.859,-0.008
484.021,20.3,86.5,1.798,-0.006
484.121,18.7,86,1.728,-0.006
484.22,16.8,85.3,1.654,-0.005
484.32,15.1,84.7,1.573,-0.005
484.42,13.1,84.2,1.485,-0.003
484.519,11.2,83.5,1.388,-0.002
484.619,9.3,82.7,1.286,0
484.719,7.3,82.1,1.18,0
484.818,5.2,81.4,1.066,0.003
484.918,3.2,80.8,0.943,0.003
485.018,1,80.1,0.815,0.003
485.117,-1,79.5,0.685,0.005
485.217,-3,78.8,0.549,0.005
485.317,-5.2,78.3,0.404,0.006
485.416,-7,78.2,0.249,0.008
485.516,-8.9,78.4,0.023,0.005
485.616,-11.1,78.1,-0.164,0.006
485.715,-13,78.1,-0.333,0.008
485.815,-14.9,78.2,-0.508,0.008
485.915,-16.6,78.7,-0.688,0.006
486.014,-18.4,78.9,-0.862,0.006
486.114,-20.2,79,-1.026,0.011
486.214,-21.8,78.9,-1.177,0.008
486.313,-23.4,78.9,-1.323,0.008
486.413,-24.7,79,-1.456,0.006
486.513,-26.1,79.3,-1.587,0.006
486.612,-27.3,79.8,-1.709,0.008
486.712,-28.4,80.7,-1.838,0.008
486.812,-29.4,81.4,-1.954,0.008
486.912,-30.4,81.8,-2.053,0.006
487.011,-31.2,82,-2.13,0.006
487.111,-31.8,82.2,-2.193,0.012
487.211,-32.3,82.3,-2.243,0.005
487.31,-32.8,82.3,-2.283,0.005
487.41,-33.1,82.4,-2.312,0.005
487.51,-33.2,82.5,-2.33,0.005
487.609,-33.2,82.6,-2.344,0.005
487.709,-32.9,82.7,-2.35,0.005
487.809,-32.8,82.8,-2.352,0.003
487.908,-32.3,82.8,-2.35,0.005
488.008,-31.9,82.8,-2.347,0.005
488.108,-31.2,83,-2.338,0.009
488.207,-30.3,83,-2.324,0.003
488.307,-29.4,83.1,-2.304,0.003
488.407,-28.6,83.3,-2.278,0.003
488.506,-27.5,83.3,-2.248,0.003
488.606,-26.4,83.5,-2.208,0.005
488.706,-25.2,83.5,-2.159,0.003
488.805,-23.8,83.7,-2.108,0.003
488.905,-22.3,83.7,-2.047,0.003
489.005,-20.8,83.8,-1.982,0.003
489.104,-19.1,84.1,-1.907,0.006
489.204,-17.4,84.2,-1.824,0.003
489.304,-15.7,84.1,-1.737,0.003
489.403,-13.7,84.1,-1.635,0.003
489.503,-11.8,84.1,-1.521,0.003
489.603,-9.9,83.8,-1.405,0.003
489.702,-7.8,83.5,-1.271,0.003
489.802,-5.9,83.1,-1.127,0.005
489.902,-3.8,82.4,-0.966,0.003
490.001,-1.8,81.8,-0.798,0.005
490.101,-0.4,81.1,-0.584,0.005
490.201,2.5,81.5,-0.364,0.006
490.3,4.6,81.9,-0.197,0.006
490.4,6.7,82.2,-0.04,0.005
490.5,8.7,82.5,0.116,0.006
490.599,10.7,82.4,0.274,0.005
490.699,12.6,82.5,0.434,0.005
490.799,14.3,82.3,0.607,0.005
490.898,16.2,82.5,0.79,0.003
490.998,18.1,83.2,0.959,0.003
491.098,19.8,83.9,1.11,0.005
491.198,21.5,84.5,1.246,0.005
491.297,23.1,85.3,1.372,0.002
491.397,24.5,85.8,1.491,0.002
491.497,25.9,86.3,1.595,-0.002
491.596,27.1,86.9,1.688,-0.003
491.696,28.3,87.2,1.772,-0.005
491.796,29.3,87.6,1.85,-0.006
491.895,30.2,87.9,1.922,-0.006
491.995,31.1,88.3,1.985,-0.008
492.095,31.7,88.4,2.035,-0.009
492.194,32.2,88.7,2.076,-0.003
492.294,32.7,88.7,2.112,-0.011
492.394,32.9,88.8,2.139,-0.011
492.493,33.1,88.9,2.159,-0.011
492.593,33,88.9,2.17,-0.011
492.693,32.9,89,2.176,-0.012
492.792,32.6,88.8,2.179,-0.012
492.892,32.4,88.8,2.176,-0.011
492.992,31.9,88.7,2.173,-0.012
493.091,31.3,88.6,2.168,-0.012
493.191,30.6,88.5,2.154,-0.005
493.291,29.7,88.3,2.134,-0.012
493.39,28.7,87.9,2.11,-0.011
493.49,27.7,87.7,2.083,-0.011
493.59,26.6,87.3,2.046,-0.011
493.689,25.3,87,2.005,-0.011
493.789,23.9,86.5,1.954,-0.011
493.889,22.5,85.9,1.897,-0.009
493.988,20.8,85.4,1.835,-0.009
494.088,19.2,84.9,1.769,-0.008
494.188,17.4,84.5,1.694,-0.003
494.287,15.6,83.7,1.615,-0.005
494.387,13.7,83.1,1.527,-0.005
494.487,11.9,82.5,1.436,-0.003
494.586,9.9,81.7,1.336,-0.002
494.686,7.9,81.2,1.232,0
494.786,5.9,80.4,1.118,0
494.885,3.8,79.8,0.995,0.002
494.985,1.7,79,0.875,0.003
495.085,-0.3,78.4,0.74,0.003
495.185,-2.4,77.7,0.602,0.008
495.284,-4.4,77.3,0.463,0.005
495.384,-6.6,76.9,0.309,0.005
495.484,-7.9,77.5,0.11,0.006
495.583,-10.4,77,-0.106,0.006
495.683,-12.4,76.8,-0.278,0.006
495.783,-14.2,77.1,-0.453,0.006
495.882,-16.1,77.5,-0.633,0.006
495.982,-17.9,77.7,-0.813,0.006
496.082,-19.6,77.8,-0.98,0.006
496.181,-21.3,77.7,-1.135,0.008
496.281,-22.9,77.7,-1.278,0.008
496.381,-24.3,77.8,-1.42,0.008
496.48,-25.7,78,-1.552,0.008
496.58,-27,78.6,-1.679,0.006
496.68,-28,79.4,-1.81,0.006
496.779,-29.1,80.2,-1.933,0.008
496.879,-30.2,80.6,-2.041,0.006
496.979,-30.9,80.9,-2.124,0.006
497.078,-31.7,81.1,-2.191,0.006
497.178,-32.2,81.2,-2.246,0.005
497.278,-32.7,81.3,-2.29,0.008
497.377,-33,81.3,-2.319,0.005
497.477,-33.2,81.4,-2.342,0.003
497.577,-33.2,81.5,-2.355,0.005
497.676,-33,81.7,-2.364,0.003
497.776,-32.8,81.7,-2.368,0.008
497.876,-32.4,81.9,-2.368,0.008
497.975,-32,81.9,-2.365,0.008
498.075,-31.3,81.9,-2.358,0.006
498.175,-30.6,81.9,-2.347,0.002
498.274,-29.9,82.1,-2.327,0.006
498.374,-28.8,82.2,-2.304,0.002
498.474,-27.9,82.2,-2.272,0.002
498.573,-26.7,82.4,-2.237,0.002
498.673,-25.6,82.5,-2.194,0.002
498.773,-24.3,82.6,-2.142,0.002
498.872,-22.9,82.6,-2.086,0.002
498.972,-21.3,82.8,-2.021,0.002
499.072,-19.7,82.9,-1.951,0.002
499.172,-18,83,-1.87,0.002
499.271,-16.2,83,-1.781,0.009
499.371,-14.4,83,-1.683,0.003
499.471,-12.5,83,-1.573,0.003
499.57,-10.5,82.9,-1.457,0.003
499.67,-8.6,82.6,-1.33,0.002
499.77,-6.6,82.2,-1.188,0.003
499.869,-4.5,81.5,-1.035,0.003
499.969,-2.5,80.8,-0.867,0.005
500.069,-0.8,80.3,-0.677,0.005
500.168,1.7,80.3,-0.43,0.005
500.268,4,80.7,-0.254,0.012
500.368,6,80.8,-0.098,0.006
500.467,8,81.2,0.061,0.006
500.567,10,81.3,0.217,0.005
500.667,12,81.2,0.381,0.005
500.766,13.8,81.1,0.546,0.005
500.866,15.6,81.2,0.732,0.005
500.966,17.4,81.6,0.908,0.005
501.065,19.3,82.4,1.066,0.003
501.165,21,83,1.212,0.003
501.265,22.5,83.8,1.339,0.005
501.364,24.2,84.3,1.463,0
501.464,25.5,84.9,1.572,-0.002
501.564,26.7,85.3,1.671,-0.003
501.663,28,85.9,1.761,-0.005
501.763,29,86.2,1.847,-0.005
501.863,30,86.6,1.919,-0.006
501.962,30.8,86.9,1.982,-0.008
502.062,31.5,87.2,2.037,-0.009
502.162,32.1,87.4,2.083,-0.011
502.261,32.5,87.6,2.118,-0.011
502.361,32.8,87.8,2.145,-0.011
502.461,33,87.7,2.168,-0.012
502.56,33.1,87.8,2.183,-0.012
502.66,32.9,87.8,2.19,-0.012
502.76,32.8,87.8,2.194,-0.011
502.859,32.5,87.7,2.193,-0.012
502.959,32.1,87.6,2.191,-0.012
503.059,31.5,87.4,2.185,-0.012
503.159,30.8,87.2,2.173,-0.012
503.258,30,87.1,2.157,-0.012
503.358,29.1,86.9,2.138,-0.009
503.458,28.1,86.7,2.11,-0.012
503.557,27,86.3,2.075,-0.012
503.657,25.7,85.9,2.034,-0.012
503.757,24.4,85.5,1.988,-0.011
503.856,23,84.9,1.934,-0.011
503.956,21.4,84.4,1.873,-0.009
504.056,19.7,83.9,1.804,-0.009
504.155,18.1,83.3,1.737,-0.006
504.255,16.2,82.7,1.657,-0.005
504.355,14.4,82.1,1.573,0
504.454,12.5,81.3,1.482,-0.003
504.554,10.5,80.7,1.384,-0.003
504.654,8.5,80.1,1.28,-0.002
504.753,6.6,79.4,1.17,-0.002
504.853,4.5,78.7,1.05,-0.002
504.953,2.4,78,0.925,0.002
505.052,0.4,77.3,0.795,0.003
505.152,-1.7,76.7,0.657,0.005
505.252,-3.8,76.2,0.514,0.005
505.351,-5.9,75.8,0.365,0.011
505.451,-7.3,76,0.196,0.006
505.551,-9.7,75.7,-0.044,0.006
505.65,-11.8,75.6,-0.222,0.006
505.75,-13.7,75.8,-0.394,0.006
505.85,-15.5,76.1,-0.576,0.006
505.949,-17.3,76.4,-0.766,0.006
506.049,-19.1,76.6,-0.942,0.006
506.149,-20.8,76.6,-1.098,0.006
506.248,-22.3,76.5,-1.245,0.006
506.348,-23.9,76.6,-1.391,0.011
506.448,-25.2,76.8,-1.524,0.006
506.547,-26.5,77.1,-1.659,0.006
506.647,-27.6,78.2,-1.792,0.006
506.747,-28.8,79,-1.922,0.006
506.846,-29.8,79.6,-2.034,0.005
506.946,-30.7,79.9,-2.124,0.005
507.046,-31.5,80,-2.193,0.005
507.146,-32.1,80.1,-2.249,0.005
507.245,-32.6,80.2,-2.297,0.005
507.345,-32.9,80.2,-2.332,0.006
507.445,-33.1,80.4,-2.359,0.003
507.544,-33.2,80.4,-2.378,0.003
507.644,-33.1,80.5,-2.387,0.002
507.744,-33,80.5,-2.391,0.003
507.843,-32.6,80.6,-2.391,0.003
507.943,-32.1,80.7,-2.391,0.003
508.043,-31.7,80.7,-2.387,0.003
508.142,-30.9,80.8,-2.375,0.003
508.242,-30.1,80.8,-2.358,0.003
508.342,-29.2,81,-2.336,0.003
508.441,-28.2,81,-2.309,0.005
508.541,-27.1,81.2,-2.274,0.003
508.641,-25.9,81.3,-2.234,0.003
508.74,-24.6,81.4,-2.185,0.003
508.84,-23.3,81.4,-2.13,0.003
508.94,-21.8,81.6,-2.066,0.003
509.039,-20.3,81.6,-1.997,0.005
509.139,-18.5,81.8,-1.916,0.003
509.239,-16.8,81.8,-1.833,0.005
509.338,-15,81.9,-1.738,0.003
509.438,-13.1,81.9,-1.635,0.006
509.538,-11.1,81.6,-1.517,0.005
509.637,-9.3,81.6,-1.394,0.005
509.737,-7.2,81.2,-1.257,0.005
509.837,-5.2,80.6,-1.105,0.005
509.936,-3.2,80,-0.943,0.003
510.036,-1.2,79.3,-0.76,0.005
510.136,0.8,78.9,-0.515,0.005
510.235,3.3,79.4,-0.321,0.006
510.335,5.2,79.6,-0.157,0.006
510.435,7.3,80,0.005,0.012
510.534,9.4,80.2,0.164,0.006
510.634,11.3,80.1,0.321,0.005
510.734,13.2,80.2,0.485,0.003
510.833,15,80.1,0.662,0.005
510.933,16.9,80.2,0.853,0.005
511.033,18.7,81,1.02,0.005
511.133,20.3,81.7,1.171,0.003
511.232,22.1,82.4,1.309,0.003
511.332,23.6,83,1.433,0.002
511.432,25,83.7,1.55,0.005
511.531,26.3,84.1,1.653,-0.002
511.631,27.6,84.6,1.748,-0.003
511.731,28.7,85,1.832,-0.005
511.83,29.7,85.4,1.907,-0.006
511.93,30.6,85.9,1.972,-0.006
512.03,31.2,85.9,2.031,-0.008
512.129,31.8,86.2,2.079,-0.009
512.229,32.4,86.5,2.118,-0.009
512.329,32.8,86.7,2.151,-0.011
512.428,33,86.9,2.176,-0.006
512.528,33,86.7,2.191,-0.012
512.628,33.1,86.7,2.203,-0.012
512.727,32.8,86.7,2.208,-0.011
512.827,32.6,86.7,2.208,-0.011
512.927,32.3,86.6,2.206,-0.012
513.026,31.6,86.6,2.202,-0.011
513.126,31,86.3,2.193,-0.011
513.226,30.3,86.2,2.179,-0.012
513.325,29.4,86.1,2.159,-0.012
513.425,28.4,85.8,2.134,-0.012
513.525,27.4,85.4,2.105,-0.011
513.624,26.2,85,2.064,-0.011
513.724,24.9,84.6,2.018,-0.009
513.824,23.5,84.1,1.966,-0.011
513.923,21.9,83.6,1.908,-0.008
514.023,20.3,83,1.844,-0.008
514.123,18.6,82.4,1.772,-0.006
514.222,16.8,81.8,1.697,-0.005
514.322,15,81.2,1.615,-0.003
514.422,13.2,80.5,1.526,-0.003
514.521,11.2,79.9,1.428,0
514.621,9.2,79.2,1.327,-0.002
514.721,7.3,78.6,1.222,0
514.82,5.2,77.8,1.099,0.002
514.92,3.1,77.1,0.976,0.002
515.02,1.1,76.3,0.846,0.003
515.12,-1,75.8,0.713,0.005
515.219,-3.1,75.1,0.57,0.005
515.319,-5.2,74.7,0.42,0.006
515.419,-6.9,74.7,0.26,0.008
515.518,-9,74.8,0.021,0.011
515.618,-11.1,74.4,-0.168,0.008
515.718,-13,74.7,-0.339,0.008
515.817,-14.8,74.8,-0.523,0.008
515.917,-16.7,75.3,-0.708,0.006
516.017,-18.5,75.5,-0.887,0.008
516.116,-20.3,75.4,-1.053,0.008
516.216,-21.8,75.4,-1.205,0.008
516.316,-23.4,75.5,-1.353,0.006
516.415,-24.7,75.6,-1.495,0.008
516.515,-26.1,75.9,-1.63,0.012
516.615,-27.2,76.8,-1.768,0.008
516.714,-28.5,77.7,-1.902,0.006
516.814,-29.4,78.3,-2.02,0.006
516.914,-30.4,78.6,-2.118,0.006
517.013,-31.2,78.8,-2.194,0.005
517.113,-31.8,78.9,-2.255,0.005
517.213,-32.4,79.1,-2.303,0.005
517.312,-32.8,79.2,-2.344,0.005
517.412,-33.1,79.3,-2.373,0.003
517.512,-33.1,79.3,-2.39,0.009
517.611,-33.2,79.4,-2.405,0.003
517.711,-33,79.5,-2.413,0.003
517.811,-32.7,79.6,-2.414,0.003
517.91,-32.3,79.7,-2.411,0.003
518.01,-31.9,79.7,-2.408,0.003
518.11,-31.2,79.7,-2.401,0.003
518.209,-30.3,79.9,-2.385,0.003
518.309,-29.5,80,-2.365,0.003
518.409,-28.5,80,-2.341,0.003
518.508,-27.5,80.2,-2.309,0.008
518.608,-26.4,80.2,-2.268,0.003
518.708,-25.1,80.3,-2.219,0.003
518.807,-23.8,80.4,-2.168,0.003
518.907,-22.3,80.5,-2.108,0.005
519.007,-20.8,80.5,-2.04,0.003
519.107,-19.1,80.7,-1.963,0.003
519.206,-17.5,80.7,-1.884,0.003
519.306,-15.7,80.7,-1.79,0.003
519.406,-13.8,80.8,-1.69,0.003
519.505,-11.9,80.7,-1.576,0.005
519.605,-9.8,80.6,-1.454,0.003
519.705,-7.8,80.3,-1.32,0.005
519.804,-5.9,79.8,-1.176,0.003
519.904,-3.8,79.1,-1.014,0.005
520.004,-1.8,78.4,-0.836,0.005
520.103,-0.4,77.5,-0.627,0.005
520.203,2.5,78,-0.39,0.006
520.303,4.6,78.5,-0.217,0.006
520.402,6.7,78.7,-0.055,0.006
520.502,8.6,79,0.102,0.006
520.602,10.6,79,0.265,0.008
520.701,12.5,79,0.428,0.006
520.801,14.4,78.9,0.599,0.005
520.901,16.2,78.8,0.786,0.005
521,18.1,79.5,0.968,0.005
521.1,19.8,80.1,1.128,0.003
521.2,21.5,80.8,1.272,0.005
521.299,23,81.4,1.399,0.002
521.399,24.5,82.1,1.521,0
521.499,25.9,82.6,1.628,-0.002
521.598,27.1,83.2,1.728,0
521.698,28.3,83.7,1.815,-0.005
521.798,29.3,84.1,1.894,-0.006
521.897,30.2,84.4,1.966,-0.006
521.997,30.9,84.7,2.031,-0.009
522.097,31.7,85,2.083,-0.009
522.196,32.2,85.2,2.125,-0.009
522.296,32.6,85.3,2.157,-0.011
522.396,33,85.4,2.186,-0.011
522.495,33,85.4,2.205,-0.012
522.595,33.1,85.6,2.217,-0.008
522.695,33,85.5,2.223,-0.011
522.794,32.7,85.4,2.225,-0.011
522.894,32.4,85.4,2.225,-0.011
522.994,31.9,85.3,2.222,-0.011
523.094,31.2,85.2,2.214,-0.011
523.193,30.5,85,2.2,-0.012
523.293,29.6,84.9,2.185,-0.012
523.393,28.8,84.6,2.16,-0.012
523.492,27.8,84.3,2.13,-0.012
523.592,26.5,84.1,2.095,-0.008
523.692,25.3,83.5,2.05,-0.011
523.791,23.9,83.1,2.001,-0.011
523.891,22.3,82.4,1.945,-0.011
523.991,20.9,82,1.881,-0.009
524.09,19.3,81.3,1.815,-0.008
524.19,17.4,80.9,1.742,-0.006
524.29,15.6,80.3,1.66,-0.005
524.389,13.8,79.5,1.572,-0.005
524.489,11.8,78.9,1.482,-0.003
524.589,9.9,78.2,1.378,0.002
524.688,7.9,77.4,1.272,-0.002
524.788,5.9,76.7,1.154,0
524.888,3.8,76,1.032,0
524.987,1.7,75.3,0.904,0.002
525.087,-0.4,74.6,0.768,0.005
525.187,-2.5,74.1,0.625,0.005
525.286,-4.4,73.5,0.48,0.005
525.386,-6.5,73.2,0.321,0.006
525.486,-8.1,73.8,0.109,0.006
525.585,-10.4,73.4,-0.102,0.008
525.685,-12.3,73.4,-0.283,0.008
525.785,-14.2,73.6,-0.463,0.006
525.884,-16.1,73.9,-0.647,0.006
525.984,-17.9,74.1,-0.836,0.006
526.084,-19.6,74.2,-1.006,0.008
526.183,-21.3,74.1,-1.162,0.008
526.283,-22.9,74.2,-1.309,0.008
526.383,-24.3,74.2,-1.457,0.006
526.482,-25.6,74.6,-1.596,0.008
526.582,-26.9,75.4,-1.735,0.006
526.682,-28,76.4,-1.876,0.009
526.781,-29.2,77,-2.001,0.006
526.881,-30.2,77.4,-2.105,0.006
526.981,-30.9,77.6,-2.185,0.005
527.08,-31.8,77.7,-2.252,0.005
527.18,-32.2,77.8,-2.303,0.005
527.28,-32.7,78,-2.35,0.003
527.38,-32.9,78.1,-2.382,0.005
527.479,-33.1,78,-2.408,0.003
527.579,-33.2,78.2,-2.423,0.003
527.679,-33,78.3,-2.433,0.008
527.778,-32.8,78.4,-2.434,0.003
527.878,-32.5,78.4,-2.434,0.003
527.978,-32,78.5,-2.43,0.002
528.077,-31.3,78.6,-2.423,0.002
528.177,-30.6,78.6,-2.413,0.003
528.277,-29.7,78.8,-2.393,0.003
528.376,-28.8,78.8,-2.371,0.003
528.476,-27.9,78.9,-2.339,0.003
528.576,-26.7,79.1,-2.3,0.003
528.675,-25.4,79.2,-2.257,0.009
528.775,-24.3,79.2,-2.206,0.002
528.875,-22.8,79.3,-2.15,0.002
528.974,-21.3,79.4,-2.086,0.002
529.074,-19.7,79.5,-2.011,0.003
529.174,-18,79.6,-1.928,0.003
529.273,-16.1,79.6,-1.839,0.003
529.373,-14.5,79.7,-1.74,0.003
529.473,-12.5,79.6,-1.63,0.003
529.572,-10.6,79.4,-1.511,0.003
529.672,-8.5,79.2,-1.381,0.011
529.772,-6.6,78.8,-1.238,0.003
529.871,-4.5,78.2,-1.081,0.005
529.971,-2.5,77.4,-0.907,0.005
530.071,-0.8,76.6,-0.714,0.005
530.17,1.7,76.5,-0.46,0.005
530.27,4,76.9,-0.281,0.005
530.37,6,77.2,-0.116,0.005
530.469,8,77.5,0.046,0.005
530.569,10,77.8,0.206,0.003
530.669,12.1,77.9,0.37,0.006
530.768,13.8,77.6,0.538,0.005
530.868,15.6,77.6,0.723,0.005
530.968,17.5,77.8,0.908,0.003
531.067,19.2,78.7,1.081,0.005
531.167,20.9,79.4,1.232,0.003
531.267,22.6,80.1,1.367,0.003
531.367,24.1,80.7,1.495,0.002
531.466,25.4,81.3,1.61,0
531.566,26.7,81.8,1.712,-0.002
531.666,28,82.4,1.801,-0.005
531.765,29.1,82.7,1.888,-0.005
531.865,29.9,83.1,1.96,-0.006
531.965,30.8,83.4,2.026,-0.006
532.064,31.5,83.7,2.079,-0.008
532.164,31.9,83.9,2.127,-0.009
532.264,32.5,84.1,2.164,-0.011
532.363,32.8,84.2,2.196,-0.011
532.463,33,84.3,2.22,-0.011
532.563,33,84.3,2.232,-0.011
532.662,33,84.3,2.24,-0.011
532.762,32.7,84.3,2.245,-0.009
532.862,32.5,84.2,2.245,-0.012
532.961,32,84.2,2.242,-0.011
533.061,31.5,84,2.234,-0.012
533.161,30.8,84,2.223,-0.012
533.26,29.9,83.6,2.206,-0.011
533.36,29.1,83.6,2.186,-0.012
533.46,28.1,83.3,2.159,-0.014
533.559,27,82.8,2.127,-0.011
533.659,25.7,82.6,2.086,-0.012
533.759,24.4,82.1,2.035,-0.005
533.858,22.9,81.5,1.983,-0.011
533.958,21.4,81.1,1.92,-0.009
534.058,19.8,80.5,1.855,-0.009
534.157,18,80,1.781,-0.008
534.257,16.2,79.3,1.702,-0.006
534.357,14.4,78.7,1.619,-0.006
534.456,12.5,78,1.527,-0.003
534.556,10.6,77.3,1.427,-0.002
534.656,8.6,76.5,1.323,0
534.755,6.4,75.8,1.209,0.006
534.855,4.5,75,1.087,0.002
534.955,2.4,74.3,0.96,0.003
535.054,0.4,73.7,0.823,0.003
535.154,-1.8,72.9,0.683,0.003
535.254,-3.8,72.4,0.535,0.006
535.353,-5.7,72.1,0.381,0.003
535.453,-7.3,72.5,0.196,0.006
535.553,-9.8,72.1,-0.043,0.006
535.653,-11.8,72.1,-0.225,0.006
535.752,-13.7,72.3,-0.407,0.011
535.852,-15.4,72.6,-0.595,0.008
535.952,-17.3,72.8,-0.778,0.008
536.051,-19.1,72.9,-0.957,0.008
536.151,-20.8,72.9,-1.119,0.008
536.251,-22.3,72.9,-1.272,0.008
536.35,-23.9,73,-1.419,0.008
536.45,-25.2,73.3,-1.561,0.008
536.55,-26.5,74.1,-1.706,0.006
536.649,-27.6,75.1,-1.85,0.006
536.749,-28.8,75.8,-1.982,0.008
536.849,-29.9,76.2,-2.095,0.008
536.948,-30.7,76.4,-2.18,0.008
537.048,-31.5,76.5,-2.254,0.005
537.148,-32,76.7,-2.31,0.006
537.247,-32.6,76.9,-2.359,0.005
537.347,-32.9,77,-2.394,0.005
537.447,-33.2,77.1,-2.422,0.003
537.546,-33.2,77.3,-2.44,0.003
537.646,-33.1,77.2,-2.454,0.003
537.746,-32.9,77.5,-2.457,0.003
537.845,-32.8,77.5,-2.459,0.005
537.945,-32,77.5,-2.456,0.005
538.045,-31.7,77.5,-2.453,0.002
538.144,-30.8,77.7,-2.44,0.003
538.244,-30.1,77.7,-2.427,0.003
538.344,-29.1,77.8,-2.404,0.003
538.443,-28.2,78,-2.375,0.003
538.543,-27.1,78,-2.341,0.003
538.643,-25.9,78.1,-2.298,0.003
538.742,-24.7,78.3,-2.246,0.003
538.842,-23.3,78.3,-2.191,0.006
538.942,-21.8,78.4,-2.13,0.003
539.041,-20.2,78.5,-2.06,0.002
539.141,-18.5,78.6,-1.979,0.003
539.241,-16.9,78.6,-1.891,0.003
539.34,-14.9,78.6,-1.795,0.003
539.44,-13.1,78.6,-1.691,0.003
539.54,-11.1,78.5,-1.573,0.003
539.64,-9.2,78.2,-1.448,0.003
539.739,-7.2,77.9,-1.304,0.003
539.839,-5.2,77.3,-1.154,0.011
539.939,-3.2,76.6,-0.988,0.005
540.038,-1.3,75.8,-0.806,0.005
540.138,0.8,75.2,-0.553,0.005
540.238,3.3,75.6,-0.347,0.006
540.337,5.3,75.9,-0.18,0.006
540.437,7.3,76.2,-0.017,0.008
540.537,9.4,76.6,0.148,0.006
540.636,11.3,76.7,0.307,0.006
540.736,13.2,76.7,0.476,0.005
540.836,15,76.6,0.65,0.011
540.935,16.7,76.5,0.846,0.006
541.035,18.7,77.1,1.027,0.005
541.135,20.3,78,1.187,0.005
541.234,22.1,78.7,1.333,0.003
541.334,23.6,79.4,1.465,0.002
541.434,25,80,1.586,0.002
541.533,26.3,80.6,1.691,0
541.633,27.6,81.1,1.789,-0.002
541.733,28.6,81.5,1.876,-0.003
541.832,29.6,82,1.953,-0.002
541.932,30.4,82.3,2.02,-0.006
542.032,31.3,82.6,2.083,-0.008
542.131,31.9,82.9,2.131,-0.008
542.231,32.5,83.1,2.173,-0.009
542.331,32.7,83.1,2.203,-0.009
542.43,33,83.3,2.229,-0.009
542.53,33.1,83.4,2.246,-0.011
542.63,33,83.4,2.257,-0.011
542.729,32.9,83.3,2.261,-0.011
542.829,32.6,83.3,2.261,-0.011
542.929,32.2,83.2,2.26,-0.011
543.028,31.7,83.1,2.257,-0.012
543.128,31,83,2.249,-0.014
543.228,30.2,82.7,2.232,-0.015
543.327,29.4,82.5,2.216,-0.014
543.427,28.4,82.3,2.19,-0.014
543.527,27.3,82.1,2.159,-0.012
543.626,26.2,81.6,2.119,-0.014
543.726,24.8,81.2,2.073,-0.012
543.826,23.4,80.7,2.02,-0.012
543.926,21.8,80.3,1.963,-0.011
544.025,20.3,79.7,1.897,-0.011
544.125,18.6,79.1,1.826,-0.006
544.225,16.8,78.5,1.749,-0.006
544.324,15,77.7,1.667,-0.005
544.424,13.1,77.1,1.575,-0.005
544.524,11.2,76.4,1.48,-0.003
544.623,9.3,75.7,1.378,-0.002
544.723,7.3,75,1.264,-0.002
544.823,5.1,74.2,1.141,0
544.922,3.2,73.5,1.018,0.008
545.022,1,72.7,0.881,0.003
545.122,-1.1,72.1,0.742,0.006
545.221,-3,71.5,0.595,0.005
545.321,-5.1,71.1,0.439,0.006
545.421,-6.9,71,0.271,0.008
545.52,-9.1,71.1,0.026,0.008
545.62,-11,71,-0.164,0.006
545.72,-13,71.1,-0.347,0.008
545.819,-14.9,71.5,-0.535,0.008
545.919,-16.7,71.8,-0.726,0.012
546.019,-18.5,71.8,-0.904,0.008
546.118,-20.2,71.9,-1.075,0.006
546.218,-21.8,71.8,-1.231,0.008
546.318,-23.4,71.9,-1.384,0.008
546.417,-24.6,72.1,-1.529,0.008
546.517,-26.1,72.7,-1.674,0.008
546.617,-27.2,73.8,-1.82,0.008
546.716,-28.3,74.6,-1.959,0.006
546.816,-29.5,75,-2.081,0.006
546.916,-30.5,75.3,-2.176,0.012
547.015,-31.1,75.5,-2.249,0.005
547.115,-31.8,75.6,-2.316,0.005
547.215,-32.4,75.8,-2.365,0.005
547.314,-32.7,76,-2.41,0.005
547.414,-33,76,-2.44,0.005
547.514,-33.1,76.1,-2.462,0.005
547.613,-33.2,76.2,-2.475,0.005
547.713,-32.9,76.2,-2.482,0.003
547.813,-32.7,76.4,-2.483,0.005
547.913,-32.3,76.4,-2.482,0.008
548.012,-31.9,76.5,-2.48,0.003
548.112,-31.1,76.5,-2.471,0.003
548.212,-30.3,76.6,-2.454,0.002
548.311,-29.4,76.7,-2.436,0.003
548.411,-28.5,76.8,-2.41,0.002
548.511,-27.4,76.9,-2.375,0.003
548.61,-26.4,77,-2.335,0.003
548.71,-25.1,77.2,-2.287,0.003
548.81,-23.8,77.2,-2.234,0.002
548.909,-22.3,77.3,-2.176,0.003
549.009,-20.8,77.3,-2.107,0.003
549.109,-19,77.4,-2.031,0.003
549.208,-17.4,77.5,-1.945,0.003
549.308,-15.5,77.5,-1.852,0.003
549.408,-13.7,77.5,-1.748,0.002
549.507,-11.8,77.5,-1.631,0.003
549.607,-9.9,77.2,-1.512,0.003
549.707,-7.8,76.9,-1.373,0.005
549.806,-5.9,76.5,-1.226,0.003
549.906,-3.7,75.8,-1.061,0.005
550.006,-1.8,75,-0.882,0.008
550.105,-0.4,73.9,-0.665,0.005
550.205,2.5,74.4,-0.42,0.006
550.305,4.7,74.7,-0.245,0.006
550.404,6.8,75,-0.078,0.008
550.504,8.8,75.4,0.087,0.006
550.604,10.7,75.6,0.249,0.008
550.703,12.7,75.7,0.417,0.006
550.803,14.4,75.5,0.587,0.006
550.903,16.2,75.5,0.775,0.005
551.002,18,75.7,0.969,0.011
551.102,19.9,76.5,1.142,0.006
551.202,21.5,77.2,1.294,0.003
551.301,23.1,78.1,1.431,0.003
551.401,24.5,78.6,1.557,0.002
551.501,25.9,79.3,1.67,-0.002
551.6,27.1,79.8,1.771,-0.002
551.7,28.2,80.4,1.865,-0.003
551.8,29.4,80.7,1.946,-0.005
551.899,30.2,81.1,2.02,-0.005
551.999,31,81.4,2.079,-0.002
552.099,31.7,81.7,2.134,-0.006
552.199,32.3,81.9,2.18,-0.008
552.298,32.7,82,2.217,-0.011
552.398,32.9,82.2,2.242,-0.009
552.498,33,82.3,2.266,-0.011
552.597,33,82.4,2.278,-0.011
552.697,32.9,82.3,2.283,-0.011
552.797,32.7,82.3,2.284,-0.011
552.896,32.3,82.2,2.284,-0.011
552.996,31.9,82.3,2.281,-0.006
553.096,31.3,81.9,2.274,-0.011
553.195,30.6,81.8,2.26,-0.011
553.295,29.7,81.7,2.24,-0.011
553.395,28.6,81.3,2.216,-0.011
553.494,27.7,81.1,2.19,-0.009
553.594,26.6,80.6,2.153,-0.011
553.694,25.3,80.3,2.11,-0.011
553.793,23.9,79.9,2.058,-0.011
553.893,22.3,79.3,2,-0.009
553.993,20.9,78.8,1.94,-0.005
554.092,19.1,78.1,1.87,-0.006
554.192,17.4,77.6,1.798,-0.006
554.292,15.6,76.9,1.716,-0.005
554.391,13.7,76.3,1.624,-0.003
554.491,11.7,75.5,1.532,-0.003
554.591,10,74.7,1.43,-0.002
554.69,7.8,74,1.318,0
554.79,5.9,73.3,1.202,0.002
554.89,3.7,72.5,1.073,0.003
554.989,1.7,71.9,0.939,0.005
555.089,-0.4,71,0.798,0.006
555.189,-2.5,70.5,0.654,0.005
555.288,-4.4,70,0.498,0.006
555.388,-6.4,69.7,0.335,0.006
555.488,-8.2,70.1,0.106,0.008
555.587,-10.4,69.9,-0.106,0.008
555.687,-12.3,69.9,-0.291,0.008
555.787,-14.2,70.2,-0.479,0.009
555.886,-16,70.5,-0.665,0.008
555.986,-17.8,70.9,-0.855,0.008
556.086,-19.6,70.8,-1.029,0.011
556.186,-21.4,70.6,-1.191,0.009
556.285,-22.8,70.8,-1.346,0.008
556.385,-24.2,70.9,-1.492,0.009
556.485,-25.6,71.5,-1.642,0.008
556.584,-26.8,72.5,-1.797,0.008
556.684,-28.1,73.5,-1.943,0.008
556.784,-29.2,73.9,-2.066,0.008
556.883,-30.2,74.2,-2.167,0.006
556.983,-31,74.3,-2.249,0.005
557.083,-31.6,74.5,-2.315,0.011
557.182,-32.3,74.6,-2.371,0.005
557.282,-32.6,74.7,-2.419,0.005
557.382,-33,74.8,-2.451,0.006
557.481,-33,75,-2.475,0.003
557.581,-33.2,75.1,-2.495,0.005
557.681,-33.1,75,-2.503,0.003
557.78,-32.9,75.2,-2.505,0.003
557.88,-32.6,75.2,-2.508,0.003
557.98,-31.9,75.3,-2.503,0.003
558.079,-31.3,75.3,-2.495,0.009
558.179,-30.5,75.4,-2.485,0.003
558.279,-29.7,75.6,-2.466,0.003
558.378,-28.8,75.7,-2.442,0.003
558.478,-27.8,75.8,-2.41,0.005
558.578,-26.7,75.9,-2.375,0.003
558.677,-25.5,75.9,-2.326,0.003
558.777,-24.3,76,-2.275,0.003
558.877,-22.8,76.1,-2.219,0.005
558.976,-21.4,76.2,-2.154,0.003
559.076,-19.7,76.2,-2.081,0.008
559.176,-17.9,76.3,-1.998,0.003
559.275,-16.3,76.3,-1.908,0.005
559.375,-14.3,76.3,-1.809,0.003
559.475,-12.5,76.2,-1.697,0.003
559.574,-10.5,76.1,-1.575,0.003
559.674,-8.5,75.9,-1.442,0.003
559.774,-6.5,75.4,-1.295,0.005
559.873,-4.5,74.8,-1.138,0.005
559.973,-2.5,74,-0.962,0.003
560.073,-0.8,73.1,-0.765,0.006
560.172,1.7,72.9,-0.502,0.006
560.272,3.9,73.1,-0.309,0.008
560.372,6,73.5,-0.141,0.006
560.472,8,73.9,0.026,0.008
560.571,10,74.1,0.19,0.006
560.671,12,74.2,0.358,0.006
560.771,13.8,74.2,0.524,0.005
560.87,15.6,74.1,0.706,0.005
560.97,17.4,74,0.905,0.006
561.07,19.2,74.9,1.095,0.005
561.169,20.9,75.7,1.257,0.006
561.269,22.6,76.4,1.402,0.005
561.369,24.1,77,1.532,0.002
561.468,25.5,77.7,1.651,0
561.568,26.7,78.2,1.757,-0.003
561.668,27.9,78.8,1.855,-0.005
561.767,29,79.3,1.942,-0.006
561.867,29.9,79.8,2.017,-0.008
561.967,30.8,80.1,2.083,-0.008
562.066,31.5,80.3,2.139,-0.009
562.166,32.1,80.5,2.186,-0.006
562.266,32.5,80.6,2.226,-0.009
562.365,32.8,80.9,2.258,-0.011
562.465,33,80.9,2.28,-0.012
562.565,33.1,81,2.297,-0.012
562.664,33,80.9,2.304,-0.012
562.764,32.8,80.8,2.309,-0.011
562.864,32.5,80.9,2.307,-0.012
562.963,32,80.7,2.306,-0.012
563.063,31.5,80.6,2.303,-0.012
563.163,30.7,80.6,2.289,-0.008
563.262,29.9,80.4,2.272,-0.012
563.362,29,80.1,2.251,-0.012
563.462,28.1,80,2.223,-0.012
563.561,26.9,79.5,2.191,-0.011
563.661,25.6,79.1,2.148,-0.011
563.761,24.4,78.8,2.102,-0.011
563.86,23,78.2,2.046,-0.011
563.96,21.4,77.7,1.986,-0.009
564.06,19.6,77.1,1.919,-0.009
564.159,18,76.6,1.846,-0.002
564.259,16.2,75.8,1.766,-0.005
564.359,14.4,75.1,1.68,-0.005
564.459,12.5,74.5,1.587,-0.003
564.558,10.6,73.7,1.486,-0.002
564.658,8.5,72.9,1.378,0
564.758,6.5,72.2,1.261,0.002
564.857,4.4,71.5,1.136,0.003
564.957,2.4,70.6,1.005,0.002
565.057,0.3,69.9,0.862,0.005
565.156,-1.7,69.3,0.717,0.009
565.256,-3.8,68.8,0.564,0.006
565.356,-5.8,68.3,0.401,0.006
565.455,-7.3,68.9,0.199,0.006
565.555,-9.7,68.5,-0.037,0.006
565.655,-11.8,68.6,-0.226,0.006
565.754,-13.7,68.7,-0.413,0.008
565.854,-15.5,69.2,-0.607,0.008
565.954,-17.3,69.4,-0.798,0.006
566.053,-19.1,69.4,-0.98,0.006
566.153,-20.8,69.3,-1.147,0.008
566.253,-22.4,69.3,-1.306,0.008
566.352,-23.8,69.5,-1.462,0.008
566.452,-25.2,69.9,-1.613,0.006
566.552,-26.4,71,-1.764,0.006
566.651,-27.6,71.9,-1.914,0.006
566.751,-28.8,72.5,-2.049,0.006
566.851,-29.8,72.8,-2.156,0.005
566.95,-30.7,73,-2.242,0.005
567.05,-31.4,73.2,-2.316,0.005
567.15,-32,73.4,-2.378,0.003
567.249,-32.6,73.4,-2.428,0.006
567.349,-32.9,73.7,-2.466,0.003
567.449,-33.1,73.7,-2.497,0.003
567.548,-33.2,73.9,-2.512,0.003
567.648,-33.1,73.9,-2.524,0.003
567.748,-32.9,74,-2.529,0.003
567.847,-32.7,74.1,-2.53,0.003
567.947,-32.2,74.1,-2.527,0.003
568.047,-31.5,74.1,-2.523,0.002
568.146,-30.9,74.3,-2.514,0.003
568.246,-30.1,74.3,-2.498,0.006
568.346,-29.1,74.5,-2.475,0.002
568.445,-28.2,74.4,-2.449,0.002
568.545,-27.1,74.6,-2.414,0.003
568.645,-25.9,74.7,-2.37,0.003
568.745,-24.6,74.7,-2.321,0.003
568.844,-23.3,74.9,-2.261,0.003
568.944,-21.7,74.9,-2.2,0.002
569.044,-20.2,75,-2.133,0.002
569.143,-18.5,75,-2.052,0.002
569.243,-16.7,75.1,-1.963,0.008
569.343,-14.9,75,-1.865,0.002
569.442,-13.1,75.1,-1.761,0.003
569.542,-11.1,74.9,-1.641,0.003
569.642,-9.2,74.7,-1.509,0.003
569.741,-7.2,74.4,-1.365,0.003
569.841,-5.1,73.8,-1.209,0.003
569.941,-3.1,73.1,-1.043,0.003
570.04,-1.1,72.1,-0.858,0.005
570.14,0.7,71.4,-0.605,0.005
570.24,3.2,71.8,-0.381,0.011
570.339,5.2,72,-0.203,0.006
570.439,7.3,72.3,-0.032,0.006
570.539,9.4,72.7,0.133,0.006
570.638,11.4,72.9,0.298,0.006
570.738,13.2,73,0.468,0.003
570.838,15,72.8,0.644,0.005
570.937,16.7,72.7,0.841,0.003
571.037,18.5,73.2,1.037,0.005
571.137,20.4,74,1.211,0.005
571.236,22.1,74.9,1.367,0.006
571.336,23.5,75.5,1.503,0.002
571.436,25,76.2,1.628,0.002
571.535,26.3,76.9,1.742,-0.002
571.635,27.6,77.4,1.846,-0.003
571.735,28.5,77.9,1.934,-0.005
571.834,29.7,78.5,2.017,-0.006
571.934,30.5,78.8,2.087,-0.008
572.034,31.3,79.1,2.147,-0.009
572.133,31.9,79.4,2.197,-0.011
572.233,32.3,79.6,2.238,-0.011
572.333,32.7,79.6,2.274,-0.011
572.432,33,79.9,2.3,-0.011
572.532,33,79.8,2.318,-0.012
572.632,33.1,79.9,2.329,-0.011
572.732,32.8,79.9,2.335,-0.012
572.831,32.5,79.8,2.333,-0.012
572.931,32.2,79.8,2.335,-0.014
573.031,31.7,79.7,2.33,-0.012
573.13,31,79.6,2.321,-0.012
573.23,30.2,79.3,2.306,-0.012
573.33,29.4,79.1,2.286,-0.009
573.429,28.4,78.7,2.26,-0.014
573.529,27.4,78.6,2.229,-0.012
573.629,26.1,78.1,2.191,-0.011
573.728,24.8,77.7,2.145,-0.011
573.828,23.4,77.2,2.09,-0.011
573.928,21.9,76.8,2.034,-0.011
574.027,20.2,76.1,1.968,-0.009
574.127,18.5,75.5,1.896,-0.008
574.227,16.8,75,1.821,-0.006
574.326,14.9,74.2,1.731,0
574.426,13.1,73.4,1.644,-0.003
574.526,11.1,72.7,1.546,-0.003
574.625,9.1,71.8,1.436,-0.002
574.725,7.3,71.2,1.326,0
574.825,5.3,70.4,1.202,0
574.924,3.1,69.7,1.072,0.003
575.024,1,69,0.928,0.003
575.124,-1.1,68.2,0.786,0.005
575.223,-3.2,67.7,0.63,0.005
575.323,-5.1,67.3,0.468,0.011
575.423,-6.7,67.5,0.289,0.006
575.522,-9.1,67.3,0.04,0.006
575.622,-11.1,67.4,-0.157,0.006
575.722,-13,67.5,-0.352,0.006
575.821,-14.8,67.9,-0.543,0.006
575.921,-16.7,68.1,-0.739,0.006
576.021,-18.5,68.2,-0.927,0.006
576.12,-20.2,68.1,-1.096,0.006
576.22,-21.8,68.1,-1.26,0.008
576.32,-23.4,68.4,-1.419,0.012
576.419,-24.8,68.5,-1.57,0.008
576.519,-26,69.4,-1.725,0.006
576.619,-27.2,70.6,-1.882,0.006
576.719,-28.4,71.2,-2.024,0.006
576.818,-29.6,71.6,-2.144,0.005
576.918,-30.5,71.8,-2.238,0.005
577.018,-31.1,72.1,-2.318,0.006
577.117,-31.8,72.2,-2.382,0.005
577.217,-32.3,72.3,-2.433,0.005
577.317,-32.7,72.5,-2.477,0.005
577.416,-32.9,72.5,-2.508,0.005
577.516,-33.2,72.7,-2.534,0.003
577.616,-33.1,72.7,-2.546,0.003
577.715,-32.9,72.9,-2.549,0.003
577.815,-32.6,72.9,-2.553,0.002
577.915,-32.3,73,-2.552,0.003
578.014,-31.8,73,-2.549,0.002
578.114,-31.2,73.1,-2.54,0.002
578.214,-30.2,73.3,-2.526,0.002
578.313,-29.3,73.3,-2.508,0.003
578.413,-28.5,73.4,-2.483,0.003
578.513,-27.5,73.5,-2.449,0.002
578.612,-26.4,73.6,-2.41,0.002
578.712,-25.1,73.6,-2.362,0.002
578.812,-23.7,73.7,-2.307,0.002
578.911,-22.3,73.8,-2.248,0.003
579.011,-20.8,73.9,-2.179,0.003
579.111,-19.1,74,-2.102,0.002
579.21,-17.4,73.9,-2.017,0.003
579.31,-15.5,73.9,-1.925,0.003
579.41,-13.7,73.8,-1.823,0.005
579.509,-11.8,73.9,-1.705,0.003
579.609,-9.8,73.7,-1.578,0.003
579.709,-7.9,73.3,-1.439,0.003
579.808,-5.8,72.9,-1.284,0.003
579.908,-3.8,72.2,-1.118,0.005
580.008,-1.8,71.4,-0.94,0.005
580.107,-0.3,70.1,-0.719,0.005
580.207,2.4,70.4,-0.456,0.005
580.307,4.6,70.7,-0.269,0.006
580.406,6.7,71,-0.099,0.012
580.506,8.8,71.3,0.073,0.006
580.606,10.7,71.5,0.242,0.006
580.706,12.6,71.6,0.413,0.006
580.805,14.4,71.4,0.581,0.005
580.905,16.2,71.3,0.771,0.006
581.005,18,71.4,0.972,0.005
581.104,19.7,72.2,1.165,0.005
581.204,21.5,73,1.332,0.003
581.304,23,73.9,1.477,0.002
581.403,24.5,74.5,1.609,0.008
581.503,25.8,75.2,1.725,-0.002
581.603,27.2,75.7,1.835,-0.003
581.702,28.3,76.3,1.931,-0.006
581.802,29.3,76.8,2.017,-0.006
581.902,30.2,77.2,2.09,-0.008
582.001,31.1,77.5,2.156,-0.009
582.101,31.7,77.9,2.209,-0.012
582.201,32.2,78,2.257,-0.011
582.3,32.5,78.2,2.29,-0.012
582.4,33,78.4,2.319,-0.008
582.5,33,78.4,2.339,-0.014
582.599,33.1,78.5,2.355,-0.012
582.699,32.9,78.5,2.362,-0.014
582.799,32.7,78.4,2.362,-0.014
582.898,32.3,78.5,2.362,-0.014
582.998,31.8,78.2,2.359,-0.014
583.098,31.3,78.3,2.353,-0.014
583.197,30.5,78,2.339,-0.014
583.297,29.6,77.9,2.321,-0.014
583.397,28.7,77.6,2.298,-0.011
583.496,27.7,77.2,2.269,-0.014
583.596,26.6,76.9,2.234,-0.014
583.696,25.3,76.4,2.191,-0.014
583.795,23.9,76,2.141,-0.012
583.895,22.4,75.5,2.081,-0.014
583.995,20.8,75,2.02,-0.012
584.094,19.1,74.3,1.951,-0.011
584.194,17.4,73.7,1.876,-0.009
584.294,15.6,72.9,1.792,-0.008
584.393,13.7,72.2,1.702,-0.006
584.493,11.8,71.5,1.607,-0.005
584.593,9.9,70.7,1.501,-0.005
584.693,7.9,69.9,1.39,-0.003
584.792,5.9,69.2,1.269,-0.003
584.892,3.8,68.4,1.139,0
584.992,1.7,67.6,0.998,0
585.091,-0.4,66.9,0.855,0.003
585.191,-2.4,66.4,0.7,0.003
585.291,-4.4,65.9,0.54,0.003
585.39,-6.3,65.6,0.367,0.005
585.49,-8.3,66,0.121,0.011
585.59,-10.4,65.9,-0.087,0.006
585.689,-12.3,66.1,-0.284,0.006
585.789,-14.2,66.4,-0.482,0.006
585.889,-16.1,66.7,-0.679,0.006
585.988,-17.9,66.8,-0.872,0.005
586.088,-19.8,66.7,-1.049,0.006
586.188,-21.4,66.8,-1.212,0.008
586.287,-22.9,66.8,-1.375,0.006
586.387,-24.3,67.1,-1.534,0.006
586.487,-25.6,68,-1.691,0.011
586.586,-26.8,69,-1.853,0.006
586.686,-28.1,69.8,-2.008,0.006
586.786,-29.2,70.4,-2.138,0.005
586.885,-30.2,70.6,-2.24,0.003
586.985,-30.9,70.7,-2.321,0.003
587.085,-31.7,70.9,-2.393,0.005
587.184,-32.1,71.1,-2.448,0.003
587.284,-32.6,71.3,-2.495,0.002
587.384,-32.9,71.4,-2.53,0.003
587.483,-33.1,71.6,-2.556,0.008
587.583,-33.2,71.6,-2.575,0.002
587.683,-33.1,71.7,-2.584,0
587.782,-32.6,71.8,-2.586,0.002
587.882,-32.6,71.7,-2.587,0.002
587.982,-31.9,71.9,-2.584,0
588.081,-31.3,72,-2.576,0
588.181,-30.5,72.1,-2.567,0
588.281,-29.7,72.1,-2.549,0
588.38,-28.8,72.1,-2.524,-0.002
588.48,-27.8,72.3,-2.495,0.002
588.58,-26.7,72.3,-2.457,-0.002
588.68,-25.5,72.4,-2.411,0
588.779,-24.1,72.7,-2.361,-0.002
588.879,-22.8,72.6,-2.3,-0.002
588.979,-21.3,72.7,-2.235,-0.002
589.078,-19.6,72.8,-2.162,-0.002
589.178,-18,72.7,-2.078,0
589.278,-16.1,72.8,-1.988,0
589.377,-14.3,72.7,-1.888,0
589.477,-12.4,72.7,-1.775,0.002
589.577,-10.5,72.6,-1.653,0.002
589.676,-8.6,72.2,-1.515,0.002
589.776,-6.5,71.8,-1.367,0.002
589.876,-4.6,71.2,-1.203,0.002
589.975,-2.5,70.4,-1.029,0.002
590.075,-0.7,69.3,-0.827,0.003
590.175,1.6,68.9,-0.549,0.005
590.274,3.8,69.3,-0.346,0.005
590.374,6,69.5,-0.165,0.006
590.474,8.1,69.9,0.009,0.006
590.573,10,70.1,0.177,0.006
590.673,12.1,70.4,0.352,0.005
590.773,13.8,70.5,0.52,0.005
590.872,15.7,70.4,0.705,0.005
590.972,17.3,70.2,0.902,0.003
591.072,19.1,70.8,1.109,0.005
591.171,21,71.6,1.286,0.005
591.271,22.5,72.5,1.442,0.003
591.371,24.1,73.2,1.581,0.002
591.47,25.4,73.9,1.708,0
591.57,26.7,74.5,1.821,0.003
591.67,28,75,1.923,-0.003
591.769,29,75.7,2.012,-0.005
591.869,29.9,76.1,2.09,-0.006
591.969,30.8,76.4,2.159,-0.008
592.068,31.6,76.8,2.219,-0.008
592.168,32,76.9,2.269,-0.009
592.268,32.5,77.2,2.306,-0.011
592.367,32.8,77.3,2.339,-0.012
592.467,32.9,77.3,2.362,-0.011
592.567,33.1,77.5,2.381,-0.005
592.667,33,77.5,2.388,-0.012
592.766,32.7,77.3,2.393,-0.012
592.866,32.5,77.3,2.393,-0.014
592.966,32,77.2,2.393,-0.012
593.065,31.3,77.1,2.385,-0.014
593.165,30.7,77,2.376,-0.012
593.265,29.9,76.9,2.358,-0.014
593.364,29,76.6,2.336,-0.012
593.464,28,76.3,2.309,-0.014
593.564,26.9,76,2.277,-0.005
593.663,25.6,75.5,2.235,-0.012
593.763,24.4,75.2,2.186,-0.012
593.863,22.9,74.6,2.13,-0.011
593.962,21.3,74.1,2.069,-0.011
594.062,19.7,73.5,2.001,-0.009
594.162,18,72.9,1.93,-0.008
594.261,16.2,72.1,1.849,-0.005
594.361,14.4,71.5,1.76,-0.005
594.461,12.4,70.8,1.665,-0.003
594.56,10.6,70.1,1.563,0
594.66,8.6,69.2,1.449,0
594.76,6.4,68.4,1.33,0
594.859,4.5,67.6,1.203,0.002
594.959,2.4,66.8,1.063,0.003
595.059,0.3,66.2,0.92,0.003
595.158,-1.7,65.5,0.768,0.005
595.258,-3.7,65,0.609,0.005
595.358,-5.8,64.6,0.436,0.008
595.457,-7.3,65.2,0.217,0.006
595.557,-9.7,64.8,-0.021,0.006
595.657,-11.7,64.9,-0.222,0.006
595.756,-13.7,65.1,-0.42,0.008
595.856,-15.4,65.5,-0.618,0.006
595.956,-17.3,65.7,-0.816,0.006
596.055,-19.1,65.6,-1,0.008
596.155,-20.8,65.6,-1.174,0.008
596.255,-22.3,65.7,-1.338,0.008
596.354,-23.8,66,-1.503,0.006
596.454,-25.1,66.6,-1.667,0.008
596.554,-26.4,67.8,-1.835,0.006
596.654,-27.6,68.7,-1.997,0.008
596.753,-28.8,69.1,-2.134,0.005
596.853,-29.8,69.5,-2.238,0.005
596.953,-30.8,69.6,-2.333,0.005
597.052,-31.5,69.9,-2.404,0.003
597.152,-32,70,-2.466,0.003
597.252,-32.5,70.2,-2.515,0.002
597.351,-32.8,70.3,-2.556,0.003
597.451,-33.1,70.5,-2.586,0.002
597.551,-33.2,70.5,-2.605,0.002
597.65,-33.1,70.5,-2.616,0.006
597.75,-32.9,70.7,-2.624,0.002
597.85,-32.7,70.7,-2.624,0
597.949,-32,70.9,-2.622,0.002
598.049,-31.6,70.9,-2.616,0.002
598.149,-30.9,71,-2.607,0.002
598.248,-30.1,71.1,-2.59,0.002
598.348,-29.1,71.2,-2.572,0.002
598.448,-28.2,71.3,-2.541,0.002
598.547,-27.1,71.3,-2.505,0.003
598.647,-26,71.4,-2.463,0.008
598.747,-24.6,71.5,-2.413,0.003
598.846,-23.2,71.5,-2.356,0.003
598.946,-21.7,71.6,-2.29,0.002
599.046,-20.2,71.5,-2.223,0.002
599.145,-18.7,71.5,-2.141,0.003
599.245,-16.7,71.6,-2.052,0.002
599.345,-15,71.6,-1.953,0.003
599.444,-12.9,71.5,-1.844,0.003
599.544,-11.3,71.5,-1.726,0.003
599.644,-9.2,71.3,-1.593,0.008
599.743,-7.2,70.9,-1.445,0.003
599.843,-5.1,70.4,-1.286,0.002
599.943,-3.1,69.7,-1.113,0.005
600.042,-1.2,68.7,-0.92,0.005
600.142,0.6,67.6,-0.664,0.005
600.242,3.2,67.9,-0.424,0.006
600.341,5.2,68.2,-0.235,0.006
600.441,7.3,68.6,-0.06,0.008
600.541,9.4,68.9,0.115,0.006
600.641,11.4,69.2,0.287,0.009
600.74,13.3,69.2,0.46,0.006
600.84,15.1,69.3,0.638,0.006
600.94,16.7,69,0.824,0.005
601.039,18.6,69.3,1.038,0.005
601.139,20.4,70.1,1.229,0.005
601.239,22.1,71,1.398,0.005
601.338,23.5,71.7,1.544,0.003
601.438,25.1,72.5,1.679,0.002
601.538,26.3,73.2,1.8,-0.002
601.637,27.5,73.7,1.907,-0.002
601.737,28.7,74.2,2.006,-0.003
601.837,29.7,74.7,2.092,-0.005
601.936,30.5,75.2,2.162,-0.008
602.036,31.3,75.7,2.228,-0.008
602.136,31.9,75.8,2.28,-0.008
602.235,32.4,76.1,2.323,-0.009
602.335,32.8,76.2,2.361,-0.009
602.435,32.9,76.4,2.384,-0.009
602.534,33.1,76.5,2.402,-0.011
602.634,33,76.4,2.414,-0.012
602.734,32.8,76.4,2.419,-0.009
602.833,32.6,76.3,2.419,-0.011
602.933,32.2,76.3,2.417,-0.012
603.033,31.6,76.3,2.414,-0.011
603.132,31,76.1,2.405,-0.012
603.232,30.1,75.9,2.391,-0.012
603.332,29.4,75.7,2.37,-0.011
603.431,28.4,75.4,2.344,-0.012
603.531,27.2,75.1,2.315,-0.011
603.631,26.2,74.7,2.277,-0.011
603.73,24.8,74.2,2.229,-0.006
603.83,23.3,73.8,2.174,-0.009
603.93,21.8,73.2,2.115,-0.009
604.029,20.2,72.6,2.047,-0.008
604.129,18.6,72.1,1.977,-0.006
604.229,16.8,71.3,1.901,-0.005
604.328,15,70.6,1.815,-0.005
604.428,13,69.8,1.72,-0.003
604.528,11.2,69.1,1.625,0
604.628,9.2,68.3,1.511,0
604.727,7.2,67.6,1.393,0.006
604.827,5.2,66.7,1.268,0.002
604.927,3.2,66,1.131,0.003
605.026,1.1,65,0.986,0.005
605.126,-1,64.5,0.833,0.006
605.226,-3,63.8,0.676,0.006
605.325,-5.1,63.5,0.502,0.008
605.425,-6.6,63.8,0.307,0.008
605.525,-9,63.7,0.05,0.008
605.624,-11.1,63.7,-0.156,0.008
605.724,-13,64.1,-0.359,0.012
605.824,-14.8,64.3,-0.56,0.009
605.923,-16.7,64.3,-0.757,0.008
606.023,-18.6,64.4,-0.948,0.008
606.123,-20.2,64.4,-1.125,0.006
606.222,-21.8,64.5,-1.295,0.008
606.322,-23.4,64.6,-1.466,0.008
606.422,-24.6,65.3,-1.627,0.009
606.521,-25.9,66.3,-1.801,0.009
606.621,-27.2,67.3,-1.968,0.008
606.721,-28.4,68,-2.116,0.009
606.82,-29.6,68.2,-2.234,0.008
606.92,-30.5,68.5,-2.327,0.006
607.02,-31.2,68.6,-2.405,0.005
607.119,-31.9,68.8,-2.474,0.006
607.219,-32.4,69,-2.529,0.006
607.319,-32.8,69.1,-2.576,0.003
607.418,-33.1,69.3,-2.608,0.005
607.518,-33.1,69.4,-2.633,0.005
607.618,-33.1,69.5,-2.647,0.003
607.717,-33,69.6,-2.654,0.003
607.817,-32.7,69.6,-2.657,0.005
607.917,-32.3,69.7,-2.656,0.003
608.016,-31.8,69.7,-2.651,0.003
608.116,-31.1,69.8,-2.644,0.003
608.216,-30.3,69.8,-2.631,0.003
608.315,-29.4,69.9,-2.613,0.002
608.415,-28.5,70.1,-2.587,0.002
608.515,-27.5,70.1,-2.552,0.003
608.615,-26.3,70.3,-2.512,0.003
608.714,-25.1,70.3,-2.465,0.003
608.814,-23.8,70.4,-2.41,0.006
608.914,-22.3,70.4,-2.349,0.003
609.013,-20.8,70.5,-2.28,0.003
609.113,-19.2,70.4,-2.203,0.003
609.213,-17.4,70.5,-2.116,0.002
609.312,-15.6,70.4,-2.018,0.002
609.412,-13.7,70.4,-1.914,0.003
609.512,-11.8,70.3,-1.797,0.003
609.611,-9.9,70.2,-1.671,0.002
609.711,-7.8,69.9,-1.524,0.003
609.811,-5.8,69.4,-1.37,0.009
609.91,-3.9,68.6,-1.202,0.005
610.01,-1.8,67.8,-1.015,0.005
610.11,-0.4,66.4,-0.787,0.006
610.209,2.3,66.4,-0.511,0.006
610.309,4.6,66.8,-0.307,0.006
610.409,6.7,67.1,-0.128,0.008
610.508,8.8,67.4,0.054,0.009
610.608,10.7,67.7,0.225,0.008
610.708,12.6,68,0.398,0.008
610.807,14.5,68.1,0.57,0.012
610.907,16.2,68,0.755,0.008
611.007,17.8,67.8,0.963,0.006
611.106,19.6,68.5,1.176,0.006
611.206,21.5,69.3,1.356,0.006
611.306,23,70.2,1.512,0.005
611.405,24.5,70.9,1.654,0.005
611.505,25.9,71.6,1.784,0.002
611.605,27.1,72.3,1.899,0
611.704,28.3,72.9,2.001,-0.003
611.804,29.4,73.4,2.09,0
611.904,30.2,73.7,2.167,-0.005
612.003,31,74.1,2.234,-0.006
612.103,31.6,74.4,2.29,-0.008
612.203,32.2,74.7,2.338,-0.009
612.302,32.6,74.9,2.378,-0.009
612.402,33,75,2.407,-0.009
612.502,33.1,75.2,2.43,-0.011
612.601,33,75.2,2.443,-0.011
612.701,32.8,75.1,2.449,-0.011
612.801,32.7,75.1,2.453,-0.009
612.901,32.4,75.1,2.453,-0.011
613,31.9,75,2.451,-0.012
613.1,31.2,74.8,2.442,-0.012
613.2,30.5,74.8,2.43,-0.011
613.299,29.6,74.4,2.411,-0.012
613.399,28.7,74.3,2.388,-0.012
613.499,27.7,73.9,2.358,-0.011
613.598,26.6,73.7,2.323,-0.011
613.698,25.3,73.1,2.278,-0.011
613.798,23.9,72.6,2.225,-0.011
613.897,22.4,72,2.17,-0.006
613.997,20.8,71.5,2.105,-0.009
614.097,19.1,71,2.035,-0.006
614.196,17.4,70.3,1.962,-0.006
614.296,15.6,69.6,1.878,-0.005
614.396,13.8,69,1.784,-0.005
614.495,11.8,68.1,1.686,-0.002
614.595,9.8,67.2,1.576,-0.002
614.695,7.9,66.4,1.463,0
614.794,5.8,65.6,1.338,0.002
614.894,3.8,64.9,1.205,0.006
614.994,1.8,64,1.061,0.003
615.093,-0.4,63.3,0.905,0.005
615.193,-2.4,62.6,0.748,0.006
615.293,-4.4,62.2,0.578,0.008
615.392,-6.2,62.1,0.39,0.008
615.492,-8.4,62.4,0.131,0.008
615.592,-10.4,62.4,-0.087,0.008
615.691,-12.4,62.6,-0.292,0.009
615.791,-14.3,62.8,-0.495,0.008
615.891,-16.1,63.2,-0.694,0.014
615.99,-17.9,63.1,-0.891,0.009
616.09,-19.6,63,-1.073,0.008
616.19,-21.2,63.1,-1.251,0.009
616.289,-22.8,63.2,-1.424,0.006
616.389,-24.2,63.8,-1.593,0.008
616.489,-25.6,64.8,-1.769,0.008
616.588,-26.8,65.9,-1.94,0.008
616.688,-28,66.6,-2.099,0.006
616.788,-29.2,66.9,-2.229,0.006
616.888,-30.2,67.1,-2.33,0.012
616.987,-31,67.4,-2.416,0.006
617.087,-31.7,67.5,-2.492,0.005
617.187,-32.2,67.7,-2.549,0.005
617.286,-32.7,67.7,-2.599,0.005
617.386,-32.9,68,-2.636,0.005
617.486,-33.2,68.1,-2.664,0.003
617.585,-33.2,68.2,-2.68,0.003
617.685,-33.1,68.2,-2.691,0.002
617.785,-32.9,68.4,-2.693,0.002
617.884,-32.4,68.4,-2.693,0.005
617.984,-32,68.5,-2.693,0.002
618.084,-31.3,68.6,-2.685,0.002
618.183,-30.6,68.7,-2.676,0.002
618.283,-29.7,68.6,-2.657,0.002
618.383,-28.8,68.8,-2.636,0.002
618.482,-27.8,68.9,-2.605,0
618.582,-26.7,68.9,-2.566,0.003
618.682,-25.5,69.1,-2.521,0.002
618.781,-24.1,69.1,-2.466,0.002
618.881,-22.8,69.1,-2.41,0.002
618.981,-21.2,69.1,-2.342,0.003
619.08,-19.6,69.2,-2.269,0.002
619.18,-17.9,69.2,-2.183,0
619.28,-16.2,69.1,-2.095,0.003
619.379,-14.3,69.1,-1.986,0.003
619.479,-12.5,69,-1.876,0.003
619.579,-10.5,68.9,-1.752,0.002
619.678,-8.5,68.6,-1.613,0.003
619.778,-6.6,68.1,-1.46,0.003
619.878,-4.5,67.6,-1.287,0.005
619.977,-2.5,66.8,-1.109,0.005
620.077,-0.7,65.7,-0.905,0.005
620.177,1.6,64.9,-0.613,0.005
620.276,3.8,65.3,-0.391,0.006
620.376,5.9,65.5,-0.2,0.006
620.476,8.1,65.8,-0.017,0.008
620.575,10,66,0.157,0.008
620.675,12,66.5,0.335,0.008
620.775,14,66.6,0.508,0.008
620.874,15.6,66.6,0.693,0.008
620.974,17.3,66.3,0.893,0.009
621.074,19.2,66.7,1.113,0.006
621.174,20.9,67.7,1.309,0.005
621.273,22.6,68.5,1.482,0.005
621.373,24,69.2,1.628,0.003
621.473,25.5,70.1,1.764,0.003
621.572,26.7,70.6,1.887,0
621.672,28,71.3,1.994,-0.002
621.772,29,71.8,2.09,-0.003
621.871,30,72.2,2.171,-0.003
621.971,30.8,72.7,2.238,0
622.071,31.4,73,2.303,-0.008
622.17,32.1,73.2,2.353,-0.008
622.27,32.5,73.5,2.396,-0.008
622.37,32.8,73.7,2.431,-0.009
622.469,33,73.8,2.456,-0.011
622.569,33,73.8,2.474,-0.011
622.669,33,73.9,2.48,-0.011
622.768,32.7,73.8,2.488,-0.011
622.868,32.4,73.8,2.488,-0.011
622.968,32.1,73.8,2.485,-0.006
623.067,31.3,73.5,2.482,-0.012
623.167,30.7,73.4,2.469,-0.012
623.267,29.9,73.1,2.451,-0.012
623.366,29.1,72.9,2.43,-0.012
623.466,28,72.6,2.402,-0.012
623.566,26.9,72.4,2.368,-0.012
623.665,25.7,72,2.327,-0.011
623.765,24.4,71.5,2.28,-0.009
623.865,22.8,70.9,2.219,-0.011
623.964,21.4,70.4,2.162,-0.006
624.064,19.6,69.8,2.09,-0.008
624.164,18,69.2,2.018,-0.006
624.263,16.1,68.4,1.936,-0.005
624.363,14.3,67.7,1.849,-0.003
624.463,12.4,67,1.751,-0.002
624.562,10.5,66.2,1.644,-0.002
624.662,8.5,65.4,1.529,0
624.762,6.5,64.5,1.41,0.002
624.861,4.4,63.7,1.275,0.003
624.961,2.4,62.9,1.131,0.005
625.061,0.3,62.1,0.979,0.006
625.161,-1.6,61.4,0.82,0.006
625.26,-3.7,61,0.648,0.008
625.36,-5.7,60.6,0.466,0.006
625.46,-7.5,61.2,0.225,0.008
625.559,-9.8,61,-0.017,0.008
625.659,-11.7,61.2,-0.228,0.008
625.759,-13.7,61.4,-0.433,0.008
625.858,-15.4,61.7,-0.638,0.008
625.958,-17.3,61.7,-0.838,0.009
626.058,-19.1,61.6,-1.027,0.011
626.157,-20.8,61.6,-1.208,0.008
626.257,-22.3,61.8,-1.382,0.009
626.357,-23.8,62.3,-1.561,0.008
626.456,-25.1,63.2,-1.738,0.009
626.556,-26.4,64.4,-1.922,0.008
626.656,-27.6,65.1,-2.09,0.006
626.755,-28.9,65.6,-2.231,0.006
626.855,-29.9,65.8,-2.339,0.006
626.955,-30.7,66,-2.431,0.005
627.054,-31.4,66.3,-2.508,0.008
627.154,-32,66.5,-2.576,0.005
627.254,-32.5,66.7,-2.63,0.003
627.353,-32.8,66.8,-2.673,0.005
627.453,-33,66.9,-2.706,0.003
627.553,-33.2,67,-2.729,0.003
627.652,-33,67,-2.743,0.003
627.752,-32.8,67.1,-2.749,0.003
627.852,-32.6,67.3,-2.752,0.002
627.951,-32.2,67.4,-2.749,0.003
628.051,-31.6,67.5,-2.745,0.006
628.151,-30.9,67.4,-2.734,0.003
628.25,-30,67.6,-2.719,0.002
628.35,-29.1,67.6,-2.697,0.002
628.45,-28.2,67.6,-2.67,0.002
628.549,-27,67.8,-2.634,0.002
628.649,-25.8,67.8,-2.592,0.002
628.749,-24.7,68,-2.54,0.002
628.848,-23.2,67.9,-2.482,0.002
628.948,-21.7,68,-2.416,0.003
629.048,-20.2,68,-2.347,0.006
629.147,-18.4,68,-2.263,0.002
629.247,-16.8,68,-2.176,0.002
629.347,-15,67.8,-2.073,0.003
629.447,-13.1,67.8,-1.96,0.002
629.546,-11.1,67.8,-1.842,0.002
629.646,-9.3,67.4,-1.706,0.003
629.746,-7.2,67.1,-1.555,0.003
629.845,-5.1,66.6,-1.39,0.005
629.945,-3.1,65.8,-1.209,0.003
630.045,-1.2,65,-1.009,0.008
630.144,0.4,63.3,-0.752,0.006
630.244,3.2,63.7,-0.485,0.008
630.344,5.3,64,-0.283,0.008
630.443,7.3,64.2,-0.096,0.008
630.543,9.4,64.6,0.087,0.009
630.643,11.4,64.9,0.263,0.009
630.742,13.3,65.1,0.44,0.008
630.842,15.2,65.3,0.622,0.008
630.942,16.7,65.2,0.815,0.006
631.041,18.4,65,1.031,0.006
631.141,20.2,65.6,1.248,0.008
631.241,21.9,66.7,1.431,0.006
631.34,23.5,67.4,1.595,0.003
631.44,25,68.3,1.74,0.003
631.54,26.2,69,1.868,0
631.639,27.6,69.6,1.988,-0.002
631.739,28.6,70.2,2.084,-0.005
631.839,29.8,70.8,2.173,-0.005
631.938,30.5,71.1,2.249,-0.008
632.038,31.2,71.4,2.316,-0.006
632.138,31.8,71.7,2.371,-0.005
632.237,32.4,72.1,2.42,-0.009
632.337,32.7,72.2,2.459,-0.009
632.437,33,72.4,2.486,-0.011
632.536,33,72.4,2.505,-0.011
632.636,33.1,72.5,2.518,-0.011
632.736,32.8,72.4,2.524,-0.011
632.835,32.6,72.3,2.524,-0.011
632.935,32.1,72.3,2.524,-0.012
633.035,31.6,72.2,2.52,-0.011
633.134,31,72.1,2.511,-0.006
633.234,30.2,71.9,2.494,-0.011
633.334,29.3,71.6,2.477,-0.011
633.434,28.3,71.5,2.449,-0.012
633.533,27.3,71.1,2.419,-0.014
633.633,26.2,70.7,2.379,-0.014
633.733,24.8,70.3,2.333,-0.012
633.832,23.2,69.8,2.278,-0.014
633.932,21.8,69.3,2.219,-0.012
634.032,20.1,68.6,2.148,-0.011
634.131,18.5,68,2.078,-0.005
634.231,16.8,67.3,2.003,-0.008
634.331,15,66.6,1.916,-0.006
634.43,13.1,65.8,1.82,-0.006
634.53,11.2,65,1.714,-0.003
634.63,9.2,64.2,1.601,-0.002
634.729,7.3,63.3,1.483,0
634.829,5.2,62.6,1.35,0.002
634.929,3.2,61.8,1.209,0.002
635.028,1.1,61.1,1.055,0.002
635.128,-1,60.3,0.899,0.009
635.228,-3,59.6,0.726,0.005
635.327,-5.1,59.3,0.546,0.005
635.427,-6.6,59.8,0.329,0.006
635.527,-9,59.5,0.066,0.006
635.626,-11,59.7,-0.157,0.008
635.726,-13,59.9,-0.365,0.006
635.826,-14.9,60.2,-0.576,0.006
635.925,-16.7,60.3,-0.78,0.006
636.025,-18.5,60.2,-0.976,0.006
636.125,-20.2,60.3,-1.159,0.009
636.224,-21.8,60.4,-1.342,0.008
636.324,-23.3,60.8,-1.523,0.008
636.424,-24.6,61.5,-1.703,0.008
636.523,-25.9,62.7,-1.894,0.008
636.623,-27.3,63.6,-2.079,0.008
636.723,-28.5,64.1,-2.228,0.005
636.822,-29.6,64.3,-2.347,0.006
636.922,-30.5,64.6,-2.448,0.005
637.022,-31.2,64.9,-2.532,0.003
637.121,-31.9,65.1,-2.602,0.003
637.221,-32.3,65.2,-2.66,0.003
637.321,-32.8,65.4,-2.712,0.002
637.42,-33,65.6,-2.748,0.002
637.52,-33,65.7,-2.775,0.002
637.62,-33.1,65.9,-2.792,0.002
637.72,-32.9,65.9,-2.803,0.002
637.819,-32.7,66,-2.803,0.002
637.919,-32.3,66.1,-2.803,0.002
638.019,-31.8,66.1,-2.801,0.002
638.118,-31,66.3,-2.792,0
638.218,-30.4,66.2,-2.78,0.005
638.318,-29.4,66.3,-2.758,0.002
638.417,-28.5,66.4,-2.734,0.002
638.517,-27.4,66.5,-2.7,0.002
638.617,-26.4,66.4,-2.66,0
638.716,-25,66.7,-2.612,0
638.816,-23.7,66.6,-2.556,0.002
638.916,-22.3,66.6,-2.492,0.002
639.015,-20.7,66.6,-2.422,0.002
639.115,-19.1,66.7,-2.345,0.002
639.215,-17.3,66.6,-2.26,0.006
639.314,-15.6,66.6,-2.164,0.002
639.414,-13.8,66.3,-2.055,0.002
639.514,-11.8,66.2,-1.933,0.002
639.613,-9.9,66.2,-1.807,0.003
639.713,-7.8,65.8,-1.654,0.002
639.813,-5.9,65.3,-1.494,0.002
639.912,-3.8,64.7,-1.313,0.003
640.012,-1.9,63.8,-1.119,0.003
640.112,-0.2,62.4,-0.894,0.006
640.211,2.3,62.2,-0.595,0.009
640.311,4.6,62.3,-0.368,0.006
640.411,6.7,62.6,-0.176,0.006
640.51,8.7,62.9,0.011,0.006
640.61,10.7,63.2,0.194,0.006
640.71,12.7,63.6,0.379,0.006
640.809,14.6,63.8,0.56,0.006
640.909,16.2,63.9,0.743,0.006
641.009,17.9,63.7,0.948,0.006
641.108,19.7,63.9,1.177,0.006
641.208,21.3,64.9,1.379,0.009
641.308,23,65.7,1.553,0.005
641.407,24.5,66.5,1.706,0.003
641.507,25.9,67.3,1.844,0
641.607,27.1,68,1.972,0
641.707,28.3,68.6,2.081,-0.003
641.806,29.3,69.1,2.177,-0.005
641.906,30.2,69.5,2.26,-0.006
642.006,30.9,70,2.332,-0.006
642.105,31.6,70.4,2.391,-0.009
642.205,32.1,70.7,2.442,-0.008
642.305,32.6,70.8,2.483,-0.011
642.404,32.9,71,2.515,-0.011
642.504,33.1,71.1,2.54,-0.011
642.604,33,71.2,2.555,-0.011
642.703,32.8,71.1,2.563,-0.012
642.803,32.8,71.1,2.566,-0.012
642.903,32.4,71,2.566,-0.012
643.002,31.9,71,2.561,-0.011
643.102,31.3,70.9,2.555,-0.012
643.202,30.5,70.7,2.541,-0.012
643.301,29.6,70.4,2.524,-0.011
643.401,28.7,70.2,2.498,-0.012
643.501,27.7,69.9,2.469,-0.014
643.6,26.5,69.5,2.436,-0.012
643.7,25.3,69.1,2.39,-0.011
643.8,23.8,68.6,2.336,-0.011
643.899,22.4,68.1,2.28,-0.011
643.999,20.7,67.4,2.214,-0.009
644.099,19.1,66.8,2.144,-0.008
644.198,17.4,66.3,2.069,-0.006
644.298,15.5,65.5,1.983,0
644.398,13.7,64.7,1.893,-0.003
644.497,11.7,63.9,1.79,-0.003
644.597,9.8,63,1.679,-0.003
644.697,7.9,62.2,1.56,0
644.796,5.9,61.4,1.43,0.002
644.896,3.7,60.6,1.287,0.002
644.996,1.7,59.8,1.136,0.003
645.095,-0.4,59,0.977,0.005
645.195,-2.4,58.4,0.801,0.005
645.295,-4.4,57.9,0.619,0.012
645.394,-6,58,0.42,0.008
645.494,-8.2,58.3,0.148,0.006
645.594,-10.4,58.3,-0.086,0.008
645.693,-12.3,58.5,-0.3,0.008
645.793,-14.2,58.8,-0.514,0.008
645.893,-16.1,59,-0.722,0.008
645.993,-17.8,58.9,-0.919,0.006
646.092,-19.6,58.9,-1.11,0.008
646.192,-21.3,59,-1.295,0.008
646.292,-22.7,59.3,-1.483,0.014
646.391,-24.1,59.9,-1.673,0.006
646.491,-25.4,61.2,-1.87,0.008
646.591,-26.8,62,-2.063,0.008
646.69,-28.1,62.6,-2.228,0.006
646.79,-29.2,63,-2.358,0.005
646.89,-30.2,63.3,-2.463,0.005
646.989,-30.9,63.4,-2.552,0.003
647.089,-31.7,63.6,-2.63,0.003
647.189,-32.2,63.9,-2.696,0.003
647.288,-32.7,64.2,-2.749,0.005
647.388,-33,64.2,-2.795,0.002
647.488,-33,64.4,-2.826,0.002
647.587,-33.2,64.6,-2.85,0.002
647.687,-33,64.6,-2.859,0.002
647.787,-32.8,64.7,-2.864,0
647.886,-32.5,64.8,-2.865,-0.002
647.986,-31.9,64.9,-2.862,0
648.086,-31.4,64.8,-2.858,-0.002
648.185,-30.5,65,-2.844,0
648.285,-29.8,65,-2.829,0
648.385,-28.8,65.1,-2.804,-0.002
648.484,-27.7,65.2,-2.774,-0.002
648.584,-26.7,65.3,-2.734,-0.002
648.684,-25.5,65.3,-2.688,-0.002
648.783,-24.1,65.4,-2.636,0
648.883,-22.7,65.4,-2.576,-0.002
648.983,-21.3,65.3,-2.509,-0.002
649.082,-19.6,65.5,-2.431,0
649.182,-17.9,65.2,-2.347,0
649.282,-16.1,65.2,-2.252,0
649.381,-14.2,65.1,-2.148,0.002
649.481,-12.4,64.9,-2.032,0
649.581,-10.5,64.9,-1.905,0
649.68,-8.5,64.7,-1.763,0
649.78,-6.5,64.2,-1.602,0.002
649.88,-4.6,63.6,-1.427,0.002
649.98,-2.5,62.7,-1.232,0.002
650.079,-0.7,61.7,-1.02,0.003
650.179,1.3,60.5,-0.72,0.003
650.279,3.8,60.8,-0.469,0.005
650.378,6,61,-0.263,0.011
650.478,8,61.2,-0.072,0.006
650.578,10,61.6,0.115,0.005
650.677,12,61.8,0.303,0.008
650.777,13.9,62.2,0.488,0.005
650.877,15.7,62.5,0.677,0.006
650.976,17.3,62.3,0.868,0.006
651.076,19,62.1,1.095,0.005
651.176,20.7,62.9,1.316,0.005
651.275,22.4,64,1.508,0.005
651.375,23.9,65,1.67,0.008
651.475,25.3,65.7,1.826,0.002
651.574,26.7,66.3,1.96,-0.002
651.674,27.8,67,2.076,-0.005
651.774,29,67.6,2.185,-0.005
651.873,30.1,68.1,2.274,-0.005
651.973,30.7,68.5,2.345,-0.008
652.073,31.5,68.9,2.413,-0.009
652.172,32.1,69.1,2.468,-0.009
652.272,32.5,69.3,2.509,-0.011
652.372,32.8,69.7,2.544,-0.006
652.471,33,69.6,2.57,-0.011
652.571,33.1,69.7,2.587,-0.014
652.671,33,69.8,2.601,-0.012
652.77,32.8,69.7,2.605,-0.014
652.87,32.4,69.7,2.604,-0.014
652.97,32,69.7,2.601,-0.014
653.069,31.5,69.5,2.596,-0.014
653.169,30.7,69.4,2.586,-0.014
653.269,29.8,69.2,2.567,-0.014
653.368,28.9,69,2.549,-0.012
653.468,28,68.6,2.518,-0.014
653.568,26.9,68.3,2.486,-0.014
653.667,25.7,67.9,2.445,-0.014
653.767,24.4,67.4,2.396,-0.012
653.867,22.9,67,2.338,-0.012
653.966,21.2,66.3,2.274,-0.011
654.066,19.6,65.7,2.206,-0.011
654.166,18,65.1,2.133,-0.008
654.266,16.1,64.3,2.05,-0.008
654.365,14.4,63.6,1.963,-0.006
654.465,12.5,62.7,1.864,-0.005
654.565,10.5,61.9,1.752,-0.003
654.664,8.5,61.1,1.636,-0.002
654.764,6.7,60.4,1.509,-0.002
654.864,4.5,59.4,1.362,0.002
654.963,2.3,58.6,1.212,0.002
655.063,0.3,57.8,1.055,0.005
655.163,-1.6,57.2,0.887,0.005
655.262,-3.7,56.6,0.7,0.006
655.362,-5.7,56.3,0.508,0.006
655.462,-7.5,56.9,0.243,0.009
655.561,-9.6,56.9,-0.008,0.008
655.661,-11.7,56.9,-0.237,0.008
655.761,-13.6,57.3,-0.451,0.006
655.86,-15.5,57.5,-0.661,0.006
655.96,-17.3,57.4,-0.867,0.006
656.06,-19.1,57.4,-1.064,0.006
656.159,-20.7,57.6,-1.251,0.006
656.259,-22.3,57.7,-1.445,0.006
656.359,-23.8,58.4,-1.633,0.008
656.458,-24.9,59.7,-1.832,0.014
656.558,-26.2,60.7,-2.035,0.006
656.658,-27.6,61.4,-2.217,0.006
656.757,-28.8,61.6,-2.362,0.006
656.857,-29.8,62,-2.477,0.005
656.957,-30.7,62.2,-2.575,0.003
657.056,-31.4,62.6,-2.656,0.003
657.156,-32,62.7,-2.731,0.003
657.256,-32.4,62.9,-2.786,0.003
657.355,-32.8,63.2,-2.836,0.002
657.455,-33,63.4,-2.873,0.008
657.555,-33.1,63.3,-2.904,0.002
657.654,-33.1,63.5,-2.92,0
657.754,-32.9,63.7,-2.933,-0.002
657.854,-32.6,63.7,-2.936,0
657.953,-32.1,63.8,-2.933,0
658.053,-31.5,63.8,-2.93,-0.002
658.153,-30.9,63.9,-2.92,0
658.253,-30,63.9,-2.904,-0.002
658.352,-29.1,63.9,-2.882,0
658.452,-28.1,64.2,-2.855,0.003
658.552,-27.1,64.2,-2.818,0
658.651,-25.9,64.2,-2.771,0
658.751,-24.6,64.3,-2.72,0
658.851,-23.3,64.2,-2.664,0
658.95,-21.7,64.3,-2.595,0
659.05,-20.2,64.2,-2.523,0
659.15,-18.5,64.2,-2.439,0.002
659.249,-16.8,64.1,-2.35,0
659.349,-14.9,64,-2.248,0.002
659.449,-13.2,63.9,-2.136,0.003
659.548,-11.2,63.7,-2.011,0.002
659.648,-9.2,63.5,-1.873,0.002
659.748,-7.2,63.2,-1.714,0.003
659.847,-5.2,62.5,-1.54,0.003
659.947,-3.1,61.9,-1.352,0.003
660.047,-1.2,61,-1.142,0.003
660.146,0.3,59.3,-0.875,0.005
660.246,3,59.4,-0.583,0.006
660.346,5.3,59.6,-0.355,0.006
660.445,7.4,59.9,-0.156,0.008
660.545,9.4,60.2,0.034,0.008
660.645,11.4,60.4,0.223,0.008
660.744,13.2,60.7,0.411,0.008
660.844,15.1,61,0.601,0.006
660.944,16.8,61.2,0.794,0.006
661.043,18.3,60.9,1.001,0.006
661.143,20,61.2,1.24,0.006
661.243,21.8,62.2,1.454,0.006
661.342,23.4,63.1,1.635,0.005
661.442,24.8,64,1.797,0.003
661.542,26.2,64.8,1.946,0.005
661.641,27.5,65.5,2.076,0
661.741,28.6,66.1,2.185,-0.005
661.841,29.6,66.6,2.28,-0.005
661.94,30.5,67,2.361,-0.006
662.04,31.2,67.4,2.431,-0.008
662.14,31.8,67.7,2.486,-0.009
662.24,32.3,68,2.534,-0.009
662.339,32.7,68.1,2.572,-0.012
662.439,33,68.3,2.604,-0.012
662.539,33,68.4,2.624,-0.006
662.638,33,68.4,2.639,-0.011
662.738,32.8,68.4,2.642,-0.012
662.838,32.6,68.4,2.644,-0.012
662.937,32.2,68.2,2.645,-0.012
663.037,31.5,68.2,2.641,-0.014
663.137,31,68.1,2.63,-0.014
663.236,30.2,67.9,2.616,-0.012
663.336,29.2,67.7,2.596,-0.012
663.436,28.4,67.5,2.572,-0.012
663.535,27.3,67.1,2.538,-0.006
663.635,26.1,66.7,2.5,-0.012
663.735,24.8,66.2,2.454,-0.011
663.834,23.3,65.8,2.401,-0.011
663.934,21.8,65.1,2.338,-0.011
664.034,20.2,64.6,2.271,-0.008
664.133,18.5,63.9,2.199,-0.008
664.233,16.8,63.2,2.119,-0.006
664.333,15,62.6,2.031,-0.005
664.432,13,61.7,1.934,-0.005
664.532,11.1,61,1.83,0.002
664.632,9.2,60,1.711,-0.002
664.731,7.3,59.2,1.589,0
664.831,5.2,58.3,1.445,0
664.931,3.2,57.5,1.3,0.003
665.03,1,56.6,1.139,0.005
665.13,-1,56,0.971,0.005
665.23,-3,55.4,0.784,0.006
665.329,-5,54.9,0.589,0.008
665.429,-6.5,55.5,0.347,0.008
665.529,-8.9,55.4,0.075,0.011
665.628,-11,55.5,-0.168,0.008
665.728,-12.9,55.8,-0.387,0.008
665.828,-14.9,56,-0.604,0.009
665.927,-16.7,56,-0.81,0.006
666.027,-18.5,56,-1.014,0.008
666.127,-20.2,56,-1.205,0.006
666.227,-21.7,56.2,-1.404,0.008
666.326,-23.2,56.7,-1.602,0.008
666.426,-24.5,58.1,-1.807,0.006
666.526,-25.8,59.2,-2.021,0.008
666.625,-27.2,59.9,-2.216,0.009
666.725,-28.4,60.4,-2.375,0.005
666.825,-29.5,60.6,-2.503,0.005
666.924,-30.4,61,-2.613,0.003
667.024,-31.2,61.2,-2.702,0.003
667.124,-31.8,61.4,-2.781,0.002
667.223,-32.4,61.7,-2.847,0.002
667.323,-32.8,61.8,-2.901,0.002
667.423,-33,61.9,-2.94,0.002
667.522,-33.1,62,-2.974,0
667.622,-33.1,62.2,-2.995,0.005
667.722,-32.9,62.3,-3.006,0
667.821,-32.7,62.5,-3.009,0
667.921,-32.3,62.4,-3.009,0
668.021,-31.7,62.5,-3.008,0
668.12,-31,62.5,-2.998,0
668.22,-30.2,62.7,-2.985,0
668.32,-29.4,62.8,-2.966,0
668.419,-28.5,62.8,-2.94,0
668.519,-27.3,62.9,-2.907,0
668.619,-26.2,63,-2.864,0.006
668.718,-25,62.9,-2.815,0.002
668.818,-23.8,63,-2.758,0
668.918,-22.3,62.9,-2.696,0
669.017,-20.8,62.9,-2.625,0
669.117,-19.1,62.9,-2.544,0.002
669.217,-17.2,62.7,-2.456,0
669.316,-15.5,62.6,-2.358,0
669.416,-13.7,62.5,-2.248,0.002
669.516,-11.8,62.4,-2.124,0
669.615,-9.9,62.2,-1.991,0.006
669.715,-7.9,61.9,-1.838,0.003
669.815,-5.9,61.5,-1.667,0.003
669.914,-3.8,60.7,-1.48,0.005
670.014,-1.9,59.9,-1.278,0.005
670.114,-0.2,58.5,-1.04,0.005
670.214,2.2,57.7,-0.719,0.005
670.313,4.5,57.9,-0.469,0.008
670.413,6.7,58.3,-0.257,0.008
670.513,8.7,58.4,-0.054,0.008
670.612,10.7,58.8,0.139,0.012
670.712,12.6,59.1,0.332,0.009
670.812,14.6,59.4,0.526,0.008
670.911,16.3,59.6,0.719,0.006
671.011,17.9,59.4,0.92,0.006
671.111,19.4,59.3,1.159,0.006
671.21,21.2,60.3,1.396,0.005
671.31,22.9,61.3,1.592,0.005
671.41,24.4,62.2,1.764,0.003
671.509,25.7,63,1.923,0.002
671.609,27.1,63.7,2.061,0
671.709,28.1,64.4,2.18,-0.003
671.808,29.3,64.8,2.287,-0.005
671.908,30.3,65.4,2.379,-0.006
672.008,31,65.9,2.454,-0.008
672.107,31.6,66.2,2.515,-0.009
672.207,32.2,66.4,2.567,-0.011
672.307,32.6,66.7,2.607,-0.011
672.406,32.9,66.8,2.641,-0.011
672.506,33,66.9,2.665,-0.011
672.606,33.1,66.9,2.682,-0.011
672.705,32.9,66.8,2.69,-0.011
672.805,32.7,66.9,2.694,-0.012
672.905,32.2,66.8,2.693,-0.012
673.004,31.9,66.7,2.69,-0.012
673.104,31.1,66.6,2.683,-0.012
673.204,30.5,66.4,2.671,-0.012
673.303,29.6,66.2,2.653,-0.012
673.403,28.6,66,2.628,-0.012
673.503,27.6,65.6,2.598,-0.012
673.602,26.5,65.4,2.563,-0.012
673.702,25.2,65,2.517,-0.006
673.802,23.8,64.4,2.465,-0.009
673.901,22.3,63.8,2.407,-0.009
674.001,20.7,63.3,2.341,-0.009
674.101,19.1,62.6,2.272,-0.006
674.201,17.2,62.1,2.194,-0.006
674.3,15.5,61.3,2.108,-0.005
674.4,13.6,60.5,2.017,-0.005
674.5,11.8,59.7,1.911,-0.003
674.599,9.9,58.9,1.798,-0.002
674.699,7.8,57.9,1.674,0.006
674.799,5.8,57,1.537,0
674.898,3.9,56.1,1.388,0
674.998,1.7,55.4,1.229,0.003
675.098,-0.3,54.5,1.06,0.005
675.197,-2.4,53.8,0.876,0.005
675.297,-4.4,53.4,0.677,0.006
675.397,-5.9,53.8,0.457,0.006
675.496,-8.2,53.8,0.167,0.008
675.596,-10.3,53.9,-0.086,0.006
675.696,-12.3,54.2,-0.32,0.014
675.795,-14.3,54.3,-0.541,0.008
675.895,-16.1,54.4,-0.752,0.008
675.995,-17.9,54.3,-0.957,0.008
676.094,-19.6,54.4,-1.157,0.008
676.194,-21.2,54.7,-1.361,0.008
676.294,-22.7,55,-1.561,0.006
676.393,-24.1,56.1,-1.771,0.008
676.493,-25.4,57.5,-1.988,0.008
676.593,-26.7,58.3,-2.193,0.006
676.692,-28.1,58.9,-2.37,0.009
676.792,-29.2,59.2,-2.514,0.005
676.892,-30.2,59.5,-2.633,0.005
676.991,-30.9,59.7,-2.729,0.003
677.091,-31.6,60.2,-2.818,0.002
677.191,-32.2,60.3,-2.89,0.002
677.29,-32.6,60.5,-2.946,0.002
677.39,-32.9,60.8,-2.998,0.002
677.49,-33.1,60.9,-3.032,0
677.589,-33,61,-3.055,0
677.689,-33,61,-3.078,0
677.789,-32.7,61.1,-3.087,0
677.888,-32.4,61.2,-3.09,-0.002
677.988,-31.8,61.4,-3.089,0
678.088,-31.4,61.3,-3.084,-0.002
678.188,-30.6,61.4,-3.073,0
678.287,-29.7,61.4,-3.055,0
678.387,-28.7,61.5,-3.03,0.002
678.487,-27.8,61.6,-3.003,0
678.586,-26.7,61.6,-2.962,0
678.686,-25.5,61.6,-2.916,0
678.786,-24,61.8,-2.861,0.003
678.885,-22.7,61.6,-2.798,-0.002
678.985,-21.2,61.7,-2.729,-0.002
679.085,-19.7,61.5,-2.651,-0.002
679.184,-17.8,61.5,-2.567,-0.002
679.284,-16.1,61.4,-2.469,-0.002
679.384,-14.3,61.4,-2.362,-0.002
679.483,-12.4,61.1,-2.246,-0.002
679.583,-10.5,60.9,-2.115,-0.002
679.683,-8.5,60.7,-1.962,-0.002
679.782,-6.5,60.2,-1.801,0.006
679.882,-4.5,59.6,-1.616,0
679.982,-2.5,58.9,-1.416,0.002
680.081,-0.7,57.7,-1.187,0.005
680.181,1.3,56.2,-0.875,0.003
680.281,3.7,56.2,-0.589,0.005
680.38,5.9,56.4,-0.358,0.006
680.48,8,56.8,-0.148,0.006
680.58,10.1,57.1,0.054,0.006
680.679,12,57.4,0.254,0.008
680.779,13.8,57.8,0.446,0.014
680.879,15.7,58.1,0.645,0.008
680.978,17.4,58.2,0.844,0.008
681.078,18.9,58,1.067,0.006
681.178,20.6,58.4,1.313,0.006
681.277,22.3,59.4,1.535,0.005
681.377,23.8,60.4,1.726,0.005
681.477,25.3,61.3,1.901,0.003
681.576,26.6,62,2.055,0.002
681.676,27.9,62.7,2.185,0
681.776,29,63.3,2.297,0.002
681.875,30,63.9,2.394,-0.003
681.975,30.8,64.3,2.471,-0.006
682.075,31.5,64.7,2.54,-0.008
682.174,32.1,64.9,2.596,-0.008
682.274,32.4,65.1,2.642,-0.008
682.374,32.7,65.4,2.679,-0.009
682.474,33,65.6,2.708,-0.011
682.573,33,65.6,2.729,-0.011
682.673,32.9,65.6,2.737,-0.011
682.773,32.8,65.7,2.743,-0.009
682.872,32.4,65.5,2.743,-0.011
682.972,32,65.5,2.743,-0.011
683.072,31.4,65.4,2.737,-0.011
683.171,30.7,65.2,2.728,-0.011
683.271,29.9,64.9,2.709,-0.012
683.371,29,64.8,2.686,-0.011
683.47,28,64.5,2.66,-0.012
683.57,26.9,64.2,2.627,-0.011
683.67,25.6,63.7,2.586,-0.011
683.769,24.4,63.3,2.535,-0.011
683.869,22.8,62.6,2.479,-0.009
683.969,21.3,62,2.417,-0.008
684.068,19.5,61.4,2.345,-0.008
684.168,17.9,60.9,2.274,-0.008
684.268,16.1,60.1,2.19,-0.006
684.367,14.3,59.4,2.098,-0.005
684.467,12.5,58.5,1.998,-0.003
684.567,10.5,57.7,1.89,-0.002
684.666,8.5,56.8,1.764,-0.002
684.766,6.5,56,1.631,0
684.866,4.4,55,1.482,0.006
684.965,2.5,54.1,1.327,0.003
685.065,0.5,53.4,1.156,0.005
685.165,-1.6,52.6,0.972,0.006
685.264,-3.7,52,0.772,0.008
685.364,-5.4,51.9,0.561,0.009
685.464,-7.5,52.3,0.269,0.008
685.563,-9.5,52.4,0.003,0.008
685.663,-11.6,52.5,-0.245,0.009
685.763,-13.6,52.8,-0.476,0.008
685.862,-15.5,52.9,-0.694,0.015
685.962,-17.3,52.8,-0.902,0.011
686.062,-19.1,52.8,-1.105,0.009
686.161,-20.6,53,-1.309,0.009
686.261,-22.2,53.5,-1.518,0.009
686.361,-23.5,54.3,-1.734,0.008
686.461,-24.8,55.8,-1.965,0.009
686.56,-26.2,56.7,-2.199,0.008
686.66,-27.5,57.4,-2.393,0.008
686.76,-28.8,57.8,-2.552,0.005
686.859,-29.8,58.2,-2.683,0.011
686.959,-30.6,58.4,-2.792,0.005
687.059,-31.4,58.9,-2.882,0.003
687.158,-32,59,-2.962,0.003
687.258,-32.5,59.3,-3.026,0.003
687.358,-32.8,59.4,-3.079,0.002
687.457,-33,59.7,-3.121,0.002
687.557,-33.2,59.9,-3.154,0.002
687.657,-33,59.9,-3.176,0.002
687.756,-32.9,60.1,-3.186,0
687.856,-32.5,60.1,-3.188,0.005
687.956,-32.1,60.2,-3.186,0
688.055,-31.6,60.3,-3.183,0.002
688.155,-30.7,60.3,-3.173,0
688.255,-30,60.4,-3.159,0
688.354,-29.1,60.4,-3.139,0
688.454,-28.1,60.5,-3.11,0
688.554,-27,60.5,-3.072,0
688.653,-25.9,60.5,-3.029,0
688.753,-24.6,60.6,-2.977,0
688.853,-23.2,60.6,-2.92,0.002
688.952,-21.8,60.5,-2.855,0
689.052,-20.2,60.5,-2.778,0
689.152,-18.5,60.4,-2.693,0
689.251,-16.8,60.2,-2.601,0
689.351,-14.9,60.1,-2.495,0
689.451,-13.1,59.8,-2.381,0.002
689.55,-11.2,59.7,-2.254,0.002
689.65,-9.2,59.4,-2.112,0
689.75,-7.2,59,-1.946,0.002
689.849,-5.2,58.5,-1.769,0.002
689.949,-3.2,57.8,-1.567,0.006
690.049,-1.3,56.8,-1.341,0.003
690.148,0.2,55,-1.066,0.006
690.248,2.9,54.6,-0.732,0.008
690.348,5.2,54.8,-0.48,0.009
690.448,7.2,55,-0.258,0.009
690.547,9.3,55.3,-0.046,0.009
690.647,11.3,55.7,0.157,0.009
690.747,13.2,56,0.361,0.009
690.846,15.1,56.4,0.563,0.009
690.946,16.9,56.7,0.765,0.012
691.046,18.5,56.6,0.972,0.009
691.145,20,56.5,1.222,0.009
691.245,21.8,57.4,1.469,0.006
691.345,23.2,58.5,1.679,0.006
691.444,24.7,59.5,1.871,0.005
691.544,26.1,60.4,2.043,0.003
691.644,27.5,61.1,2.19,0
691.743,28.6,61.6,2.307,0
691.843,29.6,62.2,2.413,-0.003
691.943,30.6,62.7,2.498,0
692.042,31.2,63,2.57,-0.005
692.142,31.8,63.3,2.633,-0.008
692.242,32.3,63.7,2.682,-0.008
692.341,32.7,63.8,2.72,-0.009
692.441,32.9,64,2.752,-0.009
692.541,33,64.1,2.772,-0.009
692.64,33,64.2,2.787,-0.011
692.74,32.8,64.1,2.795,-0.011
692.84,32.6,64,2.795,-0.009
692.939,32.1,64,2.795,-0.006
693.039,31.6,63.8,2.79,-0.009
693.139,31,63.8,2.784,-0.009
693.238,30.3,63.6,2.769,-0.011
693.338,29.3,63.3,2.751,-0.011
693.438,28.3,63.1,2.723,-0.011
693.537,27.2,62.7,2.693,-0.011
693.637,26.1,62.4,2.653,-0.011
693.737,24.8,61.9,2.605,-0.009
693.836,23.3,61.3,2.55,-0.009
693.936,21.8,60.8,2.488,-0.005
694.036,20.1,60.2,2.423,-0.009
694.135,18.5,59.5,2.352,-0.008
694.235,16.7,58.9,2.271,-0.005
694.335,15,58,2.183,-0.003
694.435,13.1,57.3,2.086,-0.003
694.534,11.1,56.5,1.977,0
694.634,9.2,55.5,1.861,-0.002
694.734,7.2,54.8,1.726,0
694.833,5.2,53.7,1.579,0.002
694.933,3.2,52.8,1.42,0.005
695.033,1.1,51.9,1.251,0.006
695.132,-0.9,51.2,1.066,0.006
695.232,-2.8,50.5,0.865,0.008
695.332,-5,50.2,0.648,0.008
695.431,-6.6,51,0.375,0.009
695.531,-8.9,50.7,0.09,0.009
695.631,-10.9,50.9,-0.167,0.008
695.73,-12.8,51.1,-0.404,0.009
695.83,-14.9,51.2,-0.635,0.011
695.93,-16.7,51.2,-0.85,0.009
696.029,-18.5,51.2,-1.058,0.012
696.129,-20.1,51.4,-1.266,0.009
696.229,-21.6,51.7,-1.479,0.011
696.328,-23.1,52.4,-1.702,0.009
696.428,-24.4,53.9,-1.939,0.009
696.528,-25.8,55.1,-2.185,0.008
696.627,-27,55.6,-2.404,0.008
696.727,-28.3,56.1,-2.581,0.006
696.827,-29.4,56.4,-2.726,0.006
696.926,-30.4,56.9,-2.85,0.005
697.026,-31.1,57.2,-2.949,0.009
697.126,-31.9,57.5,-3.037,0.002
697.225,-32.4,57.7,-3.107,0.002
697.325,-32.7,57.9,-3.167,0
697.425,-32.9,58.2,-3.212,0
697.524,-33.1,58.4,-3.248,0
697.624,-33.1,58.5,-3.272,0
697.724,-32.9,58.6,-3.284,-0.002
697.823,-32.7,58.7,-3.292,-0.002
697.923,-32.3,58.7,-3.29,-0.002
698.023,-31.8,58.8,-3.289,0.005
698.122,-31.2,58.9,-3.281,-0.002
698.222,-30.2,58.9,-3.266,-0.002
698.322,-29.4,58.9,-3.249,-0.003
698.422,-28.5,59.1,-3.223,-0.002
698.521,-27.4,59,-3.189,-0.002
698.621,-26.3,59.1,-3.15,-0.002
698.721,-25,59.1,-3.099,-0.002
698.82,-23.7,59.2,-3.044,-0.002
698.92,-22.2,59.1,-2.98,-0.002
699.02,-20.8,59,-2.911,0.005
699.119,-19,58.9,-2.826,-0.002
699.219,-17.3,58.7,-2.738,-0.002
699.319,-15.5,58.5,-2.638,-0.002
699.418,-13.7,58.4,-2.526,0
699.518,-11.8,58.3,-2.401,0
699.618,-9.8,57.9,-2.261,0
699.717,-7.9,57.6,-2.105,0.002
699.817,-5.9,57.1,-1.928,0.002
699.917,-3.9,56.5,-1.731,0.003
700.016,-1.9,55.6,-1.509,0.005
700.116,-0.2,54.2,-1.255,0.005
700.216,2,52.8,-0.905,0.005
700.315,4.3,52.8,-0.618,0.008
700.415,6.5,53.1,-0.376,0.008
700.515,8.6,53.3,-0.154,0.011
700.614,10.6,53.7,0.06,0.009
700.714,12.6,54,0.274,0.009
700.814,14.4,54.4,0.474,0.009
700.913,16.4,54.8,0.683,0.009
701.013,17.9,55.1,0.89,0.008
701.113,19.4,54.9,1.118,0.008
701.212,21,55.3,1.378,0.008
701.312,22.6,56.3,1.622,0.006
701.412,24.2,57.4,1.838,0.005
701.511,25.7,58.4,2.027,0.002
701.611,27.1,59.1,2.185,0.002
701.711,28.2,59.8,2.321,-0.002
701.81,29.2,60.4,2.43,-0.003
701.91,30.2,60.8,2.523,-0.005
702.01,31,61.4,2.601,-0.006
702.109,31.7,61.6,2.668,-0.006
702.209,32.2,61.9,2.725,-0.009
702.309,32.6,62.1,2.767,-0.009
702.409,32.9,62.3,2.804,-0.011
702.508,33,62.5,2.83,-0.012
702.608,33,62.7,2.845,-0.012
702.708,32.9,62.5,2.856,-0.012
702.807,32.7,62.5,2.858,-0.012
702.907,32.2,62.4,2.859,-0.012
703.007,31.8,62.2,2.858,-0.011
703.106,31.1,62.2,2.85,-0.008
703.206,30.5,61.9,2.839,-0.011
703.306,29.6,61.8,2.821,-0.012
703.405,28.7,61.5,2.797,-0.012
703.505,27.7,61.3,2.767,-0.012
703.605,26.5,61,2.731,-0.011
703.704,25.2,60.5,2.688,-0.012
703.804,23.8,60.1,2.634,-0.011
703.904,22.3,59.5,2.575,-0.012
704.003,20.8,58.9,2.511,-0.011
704.103,19,58.3,2.44,-0.003
704.203,17.4,57.6,2.362,-0.008
704.302,15.6,56.8,2.278,-0.008
704.402,13.7,56,2.18,-0.005
704.502,11.8,55.2,2.076,-0.005
704.601,9.9,54.4,1.96,-0.002
704.701,7.9,53.4,1.83,0
704.801,5.8,52.5,1.686,0
704.9,3.9,51.5,1.529,0.002
705,1.7,50.6,1.356,0.003
705.1,-0.2,49.8,1.174,0.009
705.199,-2.3,49,0.972,0.005
705.299,-4.3,48.5,0.755,0.008
705.399,-5.7,49.1,0.503,0.008
705.498,-8.1,49.1,0.19,0.008
705.598,-10.2,49.2,-0.086,0.008
705.698,-12.3,49.4,-0.335,0.009
705.797,-14.2,49.5,-0.573,0.009
705.897,-16.1,49.4,-0.794,0.009
705.997,-17.8,49.5,-1.011,0.009
706.096,-19.5,49.7,-1.222,0.012
706.196,-21.1,49.9,-1.439,0.009
706.296,-22.6,50.4,-1.664,0.009
706.396,-23.8,51.8,-1.902,0.006
706.495,-25.2,53.2,-2.162,0.006
706.595,-26.7,54,-2.407,0.008
706.695,-27.9,54.6,-2.608,0.006
706.794,-29,55.1,-2.772,0.005
706.894,-30.1,55.5,-2.904,0.003
706.994,-30.9,55.8,-3.014,0.003
707.093,-31.5,56.1,-3.104,0.002
707.193,-32.1,56.3,-3.188,0.003
707.293,-32.7,56.6,-3.26,0
707.392,-32.9,56.9,-3.313,0.002
707.492,-33.1,57.1,-3.353,-0.002
707.592,-33.1,57.1,-3.382,-0.002
707.691,-32.9,57.3,-3.399,-0.002
707.791,-32.8,57.4,-3.407,-0.003
707.891,-32.4,57.4,-3.408,-0.002
707.99,-32,57.5,-3.407,-0.002
708.09,-31.3,57.6,-3.402,-0.003
708.19,-30.6,57.6,-3.388,0.002
708.289,-29.7,57.6,-3.371,-0.003
708.389,-28.7,57.7,-3.349,-0.002
708.489,-27.8,57.8,-3.321,-0.002
708.588,-26.6,57.7,-3.28,-0.002
708.688,-25.5,57.8,-3.237,-0.003
708.788,-24.2,57.8,-3.18,-0.003
708.887,-22.7,57.7,-3.118,-0.002
708.987,-21.2,57.7,-3.049,-0.002
709.087,-19.6,57.5,-2.974,-0.002
709.186,-17.8,57.5,-2.885,0.005
709.286,-16.1,57.2,-2.789,-0.002
709.386,-14.3,57,-2.68,-0.002
709.485,-12.4,56.8,-2.561,-0.002
709.585,-10.5,56.5,-2.423,-0.002
709.685,-8.6,56.1,-2.271,0
709.784,-6.5,55.8,-2.098,0.002
709.884,-4.5,55.2,-1.904,0.002
709.984,-2.6,54.4,-1.685,0.003
710.083,-0.7,53.2,-1.434,0.003
710.183,1,51.5,-1.101,0.009
710.283,3.5,50.9,-0.766,0.006
710.382,5.8,51.1,-0.508,0.008
710.482,7.9,51.4,-0.268,0.008
710.582,9.9,51.7,-0.043,0.008
710.682,11.9,52.1,0.176,0.009
710.781,13.8,52.5,0.388,0.008
710.881,15.7,52.9,0.601,0.009
710.981,17.3,53.2,0.815,0.008
711.08,19.1,53.5,1.038,0.006
711.18,20.4,53.3,1.289,0.009
711.28,22.1,54.2,1.561,0.008
711.379,23.6,55.4,1.795,0.005
711.479,25,56.4,2.006,0.003
711.579,26.6,57.3,2.185,0.002
711.678,27.9,58.1,2.333,-0.002
711.778,28.9,58.6,2.453,-0.003
711.878,29.9,59.2,2.552,-0.005
711.977,30.8,59.6,2.634,-0.006
712.077,31.5,59.9,2.708,-0.008
712.177,32.1,60.3,2.763,-0.005
712.276,32.4,60.6,2.81,-0.009
712.376,32.7,60.8,2.853,-0.011
712.476,33,60.9,2.884,-0.009
712.575,33.1,61,2.904,-0.011
712.675,33,61,2.917,-0.011
712.775,32.7,61.1,2.92,-0.012
712.874,32.5,61,2.922,-0.012
712.974,32,60.8,2.922,-0.012
713.074,31.4,60.9,2.917,-0.012
713.173,30.7,60.6,2.908,-0.011
713.273,29.8,60.4,2.891,-0.011
713.373,29,60.3,2.871,-0.011
713.472,28,59.9,2.842,-0.011
713.572,26.9,59.7,2.81,-0.012
713.672,25.7,59.1,2.771,-0.011
713.771,24.4,58.8,2.72,-0.011
713.871,22.8,58.2,2.662,-0.011
713.971,21.2,57.4,2.598,-0.008
714.07,19.5,56.9,2.529,-0.008
714.17,17.9,56.2,2.457,-0.006
714.27,16.1,55.5,2.37,-0.002
714.369,14.3,54.7,2.28,-0.005
714.469,12.4,53.8,2.177,-0.003
714.569,10.5,52.9,2.064,-0.002
714.669,8.5,52,1.939,-0.002
714.768,6.5,51.1,1.798,0
714.868,4.5,50.1,1.641,0.003
714.968,2.6,49.2,1.468,0.005
715.067,0.5,48.4,1.281,0.005
715.167,-1.6,47.5,1.081,0.006
715.267,-3.6,47.1,0.861,0.012
715.366,-5.2,47,0.618,0.009
715.466,-7.3,47.4,0.298,0.008
715.566,-9.5,47.4,0.008,0.008
715.665,-11.6,47.7,-0.261,0.009
715.765,-13.5,47.8,-0.509,0.008
715.865,-15.5,47.7,-0.745,0.009
715.964,-17.3,47.7,-0.965,0.008
716.064,-19,47.9,-1.183,0.009
716.164,-20.6,48.2,-1.402,0.009
716.263,-22,48.9,-1.635,0.015
716.363,-23.2,50,-1.878,0.009
716.463,-24.7,51.4,-2.154,0.008
716.562,-26.1,52.2,-2.422,0.008
716.662,-27.4,52.9,-2.653,0.006
716.762,-28.7,53.4,-2.839,0.003
716.861,-29.7,54,-2.982,0.003
716.961,-30.6,54.3,-3.102,0.002
717.061,-31.3,54.6,-3.206,0.003
717.16,-32,55,-3.297,0
717.26,-32.4,55.4,-3.368,0.006
717.36,-32.8,55.5,-3.43,0
717.459,-32.9,55.8,-3.474,-0.002
717.559,-33.2,55.9,-3.509,-0.002
717.659,-33.1,56,-3.532,-0.002
717.758,-32.9,56.1,-3.543,-0.003
717.858,-32.5,56.2,-3.547,-0.002
717.958,-32.1,56.2,-3.546,-0.003
718.057,-31.6,56.3,-3.543,-0.003
718.157,-30.8,56.3,-3.53,-0.003
718.257,-30,56.4,-3.518,-0.002
718.356,-29,56.4,-3.495,-0.002
718.456,-28.1,56.5,-3.468,-0.003
718.556,-27,56.6,-3.433,-0.003
718.655,-25.9,56.5,-3.39,-0.003
718.755,-24.6,56.6,-3.338,-0.003
718.855,-23.2,56.4,-3.28,-0.003
718.955,-21.7,56.4,-3.212,-0.003
719.054,-20.2,56.3,-3.139,-0.002
719.154,-18.4,56.1,-3.055,-0.002
719.254,-16.6,56,-2.963,-0.002
719.353,-14.9,55.7,-2.858,0
719.453,-13.1,55.5,-2.743,-0.002
719.553,-11,55.2,-2.612,-0.002
719.652,-9.1,54.9,-2.465,-0.002
719.752,-7.1,54.6,-2.297,0
719.852,-5.2,54,-2.112,0
719.951,-3.3,53.2,-1.894,0.002
720.051,-1.3,52.2,-1.65,0.003
720.151,0.1,50.6,-1.355,0.005
720.25,2.6,49.2,-0.968,0.005
720.35,5,49.2,-0.667,0.012
720.45,7.1,49.5,-0.411,0.008
720.549,9.3,49.8,-0.17,0.009
720.649,11.2,50.2,0.06,0.009
720.749,13.1,50.6,0.284,0.008
720.848,15,51,0.505,0.009
720.948,16.8,51.6,0.725,0.008
721.048,18.6,51.8,0.946,0.008
721.147,19.8,51.7,1.185,0.008
721.247,21.4,51.9,1.465,0.008
721.347,23,53.1,1.732,0.011
721.446,24.6,54.2,1.974,0.006
721.546,26,55.2,2.177,0.003
721.646,27.4,56,2.342,0
721.745,28.6,56.8,2.475,-0.002
721.845,29.6,57.4,2.587,-0.003
721.945,30.4,57.8,2.677,-0.005
722.044,31.3,58.3,2.757,-0.006
722.144,31.9,58.7,2.819,-0.008
722.244,32.4,58.9,2.871,-0.008
722.343,32.7,59.1,2.916,-0.003
722.443,32.9,59.2,2.951,-0.009
722.543,33.1,59.4,2.975,-0.011
722.642,33,59.4,2.992,-0.011
722.742,32.8,59.4,3.001,-0.011
722.842,32.5,59.4,3.003,-0.011
722.942,32.2,59.2,3.001,-0.012
723.041,31.6,59.3,2.998,-0.012
723.141,31,59.1,2.992,-0.011
723.241,30.2,59,2.977,-0.011
723.34,29.3,58.7,2.957,-0.006
723.44,28.3,58.5,2.931,-0.012
723.54,27.2,58.1,2.899,-0.012
723.639,26.1,57.7,2.859,-0.011
723.739,24.8,57.2,2.815,-0.011
723.839,23.3,56.6,2.758,-0.009
723.938,21.8,56.1,2.697,-0.009
724.038,20.1,55.5,2.63,-0.009
724.138,18.5,54.8,2.56,-0.009
724.237,16.7,54.1,2.479,-0.008
724.337,14.9,53.4,2.388,-0.006
724.437,13,52.4,2.292,-0.005
724.536,11.2,51.7,2.18,-0.005
724.636,9.1,50.7,2.055,-0.003
724.736,7.3,49.9,1.925,-0.002
724.835,5.3,48.8,1.766,0
724.935,3.2,47.7,1.595,0.002
725.035,1.1,46.9,1.407,0.005
725.134,-0.7,46.1,1.208,0.006
725.234,-2.9,45.3,0.982,0.006
725.334,-4.8,45,0.742,0.008
725.433,-6.5,45.7,0.427,0.011
725.533,-8.7,45.7,0.121,0.008
725.633,-10.7,45.8,-0.168,0.008
725.732,-12.8,46,-0.436,0.008
725.832,-14.9,45.9,-0.683,0.009
725.932,-16.7,45.9,-0.911,0.011
726.031,-18.4,46.1,-1.135,0.009
726.131,-20.1,46.3,-1.361,0.011
726.231,-21.6,46.9,-1.593,0.009
726.33,-22.9,47.9,-1.842,0.009
726.43,-24.1,49.6,-2.125,0.015
726.53,-25.5,50.6,-2.414,0.008
726.629,-26.9,51.2,-2.668,0.008
726.729,-28.2,51.8,-2.882,0.006
726.829,-29.3,52.4,-3.052,0.005
726.928,-30.3,52.8,-3.189,0.003
727.028,-31.2,53.1,-3.304,0.003
727.128,-31.7,53.5,-3.393,0.002
727.228,-32.4,53.7,-3.468,0.002
727.327,-32.7,54,-3.527,0.002
727.427,-33,54.3,-3.576,0.006
727.527,-33.2,54.4,-3.612,0
727.626,-33,54.6,-3.633,-0.002
727.726,-32.9,54.6,-3.648,-0.002
727.826,-32.6,54.7,-3.653,-0.002
727.925,-32.3,54.8,-3.653,-0.002
728.025,-31.8,54.8,-3.651,-0.002
728.125,-31,54.8,-3.645,-0.002
728.224,-30.2,54.9,-3.631,-0.003
728.324,-29.4,55.1,-3.615,-0.002
728.424,-28.3,55.1,-3.589,0.003
728.523,-27.3,55,-3.556,-0.002
728.623,-26.2,55.1,-3.517,-0.002
728.723,-25,55.1,-3.468,-0.002
728.822,-23.6,55,-3.413,-0.002
728.922,-22.2,55,-3.352,-0.002
729.022,-20.7,54.9,-3.281,-0.002
729.121,-19,54.7,-3.199,-0.002
729.221,-17.3,54.5,-3.112,-0.002
729.321,-15.5,54.4,-3.014,-0.002
729.42,-13.7,54.1,-2.904,0.002
729.52,-11.8,53.8,-2.777,-0.002
729.62,-9.8,53.4,-2.638,0.002
729.719,-7.8,53.1,-2.477,0.002
729.819,-5.9,52.7,-2.295,0
729.919,-4,51.9,-2.086,0.002
730.018,-2,51,-1.842,0.003
730.118,-0.1,49.7,-1.56,0.006
730.218,1.7,47.9,-1.177,0.008
730.317,4.3,47.3,-0.826,0.009
730.417,6.5,47.6,-0.547,0.011
730.517,8.5,47.7,-0.294,0.012
730.616,10.5,47.9,-0.05,0.009
730.716,12.5,48.2,0.191,0.011
730.816,14.4,48.6,0.424,0.009
730.915,16.2,49.2,0.653,0.009
731.015,18,49.5,0.881,0.009
731.115,19.6,49.9,1.116,0.008
731.215,20.7,49.7,1.375,0.006
731.314,22.5,50.6,1.677,0.006
731.414,24,51.7,1.946,0.005
731.514,25.5,52.9,2.174,0.005
731.613,27,53.9,2.365,0
731.713,28.2,54.6,2.512,-0.003
731.813,29.4,55.2,2.63,-0.003
731.912,30.2,55.6,2.72,-0.005
732.012,31,56.1,2.801,-0.008
732.112,31.6,56.5,2.868,-0.009
732.211,32.2,57,2.928,-0.009
732.311,32.6,57.2,2.977,-0.011
732.411,32.9,57.3,3.015,-0.011
732.51,33,57.6,3.044,-0.008
732.61,33,57.4,3.064,-0.012
732.71,32.8,57.5,3.076,-0.012
732.809,32.7,57.5,3.082,-0.012
732.909,32.3,57.4,3.081,-0.014
733.009,31.8,57.3,3.079,-0.012
733.108,31.2,57.1,3.076,-0.014
733.208,30.4,57,3.063,-0.012
733.308,29.6,56.8,3.046,-0.012
733.407,28.7,56.5,3.021,-0.014
733.507,27.6,56.3,2.991,-0.008
733.607,26.5,55.9,2.956,-0.012
733.706,25.3,55.4,2.911,-0.012
733.806,23.8,54.9,2.856,-0.012
733.906,22.2,54.5,2.798,-0.012
734.005,20.7,53.8,2.732,-0.011
734.105,19,53.1,2.662,-0.009
734.205,17.3,52.5,2.586,-0.008
734.304,15.5,51.6,2.5,-0.006
734.404,13.6,50.9,2.404,-0.006
734.504,11.7,50,2.3,0
734.603,9.8,49,2.179,-0.003
734.703,7.9,48.2,2.047,-0.002
734.803,5.8,47,1.897,0
734.902,3.9,46.1,1.726,0.002
735.002,1.8,45.1,1.532,0.002
735.102,-0.2,44.2,1.332,0.005
735.201,-2.2,43.5,1.105,0.006
735.301,-4.1,43,0.862,0.008
735.401,-5.7,43.8,0.561,0.008
735.501,-8,43.6,0.226,0.011
735.6,-10.1,43.6,-0.075,0.008
735.7,-12.1,43.9,-0.361,0.009
735.8,-14.2,43.7,-0.624,0.008
735.899,-16.1,43.8,-0.864,0.009
735.999,-17.9,44,-1.096,0.008
736.099,-19.4,44.2,-1.324,0.008
736.198,-21,44.6,-1.564,0.009
736.298,-22.3,45.5,-1.821,0.009
736.398,-23.6,47.2,-2.107,0.008
736.497,-24.9,48.6,-2.413,0.008
736.597,-26.4,49.2,-2.696,0.008
736.697,-27.7,49.9,-2.936,0.005
736.796,-29,50.5,-3.131,0.003
736.896,-30,51.1,-3.28,0.002
736.996,-30.9,51.4,-3.396,0.002
737.095,-31.6,51.8,-3.495,0
737.195,-32.3,52.2,-3.579,0
737.295,-32.6,52.4,-3.645,0
737.394,-32.9,52.6,-3.694,-0.002
737.494,-33.2,52.9,-3.731,-0.002
737.594,-33.1,52.9,-3.755,0
737.693,-33,53,-3.772,-0.003
737.793,-32.8,53.1,-3.778,-0.003
737.893,-32.4,53.2,-3.78,-0.003
737.992,-32,53.3,-3.778,-0.005
738.092,-31.2,53.3,-3.774,-0.003
738.192,-30.5,53.3,-3.763,-0.003
738.291,-29.7,53.4,-3.748,-0.003
738.391,-28.8,53.5,-3.726,-0.005
738.491,-27.6,53.5,-3.697,-0.005
738.59,-26.5,53.6,-3.659,0.003
738.69,-25.5,53.4,-3.616,-0.003
738.79,-24,53.5,-3.561,-0.003
738.889,-22.7,53.5,-3.501,-0.005
738.989,-21.1,53.3,-3.433,-0.005
739.089,-19.5,53.2,-3.359,-0.005
739.188,-17.8,52.9,-3.271,-0.003
739.288,-16,52.7,-3.182,-0.003
739.388,-14.2,52.5,-3.075,-0.003
739.488,-12.4,52.2,-2.96,-0.003
739.587,-10.5,51.9,-2.821,0.003
739.687,-8.5,51.4,-2.671,-0.002
739.787,-6.6,51,-2.492,-0.002
739.886,-4.6,50.5,-2.289,0
739.986,-2.7,49.5,-2.055,0
740.086,-0.8,48.4,-1.783,0.003
740.185,0.5,46.3,-1.437,0.005
740.285,3.3,45.2,-1.023,0.006
740.385,5.7,45.3,-0.699,0.009
740.484,7.8,45.7,-0.427,0.008
740.584,9.8,46,-0.165,0.014
740.684,11.8,46.3,0.086,0.011
740.783,13.7,46.8,0.33,0.009
740.883,15.6,47.2,0.567,0.009
740.983,17.3,47.6,0.803,0.008
741.082,19,48.2,1.043,0.009
741.182,20.4,48.3,1.295,0.008
741.282,21.8,48.3,1.595,0.008
741.381,23.3,49.6,1.901,0.005
741.481,25,50.9,2.17,0.003
741.581,26.5,51.9,2.385,0.003
741.68,27.8,52.9,2.549,0.002
741.78,28.9,53.3,2.674,-0.003
741.88,29.9,53.9,2.775,-0.003
741.979,30.7,54.4,2.859,-0.006
742.079,31.5,54.8,2.936,-0.008
742.179,32,55.2,2.997,-0.009
742.278,32.5,55.5,3.05,-0.009
742.378,32.8,55.6,3.093,-0.009
742.478,33,55.9,3.124,-0.011
742.577,33,56,3.15,-0.012
742.677,32.9,55.9,3.164,-0.011
742.777,32.8,55.9,3.173,-0.011
742.876,32.4,55.9,3.173,-0.012
742.976,32,55.8,3.173,-0.012
743.076,31.5,55.8,3.17,-0.014
743.175,30.6,55.6,3.157,-0.012
743.275,29.8,55.3,3.142,-0.012
743.375,29,55.3,3.122,-0.012
743.474,28,54.8,3.093,-0.012
743.574,26.8,54.5,3.061,-0.012
743.674,25.6,54,3.017,-0.009
743.774,24.2,53.6,2.966,-0.012
743.873,22.7,53,2.91,-0.011
743.973,21.2,52.4,2.845,-0.009
744.073,19.5,51.8,2.777,-0.008
744.172,17.9,51.1,2.706,-0.008
744.272,16,50.4,2.621,-0.006
744.372,14.3,49.6,2.532,-0.006
744.471,12.3,48.7,2.43,-0.005
744.571,10.5,47.8,2.315,-0.003
744.671,8.5,47,2.185,0.005
744.77,6.5,45.9,2.038,0
744.87,4.7,44.8,1.875,0
744.97,2.6,43.8,1.682,0.003
745.069,0.5,42.8,1.472,0.006
745.169,-1.4,42.1,1.246,0.006
745.269,-3.4,41.5,0.995,0.008
745.368,-5,42,0.714,0.008
745.468,-7.2,42,0.356,0.009
745.568,-9.3,42,0.037,0.009
745.667,-11.4,42.1,-0.265,0.015
745.767,-13.4,42,-0.547,0.011
745.867,-15.4,41.9,-0.809,0.011
745.966,-17.3,42.1,-1.055,0.011
746.066,-18.9,42.4,-1.289,0.011
746.166,-20.4,42.9,-1.532,0.011
746.265,-21.8,43.5,-1.787,0.009
746.365,-23.1,45.2,-2.079,0.009
746.465,-24.4,46.5,-2.399,0.009
746.564,-25.9,47.3,-2.706,0.008
746.664,-27.3,48.2,-2.978,0.009
746.764,-28.5,48.7,-3.205,0.003
746.863,-29.7,49.4,-3.368,0.002
746.963,-30.7,49.8,-3.495,0.002
747.063,-31.5,50.2,-3.596,0
747.162,-32,50.5,-3.679,0
747.262,-32.5,50.8,-3.748,0
747.362,-32.9,51,-3.8,-0.002
747.461,-33,51.2,-3.838,-0.002
747.561,-33.1,51.3,-3.867,-0.002
747.661,-33.1,51.6,-3.885,0
747.761,-33,51.5,-3.894,-0.003
747.86,-32.6,51.7,-3.897,-0.002
747.96,-32.1,51.6,-3.899,-0.003
748.06,-31.5,51.7,-3.894,-0.002
748.159,-30.8,51.8,-3.884,-0.003
748.259,-30,51.9,-3.871,-0.003
748.359,-29.1,51.9,-3.853,-0.003
748.458,-28,52,-3.829,-0.003
748.558,-27,51.9,-3.795,-0.002
748.658,-25.8,52,-3.752,-0.003
748.757,-24.5,51.9,-3.703,0
748.857,-23.2,51.9,-3.647,-0.003
748.957,-21.7,51.8,-3.582,-0.003
749.056,-20.1,51.7,-3.511,-0.003
749.156,-18.4,51.5,-3.428,-0.002
749.256,-16.6,51.2,-3.339,-0.003
749.355,-14.9,51.1,-3.241,-0.003
749.455,-13,50.7,-3.128,-0.002
749.555,-11,50.3,-3.003,-0.002
749.654,-9.1,50.1,-2.859,-0.002
749.754,-7.2,49.6,-2.693,0.005
749.854,-5.2,49,-2.497,0
749.953,-3.3,48.3,-2.268,0.002
750.053,-1.5,47.2,-2.003,0.003
750.153,0.2,45.6,-1.677,0.005
750.252,2.4,43.9,-1.238,0.008
750.352,4.9,43.3,-0.867,0.009
750.452,7,43.6,-0.567,0.011
750.551,9.1,43.9,-0.289,0.011
750.651,11.1,44.3,-0.021,0.012
750.751,13.1,44.8,0.242,0.017
750.85,15,45.1,0.492,0.012
750.95,16.7,45.5,0.737,0.009
751.05,18.4,46,0.991,0.009
751.149,19.9,46.4,1.248,0.008
751.249,21.3,46.3,1.532,0.008
751.349,22.7,47,1.855,0.008
751.448,24.4,48.6,2.162,0.005
751.548,25.9,49.7,2.405,0.003
751.648,27.3,50.7,2.589,0
751.747,28.6,51.4,2.723,0.003
751.847,29.6,51.9,2.832,-0.003
751.947,30.5,52.4,2.923,-0.008
752.047,31.3,53,3.001,-0.008
752.146,31.8,53.2,3.066,-0.008
752.246,32.3,53.6,3.124,-0.009
752.346,32.7,53.7,3.171,-0.011
752.445,32.8,54,3.208,-0.011
752.545,33.1,54.2,3.234,-0.011
752.645,33,54.1,3.252,-0.012
752.744,32.8,54.1,3.26,-0.008
752.844,32.5,54,3.264,-0.011
752.944,32.2,53.9,3.263,-0.012
753.043,31.6,54,3.26,-0.014
753.143,30.9,53.7,3.255,-0.012
753.243,30.1,53.6,3.238,-0.012
753.342,29.3,53.5,3.223,-0.012
753.442,28.3,53.2,3.199,-0.011
753.542,27.2,52.8,3.168,-0.011
753.641,26.1,52.4,3.128,-0.012
753.741,24.7,52,3.079,-0.011
753.841,23.3,51.4,3.024,-0.011
753.94,21.8,50.8,2.963,-0.009
754.04,20,50.2,2.894,-0.008
754.14,18.3,49.5,2.823,-0.008
754.239,16.6,48.8,2.746,-0.006
754.339,15,48.1,2.66,-0.006
754.439,12.9,47.1,2.561,-0.005
754.538,11.1,46.4,2.453,-0.003
754.638,9.1,45.4,2.326,-0.002
754.738,7.3,44.5,2.188,0
754.837,5.2,43.2,2.026,0.003
754.937,3.2,42.3,1.846,0.003
755.037,1.3,41.2,1.635,0.003
755.136,-0.7,40.4,1.404,0.005
755.236,-2.7,39.7,1.148,0.006
755.336,-4.5,39.6,0.862,0.008
755.435,-6.4,40.1,0.498,0.009
755.535,-8.6,40,0.156,0.008
755.635,-10.7,40.1,-0.165,0.009
755.734,-12.8,40.1,-0.463,0.009
755.834,-14.7,40.1,-0.746,0.015
755.934,-16.7,40.2,-1.003,0.009
756.034,-18.4,40.4,-1.251,0.009
756.133,-19.9,40.8,-1.497,0.009
756.233,-21.4,41.6,-1.761,0.009
756.333,-22.6,42.9,-2.055,0.011
756.432,-23.8,44.5,-2.393,0.009
756.532,-25.2,45.5,-2.731,0.008
756.632,-26.7,46.3,-3.044,0.006
756.731,-28.2,47.1,-3.298,0.003
756.831,-29.4,47.7,-3.48,0.009
756.931,-30.4,48.1,-3.612,0.002
757.03,-31.2,48.5,-3.717,0.002
757.13,-31.9,48.9,-3.803,0
757.23,-32.4,49.2,-3.864,0
757.329,-32.8,49.3,-3.917,0
757.429,-33,49.6,-3.96,-0.003
757.529,-33.2,49.7,-3.989,-0.003
757.628,-33.1,49.9,-4.006,-0.002
757.728,-33,49.8,-4.02,-0.003
757.828,-32.7,49.9,-4.027,0.003
757.927,-32.4,50.1,-4.027,-0.005
758.027,-31.7,50,-4.027,-0.003
758.127,-30.9,50.2,-4.02,-0.003
758.226,-30.3,50.2,-4.009,-0.003
758.326,-29.4,50.2,-3.992,-0.003
758.426,-28.3,50.4,-3.968,-0.003
758.525,-27.3,50.3,-3.937,-0.003
758.625,-26.2,50.4,-3.897,-0.003
758.725,-24.9,50.4,-3.852,-0.003
758.824,-23.6,50.3,-3.798,0
758.924,-22.2,50.3,-3.737,-0.003
759.024,-20.6,50.1,-3.671,-0.003
759.123,-19,50,-3.592,-0.003
759.223,-17.3,49.8,-3.506,-0.003
759.323,-15.4,49.4,-3.413,-0.003
759.422,-13.6,49.2,-3.307,-0.003
759.522,-11.7,48.8,-3.186,-0.002
759.622,-9.8,48.4,-3.053,-0.002
759.721,-7.8,48,-2.896,-0.002
759.821,-6,47.5,-2.711,-0.002
759.921,-4,46.8,-2.494,0
760.021,-2.1,46,-2.237,0.003
760.12,-0.3,44.7,-1.925,0.003
760.22,1.2,42.4,-1.518,0.006
760.32,3.8,41.4,-1.075,0.008
760.419,6.2,41.5,-0.725,0.009
760.519,8.3,41.7,-0.424,0.009
760.619,10.3,42,-0.142,0.011
760.718,12.3,42.4,0.141,0.011
760.818,14.3,42.8,0.408,0.011
760.918,16.1,43.3,0.668,0.012
761.017,17.9,43.9,0.925,0.011
761.117,19.4,44.4,1.196,0.009
761.217,20.9,44.7,1.474,0.009
761.316,22.1,44.9,1.797,0.008
761.416,23.7,46.2,2.142,0.006
761.516,25.4,47.7,2.433,0.006
761.615,27,48.7,2.641,0.005
761.715,28.3,49.5,2.787,0
761.815,29.4,50.1,2.902,-0.002
761.914,30.3,50.8,3,0.003
762.014,31.1,51,3.081,-0.005
762.114,31.6,51.5,3.151,-0.005
762.213,32.2,51.7,3.211,-0.006
762.313,32.6,52,3.263,-0.008
762.413,32.9,52.2,3.304,-0.008
762.512,33,52.3,3.332,-0.009
762.612,33,52.5,3.356,-0.009
762.712,32.9,52.4,3.368,-0.009
762.811,32.6,52.4,3.378,-0.009
762.911,32.2,52.5,3.376,-0.005
763.011,31.9,52.3,3.375,-0.011
763.11,31.2,52.2,3.37,-0.009
763.21,30.4,52,3.358,-0.009
763.31,29.5,51.9,3.341,-0.009
763.409,28.6,51.7,3.319,-0.009
763.509,27.6,51.3,3.29,-0.009
763.609,26.5,51.1,3.252,-0.009
763.708,25.2,50.5,3.209,-0.011
763.808,23.7,50,3.156,-0.009
763.908,22.2,49.5,3.095,-0.005
764.008,20.7,48.8,3.032,-0.009
764.107,19,48.1,2.959,-0.006
764.207,17.2,47.4,2.885,-0.006
764.307,15.4,46.7,2.8,-0.005
764.406,13.5,45.8,2.708,-0.005
764.506,11.7,45,2.605,-0.002
764.606,9.8,44.1,2.486,-0.002
764.705,7.8,43.1,2.35,0
764.805,5.9,42,2.197,0.003
764.905,3.9,41.1,2.02,0.006
765.004,2,40,1.815,0.005
765.104,0,39,1.584,0.006
765.204,-1.9,38.1,1.323,0.008
765.303,-3.9,37.6,1.031,0.009
765.403,-5.6,38.4,0.676,0.011
765.503,-7.8,38.1,0.303,0.009
765.602,-9.8,38.2,-0.043,0.011
765.702,-12,38.3,-0.372,0.011
765.802,-14,38,-0.673,0.011
765.901,-15.8,38.4,-0.959,0.012
766.001,-17.7,38.5,-1.223,0.014
766.101,-19.4,39,-1.482,0.012
766.2,-20.8,39.6,-1.752,0.011
766.3,-22,41.1,-2.057,0.011
766.4,-23.3,42.4,-2.405,0.009
766.499,-24.6,43.4,-2.764,0.009
766.599,-26.1,44.4,-3.116,0.008
766.699,-27.7,45.2,-3.394,0.005
766.798,-29.1,45.9,-3.592,0.003
766.898,-30.2,46.3,-3.728,0.003
766.998,-31,46.8,-3.833,0.006
767.097,-31.8,47.1,-3.916,0.002
767.197,-32.3,47.4,-3.983,0
767.297,-32.7,47.6,-4.037,0
767.396,-33,47.8,-4.079,-0.002
767.496,-33.1,47.9,-4.113,-0.002
767.596,-33.1,48.2,-4.141,-0.003
767.695,-32.9,48.2,-4.157,-0.003
767.795,-32.7,48.2,-4.165,-0.003
767.895,-32.4,48.4,-4.168,-0.005
767.995,-31.9,48.4,-4.167,0.003
768.094,-31.3,48.4,-4.162,-0.003
768.194,-30.5,48.4,-4.153,-0.003
768.294,-29.7,48.6,-4.137,-0.005
768.393,-28.8,48.6,-4.118,-0.005
768.493,-27.7,48.6,-4.089,-0.005
768.593,-26.5,48.8,-4.055,-0.005
768.692,-25.4,48.6,-4.009,-0.005
768.792,-24.1,48.6,-3.956,-0.005
768.892,-22.7,48.6,-3.899,-0.003
768.991,-21.1,48.4,-3.833,0.003
769.091,-19.5,48.2,-3.763,-0.003
769.191,-17.8,48.1,-3.68,-0.003
769.29,-16,47.7,-3.589,-0.005
769.39,-14.2,47.4,-3.488,-0.006
769.49,-12.3,47.2,-3.376,-0.005
769.589,-10.4,46.7,-3.248,-0.005
769.689,-8.4,46.3,-3.102,-0.005
769.789,-6.6,45.8,-2.928,-0.002
769.888,-4.6,45.2,-2.726,-0.003
769.988,-2.7,44.6,-2.482,0.003
770.088,-0.9,43.2,-2.193,0.002
770.187,0.6,41.6,-1.83,0.003
770.287,2.9,39.7,-1.338,0.008
770.387,5.2,39.1,-0.914,0.009
770.486,7.5,39.3,-0.566,0.011
770.586,9.5,39.6,-0.254,0.009
770.686,11.6,40.1,0.054,0.011
770.785,13.6,40.6,0.342,0.011
770.885,15.5,41.1,0.621,0.011
770.985,17.1,41.6,0.891,0.011
771.084,18.8,42.1,1.165,0.011
771.184,20.3,42.7,1.445,0.011
771.284,21.7,43.1,1.751,0.009
771.383,23,43.6,2.112,0.008
771.483,24.8,45.3,2.449,0.006
771.583,26.5,46.5,2.688,0.005
771.682,27.8,47.4,2.852,0.002
771.782,29,48,2.975,0
771.882,29.9,48.7,3.076,-0.002
771.982,30.8,49,3.162,-0.005
772.081,31.6,49.4,3.234,-0.002
772.181,32,49.8,3.298,-0.006
772.281,32.4,50.1,3.356,-0.008
772.38,32.8,50.4,3.407,-0.008
772.48,33,50.5,3.445,-0.009
772.58,33.1,50.6,3.474,-0.009
772.679,32.9,50.7,3.491,-0.009
772.779,32.8,50.8,3.5,-0.011
772.879,32.4,50.5,3.501,-0.011
772.978,32,50.6,3.503,-0.011
773.078,31.4,50.4,3.498,-0.008
773.178,30.7,50.3,3.489,-0.011
773.277,29.8,50.2,3.474,-0.012
773.377,29,50,3.454,-0.011
773.477,28,49.6,3.423,-0.009
773.576,26.8,49.3,3.391,-0.011
773.676,25.6,48.9,3.349,-0.011
773.776,24.3,48.3,3.297,-0.011
773.875,22.7,47.7,3.237,-0.009
773.975,21.2,47.2,3.176,-0.009
774.075,19.5,46.6,3.107,-0.002
774.174,17.8,45.8,3.032,-0.006
774.274,16,45.2,2.951,-0.005
774.374,14.2,44.2,2.862,-0.003
774.473,12.3,43.4,2.758,-0.003
774.573,10.4,42.4,2.648,-0.002
774.673,8.5,41.6,2.518,0
774.772,6.7,40.6,2.373,0.002
774.872,4.6,39.5,2.2,0.003
774.972,2.6,38.4,2.001,0.005
775.071,0.8,37.4,1.768,0.012
775.171,-1.2,36.4,1.503,0.008
775.271,-3.1,35.7,1.203,0.009
775.37,-4.6,36.5,0.856,0.009
775.47,-6.9,36.2,0.453,0.011
775.57,-9.1,36.1,0.083,0.012
775.669,-11.2,36.1,-0.268,0.011
775.769,-13.2,36.1,-0.59,0.011
775.869,-15.2,36.2,-0.894,0.012
775.969,-17.1,36.5,-1.177,0.012
776.068,-18.7,36.9,-1.448,0.017
776.168,-20.3,37.5,-1.732,0.012
776.268,-21.5,38.7,-2.034,0.012
776.367,-22.8,40.4,-2.388,0.011
776.467,-24,41.6,-2.775,0.011
776.567,-25.5,42.5,-3.167,0.009
776.666,-27.3,43.4,-3.485,0.006
776.766,-28.8,44.2,-3.703,0.005
776.866,-29.9,44.7,-3.842,0.003
776.965,-30.8,45.1,-3.952,0.002
777.065,-31.4,45.5,-4.04,0.003
777.165,-32,45.8,-4.118,0
777.264,-32.6,46,-4.174,0
777.364,-32.9,46.3,-4.223,-0.002
777.464,-33.1,46.4,-4.261,-0.002
777.563,-33.2,46.5,-4.292,-0.002
777.663,-33,46.8,-4.309,-0.002
777.763,-32.9,46.8,-4.322,-0.003
777.862,-32.6,46.8,-4.326,-0.002
777.962,-32.1,46.9,-4.324,-0.002
778.062,-31.5,46.8,-4.319,-0.003
778.161,-30.8,47,-4.312,-0.002
778.261,-30,47,-4.3,-0.002
778.361,-29.1,47,-4.28,-0.003
778.46,-28,47.1,-4.255,-0.003
778.56,-27,47.1,-4.222,-0.003
778.66,-25.8,47.1,-4.18,-0.003
778.759,-24.5,47,-4.133,-0.003
778.859,-23.1,46.8,-4.075,-0.002
778.959,-21.6,46.9,-4.014,-0.003
779.058,-20.1,46.7,-3.943,-0.003
779.158,-18.3,46.5,-3.862,0.003
779.258,-16.6,46.3,-3.778,-0.002
779.357,-14.8,45.9,-3.685,-0.002
779.457,-12.9,45.5,-3.578,-0.002
779.557,-11,45.2,-3.456,-0.002
779.656,-9.1,44.8,-3.323,-0.002
779.756,-7.2,44.4,-3.16,0
779.856,-5.2,43.8,-2.977,0
779.956,-3.3,43.2,-2.749,0.003
780.055,-1.6,42,-2.472,0.005
780.155,0.2,40.8,-2.128,0.014
780.255,1.7,38.4,-1.665,0.008
780.354,4.3,37.2,-1.157,0.011
780.454,6.7,37.1,-0.748,0.012
780.554,8.9,37.5,-0.398,0.012
780.653,10.8,37.8,-0.075,0.014
780.753,12.9,38.4,0.242,0.014
780.853,14.8,38.8,0.543,0.014
780.952,16.7,39.4,0.833,0.014
781.052,18.2,39.9,1.118,0.012
781.152,19.8,40.7,1.408,0.017
781.251,21.2,41.2,1.714,0.009
781.351,22.4,41.5,2.073,0.008
781.451,24.1,42.7,2.454,0.008
781.55,25.9,44.1,2.734,0.003
781.65,27.4,45.1,2.922,0.002
781.75,28.6,45.8,3.056,-0.003
781.849,29.7,46.3,3.162,-0.003
781.949,30.6,46.9,3.254,-0.005
782.049,31.3,47.3,3.335,-0.005
782.148,31.9,47.8,3.405,-0.005
782.248,32.3,48.1,3.469,-0.009
782.348,32.6,48.3,3.524,-0.009
782.447,32.9,48.6,3.57,-0.012
782.547,33,48.8,3.602,-0.012
782.647,33,48.8,3.625,-0.012
782.746,32.8,48.8,3.637,-0.014
782.846,32.4,48.7,3.644,-0.012
782.946,32.2,48.7,3.642,-0.014
783.045,31.6,48.7,3.639,-0.014
783.145,30.9,48.4,3.634,-0.014
783.245,30.2,48.3,3.619,-0.012
783.344,29.3,48,3.601,-0.012
783.444,28.3,47.8,3.575,-0.014
783.544,27.2,47.4,3.541,-0.012
783.643,26,47.2,3.501,-0.011
783.743,24.7,46.6,3.452,-0.012
783.843,23.3,46.1,3.399,-0.012
783.943,21.7,45.4,3.333,-0.011
784.042,20.1,44.8,3.264,-0.011
784.142,18.3,44,3.194,-0.009
784.242,16.6,43.3,3.113,-0.005
784.341,14.8,42.5,3.026,-0.006
784.441,13,41.7,2.93,-0.006
784.541,11,40.8,2.824,-0.005
784.64,9.1,39.9,2.702,-0.003
784.74,7.2,39,2.563,-0.003
784.84,5.2,38,2.404,0
784.939,3.3,36.8,2.209,0.002
785.039,1.3,35.7,1.982,0.005
785.139,-0.5,34.7,1.722,0.005
785.238,-2.4,33.8,1.413,0.011
785.338,-4,33.7,1.067,0.008
785.438,-6.1,33.9,0.636,0.008
785.537,-8.2,33.9,0.243,0.009
785.637,-10.5,33.9,-0.136,0.009
785.737,-12.5,33.8,-0.488,0.009
785.836,-14.5,33.9,-0.821,0.011
785.936,-16.3,34.3,-1.128,0.011
786.036,-18.1,34.7,-1.424,0.011
786.135,-19.7,35.4,-1.72,0.011
786.235,-21.1,36.5,-2.037,0.017
786.335,-22.2,38.1,-2.394,0.009
786.434,-23.4,39.4,-2.807,0.009
786.534,-25,40.5,-3.235,0.006
786.634,-26.7,41.7,-3.586,0.005
786.733,-28.4,42.3,-3.816,0.003
786.833,-29.6,42.9,-3.965,0.002
786.933,-30.5,43.2,-4.079,0
787.032,-31.3,43.6,-4.179,0
787.132,-32,43.9,-4.251,-0.002
787.232,-32.4,44.2,-4.315,0.003
787.331,-32.9,44.4,-4.368,-0.003
787.431,-33,44.6,-4.416,-0.003
787.531,-33.1,44.8,-4.449,-0.002
787.63,-33.2,45,-4.475,-0.005
787.73,-32.9,45.1,-4.491,-0.005
787.83,-32.7,45.1,-4.494,-0.005
787.93,-32.2,45.1,-4.494,-0.005
788.029,-31.7,45.2,-4.492,-0.005
788.129,-31.1,45.2,-4.486,-0.006
788.229,-30.2,45.4,-4.474,-0.003
788.328,-29.4,45.3,-4.46,-0.006
788.428,-28.4,45.3,-4.434,-0.005
788.528,-27.3,45.3,-4.404,-0.006
788.627,-26.2,45.4,-4.365,-0.005
788.727,-25,45.3,-4.318,-0.005
788.827,-23.6,45.2,-4.264,-0.005
788.926,-22.2,45.1,-4.205,-0.005
789.026,-20.5,45,-4.137,-0.005
789.126,-18.9,44.7,-4.061,-0.005
789.225,-17.2,44.5,-3.974,-0.005
789.325,-15.4,44.2,-3.885,-0.003
789.425,-13.5,43.8,-3.783,-0.003
789.524,-11.6,43.5,-3.67,-0.003
789.624,-9.6,43,-3.543,-0.003
789.724,-7.8,42.7,-3.394,-0.002
789.823,-5.8,42.1,-3.22,-0.002
789.923,-3.9,41.6,-3.02,-0.002
790.023,-2.1,40.8,-2.767,0.002
790.122,-0.3,39.4,-2.451,0.003
790.222,0.9,37.6,-2.044,0.005
790.322,3.1,35.5,-1.485,0.012
790.421,5.7,34.8,-0.986,0.011
790.521,8.1,35,-0.578,0.012
790.621,10,35.5,-0.208,0.012
790.72,12.1,35.9,0.136,0.012
790.82,14.1,36.3,0.465,0.012
790.92,15.9,37,0.775,0.014
791.019,17.7,37.6,1.076,0.012
791.119,19.3,38.4,1.381,0.011
791.219,20.8,39.1,1.69,0.009
791.318,22,40.1,2.035,0.017
791.418,23.3,40.5,2.425,0.005
791.518,25.3,42.2,2.78,0.005
791.617,27,43.3,3.004,0.002
791.717,28.3,44,3.154,0
791.817,29.3,44.6,3.266,-0.002
791.917,30.2,45.2,3.365,-0.005
792.016,31,45.6,3.452,-0.006
792.116,31.6,46,3.527,-0.006
792.216,32.2,46.4,3.598,-0.008
792.315,32.6,46.7,3.653,-0.002
792.415,32.8,46.9,3.703,-0.009
792.515,32.9,47,3.74,-0.009
792.614,33.1,47.2,3.769,-0.011
792.714,32.8,47.1,3.781,-0.011
792.814,32.7,47.1,3.787,-0.011
792.913,32.2,47.1,3.79,-0.011
793.013,31.8,47,3.79,-0.011
793.113,31.1,46.8,3.786,-0.011
793.212,30.4,46.9,3.774,-0.011
793.312,29.5,46.6,3.757,-0.006
793.412,28.6,46.2,3.735,-0.011
793.511,27.6,46,3.703,-0.012
793.611,26.5,45.7,3.668,-0.011
793.711,25.2,45.1,3.619,-0.011
793.81,23.9,44.6,3.566,-0.009
793.91,22.3,43.9,3.501,-0.008
794.01,20.6,43.3,3.436,-0.008
794.109,18.9,42.7,3.362,-0.005
794.209,17.2,41.9,3.283,-0.005
794.309,15.4,41.2,3.199,-0.003
794.408,13.5,40.5,3.105,-0.005
794.508,11.8,39.5,3.004,-0.003
794.608,9.7,38.7,2.885,-0.002
794.707,7.8,37.7,2.754,0
794.807,5.9,36.7,2.601,0.003
794.907,4,35.6,2.419,0.003
795.006,2.1,34.5,2.203,0.005
795.106,0.2,33.4,1.945,0.006
795.206,-1.6,32.3,1.638,0.008
795.305,-3.5,31.8,1.275,0.009
795.405,-5.2,32.3,0.838,0.011
795.505,-7.5,32,0.41,0.009
795.604,-9.6,32.1,0.006,0.011
795.704,-11.7,32,-0.378,0.011
795.804,-13.7,31.9,-0.737,0.011
795.903,-15.7,32.3,-1.073,0.012
796.003,-17.5,32.7,-1.39,0.012
796.103,-19.1,33.3,-1.702,0.011
796.203,-20.5,34.3,-2.026,0.011
796.302,-21.6,36.1,-2.401,0.011
796.402,-22.8,37.4,-2.841,0.015
796.502,-24.3,38.7,-3.304,0.008
796.601,-26.3,39.8,-3.693,0.008
796.701,-28,40.7,-3.939,0.005
796.801,-29.3,41.3,-4.098,0.003
796.9,-30.1,41.6,-4.219,0.002
797,-31.1,42,-4.322,0.002
797.1,-31.7,42.2,-4.41,0
797.199,-32.2,42.7,-4.48,0
797.299,-32.6,42.8,-4.54,0
797.399,-33,43.1,-4.595,0.005
797.498,-33,43.3,-4.637,-0.002
797.598,-33.2,43.4,-4.667,-0.002
797.698,-33,43.5,-4.693,-0.003
797.797,-32.8,43.6,-4.703,-0.002
797.897,-32.4,43.8,-4.705,-0.003
797.997,-32,43.8,-4.703,-0.003
798.096,-31.2,43.9,-4.702,-0.003
798.196,-30.5,43.9,-4.689,-0.003
798.296,-29.6,44,-4.674,-0.002
798.395,-28.7,44,-4.653,0.003
798.495,-27.7,44,-4.624,-0.002
798.595,-26.7,43.9,-4.587,-0.003
798.694,-25.4,43.9,-4.541,-0.003
798.794,-24,43.9,-4.488,-0.003
798.894,-22.7,43.7,-4.43,-0.003
798.993,-21.1,43.5,-4.358,-0.003
799.093,-19.5,43.3,-4.286,-0.002
799.193,-17.8,43,-4.203,-0.002
799.292,-15.9,42.7,-4.115,-0.003
799.392,-14.1,42.5,-4.015,0.002
799.492,-12.2,42,-3.907,-0.003
799.591,-10.3,41.7,-3.786,-0.002
799.691,-8.4,41.3,-3.65,-0.002
799.791,-6.4,40.7,-3.488,0
799.89,-4.5,40.2,-3.306,0.002
799.99,-2.5,39.5,-3.078,0.002
800.09,-0.9,38.4,-2.798,0.003
800.19,0.7,36.9,-2.427,0.006
800.289,2.1,34.5,-1.913,0.009
800.389,4.5,33.1,-1.318,0.012
800.489,7,32.7,-0.806,0.014
800.588,9.2,33.1,-0.379,0.014
800.688,11.4,33.5,0.008,0.015
800.788,13.3,33.9,0.372,0.014
800.887,15.2,34.6,0.711,0.014
800.987,17,35,1.035,0.012
801.087,18.7,35.7,1.347,0.012
801.186,20.2,36.6,1.665,0.011
801.286,21.4,37.7,2.015,0.009
801.386,22.8,38.5,2.402,0.008
801.485,24.6,39.5,2.797,0.006
801.585,26.4,40.9,3.072,0.002
801.685,27.9,41.8,3.243,0
801.784,28.9,42.4,3.37,-0.002
801.884,30,43,3.48,-0.003
801.984,30.7,43.4,3.573,-0.005
802.083,31.5,43.9,3.659,-0.006
802.183,32,44.2,3.735,-0.009
802.283,32.4,44.6,3.8,-0.009
802.382,32.7,44.9,3.856,-0.009
802.482,33,45.1,3.9,-0.005
802.582,33,45.2,3.934,-0.011
802.681,32.9,45.3,3.959,-0.011
802.781,32.8,45.3,3.968,-0.012
802.881,32.4,45.2,3.972,-0.014
802.98,31.9,45.1,3.972,-0.011
803.08,31.4,45.1,3.969,-0.012
803.18,30.7,45,3.963,-0.012
803.279,29.9,44.8,3.948,-0.011
803.379,28.9,44.6,3.926,-0.012
803.479,28,44.4,3.897,-0.008
803.578,26.8,44,3.864,-0.012
803.678,25.6,43.5,3.819,-0.012
803.778,24.2,42.9,3.763,-0.011
803.877,22.8,42.2,3.703,-0.011
803.977,21.2,41.7,3.634,-0.011
804.077,19.6,41.1,3.563,-0.011
804.176,17.8,40.3,3.486,-0.009
804.276,15.9,39.5,3.397,-0.008
804.376,14.2,38.7,3.306,-0.006
804.476,12.3,37.9,3.208,-0.002
804.575,10.4,36.9,3.098,-0.005
804.675,8.5,36,2.972,-0.003
804.775,6.5,34.9,2.829,-0.002
804.874,4.6,34,2.659,0
804.974,2.6,32.9,2.459,0.002
805.074,0.8,31.7,2.214,0.003
805.173,-1,30.7,1.922,0.005
805.273,-2.6,29.8,1.552,0.008
805.373,-4.2,30.5,1.107,0.009
805.472,-6.6,29.9,0.622,0.012
805.572,-8.7,29.8,0.173,0.009
805.672,-10.9,29.5,-0.242,0.009
805.771,-12.9,29.7,-0.636,0.009
805.871,-14.9,30,-1.003,0.009
805.971,-16.7,30.4,-1.347,0.011
806.07,-18.4,30.9,-1.686,0.011
806.17,-19.9,31.9,-2.032,0.011
806.27,-21.1,33.7,-2.422,0.009
806.369,-22.2,35.1,-2.876,0.009
806.469,-23.7,36.5,-3.373,0.008
806.569,-25.8,37.8,-3.803,0.006
806.668,-27.6,38.7,-4.072,0.005
806.768,-28.9,39.2,-4.243,0.002
806.868,-30,39.8,-4.373,0
806.967,-30.7,40.2,-4.488,0
807.067,-31.5,40.7,-4.585,-0.002
807.167,-32,40.8,-4.668,-0.003
807.266,-32.4,41.3,-4.741,-0.003
807.366,-32.9,41.4,-4.806,-0.005
807.466,-33,41.7,-4.858,-0.005
807.565,-33.1,41.8,-4.899,-0.002
807.665,-33,42,-4.926,-0.003
807.765,-33,42.1,-4.943,-0.005
807.864,-32.5,42.1,-4.948,-0.005
807.964,-32,42.2,-4.949,-0.005
808.064,-31.5,42.3,-4.948,-0.005
808.163,-30.8,42.3,-4.94,-0.006
808.263,-29.9,42.4,-4.926,-0.006
808.363,-29.1,42.3,-4.908,-0.006
808.463,-28.1,42.5,-4.884,-0.006
808.562,-27,42.5,-4.848,-0.002
808.662,-25.8,42.3,-4.804,-0.006
808.762,-24.6,42.2,-4.754,-0.006
808.861,-23.2,42.2,-4.693,-0.006
808.961,-21.7,42,-4.625,-0.006
809.061,-20.1,41.9,-4.547,-0.006
809.16,-18.4,41.4,-4.465,-0.006
809.26,-16.6,41.2,-4.374,-0.006
809.36,-14.8,40.8,-4.275,-0.005
809.459,-12.8,40.5,-4.17,-0.005
809.559,-11,40,-4.052,0.003
809.659,-9,39.5,-3.92,-0.005
809.758,-7,38.9,-3.772,-0.003
809.858,-5.1,38.4,-3.599,-0.003
809.958,-3.2,37.7,-3.394,0
810.057,-1.4,37,-3.141,0
810.157,0.2,35.7,-2.809,0.002
810.257,1.5,33.7,-2.367,0.005
810.356,3.5,31.5,-1.746,0.009
810.456,5.9,30.3,-1.128,0.011
810.556,8.3,30.7,-0.609,0.017
810.655,10.4,31,-0.159,0.014
810.755,12.5,31.6,0.258,0.014
810.855,14.5,32.2,0.639,0.014
810.954,16.4,32.8,0.988,0.015
811.054,18.2,33.5,1.32,0.014
811.154,19.7,34.4,1.656,0.012
811.253,21,35.5,2.02,0.011
811.353,22.5,36.8,2.408,0.008
811.453,23.8,37.4,2.8,0.006
811.552,25.8,38.8,3.141,0.005
811.652,27.4,39.8,3.344,0.002
811.752,28.6,40.6,3.488,0
811.851,29.7,41,3.602,-0.003
811.951,30.4,41.6,3.703,-0.005
812.051,31.2,42.1,3.797,-0.005
812.15,31.8,42.3,3.874,-0.006
812.25,32.3,42.7,3.948,-0.006
812.35,32.7,43,4.006,-0.008
812.449,32.9,43.3,4.053,-0.009
812.549,33,43.4,4.089,-0.011
812.649,33,43.4,4.115,-0.009
812.749,32.8,43.5,4.128,-0.011
812.848,32.5,43.4,4.134,-0.011
812.948,32.1,43.4,4.136,-0.011
813.048,31.6,43.3,4.134,-0.012
813.147,30.9,43.2,4.131,-0.011
813.247,30.1,43.1,4.121,-0.011
813.347,29.3,42.8,4.102,-0.011
813.446,28.3,42.6,4.079,-0.011
813.546,27.2,42.3,4.049,-0.011
813.646,26.1,42,4.009,-0.008
813.745,24.7,41.5,3.959,-0.011
813.845,23.3,40.9,3.9,-0.011
813.945,21.7,40.2,3.833,-0.009
814.044,20.1,39.5,3.76,-0.009
814.144,18.4,38.9,3.682,-0.008
814.244,16.7,38,3.598,-0.006
814.343,14.7,37.2,3.508,-0.008
814.443,12.9,36.5,3.407,-0.005
814.543,11.1,35.5,3.298,-0.005
814.642,9.1,34.7,3.18,0
814.742,7.1,33.6,3.043,-0.003
814.842,5.2,32.6,2.887,-0.002
814.941,3.3,31.5,2.696,0.002
815.041,1.4,30.4,2.465,0.003
815.141,-0.3,29.3,2.186,0.005
815.24,-2,28.3,1.835,0.006
815.34,-3.5,28,1.399,0.006
815.44,-5.7,28,0.867,0.009
815.539,-7.8,27.8,0.379,0.011
815.639,-10,27.7,-0.084,0.017
815.739,-12.1,27.8,-0.517,0.011
815.838,-14.1,27.8,-0.93,0.011
815.938,-16,28.4,-1.309,0.012
816.038,-17.8,28.9,-1.679,0.011
816.137,-19.3,29.8,-2.05,0.011
816.237,-20.4,31.4,-2.466,0.011
816.337,-21.7,33.2,-2.946,0.009
816.436,-23,34.6,-3.478,0.009
816.536,-25.3,35.8,-3.937,0.008
816.636,-27.3,36.9,-4.223,0.011
816.736,-28.5,37.4,-4.41,0.005
816.835,-29.6,37.9,-4.55,0.005
816.935,-30.6,38.3,-4.667,0.002
817.035,-31.2,38.7,-4.774,0
817.134,-31.9,39.1,-4.871,-0.002
817.234,-32.3,39.6,-4.957,-0.002
817.334,-32.8,39.8,-5.032,-0.003
817.433,-33,40.1,-5.098,-0.003
817.533,-33.1,40.3,-5.148,-0.003
817.633,-33.1,40.5,-5.183,-0.002
817.732,-32.9,40.6,-5.211,-0.005
817.832,-32.7,40.8,-5.223,-0.005
817.932,-32.4,40.7,-5.229,-0.005
818.031,-31.8,40.9,-5.226,-0.005
818.131,-31.2,40.8,-5.222,-0.005
818.231,-30.3,40.9,-5.212,-0.006
818.33,-29.4,40.9,-5.196,-0.006
818.43,-28.4,41,-5.171,-0.006
818.53,-27.4,41,-5.141,-0.008
818.629,-26.3,41,-5.098,-0.005
818.729,-25,40.9,-5.047,-0.005
818.829,-23.6,40.8,-4.991,-0.005
818.928,-22.2,40.6,-4.923,-0.006
819.028,-20.6,40.4,-4.848,-0.005
819.128,-19,40.1,-4.767,-0.005
819.227,-17.2,39.7,-4.673,-0.005
819.327,-15.4,39.4,-4.575,-0.005
819.427,-13.5,39,-4.466,-0.005
819.526,-11.6,38.4,-4.345,-0.003
819.626,-9.7,38,-4.222,-0.003
819.726,-7.8,37.4,-4.081,0.002
819.825,-5.7,36.9,-3.917,0
819.925,-3.7,36.3,-3.726,0
820.025,-1.9,35.5,-3.501,0.002
820.124,-0.1,34.5,-3.219,0.003
820.224,1.3,32.9,-2.838,0.006
820.324,2.3,30.4,-2.292,0.009
820.423,4.4,28.8,-1.595,0.012
820.523,7.1,28,-0.934,0.015
820.623,9.4,28.6,-0.39,0.015
820.722,11.6,29.1,0.096,0.021
820.822,13.6,29.6,0.534,0.015
820.922,15.6,30.1,0.93,0.014
821.022,17.4,30.8,1.292,0.011
821.121,19.1,31.7,1.65,0.011
821.221,20.5,32.8,2.023,0.009
821.321,21.9,34.2,2.422,0.006
821.42,23.3,35.5,2.815,0.003
821.52,25.1,36.1,3.186,0.002
821.62,26.9,37.4,3.443,-0.002
821.719,28.3,38.1,3.607,0.005
821.819,29.3,38.7,3.728,-0.005
821.919,30.3,39.1,3.83,-0.006
822.018,31,39.6,3.922,-0.008
822.118,31.6,40.1,4.006,-0.009
822.218,32.1,40.4,4.082,-0.011
822.317,32.5,40.8,4.151,-0.011
822.417,32.8,41.1,4.206,-0.012
822.517,33,41.3,4.249,-0.012
822.616,33,41.4,4.28,-0.014
822.716,32.8,41.3,4.298,-0.011
822.816,32.6,41.4,4.309,-0.014
822.915,32.1,41.3,4.31,-0.015
823.015,31.8,41.1,4.312,-0.014
823.115,31.1,41.2,4.309,-0.015
823.214,30.3,41,4.307,-0.014
823.314,29.5,40.8,4.29,-0.015
823.414,28.6,40.7,4.271,-0.014
823.513,27.5,40.3,4.243,-0.014
823.613,26.5,40,4.211,-0.014
823.713,25.2,39.5,4.163,-0.014
823.812,23.8,39,4.105,-0.012
823.912,22.2,38.4,4.043,-0.012
824.012,20.6,37.7,3.974,-0.012
824.111,19,36.9,3.896,-0.012
824.211,17.2,36,3.813,-0.009
824.311,15.5,35.3,3.722,-0.009
824.41,13.5,34.4,3.622,-0.009
824.51,11.7,33.6,3.515,-0.006
824.61,9.7,32.7,3.396,-0.006
824.709,7.7,31.7,3.263,-0.005
824.809,5.8,30.7,3.112,0
824.909,3.8,29.6,2.934,-0.002
825.009,2,28.5,2.723,0.002
825.108,0.2,27.4,2.454,0.003
825.208,-1.4,26.3,2.125,0.005
825.308,-2.9,25.7,1.699,0.006
825.407,-4.7,26,1.156,0.008
825.507,-6.9,25.5,0.604,0.009
825.607,-9.2,25.4,0.093,0.008
825.706,-11.2,25.3,-0.387,0.009
825.806,-13.2,25.6,-0.842,0.014
825.906,-15.2,26,-1.261,0.009
826.005,-17,26.5,-1.67,0.009
826.105,-18.5,27.4,-2.086,0.009
826.205,-19.8,29,-2.54,0.009
826.304,-20.8,30.8,-3.056,0.008
826.404,-22.6,32.3,-3.618,0.006
826.504,-24.7,33.6,-4.089,0.005
826.603,-26.7,34.6,-4.39,0.003
826.703,-28.1,35.3,-4.589,0
826.803,-29.2,35.9,-4.743,0.005
826.902,-30,36.3,-4.873,-0.003
827.002,-30.9,36.8,-4.998,-0.005
827.102,-31.5,37.3,-5.111,-0.005
827.201,-32.1,37.8,-5.214,-0.006
827.301,-32.5,38.1,-5.3,-0.006
827.401,-32.9,38.4,-5.374,-0.006
827.5,-33,38.7,-5.434,-0.008
827.6,-33,38.9,-5.48,-0.009
827.7,-32.9,39,-5.515,-0.008
827.799,-32.8,39.1,-5.535,-0.002
827.899,-32.4,39.2,-5.544,-0.011
827.999,-32,39.3,-5.544,-0.009
828.098,-31.3,39.2,-5.543,-0.011
828.198,-30.6,39.4,-5.533,-0.009
828.298,-29.7,39.4,-5.521,-0.011
828.397,-28.8,39.5,-5.503,-0.009
828.497,-27.7,39.6,-5.475,-0.011
828.597,-26.5,39.5,-5.437,-0.011
828.696,-25.4,39.4,-5.391,-0.011
828.796,-24.1,39.2,-5.336,-0.005
828.896,-22.7,39.1,-5.274,-0.009
828.995,-21.2,38.9,-5.199,-0.009
829.095,-19.6,38.7,-5.115,-0.009
829.195,-17.8,38.3,-5.023,-0.009
829.295,-16.1,37.9,-4.922,-0.009
829.394,-14.1,37.4,-4.81,-0.008
829.494,-12.3,37,-4.688,-0.008
829.594,-10.3,36.4,-4.561,-0.006
829.693,-8.4,35.9,-4.42,-0.006
829.793,-6.3,35.3,-4.261,-0.005
829.893,-4.4,34.6,-4.085,-0.005
829.992,-2.4,33.9,-3.878,-0.003
830.092,-0.6,33.1,-3.631,-0.002
830.192,1,31.8,-3.31,0
830.291,2.2,29.9,-2.868,0.005
830.391,3.6,27.6,-2.211,0.008
830.491,5.6,26.1,-1.443,0.011
830.59,8.2,26,-0.719,0.012
830.69,10.6,26.5,-0.121,0.014
830.79,12.8,27.2,0.399,0.012
830.889,14.9,28,0.856,0.017
830.989,16.7,28.8,1.255,0.012
831.089,18.5,29.5,1.639,0.012
831.188,20,30.8,2.023,0.011
831.288,21.4,32.2,2.427,0.008
831.388,23,33.7,2.832,0.005
831.487,24.5,34.4,3.212,0.003
831.587,26.2,35.3,3.518,0.002
831.687,27.8,36.2,3.711,0
831.786,29,36.8,3.848,-0.003
831.886,29.9,37.4,3.966,0.002
831.986,30.7,37.8,4.069,-0.006
832.085,31.3,38.3,4.168,-0.006
832.185,32,38.8,4.258,-0.008
832.285,32.4,39.2,4.335,-0.008
832.384,32.7,39.4,4.397,-0.009
832.484,32.9,39.6,4.449,-0.009
832.584,33,39.8,4.491,-0.011
832.683,33,40,4.515,-0.011
832.783,32.7,39.8,4.53,-0.011
832.883,32.4,39.8,4.533,-0.005
832.982,31.8,39.7,4.537,-0.011
833.082,31.3,39.6,4.535,-0.012
833.182,30.6,39.6,4.532,-0.011
833.282,29.8,39.4,4.524,-0.012
833.381,28.9,39.3,4.504,-0.012
833.481,27.9,39.1,4.48,-0.011
833.581,26.8,38.7,4.451,-0.011
833.68,25.6,38.3,4.408,-0.011
833.78,24.2,37.7,4.359,-0.011
833.88,22.7,37.2,4.296,-0.006
833.979,21.2,36.5,4.225,-0.011
834.079,19.5,35.7,4.15,-0.011
834.179,17.7,34.9,4.069,-0.008
834.278,16,34.1,3.982,-0.008
834.378,14.1,33.2,3.881,-0.008
834.478,12.3,32.4,3.777,-0.006
834.577,10.5,31.4,3.659,-0.005
834.677,8.5,30.5,3.526,-0.003
834.777,6.4,29.5,3.379,-0.002
834.876,4.5,28.6,3.214,0.002
834.976,2.6,27.4,3.012,0.003
835.076,0.8,26.4,2.766,0.002
835.175,-0.9,25.2,2.462,0.005
835.275,-2.2,24.2,2.063,0.008
835.375,-3.6,24.4,1.524,0.009
835.474,-6,23.7,0.904,0.011
835.574,-8.2,23.6,0.33,0.012
835.674,-10.2,23.5,-0.208,0.012
835.773,-12.4,23.6,-0.714,0.012
835.873,-14.4,24,-1.188,0.012
835.973,-16.2,24.6,-1.636,0.014
836.072,-17.7,25.3,-2.087,0.012
836.172,-19.2,26.8,-2.584,0.012
836.272,-20.2,28.8,-3.131,0.012
836.371,-21.9,30.4,-3.726,0.009
836.471,-24.2,31.8,-4.235,0.006
836.571,-26.2,32.8,-4.566,0.005
836.67,-27.6,33.5,-4.793,0.002
836.77,-28.8,34.2,-4.975,0.003
836.87,-29.7,34.6,-5.134,0.002
836.969,-30.6,35.2,-5.275,0.002
837.069,-31.3,35.7,-5.408,-0.002
837.169,-32,36.2,-5.527,-0.003
837.268,-32.4,36.6,-5.627,-0.005
837.368,-32.7,37,-5.711,-0.005
837.468,-33,37.3,-5.781,-0.005
837.568,-33,37.6,-5.839,-0.006
837.667,-33,37.8,-5.881,-0.006
837.767,-32.9,37.9,-5.908,-0.006
837.867,-32.5,37.9,-5.919,-0.008
837.966,-32,38.1,-5.92,-0.002
838.066,-31.5,38,-5.919,-0.008
838.166,-30.8,38.1,-5.916,-0.008
838.265,-29.9,38.1,-5.903,-0.009
838.365,-29,38.2,-5.888,-0.008
838.465,-28,38.3,-5.865,-0.008
838.564,-27,38.1,-5.835,-0.008
838.664,-25.8,38.2,-5.793,-0.009
838.764,-24.5,38.1,-5.743,-0.008
838.863,-23.2,38,-5.682,-0.008
838.963,-21.7,37.7,-5.613,0
839.063,-20.2,37.4,-5.53,-0.008
839.162,-18.4,37,-5.439,-0.006
839.262,-16.7,36.7,-5.336,-0.006
839.362,-14.9,36.2,-5.226,-0.006
839.461,-12.9,35.7,-5.102,-0.006
839.561,-11,35.1,-4.968,-0.006
839.661,-9,34.5,-4.824,-0.006
839.76,-7.2,33.9,-4.66,-0.005
839.86,-5.1,33.2,-4.475,-0.003
839.96,-3.1,32.6,-4.274,0.003
840.059,-1.3,31.6,-4.04,0
840.159,0.6,30.6,-3.751,0.003
840.259,2.1,28.9,-3.376,0.005
840.358,2.9,26.6,-2.852,0.008
840.458,4.5,25,-2.096,0.009
840.558,6.7,23.8,-1.238,0.014
840.657,9.3,24.1,-0.463,0.017
840.757,11.7,24.8,0.183,0.017
840.857,14,25.7,0.725,0.018
840.956,16,26.7,1.185,0.017
841.056,17.9,27.4,1.599,0.017
841.156,19.4,28.4,2.005,0.014
841.255,20.9,29.8,2.422,0.012
841.355,22.4,31.3,2.85,0.009
841.455,24.1,32.7,3.241,0.008
841.555,25.6,32.9,3.567,0.005
841.654,27.3,34,3.821,0.003
841.754,28.5,34.7,3.992,0
841.854,29.5,35.4,4.128,0
841.953,30.3,35.8,4.251,-0.003
842.053,31.1,36.4,4.359,-0.002
842.153,31.7,36.8,4.46,-0.005
842.252,32.2,37.4,4.546,-0.006
842.352,32.5,37.7,4.622,-0.008
842.452,32.8,38,4.688,-0.008
842.551,32.9,38,4.737,-0.009
842.651,32.9,38.3,4.774,-0.011
842.751,32.8,38.3,4.795,-0.009
842.85,32.5,38.3,4.803,-0.011
842.95,32.1,38.2,4.807,-0.011
843.05,31.5,38.2,4.806,-0.006
843.149,30.9,38.1,4.804,-0.011
843.249,30.1,37.9,4.798,-0.011
843.349,29.2,37.7,4.783,-0.011
843.448,28.3,37.5,4.761,-0.011
843.548,27.2,37.2,4.734,-0.011
843.648,26,36.9,4.696,-0.011
843.747,24.6,36.3,4.647,-0.011
843.847,23.3,35.8,4.589,-0.011
843.947,21.8,35,4.518,-0.009
844.046,20,34.4,4.443,-0.003
844.146,18.4,33.6,4.364,-0.006
844.246,16.6,32.8,4.274,-0.008
844.345,14.8,31.9,4.176,-0.006
844.445,12.9,31,4.069,-0.005
844.545,10.9,30,3.951,-0.003
844.644,9.1,29.1,3.824,-0.002
844.744,7.1,28.2,3.68,-0.002
844.844,5.2,27.1,3.514,0
844.943,3.3,26,3.324,0.005
845.043,1.4,24.9,3.095,0.011
845.143,-0.3,23.7,2.812,0.008
845.242,-1.8,22.7,2.44,0.009
845.342,-3.1,22,1.936,0.011
845.442,-4.8,22,1.28,0.011
845.542,-7.2,21.6,0.628,0.012
845.641,-9.3,21.4,0.015,0.014
845.741,-11.4,21.5,-0.555,0.014
845.841,-13.5,21.8,-1.087,0.014
845.94,-15.4,22.5,-1.587,0.014
846.04,-16.9,23.2,-2.095,0.017
846.14,-18.3,24.4,-2.641,0.014
846.239,-19.6,26.5,-3.229,0.014
846.339,-21.3,28.2,-3.85,0.012
846.439,-23.8,29.6,-4.368,0.008
846.538,-25.5,30.6,-4.734,0.008
846.638,-27.1,31.4,-5.011,0.006
846.738,-28.3,32.1,-5.237,0.005
846.837,-29.3,32.8,-5.425,0.003
846.937,-30.3,33.5,-5.599,0.002
847.037,-31,34.2,-5.758,0.002
847.136,-31.7,34.7,-5.894,-0.002
847.236,-32.4,35.2,-6.003,-0.003
847.336,-32.6,35.5,-6.095,-0.003
847.435,-33,35.8,-6.171,-0.005
847.535,-33,36.2,-6.24,-0.006
847.635,-33,36.4,-6.286,-0.006
847.734,-32.9,36.6,-6.319,-0.006
847.834,-32.6,36.7,-6.336,-0.006
847.934,-32.3,36.7,-6.341,-0.008
848.033,-31.8,36.9,-6.342,-0.008
848.133,-31,36.9,-6.339,-0.008
848.233,-30.3,36.8,-6.333,-0.008
848.332,-29.4,36.9,-6.319,-0.009
848.432,-28.3,36.9,-6.299,-0.008
848.532,-27.2,36.9,-6.27,-0.009
848.631,-26.1,36.8,-6.235,-0.008
848.731,-24.9,36.8,-6.188,-0.009
848.831,-23.6,36.7,-6.134,-0.008
848.93,-22.2,36.5,-6.069,-0.008
849.03,-20.6,36.2,-5.995,-0.008
849.13,-19,36,-5.91,-0.002
849.229,-17.3,35.5,-5.818,-0.006
849.329,-15.4,35.1,-5.711,-0.006
849.429,-13.6,34.5,-5.592,-0.006
849.529,-11.7,34,-5.455,-0.005
849.628,-9.8,33.3,-5.309,-0.005
849.728,-7.8,32.7,-5.137,-0.003
849.828,-5.8,31.9,-4.951,-0.003
849.927,-3.8,31.2,-4.735,0
850.027,-1.9,30.2,-4.491,0.002
850.127,-0.1,29.2,-4.205,0.009
850.226,1.6,27.8,-3.85,0.006
850.326,3.1,25.9,-3.402,0.009
850.426,4.1,23.9,-2.771,0.011
850.525,5.5,22.5,-1.942,0.014
850.625,7.7,21.7,-0.989,0.017
850.725,10.4,22.4,-0.145,0.017
850.824,12.9,23.1,0.541,0.02
850.924,15.1,24.3,1.095,0.018
851.024,17.1,25.3,1.569,0.017
851.123,18.8,26.3,1.998,0.023
851.223,20.3,27.4,2.433,0.014
851.323,21.8,28.9,2.887,0.012
851.422,23.5,30.3,3.293,0.009
851.522,25,31,3.642,0.006
851.622,26.7,31.7,3.945,0.003
851.721,28.1,32.6,4.165,0.003
851.821,29.2,33.3,4.326,0
851.921,30.1,34.1,4.463,0
852.02,30.9,34.5,4.585,-0.002
852.12,31.6,35.1,4.696,0
852.22,32,35.5,4.793,-0.005
852.319,32.5,36,4.879,-0.006
852.419,32.8,36.2,4.949,-0.008
852.519,33,36.5,5.004,-0.009
852.618,33,36.5,5.046,-0.009
852.718,32.8,36.5,5.075,-0.009
852.818,32.6,36.6,5.093,-0.009
852.917,32.1,36.5,5.099,-0.009
853.017,31.6,36.4,5.101,-0.009
853.117,31.2,36.4,5.099,-0.009
853.216,30.4,36.3,5.095,-0.008
853.316,29.4,36,5.082,-0.009
853.416,28.5,35.9,5.066,-0.009
853.516,27.4,35.6,5.041,-0.009
853.615,26.5,35.3,5.006,-0.011
853.715,25.1,34.8,4.96,-0.009
853.815,23.8,34.3,4.907,-0.008
853.914,22.2,33.6,4.841,-0.009
854.014,20.7,33,4.77,-0.008
854.114,19,32.1,4.691,-0.008
854.213,17.2,31.3,4.604,-0.003
854.313,15.3,30.4,4.501,-0.006
854.413,13.6,29.5,4.399,-0.005
854.512,11.7,28.6,4.281,-0.003
854.612,9.8,27.6,4.157,0
854.712,7.8,26.6,4.014,0
854.811,5.8,25.6,3.855,0.002
854.911,3.9,24.5,3.665,0.005
855.011,2,23.4,3.439,0.006
855.11,0.2,22.4,3.173,0.006
855.21,-1.3,21.2,2.832,0.014
855.31,-2.5,20.5,2.367,0.011
855.409,-3.9,20.5,1.731,0.012
855.509,-6,19.7,0.992,0.015
855.609,-8.3,19.5,0.297,0.015
855.708,-10.4,19.5,-0.346,0.015
855.808,-12.6,19.8,-0.951,0.017
855.908,-14.5,20.3,-1.517,0.017
856.007,-16,21,-2.089,0.015
856.107,-17.4,22.2,-2.711,0.015
856.207,-18.8,24.1,-3.378,0.018
856.306,-21.1,26.1,-4.03,0.014
856.406,-23,27.5,-4.553,0.011
856.506,-24.8,28.5,-4.971,0.009
856.605,-26.4,29.5,-5.31,0.006
856.705,-27.8,30.5,-5.579,0.005
856.805,-28.9,31.2,-5.806,0.002
856.904,-29.9,31.9,-6,0.002
857.004,-30.8,32.5,-6.17,0
857.104,-31.7,33.1,-6.309,0
857.203,-32.1,33.6,-6.42,0.005
857.303,-32.6,33.9,-6.518,-0.003
857.403,-32.8,34.3,-6.611,-0.005
857.503,-32.9,34.7,-6.686,-0.005
857.602,-33,35,-6.755,-0.006
857.702,-33,35.2,-6.803,-0.006
857.802,-32.8,35.2,-6.83,-0.006
857.901,-32.4,35.5,-6.845,-0.006
858.001,-31.9,35.5,-6.847,-0.008
858.101,-31.4,35.6,-6.847,-0.008
858.2,-30.5,35.7,-6.841,-0.003
858.3,-29.7,35.6,-6.832,-0.006
858.4,-28.7,35.7,-6.815,-0.008
858.499,-27.6,35.6,-6.79,-0.008
858.599,-26.6,35.6,-6.757,-0.008
858.699,-25.4,35.5,-6.712,-0.008
858.798,-24,35.4,-6.657,-0.006
858.898,-22.6,35.2,-6.598,-0.008
858.998,-21.1,35,-6.529,-0.008
859.097,-19.6,34.7,-6.448,-0.005
859.197,-17.8,34.4,-6.355,-0.006
859.297,-16,33.9,-6.257,-0.005
859.396,-14.2,33.4,-6.144,-0.005
859.496,-12.3,32.8,-6.021,-0.005
859.596,-10.3,32.2,-5.882,-0.005
859.695,-8.5,31.6,-5.728,-0.005
859.795,-6.5,30.8,-5.541,-0.003
859.895,-4.6,30,-5.327,-0.003
859.994,-2.7,29.1,-5.073,0
860.094,-0.9,28.1,-4.781,0.002