DSSS_TIME (Time)," DSSS_TAU (Shear_Stress, kPa)"," DSSS_SIGV (Normal_Stress, kPa)"," DSSS_YHV (Shear_Strain, %)"," DSSS_EPSV (Vertical_Strain, %)"
0.000488602,0,31.7,0,0
0.0996748,0.3,31.7,0,-0.007
0.19935,0.9,31.8,0.011,-0.003
0.299024,1.4,31.7,0.021,-0.01
0.398699,2,31.9,0.035,-0.007
0.498374,2.5,31.7,0.046,-0.007
0.598049,2.9,31.8,0.07,-0.01
0.697724,3.4,31.7,0.095,-0.01
0.797399,4,31.7,0.119,0.01
0.897073,4.5,31.4,0.148,-0.01
0.996748,5,31.4,0.172,-0.007
1.09642,5.4,31.2,0.204,-0.007
1.1961,5.8,31.1,0.232,-0.003
1.29577,6.2,30.9,0.263,-0.007
1.39545,6.6,30.7,0.288,-0.007
1.49512,7,30.6,0.323,-0.007
1.5948,7.4,30.3,0.355,-0.007
1.69447,7.6,30.2,0.39,-0.007
1.79415,7.9,30.1,0.422,0.007
1.89382,8.2,29.9,0.453,-0.007
1.9935,8.5,29.6,0.485,-0.003
2.09317,8.7,29.5,0.509,-0.007
2.19285,8.9,29.4,0.541,-0.003
2.29252,9,29.2,0.569,-0.003
2.3922,9.1,29.1,0.59,-0.007
2.49187,9.1,28.8,0.618,-0.007
2.59155,9.2,28.9,0.639,-0.003
2.69122,9.2,28.6,0.653,-0.003
2.79089,9.2,28.7,0.667,0
2.89057,9.1,28.4,0.678,0
2.99024,9.1,28.4,0.682,-0.003
3.08992,9,28.4,0.689,0
3.18959,8.7,28.3,0.685,-0.003
3.28927,8.5,28.4,0.685,-0.003
3.38894,8.2,28.2,0.685,0
3.48862,8,28.3,0.685,0
3.58829,7.7,28.2,0.682,0
3.68797,7.3,28.2,0.682,0
3.78764,6.8,28.1,0.675,0
3.88732,6.5,28.1,0.667,0
3.98699,6.2,28.1,0.657,0
4.08667,5.6,28,0.643,0
4.18634,5.2,28,0.636,0
4.28602,4.6,27.8,0.622,0.003
4.38569,4.2,27.8,0.611,0.003
4.48537,3.6,27.6,0.594,0.003
4.58504,3,27.7,0.573,0.003
4.68472,2.6,27.6,0.559,0.003
4.78439,2,27.4,0.534,0.003
4.88407,1.5,27.4,0.509,0.007
4.98374,0.9,27.2,0.485,0.003
5.08342,0.3,27.2,0.457,0.003
5.18309,-0.3,27.1,0.432,0.003
5.28277,-0.8,27.1,0.397,0.003
5.38244,-1.3,26.8,0.365,0.007
5.48212,-1.9,26.9,0.334,0.003
5.58179,-2.4,26.8,0.309,0.003
5.68147,-3,26.9,0.274,0.007
5.78114,-3.5,26.8,0.242,0.003
5.88081,-4.1,26.8,0.207,0.017
5.98049,-4.5,26.7,0.176,0.003
6.08016,-5,26.6,0.144,0.007
6.17984,-5.4,26.5,0.109,0.007
6.27951,-5.8,26.5,0.074,0.007
6.37919,-6.2,26.5,0.039,0.01
6.47886,-6.6,26.4,0.004,0.007
6.57854,-6.9,26.4,-0.028,0.007
6.67821,-7.3,26.3,-0.06,0.01
6.77789,-7.6,26.3,-0.088,0.007
6.87756,-8,26.3,-0.119,0.021
6.97724,-8.1,26.2,-0.144,0.01
7.07691,-8.4,26.2,-0.169,0.007
7.17659,-8.6,26.1,-0.186,0.007
7.27626,-8.8,26.1,-0.211,0.007
7.37594,-8.9,26,-0.228,0.01
7.47561,-9,25.9,-0.239,0.01
7.57529,-9.2,26,-0.249,0.01
7.67496,-9.2,25.9,-0.263,0.01
7.77464,-9.1,25.9,-0.267,0.01
7.87431,-9.1,26,-0.271,0.024
7.97399,-8.9,25.9,-0.278,0.014
8.07366,-8.8,25.9,-0.271,0.014
8.17334,-8.6,25.9,-0.274,0.01
8.27301,-8.4,25.9,-0.274,0.01
8.37269,-8.1,25.9,-0.271,0.01
8.47236,-7.9,25.9,-0.267,0.01
8.57203,-7.6,25.8,-0.263,0.01
8.67171,-7.1,25.9,-0.253,0.01
8.77138,-6.8,25.8,-0.249,0.014
8.87106,-6.3,25.9,-0.239,0.021
8.97073,-5.9,25.7,-0.232,0.014
9.07041,-5.4,25.7,-0.214,0.01
9.17008,-5,25.6,-0.204,0.014
9.26976,-4.5,25.6,-0.19,0.014
9.36943,-3.9,25.7,-0.172,0.014
9.46911,-3.4,25.6,-0.151,0.01
9.56878,-3,25.7,-0.133,0.01
9.66846,-2.4,25.5,-0.109,0.014
9.76813,-1.9,25.5,-0.077,0.014
9.86781,-1.2,25.4,-0.049,0.014
9.96748,-0.7,25.5,-0.021,0.014
10.0672,-0.2,25.3,0.007,0.014
10.1668,0.4,25.3,0.035,0.017
10.2665,0.9,25.3,0.067,0.014
10.3662,1.6,25.3,0.095,0.01
10.4659,2,25.4,0.13,0.01
10.5655,2.6,25.3,0.158,0.014
10.6652,3.1,25.4,0.193,0.017
10.7649,3.7,25.3,0.228,0.01
10.8646,4.1,25.5,0.263,0.014
10.9642,4.7,25.6,0.292,0.024
11.0639,5.1,25.5,0.32,0.01
11.1636,5.7,25.6,0.358,0.014
11.2633,6.1,25.6,0.386,0.017
11.3629,6.5,25.7,0.422,0.014
11.4626,6.9,25.7,0.453,0.014
11.5623,7.3,25.8,0.481,0.014
11.662,7.5,25.9,0.513,0.014
11.7616,8,26,0.548,0.014
11.8613,8.1,25.9,0.576,0.014
11.961,8.4,26,0.604,0.024
12.0607,8.7,25.9,0.632,0.01
12.1603,8.8,25.9,0.657,0.014
12.26,9,26,0.685,0.014
12.3597,9.1,25.9,0.703,0.01
12.4594,9.2,25.9,0.727,0.01
12.559,9.4,25.8,0.741,0.014
12.6587,9.4,25.7,0.755,0.014
12.7584,9.3,25.8,0.762,0.014
12.8581,9.1,25.7,0.773,0.014
12.9577,9.2,25.8,0.783,0.024
13.0574,9.1,25.6,0.787,0.017
13.1571,8.9,25.7,0.78,0.014
13.2568,8.5,25.4,0.783,0.017
13.3564,8.4,25.6,0.78,0.014
13.4561,8,25.4,0.78,0.01
13.5558,7.8,25.6,0.776,0.014
13.6555,7.5,25.3,0.776,0.017
13.7551,7.1,25.3,0.766,0.014
13.8548,6.7,25.4,0.759,0.017
13.9545,6.2,25.3,0.748,0.024
14.0542,5.7,25.2,0.738,0.014
14.1538,5.2,25.1,0.727,0.014
14.2535,4.8,25.1,0.717,0.017
14.3532,4.3,24.9,0.699,0.017
14.4528,3.8,25,0.685,0.014
14.5525,3.2,24.7,0.66,0.017
14.6522,2.7,24.7,0.643,0.017
14.7519,2.2,24.5,0.622,0.017
14.8515,1.7,24.4,0.594,0.017
14.9512,1.1,24.4,0.562,0.017
15.0509,0.5,24.2,0.534,0.017
15.1506,0,24.2,0.502,0.017
15.2502,-0.6,24.1,0.471,0.021
15.3499,-1.1,24,0.432,0.017
15.4496,-1.7,23.9,0.404,0.021
15.5493,-2.1,23.9,0.369,0.021
15.6489,-2.7,23.8,0.334,0.021
15.7486,-3.3,23.8,0.295,0.021
15.8483,-3.7,23.9,0.256,0.021
15.948,-4.2,23.7,0.225,0.021
16.0476,-4.8,23.8,0.183,0.021
16.1473,-5.1,23.7,0.148,0.021
16.247,-5.5,23.8,0.105,0.021
16.3467,-6.1,23.8,0.07,0.021
16.4463,-6.5,23.8,0.039,0.021
16.546,-6.9,23.9,0.004,0.024
16.6457,-7.2,23.8,-0.025,0.024
16.7454,-7.5,23.9,-0.056,0.028
16.845,-8,23.8,-0.084,0.024
16.9447,-8.1,24,-0.109,0.021
17.0444,-8.5,23.8,-0.137,0.031
17.1441,-8.6,23.9,-0.162,0.024
17.2437,-8.8,23.8,-0.183,0.021
17.3434,-8.9,23.9,-0.197,0.024
17.4431,-9,23.8,-0.211,0.021
17.5428,-9.2,23.8,-0.225,0.024
17.6424,-9.2,23.9,-0.232,0.021
17.7421,-9.2,23.8,-0.239,0.024
17.8418,-9.1,23.9,-0.242,0.021
17.9415,-9,23.8,-0.249,0.024
18.0411,-8.9,23.9,-0.242,0.035
18.1408,-8.6,23.7,-0.249,0.024
18.2405,-8.4,23.9,-0.242,0.024
18.3402,-8.2,23.8,-0.242,0.024
18.4398,-8,23.8,-0.242,0.024
18.5395,-7.7,23.8,-0.235,0.024
18.6392,-7.3,23.7,-0.228,0.024
18.7389,-6.9,23.9,-0.225,0.024
18.8385,-6.5,23.7,-0.218,0.024
18.9382,-6.1,23.8,-0.204,0.024
19.0379,-5.7,23.7,-0.197,0.038
19.1376,-5.3,23.7,-0.183,0.028
19.2372,-4.7,23.5,-0.165,0.028
19.3369,-4.3,23.5,-0.151,0.024
19.4366,-3.6,23.4,-0.126,0.028
19.5363,-3.2,23.5,-0.105,0.021
19.6359,-2.6,23.5,-0.081,0.024
19.7356,-2.1,23.4,-0.053,0.024
19.8353,-1.5,23.4,-0.025,0.024
19.935,-1.1,23.2,0.004,0.024
20.0346,-0.3,23.3,0.039,0.035
20.1343,0.1,23.2,0.067,0.024
20.234,0.8,23.3,0.098,0.028
20.3337,1.2,23.2,0.13,0.024
20.4333,1.8,23.2,0.158,0.024
20.533,2.4,23.2,0.193,0.024
20.6327,2.9,23.2,0.225,0.028
20.7324,3.4,23.3,0.26,0.028
20.832,3.9,23.3,0.295,0.024
20.9317,4.5,23.4,0.334,0.024
21.0314,4.9,23.4,0.365,0.028
21.1311,5.4,23.5,0.4,0.024
21.2307,5.9,23.5,0.436,0.024
21.3304,6.3,23.6,0.471,0.028
21.4301,6.7,23.7,0.502,0.024
21.5298,7.1,23.8,0.538,0.028
21.6294,7.4,23.9,0.569,0.028
21.7291,7.7,23.9,0.604,0.028
21.8288,8,24.1,0.636,0.024
21.9285,8.3,24,0.667,0.028
22.0281,8.5,24.3,0.692,0.024
22.1278,8.8,24.1,0.717,0.021
22.2275,8.9,24.2,0.741,0.024
22.3272,9,24.1,0.766,0.024
22.4268,9.1,24.1,0.783,0.024
22.5265,9.2,24.1,0.801,0.024
22.6262,9.3,24.1,0.815,0.024
22.7259,9.3,24.1,0.826,0.024
22.8255,9.3,24.1,0.833,0.021
22.9252,9.1,24.1,0.84,0.024
23.0249,9,23.9,0.836,0.024
23.1246,8.9,24.2,0.836,0.035
23.2242,8.6,23.9,0.84,0.028
23.3239,8.5,24,0.84,0.028
23.4236,8.2,23.8,0.836,0.021
23.5233,7.9,24,0.833,0.024
23.6229,7.6,23.8,0.829,0.024
23.7226,7.3,23.8,0.822,0.024
23.8223,6.7,23.7,0.819,0.024
23.922,6.3,23.6,0.805,0.024
24.0216,5.9,23.6,0.794,0.028
24.1213,5.4,23.5,0.783,0.035
24.221,4.9,23.5,0.773,0.024
24.3207,4.4,23.3,0.759,0.024
24.4203,3.9,23.2,0.738,0.028
24.52,3.5,23.1,0.72,0.028
24.6197,2.9,22.9,0.696,0.028
24.7194,2.3,22.9,0.678,0.024
24.819,1.8,22.7,0.65,0.028
24.9187,1.3,22.7,0.622,0.028
25.0184,0.8,22.5,0.59,0.028
25.1181,0.1,22.5,0.559,0.042
25.2177,-0.3,22.4,0.527,0.028
25.3174,-0.9,22.3,0.485,0.024
25.4171,-1.3,22.3,0.457,0.028
25.5168,-1.9,22.1,0.418,0.024
25.6164,-2.4,22,0.386,0.028
25.7161,-3,22,0.344,0.024
25.8158,-3.5,22,0.309,0.028
25.9155,-4,22,0.267,0.028
26.0151,-4.5,22,0.228,0.028
26.1148,-4.9,22,0.19,0.038
26.2145,-5.4,22.2,0.148,0.028
26.3142,-5.9,21.9,0.109,0.028
26.4138,-6.2,22.1,0.074,0.028
26.5135,-6.7,22,0.039,0.024
26.6132,-7,22.1,0.004,0.024
26.7129,-7.4,22.2,-0.028,0.024
26.8125,-7.7,22.3,-0.056,0.028
26.9122,-8.1,22.3,-0.084,0.028
27.0119,-8.3,22.3,-0.112,0.024
27.1116,-8.6,22.3,-0.133,0.031
27.2112,-8.8,22.3,-0.158,0.031
27.3109,-8.9,22.3,-0.176,0.028
27.4106,-9.1,22.2,-0.19,0.024
27.5103,-9.1,22.3,-0.204,0.028
27.6099,-9.2,22.3,-0.214,0.028
27.7096,-9.1,22.3,-0.221,0.028
27.8093,-9.2,22.3,-0.225,0.028
27.909,-9,22.3,-0.221,0.024
28.0086,-8.9,22.3,-0.228,0.028
28.1083,-8.8,22.3,-0.225,0.024
28.208,-8.6,22.2,-0.228,0.024
28.3076,-8.3,22.1,-0.228,0.028
28.4073,-8.1,22.1,-0.225,0.028
28.507,-7.7,22.1,-0.218,0.028
28.6067,-7.5,22.2,-0.214,0.028
28.7063,-7.1,22.1,-0.207,0.028
28.806,-6.6,22,-0.204,0.024
28.9057,-6.3,22,-0.193,0.028
29.0054,-5.8,22,-0.183,0.024
29.105,-5.4,22,-0.165,0.028
29.2047,-5,21.8,-0.155,0.042
29.3044,-4.4,21.8,-0.133,0.024
29.4041,-3.9,21.7,-0.116,0.028
29.5037,-3.3,21.7,-0.091,0.028
29.6034,-2.8,21.7,-0.07,0.024
29.7031,-2.3,21.6,-0.049,0.024
29.8028,-1.8,21.5,-0.014,0.028
29.9024,-1.3,21.4,0.018,0.024
30.0021,-0.6,21.5,0.049,0.028
30.1018,-0.2,21.4,0.081,0.024
30.2015,0.5,21.5,0.116,0.042
30.3011,0.9,21.4,0.148,0.024
30.4008,1.6,21.4,0.179,0.028
30.5005,2,21.4,0.214,0.028
30.6002,2.6,21.5,0.246,0.028
30.6998,3.2,21.4,0.281,0.028
30.7995,3.7,21.5,0.32,0.028
30.8992,4.1,21.5,0.355,0.028
30.9989,4.8,21.6,0.39,0.024
31.0985,5.2,21.7,0.429,0.024
31.1982,5.6,21.7,0.467,0.042
31.2979,6.2,21.8,0.506,0.024
31.3976,6.5,21.9,0.541,0.024
31.4972,6.9,22,0.58,0.028
31.5969,7.3,22.1,0.615,0.024
31.6966,7.6,22.2,0.646,0.024
31.7963,8,22.3,0.678,0.024
31.8959,8.3,22.4,0.71,0.024
31.9956,8.5,22.6,0.741,0.028
32.0953,8.7,22.5,0.766,0.021
32.195,8.9,22.6,0.79,0.035
32.2946,9.1,22.6,0.815,0.021
32.3943,9.1,22.7,0.833,0.028
32.494,9.2,22.6,0.854,0.024
32.5937,9.3,22.6,0.861,0.024
32.6933,9.4,22.5,0.875,0.024
32.793,9.3,22.6,0.878,0.024
32.8927,9.2,22.6,0.889,0.024
32.9924,9.1,22.6,0.889,0.024
33.092,8.9,22.6,0.892,0.024
33.1917,8.8,22.4,0.889,0.024
33.2914,8.7,22.5,0.889,0.024
33.3911,8.3,22.4,0.882,0.024
33.4907,8,22.5,0.885,0.024
33.5904,7.6,22.3,0.882,0.021
33.6901,7.3,22.3,0.878,0.028
33.7898,6.8,22.2,0.868,0.024
33.8894,6.5,22.2,0.857,0.024
33.9891,6,22,0.847,0.021
34.0888,5.6,22,0.84,0.024
34.1885,5,22,0.826,0.024
34.2881,4.7,21.9,0.812,0.031
34.3878,4.1,21.7,0.797,0.024
34.4875,3.5,21.6,0.773,0.024
34.5872,3.1,21.5,0.755,0.024
34.6868,2.5,21.4,0.734,0.024
34.7865,2,21.4,0.706,0.021
34.8862,1.5,21.2,0.675,0.024
34.9859,1,21.1,0.646,0.024
35.0855,0.4,21.1,0.611,0.024
35.1852,-0.1,20.8,0.576,0.024
35.2849,-0.8,20.9,0.541,0.042
35.3846,-1.2,20.7,0.509,0.024
35.4842,-1.8,20.8,0.467,0.028
35.5839,-2.2,20.5,0.429,0.024
35.6836,-2.9,20.5,0.393,0.028
35.7833,-3.2,20.4,0.355,0.028
35.8829,-3.9,20.5,0.309,0.028
35.9826,-4.2,20.4,0.271,0.024
36.0823,-4.8,20.5,0.228,0.028
36.182,-5.1,20.4,0.186,0.024
36.2816,-5.7,20.5,0.144,0.038
36.3813,-6.1,20.5,0.102,0.028
36.481,-6.5,20.6,0.067,0.024
36.5807,-6.9,20.5,0.035,0.024
36.6803,-7.3,20.6,-0.004,0.024
36.78,-7.7,20.7,-0.035,0.028
36.8797,-8,20.6,-0.063,0.024
36.9794,-8.3,20.8,-0.091,0.028
37.079,-8.6,20.8,-0.116,0.024
37.1787,-8.6,20.9,-0.141,0.024
37.2784,-8.9,20.9,-0.162,0.042
37.3781,-8.9,20.8,-0.176,0.028
37.4777,-9.1,20.8,-0.19,0.024
37.5774,-9.2,20.8,-0.2,0.028
37.6771,-9.2,20.9,-0.211,0.028
37.7768,-9.2,20.8,-0.218,0.028
37.8764,-9.2,20.9,-0.221,0.028
37.9761,-9,20.8,-0.221,0.024
38.0758,-8.9,20.9,-0.218,0.028
38.1755,-8.7,20.8,-0.218,0.024
38.2751,-8.5,20.9,-0.218,0.028
38.3748,-8.2,20.8,-0.218,0.028
38.4745,-7.9,20.8,-0.214,0.028
38.5742,-7.5,20.7,-0.211,0.024
38.6738,-7.3,20.8,-0.2,0.024
38.7735,-6.9,20.7,-0.193,0.024
38.8732,-6.4,20.6,-0.186,0.024
38.9729,-5.9,20.6,-0.179,0.024
39.0725,-5.5,20.5,-0.162,0.028
39.1722,-5.1,20.5,-0.144,0.024
39.2719,-4.6,20.4,-0.13,0.024
39.3716,-4.1,20.4,-0.109,0.024
39.4712,-3.5,20.3,-0.091,0.028
39.5709,-3,20.3,-0.07,0.024
39.6706,-2.5,20.2,-0.039,0.028
39.7703,-2,20.1,-0.014,0.024
39.8699,-1.4,20,0.018,0.024
39.9696,-0.9,20,0.053,0.024
40.0693,-0.3,20,0.084,0.024
40.169,0.2,19.9,0.112,0.024
40.2686,0.8,20,0.148,0.024
40.3683,1.3,20,0.183,0.038
40.468,1.9,20.1,0.214,0.024
40.5677,2.4,19.9,0.253,0.024
40.6673,2.9,20,0.288,0.024
40.767,3.5,20,0.327,0.024
40.8667,3.9,20.1,0.365,0.024
40.9664,4.4,20.1,0.408,0.024
41.066,4.9,20.2,0.446,0.024
41.1657,5.5,20.2,0.485,0.028
41.2654,5.8,20.3,0.52,0.021
41.3651,6.3,20.5,0.569,0.042
41.4647,6.7,20.5,0.604,0.024
41.5644,7.1,20.7,0.643,0.021
41.6641,7.4,20.6,0.678,0.024
41.7638,7.8,20.9,0.713,0.024
41.8634,8.1,20.9,0.745,0.021
41.9631,8.4,21.1,0.776,0.021
42.0628,8.6,21.1,0.801,0.021
42.1624,8.9,21.3,0.829,0.017
42.2621,9.1,21.3,0.854,0.021
42.3618,9.1,21.3,0.875,0.035
42.4615,9.3,21.4,0.896,0.021
42.5611,9.4,21.4,0.906,0.021
42.6608,9.4,21.4,0.917,0.021
42.7605,9.3,21.3,0.927,0.024
42.8602,9.3,21.4,0.931,0.021
42.9599,9.2,21.3,0.934,0.021
43.0595,8.9,21.3,0.934,0.021
43.1592,8.8,21.2,0.934,0.024
43.2589,8.6,21.2,0.934,0.024
43.3585,8.3,21.2,0.927,0.035
43.4582,8,21,0.931,0.021
43.5579,7.7,21.1,0.927,0.021
43.6576,7.4,21.1,0.92,0.021
43.7572,7,21,0.913,0.017
43.8569,6.5,20.8,0.903,0.021
43.9566,6.2,20.9,0.896,0.021
44.0563,5.7,20.8,0.882,0.021
44.1559,5.2,20.7,0.871,0.021
44.2556,4.7,20.5,0.861,0.021
44.3553,4.1,20.4,0.847,0.024
44.455,3.8,20.4,0.822,0.024
44.5546,3.2,20.2,0.801,0.024
44.6543,2.7,20.2,0.783,0.021
44.754,2.2,20,0.755,0.021
44.8537,1.6,19.9,0.724,0.021
44.9533,1.1,19.8,0.696,0.017
45.053,0.7,19.7,0.664,0.021
45.1527,0,19.6,0.632,0.021
45.2524,-0.4,19.5,0.597,0.024
45.352,-0.9,19.4,0.562,0.024
45.4517,-1.5,19.3,0.523,0.024
45.5514,-1.9,19.3,0.485,0.024
45.6511,-2.5,19.2,0.443,0.024
45.7507,-3,19.1,0.4,0.024
45.8504,-3.6,19.1,0.355,0.024
45.9501,-4,19.1,0.313,0.024
46.0498,-4.5,19.1,0.267,0.024
46.1494,-4.9,19.2,0.225,0.024
46.2491,-5.5,19.1,0.172,0.021
46.3488,-6,19.2,0.137,0.024
46.4485,-6.5,19.2,0.091,0.031
46.5481,-6.8,19.3,0.06,0.024
46.6478,-7.3,19.3,0.021,0.024
46.7475,-7.6,19.3,-0.014,0.024
46.8472,-8,19.4,-0.042,0.024
46.9468,-8.2,19.4,-0.074,0.021
47.0465,-8.5,19.6,-0.102,0.024
47.1462,-8.6,19.5,-0.13,0.024
47.2459,-8.9,19.6,-0.148,0.021
47.3455,-9,19.6,-0.169,0.028
47.4452,-9.2,19.6,-0.183,0.035
47.5449,-9.2,19.6,-0.193,0.021
47.6446,-9.3,19.6,-0.207,0.024
47.7442,-9.2,19.6,-0.211,0.021
47.8439,-9.2,19.6,-0.214,0.021
47.9436,-9,19.6,-0.214,0.021
48.0433,-8.9,19.6,-0.214,0.024
48.1429,-8.7,19.6,-0.218,0.021
48.2426,-8.6,19.6,-0.211,0.021
48.3423,-8.3,19.7,-0.214,0.021
48.442,-8,19.5,-0.211,0.038
48.5416,-7.7,19.6,-0.207,0.021
48.6413,-7.4,19.5,-0.2,0.024
48.741,-6.8,19.6,-0.193,0.021
48.8407,-6.5,19.4,-0.183,0.021
48.9403,-6.1,19.4,-0.172,0.024
49.04,-5.7,19.4,-0.162,0.021
49.1397,-5.4,19.3,-0.151,0.021
49.2394,-4.8,19.3,-0.133,0.021
49.339,-4.2,19.2,-0.112,0.024
49.4387,-3.9,19.2,-0.091,0.035
49.5384,-3.3,19,-0.074,0.021
49.6381,-2.7,19,-0.042,0.024
49.7377,-2.2,18.9,-0.018,0.021
49.8374,-1.7,18.9,0.011,0.021
49.9371,-1.2,18.8,0.049,0.024
50.0368,-0.5,18.8,0.084,0.024
50.1364,0,18.7,0.116,0.021
50.2361,0.6,18.7,0.151,0.021
50.3358,1.1,18.8,0.183,0.021
50.4355,1.7,18.7,0.218,0.024
50.5351,2.2,18.7,0.26,0.017
50.6348,2.7,18.8,0.292,0.021
50.7345,3.2,18.8,0.334,0.021
50.8342,3.8,18.9,0.376,0.021
50.9338,4.2,18.9,0.415,0.021
51.0335,4.8,19,0.457,0.021
51.1332,5.3,19.1,0.499,0.021
51.2329,5.7,19.1,0.541,0.024
51.3325,6.2,19.2,0.58,0.021
51.4322,6.5,19.4,0.625,0.021
51.5319,6.9,19.6,0.664,0.024
51.6316,7.3,19.7,0.699,0.017
51.7312,7.7,19.7,0.738,0.017
51.8309,8.1,19.9,0.773,0.021
51.9306,8.3,19.9,0.805,0.017
52.0303,8.5,20.1,0.833,0.021
52.1299,8.8,20.2,0.864,0.021
52.2296,8.9,20.2,0.885,0.021
52.3293,9.1,20.3,0.906,0.021
52.429,9.2,20.3,0.927,0.017
52.5286,9.3,20.4,0.942,0.035
52.6283,9.3,20.2,0.952,0.017
52.728,9.2,20.4,0.963,0.017
52.8277,9.3,20.3,0.97,0.014
52.9273,9.2,20.5,0.973,0.017
53.027,9,20.3,0.977,0.017
53.1267,8.8,20.3,0.973,0.021
53.2264,8.7,20.2,0.973,0.014
53.326,8.5,20.2,0.97,0.014
53.4257,8.1,20.2,0.973,0.014
53.5254,7.9,20.2,0.966,0.035
53.6251,7.5,20.1,0.963,0.017
53.7247,7.3,20,0.959,0.017
53.8244,6.7,20,0.949,0.017
53.9241,6.3,19.9,0.938,0.017
54.0238,5.9,19.9,0.927,0.017
54.1234,5.3,19.6,0.917,0.021
54.2231,5,19.7,0.899,0.017
54.3228,4.4,19.6,0.885,0.017
54.4225,3.9,19.5,0.868,0.017
54.5221,3.3,19.3,0.843,0.031
54.6218,2.9,19.2,0.822,0.014
54.7215,2.3,19.2,0.797,0.014
54.8212,1.8,19,0.776,0.017
54.9208,1.4,18.9,0.741,0.021
55.0205,0.8,18.7,0.71,0.021
55.1202,0.2,18.7,0.675,0.021
55.2199,-0.3,18.5,0.643,0.021
55.3195,-0.9,18.5,0.604,0.017
55.4192,-1.3,18.3,0.569,0.021
55.5189,-1.8,18.2,0.523,0.024
55.6186,-2.3,18.2,0.481,0.021
55.7182,-2.8,18,0.436,0.021
55.8179,-3.4,18.1,0.393,0.021
55.9176,-3.9,18,0.344,0.021
56.0173,-4.4,18,0.299,0.021
56.1169,-4.8,18.1,0.253,0.021
56.2166,-5.3,18.1,0.207,0.021
56.3163,-5.7,18.2,0.162,0.017
56.416,-6.3,18.2,0.119,0.021
56.5156,-6.7,18.3,0.077,0.021
56.6153,-7.1,18.3,0.039,0.017
56.715,-7.5,18.3,0.004,0.021
56.8147,-7.9,18.5,-0.035,0.017
56.9143,-8.2,18.5,-0.06,0.021
57.014,-8.4,18.6,-0.095,0.021
57.1137,-8.7,18.6,-0.116,0.021
57.2133,-8.8,18.6,-0.137,0.021
57.313,-9.2,18.7,-0.162,0.021
57.4127,-9.2,18.6,-0.176,0.021
57.5124,-9.2,18.7,-0.186,0.021
57.612,-9.2,18.8,-0.197,0.021
57.7117,-9.3,18.6,-0.207,0.017
57.8114,-9.3,18.7,-0.211,0.021
57.9111,-9.2,18.7,-0.214,0.017
58.0107,-9,18.7,-0.214,0.017
58.1104,-8.9,18.6,-0.211,0.017
58.2101,-8.6,18.8,-0.214,0.017
58.3098,-8.4,18.6,-0.214,0.021
58.4094,-8.2,18.7,-0.211,0.021
58.5091,-7.8,18.7,-0.204,0.021
58.6088,-7.4,18.6,-0.197,0.028
58.7085,-7.1,18.7,-0.19,0.017
58.8081,-6.7,18.6,-0.186,0.017
58.9078,-6.2,18.6,-0.172,0.021
59.0075,-5.9,18.4,-0.165,0.017
59.1072,-5.4,18.5,-0.151,0.021
59.2068,-5,18.4,-0.133,0.021
59.3065,-4.4,18.3,-0.116,0.021
59.4062,-3.9,18.3,-0.095,0.017
59.5059,-3.4,18.2,-0.077,0.021
59.6055,-2.9,18.2,-0.046,0.035
59.7052,-2.4,18.1,-0.025,0.021
59.8049,-1.8,18.1,0.007,0.021
59.9046,-1.4,17.9,0.042,0.021
60.0042,-0.8,18,0.074,0.021
60.1039,-0.3,17.9,0.112,0.017
60.2036,0.3,17.9,0.144,0.021
60.3033,0.8,17.8,0.179,0.017
60.4029,1.4,17.9,0.221,0.021
60.5026,1.9,17.9,0.256,0.021
60.6023,2.5,18,0.292,0.028
60.702,2.9,18,0.337,0.017
60.8016,3.6,18,0.376,0.021
60.9013,4,18.1,0.418,0.021
61.001,4.5,18,0.464,0.017
61.1007,5,18.1,0.502,0.017
61.2003,5.6,18.2,0.548,0.021
61.3,5.9,18.4,0.594,0.017
61.3997,6.3,18.6,0.639,0.021
61.4994,6.7,18.6,0.682,0.021
61.599,7.1,18.8,0.72,0.028
61.6987,7.5,18.9,0.762,0.017
61.7984,7.9,19.1,0.801,0.021
61.8981,8.2,19.1,0.829,0.017
61.9977,8.5,19.3,0.861,0.017
62.0974,8.7,19.2,0.892,0.014
62.1971,8.9,19.4,0.917,0.017
62.2968,9.1,19.5,0.942,0.014
62.3964,9.1,19.6,0.959,0.017
62.4961,9.3,19.6,0.973,0.017
62.5958,9.3,19.6,0.984,0.014
62.6955,9.3,19.6,0.994,0.017
62.7951,9.4,19.5,1.001,0.014
62.8948,9.2,19.6,1.008,0.014
62.9945,9.1,19.4,1.008,0.014
63.0942,9,19.6,1.008,0.014
63.1938,8.7,19.5,1.008,0.014
63.2935,8.5,19.5,1.008,0.017
63.3932,8.2,19.4,1.005,0.017
63.4929,7.9,19.4,1.005,0.017
63.5925,7.6,19.3,0.994,0.014
63.6922,7.2,19.2,0.994,0.028
63.7919,6.8,19.3,0.987,0.017
63.8916,6.5,19.1,0.977,0.014
63.9912,6,19,0.966,0.017
64.0909,5.6,18.9,0.956,0.017
64.1906,5.1,19,0.942,0.014
64.2903,4.5,18.7,0.924,0.014
64.3899,4.1,18.7,0.91,0.017
64.4896,3.6,18.6,0.889,0.017
64.5893,3.1,18.4,0.864,0.014
64.689,2.6,18.4,0.843,0.031
64.7886,2,18.1,0.815,0.017
64.8883,1.5,18.1,0.783,0.017
64.988,0.9,18,0.755,0.014
65.0877,0.4,17.9,0.717,0.017
65.1873,-0.1,17.7,0.682,0.017
65.287,-0.6,17.6,0.643,0.017
65.3867,-1.1,17.5,0.611,0.017
65.4864,-1.7,17.5,0.562,0.017
65.586,-2.1,17.4,0.523,0.017
65.6857,-2.7,17.4,0.474,0.035
65.7854,-3.2,17.3,0.432,0.017
65.8851,-3.7,17.2,0.386,0.017
65.9847,-4.2,17.2,0.337,0.017
66.0844,-4.6,17.3,0.288,0.017
66.1841,-5.1,17.4,0.239,0.017
66.2838,-5.7,17.4,0.186,0.014
66.3834,-6.1,17.4,0.144,0.017
66.4831,-6.6,17.5,0.098,0.017
66.5828,-7,17.5,0.06,0.017
66.6825,-7.4,17.6,0.021,0.028
66.7821,-7.6,17.7,-0.018,0.017
66.8818,-8.2,17.8,-0.053,0.021
66.9815,-8.4,17.8,-0.081,0.021
67.0812,-8.6,17.8,-0.109,0.017
67.1808,-8.8,17.8,-0.133,0.017
67.2805,-9,17.8,-0.155,0.017
67.3802,-9.1,18,-0.176,0.021
67.4799,-9.2,17.9,-0.19,0.017
67.5795,-9.3,18,-0.2,0.017
67.6792,-9.3,17.9,-0.211,0.017
67.7789,-9.2,18,-0.214,0.021
67.8786,-9.2,18,-0.214,0.017
67.9782,-9,17.9,-0.218,0.017
68.0779,-8.9,18,-0.218,0.017
68.1776,-8.7,18,-0.218,0.017
68.2773,-8.5,18.1,-0.214,0.017
68.3769,-8.2,17.9,-0.214,0.017
68.4766,-8,18,-0.214,0.021
68.5763,-7.6,17.8,-0.204,0.014
68.676,-7.2,17.9,-0.197,0.017
68.7756,-6.9,17.9,-0.19,0.024
68.8753,-6.4,17.8,-0.183,0.021
68.975,-6,17.7,-0.169,0.017
69.0747,-5.5,17.8,-0.158,0.017
69.1743,-5,17.7,-0.137,0.017
69.274,-4.6,17.6,-0.123,0.017
69.3737,-4.1,17.6,-0.105,0.017
69.4734,-3.6,17.5,-0.084,0.017
69.573,-3.1,17.4,-0.06,0.017
69.6727,-2.5,17.3,-0.028,0.017
69.7724,-2,17.4,0,0.024
69.8721,-1.5,17.3,0.032,0.017
69.9717,-1,17.1,0.067,0.014
70.0714,-0.4,17.2,0.102,0.021
70.1711,0.1,17,0.133,0.017
70.2708,0.7,17.2,0.176,0.017
70.3704,1.2,17.1,0.211,0.017
70.4701,1.7,17.1,0.249,0.017
70.5698,2.2,17.1,0.292,0.014
70.6694,2.7,17.2,0.33,0.014
70.7691,3.3,17.2,0.372,0.035
70.8688,3.8,17.3,0.415,0.017
70.9685,4.3,17.3,0.464,0.017
71.0681,4.8,17.4,0.506,0.017
71.1678,5.2,17.4,0.555,0.014
71.2675,5.6,17.5,0.597,0.017
71.3672,6.2,17.8,0.65,0.014
71.4669,6.5,17.9,0.692,0.014
71.5665,7,18,0.734,0.017
71.6662,7.4,18.2,0.78,0.017
71.7659,7.8,18.3,0.815,0.031
71.8655,8,18.4,0.85,0.014
71.9652,8.3,18.5,0.882,0.017
72.0649,8.6,18.7,0.917,0.014
72.1646,8.8,18.7,0.945,0.014
72.2642,9,18.7,0.963,0.014
72.3639,9.2,18.8,0.984,0.017
72.4636,9.2,18.9,1.001,0.014
72.5633,9.4,19,1.019,0.014
72.6629,9.3,18.9,1.026,0.01
72.7626,9.3,19,1.033,0.017
72.8623,9.3,18.8,1.04,0.01
72.962,9.2,18.9,1.04,0.014
73.0616,9.1,18.8,1.04,0.014
73.1613,8.8,18.9,1.043,0.014
73.261,8.6,18.8,1.043,0.017
73.3607,8.4,18.8,1.04,0.014
73.4603,8.1,18.8,1.04,0.01
73.56,7.7,18.7,1.026,0.014
73.6597,7.4,18.7,1.026,0.01
73.7594,7,18.4,1.019,0.014
73.859,6.6,18.5,1.012,0.014
73.9587,6.2,18.4,1.001,0.017
74.0584,5.8,18.4,0.991,0.01
74.1581,5.2,18.3,0.973,0.014
74.2577,4.7,18.1,0.963,0.014
74.3574,4.2,18,0.945,0.014
74.4571,3.7,17.9,0.924,0.014
74.5568,3.2,17.8,0.903,0.014
74.6564,2.8,17.6,0.882,0.014
74.7561,2.1,17.5,0.854,0.014
74.8558,1.7,17.4,0.826,0.014
74.9555,1.2,17.4,0.794,0.014
75.0551,0.6,17.2,0.759,0.014
75.1548,0,17.1,0.724,0.01
75.2545,-0.4,17,0.689,0.014
75.3542,-0.9,16.8,0.65,0.01
75.4538,-1.5,16.9,0.608,0.014
75.5535,-2,16.7,0.566,0.014
75.6532,-2.4,16.7,0.516,0.014
75.7529,-2.9,16.6,0.471,0.014
75.8525,-3.5,16.5,0.422,0.028
75.9522,-4,16.5,0.369,0.017
76.0519,-4.4,16.6,0.323,0.014
76.1516,-4.8,16.6,0.271,0.014
76.2512,-5.4,16.7,0.214,0.017
76.3509,-5.9,16.8,0.165,0.017
76.4506,-6.4,16.6,0.116,0.017
76.5503,-6.9,16.8,0.074,0.014
76.6499,-7.3,16.9,0.032,0.017
76.7496,-7.7,17,-0.007,0.017
76.8493,-8,17.1,-0.046,0.024
76.949,-8.3,17.1,-0.077,0.014
77.0486,-8.6,17.2,-0.105,0.014
77.1483,-8.9,17.2,-0.133,0.014
77.248,-9,17.3,-0.155,0.017
77.3477,-9.2,17.3,-0.176,0.017
77.4473,-9.3,17.3,-0.19,0.017
77.547,-9.3,17.3,-0.2,0.017
77.6467,-9.3,17.4,-0.211,0.017
77.7464,-9.3,17.4,-0.218,0.014
77.846,-9.3,17.5,-0.221,0.028
77.9457,-9.2,17.4,-0.221,0.014
78.0454,-9,17.4,-0.221,0.014
78.1451,-8.9,17.4,-0.221,0.017
78.2447,-8.6,17.3,-0.221,0.014
78.3444,-8.2,17.4,-0.218,0.014
78.4441,-8,17.4,-0.214,0.01
78.5438,-7.7,17.4,-0.207,0.017
78.6434,-7.4,17.3,-0.204,0.017
78.7431,-7,17.3,-0.197,0.014
78.8428,-6.6,17.2,-0.19,0.021
78.9425,-6.1,17.1,-0.179,0.017
79.0421,-5.7,17.2,-0.162,0.017
79.1418,-5.3,17.1,-0.151,0.014
79.2415,-4.8,17.1,-0.133,0.014
79.3412,-4.3,16.9,-0.119,0.014
79.4408,-3.8,16.9,-0.095,0.014
79.5405,-3.3,16.8,-0.07,0.014
79.6402,-2.8,16.7,-0.046,0.017
79.7399,-2.3,16.6,-0.014,0.014
79.8395,-1.7,16.6,0.014,0.014
79.9392,-1.2,16.5,0.049,0.014
80.0389,-0.6,16.5,0.088,0.014
80.1386,-0.1,16.5,0.123,0.017
80.2382,0.5,16.4,0.162,0.017
80.3379,1,16.4,0.197,0.017
80.4376,1.4,16.3,0.239,0.014
80.5373,2.1,16.5,0.285,0.014
80.6369,2.6,16.5,0.323,0.014
80.7366,3.1,16.5,0.369,0.014
80.8363,3.6,16.6,0.411,0.014
80.936,4.1,16.7,0.453,0.021
81.0356,4.6,16.8,0.506,0.014
81.1353,5,16.8,0.552,0.014
81.235,5.6,17,0.601,0.014
81.3347,5.9,17,0.653,0.014
81.4343,6.5,17.3,0.696,0.014
81.534,6.8,17.3,0.745,0.014
81.6337,7.2,17.6,0.783,0.014
81.7334,7.7,17.7,0.826,0.014
81.833,8,17.8,0.864,0.014
81.9327,8.3,18,0.899,0.024
82.0324,8.5,18,0.931,0.01
82.1321,8.8,18.2,0.963,0.014
82.2317,8.9,18.2,0.987,0.014
82.3314,9.1,18.2,1.005,0.014
82.4311,9.1,18.2,1.026,0.014
82.5308,9.4,18.4,1.043,0.017
82.6304,9.3,18.3,1.05,0.014
82.7301,9.4,18.4,1.064,0.01
82.8298,9.2,18.4,1.068,0.014
82.9295,9.1,18.3,1.071,0.024
83.0291,8.9,18.4,1.071,0.01
83.1288,8.8,18.2,1.071,0.014
83.2285,8.7,18.3,1.075,0.01
83.3282,8.5,18.2,1.071,0.014
83.4278,8.2,18.3,1.068,0.01
83.5275,7.9,18.1,1.064,0.014
83.6272,7.5,18.1,1.061,0.007
83.7269,7.2,18.1,1.054,0.014
83.8265,6.7,18.1,1.047,0.01
83.9262,6.3,18,1.036,0.028
84.0259,5.9,17.8,1.022,0.01
84.1255,5.3,17.8,1.012,0.014
84.2252,4.8,17.5,0.998,0.01
84.3249,4.4,17.6,0.977,0.01
84.4246,3.9,17.4,0.959,0.01
84.5243,3.4,17.4,0.938,0.01
84.6239,2.9,17.1,0.917,0.01
84.7236,2.3,17,0.892,0.01
84.8233,1.8,17,0.861,0.01
84.923,1.2,16.8,0.829,0.01
85.0226,0.8,16.8,0.797,0.01
85.1223,0.2,16.5,0.759,0.014
85.222,-0.2,16.6,0.727,0.014
85.3216,-0.8,16.3,0.685,0.014
85.4213,-1.3,16.2,0.646,0.014
85.521,-1.8,16.2,0.608,0.014
85.6207,-2.3,16.1,0.562,0.014
85.7204,-2.7,15.9,0.516,0.014
85.82,-3.3,15.9,0.464,0.017
85.9197,-3.8,16,0.411,0.017
86.0194,-4.2,16,0.358,0.014
86.119,-4.8,16.1,0.302,0.014
86.2187,-5.1,16,0.246,0.01
86.3184,-5.7,16.1,0.193,0.01
86.4181,-6.2,16.1,0.141,0.014
86.5177,-6.7,16.2,0.091,0.014
86.6174,-7.1,16.3,0.046,0.014
86.7171,-7.5,16.4,0.007,0.014
86.8168,-8,16.4,-0.032,0.017
86.9164,-8.3,16.5,-0.07,0.014
87.0161,-8.6,16.7,-0.102,0.024
87.1158,-8.8,16.6,-0.13,0.014
87.2155,-8.9,16.8,-0.155,0.01
87.3151,-9.2,16.7,-0.172,0.014
87.4148,-9.3,16.8,-0.19,0.014
87.5145,-9.3,16.8,-0.207,0.014
87.6142,-9.4,16.8,-0.218,0.014
87.7138,-9.3,16.9,-0.218,0.01
87.8135,-9.4,16.9,-0.225,0.017
87.9132,-9.1,16.8,-0.225,0.014
88.0129,-9.1,16.8,-0.225,0.031
88.1125,-8.9,16.9,-0.228,0.014
88.2122,-8.7,16.8,-0.228,0.014
88.3119,-8.5,16.9,-0.225,0.014
88.4116,-8.1,16.8,-0.218,0.01
88.5112,-7.8,16.7,-0.218,0.014
88.6109,-7.5,16.6,-0.211,0.014
88.7106,-6.9,16.6,-0.207,0.01
88.8103,-6.6,16.7,-0.197,0.014
88.9099,-6.3,16.5,-0.186,0.017
89.0096,-5.8,16.7,-0.179,0.024
89.1093,-5.3,16.5,-0.162,0.014
89.209,-4.9,16.5,-0.144,0.014
89.3086,-4.4,16.4,-0.126,0.017
89.4083,-3.9,16.3,-0.105,0.014
89.508,-3.4,16.3,-0.077,0.014
89.6077,-2.9,16.1,-0.053,0.014
89.7073,-2.4,16.2,-0.028,0.014
89.807,-1.8,16,0.004,0.014
89.9067,-1.4,16,0.035,0.014
90.0064,-0.9,15.9,0.074,0.024
90.106,-0.4,15.9,0.109,0.014
90.2057,0.2,15.8,0.151,0.017
90.3054,0.8,15.7,0.186,0.017
90.4051,1.3,15.9,0.228,0.014
90.5047,1.8,15.9,0.274,0.014
90.6044,2.4,16,0.316,0.014
90.7041,2.9,15.9,0.358,0.014
90.8038,3.5,16,0.408,0.014
90.9034,3.8,16,0.453,0.014
91.0031,4.4,16.2,0.502,0.017
91.1028,4.8,16.2,0.555,0.014
91.2025,5.4,16.3,0.608,0.014
91.3021,5.9,16.5,0.66,0.014
91.4018,6.2,16.5,0.706,0.017
91.5015,6.7,16.8,0.755,0.01
91.6012,7.1,16.8,0.801,0.014
91.7008,7.5,17.1,0.847,0.01
91.8005,7.9,17.1,0.885,0.014
91.9002,8.2,17.4,0.924,0.01
91.9999,8.5,17.5,0.956,0.014
92.0995,8.7,17.5,0.987,0.01
92.1992,9,17.7,1.015,0.01
92.2989,9.1,17.7,1.036,0.01
92.3986,9.2,17.8,1.05,0.014
92.4982,9.3,17.8,1.071,0.014
92.5979,9.3,17.9,1.082,0.01
92.6976,9.3,17.8,1.093,0.014
92.7973,9.3,17.8,1.1,0.014
92.8969,9.3,17.9,1.103,0.007
92.9966,9.1,17.8,1.103,0.014
93.0963,9,17.8,1.107,0.024
93.196,8.7,17.7,1.103,0.01
93.2956,8.5,17.7,1.107,0.01
93.3953,8.2,17.7,1.1,0.01
93.495,8,17.8,1.1,0.007
93.5947,7.6,17.5,1.089,0.014
93.6943,7.3,17.5,1.086,0.01
93.794,6.8,17.4,1.079,0.01
93.8937,6.5,17.5,1.075,0.014
93.9934,5.9,17.3,1.057,0.01
94.093,5.6,17.3,1.047,0.028
94.1927,5,17.1,1.033,0.01
94.2924,4.6,17.1,1.019,0.007
94.3921,4.1,17,0.998,0.007
94.4917,3.5,16.8,0.98,0.01
94.5914,3,16.7,0.956,0.007
94.6911,2.6,16.5,0.934,0.01
94.7908,2,16.5,0.906,0.01
94.8904,1.5,16.4,0.875,0.01
94.9901,0.9,16.2,0.84,0.01
95.0898,0.4,16.2,0.801,0.024
95.1895,-0.1,15.9,0.769,0.01
95.2891,-0.7,15.9,0.731,0.014
95.3888,-1.1,15.7,0.692,0.014
95.4885,-1.6,15.7,0.646,0.014
95.5882,-2.1,15.5,0.604,0.01
95.6878,-2.6,15.6,0.552,0.017
95.7875,-3,15.5,0.506,0.014
95.8872,-3.6,15.4,0.453,0.01
95.9869,-4,15.3,0.397,0.017
96.0865,-4.5,15.5,0.337,0.017
96.1862,-5,15.5,0.281,0.01
96.2859,-5.7,15.5,0.221,0.01
96.3856,-6,15.6,0.169,0.017
96.4852,-6.6,15.6,0.116,0.01
96.5849,-6.9,15.7,0.067,0.014
96.6846,-7.5,15.8,0.018,0.014
96.7843,-7.7,15.9,-0.021,0.01
96.8839,-8.2,15.9,-0.06,0.014
96.9836,-8.4,16,-0.091,0.017
97.0833,-8.7,16.1,-0.119,0.014
97.183,-8.9,16.2,-0.151,0.014
97.2826,-9,16.2,-0.172,0.01
97.3823,-9.2,16.2,-0.19,0.014
97.482,-9.3,16.1,-0.207,0.014
97.5816,-9.4,16.3,-0.218,0.014
97.6813,-9.4,16.3,-0.225,0.01
97.781,-9.4,16.3,-0.232,0.017
97.8807,-9.2,16.2,-0.228,0.01
97.9804,-9.1,16.3,-0.235,0.014
98.08,-8.9,16.2,-0.232,0.014
98.1797,-8.7,16.3,-0.232,0.014
98.2794,-8.4,16.3,-0.228,0.014
98.3791,-8.2,16.2,-0.228,0.01
98.4787,-7.9,16.3,-0.221,0.014
98.5784,-7.6,16.2,-0.218,0.014
98.6781,-7.2,16.2,-0.211,0.014
98.7777,-6.9,16.1,-0.207,0.01
98.8774,-6.5,16.2,-0.197,0.014
98.9771,-6,16.1,-0.186,0.01
99.0768,-5.6,16.1,-0.172,0.014
99.1765,-5.1,16,-0.158,0.021
99.2761,-4.5,15.9,-0.137,0.01
99.3758,-4.1,15.8,-0.119,0.01
99.4755,-3.6,15.7,-0.095,0.014
99.5751,-3.1,15.7,-0.07,0.014
99.6748,-2.5,15.6,-0.042,0.01
99.7745,-2.1,15.6,-0.014,0.01
99.8742,-1.5,15.4,0.021,0.01
99.9738,-1.1,15.4,0.056,0.014
100.074,-0.5,15.3,0.095,0.014
100.173,0.1,15.4,0.13,0.028
100.273,0.6,15.2,0.172,0.01
100.373,1.1,15.3,0.214,0.01
100.472,1.7,15.3,0.256,0.014
100.572,2.2,15.3,0.302,0.014
100.672,2.6,15.4,0.344,0.01
100.771,3.2,15.4,0.393,0.01
100.871,3.7,15.5,0.443,0.014
100.971,4.3,15.5,0.492,0.014
101.07,4.7,15.6,0.545,0.01
101.17,5.2,15.8,0.601,0.028
101.27,5.5,15.9,0.653,0.01
101.369,6.2,16.1,0.713,0.01
101.469,6.5,16.2,0.759,0.01
101.569,7,16.5,0.812,0.01
101.668,7.3,16.5,0.854,0.01
101.768,7.7,16.6,0.896,0.01
101.868,8.1,16.7,0.938,0.014
101.967,8.4,16.9,0.97,0.014
102.067,8.6,17.1,1.005,0.007
102.167,8.8,17.2,1.033,0.024
102.266,9,17.2,1.057,0.01
102.366,9.1,17.2,1.079,0.007
102.466,9.3,17.3,1.096,0.007
102.565,9.4,17.2,1.11,0.01
102.665,9.4,17.4,1.117,0.01
102.765,9.3,17.3,1.128,0.01
102.864,9.2,17.3,1.135,0.007
102.964,9.3,17.4,1.135,0.007
103.064,9,17.3,1.135,0.007
103.163,8.8,17.3,1.135,0.01
103.263,8.6,17.2,1.135,0.007
103.363,8.3,17.3,1.131,0.01
103.462,8.1,17.1,1.131,0.007
103.562,7.7,17.2,1.121,0.01
103.662,7.3,17,1.117,0.01
103.761,7,17.1,1.11,0.01
103.861,6.5,17,1.103,0.01
103.961,6.1,16.8,1.089,0.007
104.061,5.6,16.8,1.079,0.007
104.16,5.2,16.6,1.068,0.007
104.26,4.7,16.7,1.05,0.017
104.36,4.1,16.4,1.033,0.007
104.459,3.7,16.4,1.012,0.01
104.559,3.1,16.2,0.991,0.01
104.659,2.8,16.1,0.97,0.01
104.758,2.1,16,0.945,0.01
104.858,1.7,15.9,0.91,0.01
104.958,1.1,15.7,0.878,0.01
105.057,0.6,15.6,0.847,0.01
105.157,0.1,15.5,0.805,0.01
105.257,-0.4,15.3,0.766,0.021
105.356,-0.9,15.3,0.731,0.01
105.456,-1.4,15.1,0.685,0.01
105.556,-1.9,15,0.639,0.01
105.655,-2.4,15,0.594,0.01
105.755,-2.9,15,0.545,0.007
105.855,-3.4,14.8,0.488,0.014
105.954,-3.9,14.9,0.436,0.01
106.054,-4.2,15,0.379,0.01
106.154,-4.8,14.8,0.316,0.01
106.253,-5.4,15,0.253,0.028
106.353,-5.9,15,0.193,0.014
106.453,-6.4,15.1,0.137,0.01
106.552,-6.9,15.2,0.084,0.01
106.652,-7.3,15.3,0.035,0.014
106.752,-7.7,15.3,-0.011,0.01
106.851,-8,15.4,-0.053,0.01
106.951,-8.3,15.5,-0.088,0.01
107.051,-8.8,15.5,-0.126,0.01
107.15,-8.9,15.6,-0.148,0.014
107.25,-9.2,15.7,-0.179,0.021
107.35,-9.2,15.8,-0.193,0.014
107.449,-9.4,15.7,-0.211,0.01
107.549,-9.4,15.8,-0.225,0.01
107.649,-9.4,15.7,-0.232,0.01
107.748,-9.3,15.8,-0.232,0.01
107.848,-9.3,15.8,-0.239,0.007
107.948,-9.2,15.9,-0.239,0.01
108.048,-9,15.8,-0.242,0.007
108.147,-8.8,15.7,-0.239,0.01
108.247,-8.6,15.8,-0.239,0.014
108.347,-8.4,15.7,-0.239,0.01
108.446,-8,15.8,-0.235,0.01
108.546,-7.7,15.6,-0.228,0.01
108.646,-7.4,15.7,-0.218,0.01
108.745,-6.9,15.7,-0.214,0.01
108.845,-6.6,15.6,-0.207,0.01
108.945,-6,15.6,-0.197,0.01
109.044,-5.7,15.6,-0.183,0.007
109.144,-5.2,15.6,-0.169,0.01
109.244,-4.8,15.4,-0.151,0.014
109.343,-4.3,15.3,-0.137,0.014
109.443,-3.8,15.3,-0.109,0.01
109.543,-3.3,15.3,-0.084,0.01
109.642,-2.7,15.1,-0.056,0.01
109.742,-2.3,15,-0.028,0.01
109.842,-1.6,15,0.004,0.01
109.941,-1.2,14.9,0.035,0.014
110.041,-0.7,14.9,0.074,0.01
110.141,-0.3,14.7,0.116,0.014
110.24,0.4,14.7,0.155,0.014
110.34,0.9,14.7,0.2,0.014
110.44,1.5,14.7,0.242,0.01
110.539,2,14.7,0.285,0.014
110.639,2.5,14.8,0.33,0.014
110.739,3.1,14.8,0.379,0.014
110.838,3.5,15,0.432,0.01
110.938,4,15,0.481,0.01
111.038,4.5,15.1,0.534,0.01
111.137,5,15.2,0.59,0.01
111.237,5.4,15.3,0.646,0.01
111.337,5.9,15.5,0.706,0.024
111.436,6.4,15.6,0.759,0.01
111.536,6.8,15.9,0.812,0.01
111.636,7.1,16,0.861,0.01
111.735,7.6,16.1,0.906,0.01
111.835,7.9,16.3,0.945,0.014
111.935,8.2,16.4,0.984,0.007
112.035,8.5,16.6,1.019,0.014
112.134,8.8,16.7,1.047,0.007
112.234,8.9,16.8,1.075,0.007
112.334,9.2,16.9,1.096,0.024
112.433,9.2,16.8,1.114,0.007
112.533,9.3,16.9,1.128,0.01
112.633,9.3,16.8,1.145,0.01
112.732,9.4,17,1.156,0.007
112.832,9.2,16.8,1.156,0.007
112.932,9.1,17,1.163,0.01
113.031,9,16.8,1.163,0.01
113.131,8.9,16.9,1.166,0.007
113.231,8.6,16.8,1.163,0.007
113.33,8.5,16.9,1.159,0.021
113.43,8.1,16.8,1.159,0.003
113.53,7.9,16.7,1.156,0.007
113.629,7.5,16.8,1.149,0.007
113.729,7.1,16.5,1.142,0.007
113.829,6.7,16.6,1.135,0.01
113.928,6.2,16.5,1.121,0.01
114.028,5.8,16.5,1.11,0.003
114.128,5.3,16.3,1.1,0.007
114.227,4.8,16.2,1.082,0.01
114.327,4.4,16.2,1.068,0.01
114.427,3.9,16,1.047,0.007
114.526,3.4,15.9,1.026,0.007
114.626,2.9,15.6,1.001,0.007
114.726,2.3,15.7,0.977,0.01
114.825,1.9,15.5,0.945,0.007
114.925,1.3,15.4,0.91,0.01
115.025,0.8,15.2,0.882,0.01
115.124,0.3,15.1,0.847,0.007
115.224,-0.3,15.1,0.808,0.01
115.324,-0.8,14.9,0.766,0.007
115.423,-1.2,14.8,0.727,0.01
115.523,-1.8,14.6,0.678,0.01
115.623,-2.2,14.6,0.636,0.01
115.722,-2.7,14.4,0.583,0.01
115.822,-3.1,14.4,0.53,0.01
115.922,-3.7,14.4,0.474,0.01
116.021,-4.2,14.4,0.415,0.01
116.121,-4.7,14.4,0.351,0.01
116.221,-5.1,14.4,0.285,0.01
116.321,-5.7,14.6,0.221,0.01
116.42,-6.1,14.6,0.158,0.014
116.52,-6.8,14.7,0.102,0.01
116.62,-7.2,14.8,0.053,0.01
116.719,-7.5,14.9,-0.004,0.01
116.819,-8,15,-0.049,0.014
116.919,-8.3,15.1,-0.088,0.007
117.018,-8.6,15.2,-0.123,0.01
117.118,-8.9,15.2,-0.155,0.01
117.218,-9,15.2,-0.176,0.014
117.317,-9.2,15.4,-0.2,0.01
117.417,-9.3,15.4,-0.214,0.024
117.517,-9.5,15.4,-0.228,0.01
117.616,-9.4,15.5,-0.235,0.007
117.716,-9.4,15.3,-0.246,0.01
117.816,-9.4,15.4,-0.249,0.014
117.915,-9.2,15.3,-0.249,0.007
118.015,-9.1,15.4,-0.253,0.007
118.115,-8.9,15.5,-0.253,0.01
118.214,-8.7,15.4,-0.249,0.01
118.314,-8.5,15.5,-0.246,0.01
118.414,-8.1,15.4,-0.246,0.024
118.513,-7.9,15.4,-0.239,0.01
118.613,-7.4,15.3,-0.232,0.01
118.713,-7.2,15.3,-0.228,0.01
118.812,-6.6,15.3,-0.218,0.01
118.912,-6.3,15.2,-0.207,0.007
119.012,-5.8,15.2,-0.197,0.01
119.111,-5.4,15.1,-0.183,0.01
119.211,-4.9,15.1,-0.165,0.01
119.311,-4.5,15,-0.148,0.007
119.41,-4,15,-0.126,0.021
119.51,-3.4,14.9,-0.098,0.007
119.61,-3,14.7,-0.074,0.01
119.709,-2.4,14.7,-0.049,0.007
119.809,-1.9,14.5,-0.018,0.01
119.909,-1.4,14.5,0.018,0.01
120.008,-1,14.4,0.053,0.014
120.108,-0.4,14.4,0.098,0.01
120.208,0.2,14.4,0.137,0.01
120.308,0.7,14.4,0.179,0.01
120.407,1.2,14.4,0.221,0.01
120.507,1.7,14.4,0.267,0.01
120.607,2.3,14.4,0.316,0.01
120.706,2.6,14.4,0.358,0.01
120.806,3.3,14.5,0.418,0.01
120.906,3.8,14.5,0.467,0.01
121.005,4.4,14.7,0.523,0.01
121.105,4.7,14.7,0.58,0.01
121.205,5.3,14.9,0.643,0.01
121.304,5.6,15,0.696,0.007
121.404,6.2,15.3,0.759,0.007
121.504,6.6,15.4,0.812,0.01
121.603,7.1,15.5,0.871,0.01
121.703,7.5,15.7,0.917,0.01
121.803,7.9,15.9,0.959,0.01
121.902,8.1,15.9,0.998,0.01
122.002,8.5,16,1.036,0.007
122.102,8.7,16.3,1.068,0.007
122.201,9,16.3,1.096,0.007
122.301,9.1,16.4,1.117,0.007
122.401,9.2,16.5,1.135,0.01
122.5,9.3,16.5,1.152,0.021
122.6,9.4,16.5,1.159,0.01
122.7,9.3,16.5,1.17,0.007
122.799,9.2,16.6,1.177,0.007
122.899,9.2,16.5,1.187,0.007
122.999,9.1,16.6,1.184,0.007
123.098,8.9,16.5,1.184,0.007
123.198,8.7,16.6,1.187,0.007
123.298,8.5,16.4,1.184,0.007
123.397,8.2,16.5,1.187,0.01
123.497,7.9,16.4,1.177,0.024
123.597,7.6,16.4,1.177,0.007
123.696,7.2,16.3,1.166,0.007
123.796,6.8,16.1,1.159,0.007
123.896,6.4,16.2,1.152,0.007
123.995,5.9,16,1.142,0.01
124.095,5.5,16,1.128,0.01
124.195,4.9,15.8,1.114,0.007
124.295,4.6,15.7,1.1,0.003
124.394,4.1,15.6,1.079,0.007
124.494,3.6,15.6,1.061,0.021
124.594,2.9,15.3,1.033,0.007
124.693,2.6,15.3,1.012,0.007
124.793,2,15.1,0.98,0.003
124.893,1.5,15.1,0.952,0.007
124.992,1,14.9,0.917,0.007
125.092,0.4,14.7,0.882,0.007
125.192,0,14.6,0.85,0.007
125.291,-0.6,14.4,0.805,0.007
125.391,-1,14.4,0.762,0.01
125.491,-1.5,14.3,0.717,0.01
125.59,-2.1,14.2,0.671,0.01
125.69,-2.5,14.1,0.622,0.007
125.79,-3,14.1,0.566,0.01
125.889,-3.5,14.1,0.509,0.01
125.989,-3.9,14,0.45,0.01
126.089,-4.5,14.1,0.386,0.01
126.188,-4.9,14.1,0.32,0.01
126.288,-5.6,14.1,0.249,0.007
126.388,-6,14.2,0.186,0.01
126.487,-6.6,14.3,0.123,0.014
126.587,-6.9,14.4,0.063,0.01
126.687,-7.5,14.5,0.004,0.01
126.786,-7.9,14.7,-0.042,0.01
126.886,-8.3,14.6,-0.084,0.014
126.986,-8.6,14.8,-0.123,0.01
127.085,-8.8,14.8,-0.155,0.01
127.185,-8.9,14.9,-0.179,0.01
127.285,-9.2,14.9,-0.204,0.01
127.384,-9.3,15.1,-0.221,0.01
127.484,-9.5,15,-0.235,0.01
127.584,-9.5,15,-0.246,0.014
127.683,-9.4,15,-0.253,0.01
127.783,-9.2,15,-0.26,0.01
127.883,-9.2,15,-0.26,0.014
127.982,-9.2,15,-0.26,0.01
128.082,-9,15,-0.256,0.007
128.182,-8.8,15,-0.26,0.007
128.281,-8.5,15,-0.26,0.01
128.381,-8.2,15,-0.253,0.014
128.481,-7.9,15,-0.249,0.01
128.581,-7.6,15,-0.246,0.024
128.68,-7.2,14.9,-0.239,0.01
128.78,-6.9,15,-0.228,0.01
128.88,-6.4,14.8,-0.221,0.01
128.979,-6,14.9,-0.211,0.01
129.079,-5.6,14.7,-0.197,0.01
129.179,-5.1,14.7,-0.183,0.01
129.278,-4.6,14.6,-0.165,0.007
129.378,-4.2,14.6,-0.141,0.007
129.478,-3.6,14.5,-0.119,0.01
129.577,-3.1,14.4,-0.091,0.021
129.677,-2.6,14.3,-0.063,0.01
129.777,-2.1,14.2,-0.039,0.01
129.876,-1.5,14.1,0,0.01
129.976,-1,14,0.035,0.01
130.076,-0.6,14,0.077,0.014
130.175,0,13.9,0.116,0.007
130.275,0.5,13.9,0.162,0.01
130.375,1.1,13.9,0.204,0.007
130.474,1.6,13.9,0.249,0.01
130.574,2,13.9,0.295,0.021
130.674,2.6,13.9,0.344,0.01
130.773,3.1,14,0.4,0.01
130.873,3.5,14.1,0.45,0.01
130.973,4.1,14.3,0.509,0.01
131.072,4.5,14.2,0.566,0.01
131.172,5,14.4,0.632,0.01
131.272,5.4,14.4,0.692,0.01
131.371,6,14.7,0.755,0.007
131.471,6.4,14.9,0.812,0.01
131.571,6.9,15.1,0.871,0.017
131.67,7.3,15.3,0.92,0.01
131.77,7.7,15.4,0.973,0.01
131.87,8,15.6,1.012,0.01
131.969,8.4,15.6,1.054,0.007
132.069,8.6,15.9,1.082,0.01
132.169,8.9,15.9,1.114,0.007
132.268,9.1,16,1.138,0.007
132.368,9.2,16.1,1.163,0.007
132.468,9.2,16.2,1.177,0.007
132.568,9.3,16.2,1.194,0.003
132.667,9.4,16.2,1.205,0.01
132.767,9.3,16.3,1.212,0.01
132.867,9.2,16.2,1.216,0.007
132.966,9.1,16.2,1.216,0.007
133.066,8.9,16.1,1.223,0.003
133.166,8.8,16.2,1.216,0.007
133.265,8.6,16,1.219,0.007
133.365,8.3,16.2,1.216,0.007
133.465,8.1,16,1.216,0.007
133.564,7.7,16,1.212,0.007
133.664,7.3,15.9,1.201,0.017
133.764,7,15.9,1.187,0.01
133.863,6.5,15.9,1.187,0.01
133.963,6.1,15.7,1.17,0.003
134.063,5.6,15.7,1.163,0.007
134.162,5.2,15.5,1.145,0.007
134.262,4.7,15.5,1.128,0.007
134.362,4.1,15.3,1.11,0.003
134.461,3.8,15.2,1.093,0.003
134.561,3.2,15,1.068,0.007
134.661,2.7,15,1.047,0.021
134.76,2,14.7,1.019,0.007
134.86,1.7,14.7,0.987,0.007
134.96,1.1,14.6,0.952,0.007
135.059,0.7,14.3,0.92,0.007
135.159,0.1,14.4,0.882,0.01
135.259,-0.4,14.1,0.847,0.007
135.358,-0.9,14.1,0.797,0.01
135.458,-1.4,13.8,0.755,0.007
135.558,-1.9,13.8,0.71,0.01
135.657,-2.3,13.8,0.66,0.024
135.757,-2.8,13.7,0.608,0.01
135.857,-3.3,13.6,0.555,0.01
135.956,-3.8,13.5,0.499,0.007
136.056,-4.2,13.6,0.432,0.01
136.156,-4.7,13.6,0.362,0.01
136.255,-5.4,13.6,0.285,0.01
136.355,-5.8,13.7,0.225,0.014
136.455,-6.3,13.8,0.151,0.014
136.555,-6.8,13.9,0.088,0.01
136.654,-7.3,14.1,0.025,0.024
136.754,-7.7,14.1,-0.028,0.01
136.854,-8.2,14.2,-0.081,0.01
136.953,-8.5,14.3,-0.116,0.007
137.053,-8.8,14.4,-0.155,0.01
137.153,-9,14.5,-0.183,0.01
137.252,-9.2,14.5,-0.207,0.01
137.352,-9.2,14.6,-0.221,0.01
137.452,-9.5,14.6,-0.239,0.01
137.551,-9.5,14.7,-0.253,0.007
137.651,-9.5,14.7,-0.26,0.014
137.751,-9.5,14.7,-0.267,0.007
137.85,-9.3,14.7,-0.271,0.007
137.95,-9.2,14.6,-0.271,0.01
138.05,-9.2,14.7,-0.271,0.01
138.149,-8.9,14.6,-0.271,0.01
138.249,-8.6,14.6,-0.267,0.01
138.349,-8.3,14.7,-0.263,0.01
138.448,-8.1,14.6,-0.263,0.01
138.548,-7.7,14.7,-0.256,0.007
138.648,-7.5,14.5,-0.249,0.007
138.747,-6.9,14.4,-0.242,0.01
138.847,-6.6,14.4,-0.235,0.007
138.947,-6.1,14.4,-0.221,0.01
139.046,-5.7,14.4,-0.211,0.01
139.146,-5.1,14.4,-0.193,0.01
139.246,-4.8,14.2,-0.179,0.007
139.345,-4.3,14.2,-0.162,0.007
139.445,-3.8,14.1,-0.141,0.007
139.545,-3.3,14,-0.116,0.007
139.644,-2.7,14,-0.088,0.01
139.744,-2.3,13.8,-0.053,0.01
139.844,-1.6,13.8,-0.018,0.007
139.943,-1.3,13.7,0.014,0.01
140.043,-0.7,13.7,0.049,0.01
140.143,-0.2,13.5,0.095,0.007
140.242,0.4,13.4,0.144,0.014
140.342,0.8,13.5,0.183,0.01
140.442,1.4,13.5,0.228,0.01
140.542,1.9,13.5,0.278,0.01
140.641,2.4,13.5,0.327,0.01
140.741,2.9,13.6,0.379,0.021
140.841,3.4,13.6,0.429,0.01
140.94,3.8,13.7,0.492,0.007
141.04,4.3,13.8,0.552,0.007
141.14,4.9,14,0.618,0.01
141.239,5.3,14.1,0.685,0.01
141.339,5.7,14.3,0.752,0.007
141.439,6.3,14.4,0.815,0.007
141.538,6.8,14.6,0.875,0.007
141.638,7.2,14.8,0.931,0.007
141.738,7.6,15,0.98,0.024
141.837,7.9,15.2,1.022,0.007
141.937,8.4,15.3,1.068,0.007
142.037,8.6,15.5,1.103,0.007
142.136,8.8,15.6,1.135,0.007
142.236,9,15.7,1.156,0.007
142.336,9.2,15.7,1.18,0.007
142.435,9.3,15.7,1.205,0.007
142.535,9.4,15.9,1.223,0.007
142.635,9.3,15.9,1.23,0.007
142.734,9.4,15.9,1.24,0.017
142.834,9.3,15.8,1.244,0.007
142.934,9.2,15.9,1.244,0.007
143.033,8.9,15.8,1.244,0.003
143.133,8.9,15.8,1.247,0.007
143.233,8.7,15.6,1.247,0.003
143.332,8.4,15.7,1.24,0.003
143.432,8.1,15.7,1.24,0.007
143.532,7.8,15.6,1.237,0.007
143.631,7.4,15.6,1.23,0.007
143.731,7.1,15.6,1.23,0.003
143.831,6.7,15.6,1.216,0.007
143.93,6.3,15.4,1.205,0.003
144.03,5.8,15.4,1.191,0.003
144.13,5.2,15.2,1.18,0.003
144.229,4.9,15.1,1.166,0.007
144.329,4.4,15,1.149,0.01
144.429,3.9,14.9,1.128,0.007
144.528,3.4,14.9,1.107,0.007
144.628,2.8,14.6,1.079,0.003
144.728,2.3,14.5,1.054,0.007
144.828,1.9,14.4,1.022,0.01
144.927,1.2,14.3,0.987,0.007
145.027,0.8,14.1,0.956,0.007
145.127,0.2,14,0.917,0.007
145.226,-0.3,13.8,0.882,0.007
145.326,-0.8,13.7,0.84,0.007
145.426,-1.2,13.6,0.797,0.003
145.525,-1.8,13.5,0.745,0.007
145.625,-2.2,13.4,0.703,0.01
145.725,-2.7,13.1,0.65,0.007
145.824,-3.1,13.3,0.597,0.024
145.924,-3.6,13.2,0.53,0.007
146.024,-4,13.2,0.467,0.01
146.123,-4.5,13.2,0.393,0.007
146.223,-5.1,13.2,0.323,0.007
146.323,-5.7,13.3,0.249,0.01
146.422,-6.1,13.4,0.176,0.01
146.522,-6.6,13.5,0.098,0.01
146.622,-7.1,13.6,0.035,0.01
146.721,-7.7,13.8,-0.021,0.01
146.821,-8,13.8,-0.074,0.024
146.921,-8.4,14,-0.119,0.007
147.02,-8.6,14,-0.155,0.01
147.12,-8.9,14.2,-0.183,0.007
147.22,-9.1,14.1,-0.211,0.01
147.319,-9.3,14.2,-0.228,0.007
147.419,-9.3,14.3,-0.242,0.01
147.519,-9.5,14.2,-0.256,0.01
147.618,-9.4,14.3,-0.267,0.01
147.718,-9.4,14.3,-0.271,0.01
147.818,-9.4,14.4,-0.278,0.021
147.917,-9.3,14.3,-0.274,0.01
148.017,-9.1,14.3,-0.278,0.01
148.117,-8.9,14.3,-0.274,0.01
148.216,-8.7,14.3,-0.274,0.01
148.316,-8.3,14.4,-0.274,0.01
148.416,-8.3,14.3,-0.271,0.01
148.515,-7.8,14.3,-0.263,0.007
148.615,-7.4,14.1,-0.26,0.01
148.715,-7.1,14.2,-0.249,0.007
148.815,-6.7,14.1,-0.242,0.01
148.914,-6.3,14.1,-0.235,0.01
149.014,-5.8,14,-0.221,0.007
149.114,-5.4,13.9,-0.207,0.01
149.213,-4.9,13.9,-0.193,0.007
149.313,-4.5,13.8,-0.172,0.01
149.413,-3.9,13.8,-0.151,0.01
149.512,-3.4,13.7,-0.126,0.007
149.612,-3,13.7,-0.098,0.01
149.712,-2.4,13.5,-0.074,0.01
149.811,-1.8,13.5,-0.035,0.014
149.911,-1.4,13.3,-0.007,0.007
150.011,-0.9,13.2,0.032,0.01
150.11,-0.4,13.2,0.074,0.01
150.21,0.2,13.2,0.119,0.01
150.31,0.6,13.2,0.162,0.014
150.409,1.1,13.2,0.211,0.007
150.509,1.6,13.1,0.263,0.007
150.609,2.2,13.1,0.309,0.01
150.708,2.6,13.1,0.362,0.007
150.808,3.2,13.2,0.415,0.01
150.908,3.8,13.3,0.474,0.01
151.007,4.1,13.5,0.538,0.007
151.107,4.6,13.5,0.601,0.01
151.207,5.1,13.8,0.671,0.007
151.306,5.5,13.8,0.738,0.007
151.406,6.1,14.1,0.808,0.007
151.506,6.5,14.2,0.871,0.007
151.605,7.1,14.4,0.934,0.01
151.705,7.5,14.6,0.984,0.007
151.805,8,14.8,1.033,0.007
151.904,8.2,15,1.075,0.021
152.004,8.4,15,1.114,0.007
152.104,8.8,15.1,1.149,0.003
152.203,9,15.3,1.18,0.003
152.303,9.1,15.4,1.201,0.003
152.403,9.3,15.4,1.223,0.007
152.502,9.3,15.5,1.237,0.007
152.602,9.4,15.5,1.254,0.007
152.702,9.4,15.6,1.261,0.007
152.801,9.4,15.5,1.265,0.007
152.901,9.2,15.5,1.268,0.017
153.001,9.1,15.6,1.268,0.007
153.101,9,15.5,1.272,0.007
153.2,8.8,15.5,1.265,0.007
153.3,8.5,15.3,1.265,0.003
153.4,8.2,15.4,1.265,0.003
153.499,7.9,15.3,1.261,0.007
153.599,7.6,15.3,1.258,0.003
153.699,7.1,15.3,1.251,0.007
153.798,6.7,15.1,1.24,0.007
153.898,6.4,15.2,1.233,0.021
153.998,5.9,15,1.219,0.007
154.097,5.5,15,1.209,0.007
154.197,5,14.7,1.194,0.007
154.297,4.5,14.7,1.18,0.007
154.396,4,14.7,1.159,0.003
154.496,3.6,14.4,1.142,0.007
154.596,3,14.3,1.114,0.007
154.695,2.6,14.2,1.089,0.003
154.795,2,14,1.061,0.007
154.895,1.6,14,1.029,0.017
154.994,1,13.8,0.994,0.007
155.094,0.5,13.7,0.959,0.007
155.194,0,13.5,0.924,0.007
155.293,-0.5,13.4,0.878,0.01
155.393,-1,13.2,0.833,0.007
155.493,-1.6,13.1,0.79,0.01
155.592,-2,13,0.734,0.01
155.692,-2.5,13,0.689,0.007
155.792,-3,12.9,0.632,0.007
155.891,-3.4,12.9,0.573,0.007
155.991,-3.9,12.9,0.506,0.007
156.091,-4.4,12.9,0.436,0.01
156.19,-4.8,12.9,0.362,0.01
156.29,-5.4,12.9,0.285,0.01
156.39,-6,13.1,0.207,0.007
156.489,-6.6,13.2,0.126,0.01
156.589,-6.9,13.2,0.06,0.01
156.689,-7.6,13.3,-0.007,0.007
156.788,-7.9,13.5,-0.067,0.007
156.888,-8.3,13.6,-0.116,0.007
156.988,-8.6,13.7,-0.155,0.017
157.088,-8.9,13.8,-0.186,0.01
157.187,-9.1,13.8,-0.214,0.007
157.287,-9.2,13.9,-0.232,0.01
157.387,-9.4,13.9,-0.249,0.01
157.486,-9.5,14,-0.263,0.007
157.586,-9.5,13.9,-0.271,0.01
157.686,-9.5,14,-0.278,0.007
157.785,-9.3,14,-0.281,0.007
157.885,-9.2,14,-0.288,0.007
157.985,-9.1,14,-0.292,0.024
158.084,-9,13.9,-0.288,0.007
158.184,-8.7,14,-0.288,0.01
158.284,-8.6,14,-0.288,0.007
158.383,-8.3,14,-0.281,0.01
158.483,-8,13.8,-0.278,0.01
158.583,-7.6,14,-0.274,0.007
158.682,-7.3,13.8,-0.267,0.007
158.782,-6.9,13.8,-0.26,0.007
158.882,-6.3,13.8,-0.246,0.007
158.981,-6,13.8,-0.235,0.021
159.081,-5.5,13.7,-0.225,0.01
159.181,-5.1,13.6,-0.207,0.007
159.28,-4.6,13.5,-0.186,0.007
159.38,-4.2,13.5,-0.169,0.01
159.48,-3.6,13.5,-0.148,0.01
159.579,-3.1,13.2,-0.119,0.007
159.679,-2.5,13.2,-0.091,0.007
159.779,-2.1,13.1,-0.06,0.007
159.878,-1.6,13,-0.021,0.007
159.978,-1.1,13,0.014,0.014
160.078,-0.5,12.8,0.049,0.003
160.177,-0.1,12.9,0.095,0.007
160.277,0.5,12.7,0.144,0.007
160.377,1,12.7,0.19,0.007
160.476,1.4,12.6,0.235,0.007
160.576,2,12.8,0.288,0.007
160.676,2.6,12.7,0.341,0.007
160.775,3.1,12.9,0.39,0.007
160.875,3.5,12.9,0.453,0.007
160.975,4,13,0.516,0.01
161.075,4.4,13.2,0.583,0.01
161.174,5,13.2,0.653,0.007
161.274,5.4,13.5,0.727,0.007
161.374,5.9,13.5,0.797,0.01
161.473,6.4,13.8,0.864,0.007
161.573,6.9,14,0.931,0.007
161.673,7.3,14.1,0.987,0.01
161.772,7.7,14.4,1.04,0.007
161.872,8.1,14.5,1.089,0.01
161.972,8.5,14.7,1.128,0.007
162.071,8.7,14.8,1.163,0.007
162.171,8.9,15,1.194,0.007
162.271,9.1,15,1.219,0.007
162.37,9.3,15.1,1.24,0.007
162.47,9.3,15.1,1.258,0.007
162.57,9.3,15.2,1.272,0.007
162.669,9.3,15.3,1.279,0.003
162.769,9.4,15.1,1.286,0.003
162.869,9.1,15.3,1.293,0.007
162.968,9.1,15.2,1.303,0.007
163.068,9,15.2,1.303,0.01
163.168,8.8,15.1,1.296,0.007
163.267,8.5,15.2,1.296,0
163.367,8.2,15,1.296,0.003
163.467,8,15,1.3,0.007
163.566,7.7,15,1.279,0.007
163.666,7.4,15,1.286,0.007
163.766,7,14.9,1.275,0.007
163.865,6.7,14.7,1.261,0.007
163.965,6.1,14.7,1.251,0.007
164.065,5.6,14.7,1.24,0.021
164.164,5.2,14.6,1.23,0.003
164.264,4.7,14.3,1.212,0.003
164.364,4.1,14.4,1.198,0.007
164.463,3.7,14.2,1.17,0.007
164.563,3.1,14.1,1.145,0.007
164.663,2.6,13.9,1.124,0.007
164.762,2.1,13.8,1.096,0.003
164.862,1.7,13.7,1.071,0.007
164.962,1.1,13.5,1.033,0.007
165.062,0.6,13.5,0.994,0.017
165.161,0.1,13.3,0.959,0.007
165.261,-0.4,13.2,0.92,0.007
165.361,-0.9,13,0.875,0.007
165.46,-1.4,12.9,0.833,0.007
165.56,-1.8,12.8,0.783,0.007
165.66,-2.3,12.6,0.731,0.007
165.759,-2.8,12.6,0.678,0.007
165.859,-3.2,12.5,0.618,0.007
165.959,-3.6,12.6,0.559,0.003
166.058,-4.2,12.5,0.481,0.024
166.158,-4.6,12.6,0.408,0.003
166.258,-5.2,12.5,0.323,0.01
166.357,-5.7,12.6,0.242,0.007
166.457,-6.3,12.6,0.158,0.003
166.557,-6.8,12.8,0.077,0.007
166.656,-7.4,13.1,0,0.007
166.756,-7.9,13.2,-0.06,0.01
166.856,-8.3,13.3,-0.112,0.01
166.955,-8.6,13.2,-0.151,0.003
167.055,-8.9,13.5,-0.186,0.014
167.155,-9.2,13.5,-0.214,0.007
167.254,-9.3,13.5,-0.235,0.01
167.354,-9.3,13.6,-0.253,0.01
167.454,-9.5,13.6,-0.271,0.007
167.553,-9.4,13.7,-0.281,0.007
167.653,-9.5,13.6,-0.292,0.007
167.753,-9.4,13.7,-0.292,0.01
167.852,-9.3,13.6,-0.295,0.007
167.952,-9.2,13.8,-0.295,0.007
168.052,-9.1,13.6,-0.299,0.01
168.151,-8.9,13.6,-0.295,0.01
168.251,-8.6,13.7,-0.295,0.007
168.351,-8.3,13.6,-0.295,0.007
168.45,-8,13.7,-0.285,0.007
168.55,-7.8,13.5,-0.281,0.01
168.65,-7.3,13.7,-0.274,0.007
168.749,-7,13.5,-0.267,0.01
168.849,-6.6,13.5,-0.26,0.007
168.949,-6.1,13.4,-0.249,0.007
169.049,-5.7,13.4,-0.235,0.007
169.148,-5.2,13.4,-0.221,0.017
169.248,-4.8,13.2,-0.207,0.007
169.348,-4.2,13.2,-0.186,0.007
169.447,-3.8,13,-0.162,0.003
169.547,-3.3,13.1,-0.137,0.01
169.647,-2.7,12.9,-0.109,0.007
169.746,-2.3,12.8,-0.081,0.007
169.846,-1.8,12.6,-0.042,0.007
169.946,-1.3,12.6,-0.007,0.007
170.045,-0.7,12.6,0.035,0.007
170.145,-0.3,12.5,0.074,0.021
170.245,0.3,12.4,0.119,0.007
170.344,0.8,12.4,0.165,0.01
170.444,1.4,12.4,0.218,0.007
170.544,1.7,12.3,0.263,0.01
170.643,2.4,12.5,0.32,0.007
170.743,2.8,12.5,0.369,0.007
170.843,3.3,12.5,0.432,0.01
170.942,3.8,12.6,0.499,0.01
171.042,4.3,12.7,0.569,0.007
171.142,4.7,12.9,0.639,0.021
171.241,5.3,13,0.71,0.007
171.341,5.7,13.2,0.787,0.007
171.441,6.2,13.4,0.857,0.007
171.54,6.7,13.7,0.934,0.007
171.64,7.3,13.8,0.994,0.007
171.74,7.6,14,1.05,0.003
171.839,8,14.2,1.096,0.007
171.939,8.3,14.4,1.138,0.007
172.039,8.6,14.4,1.177,0.007
172.138,8.8,14.7,1.209,0.021
172.238,9.1,14.7,1.24,0.007
172.338,9.2,14.8,1.265,0.003
172.437,9.3,14.9,1.275,0.007
172.537,9.4,14.9,1.3,0.003
172.637,9.4,15,1.31,0.003
172.736,9.4,14.8,1.317,0.007
172.836,9.2,15,1.317,0.003
172.936,9.1,14.9,1.321,0.003
173.035,9,15,1.324,0.007
173.135,8.8,14.9,1.324,0.007
173.235,8.6,14.8,1.321,0.003
173.335,8.4,14.8,1.321,0.003
173.434,8,14.7,1.317,0.003
173.534,7.9,14.8,1.321,0.003
173.634,7.3,14.7,1.31,0
173.733,7.1,14.7,1.31,0.003
173.833,6.6,14.5,1.289,0.003
173.933,6.2,14.5,1.282,0.003
174.032,5.8,14.4,1.272,0.003
174.132,5.3,14.3,1.258,0.003
174.232,4.8,14.2,1.24,0.01
174.331,4.4,14.1,1.223,0.007
174.431,3.8,13.9,1.205,0.003
174.531,3.5,13.7,1.184,0.003
174.63,2.9,13.7,1.159,0.007
174.73,2.3,13.5,1.131,0.003
174.83,1.9,13.5,1.103,0.007
174.929,1.3,13.3,1.064,0.007
175.029,0.8,13.2,1.033,0.007
175.129,0.2,13,0.994,0.007
175.228,-0.2,12.9,0.952,0.017
175.328,-0.8,12.7,0.913,0.007
175.428,-1.2,12.6,0.871,0.003
175.527,-1.7,12.5,0.822,0.007
175.627,-2.1,12.4,0.773,0.003
175.727,-2.7,12.3,0.717,0.003
175.826,-3.1,12.2,0.66,0.007
175.926,-3.6,12.2,0.597,0.007
176.026,-4,12.1,0.527,0.007
176.125,-4.5,12.2,0.45,0.007
176.225,-5,12.3,0.365,0.024
176.325,-5.5,12.3,0.285,0.007
176.424,-6,12.4,0.193,0.01
176.524,-6.6,12.5,0.102,0.007
176.624,-7.2,12.6,0.021,0.01
176.723,-7.7,12.8,-0.046,0.007
176.823,-8.1,12.9,-0.098,0.007
176.923,-8.4,13,-0.148,0.007
177.022,-8.8,13.2,-0.183,0.007
177.122,-8.9,13.2,-0.214,0.007
177.222,-9.2,13.2,-0.239,0.021
177.322,-9.3,13.3,-0.26,0.007
177.421,-9.4,13.3,-0.274,0.01
177.521,-9.5,13.4,-0.285,0.01
177.621,-9.5,13.3,-0.299,0.007
177.72,-9.5,13.5,-0.299,0.007
177.82,-9.4,13.2,-0.302,0.007
177.92,-9.2,13.3,-0.306,0.01
178.019,-9.1,13.4,-0.309,0.007
178.119,-9,13.3,-0.306,0.01
178.219,-8.7,13.4,-0.306,0.017
178.318,-8.5,13.3,-0.306,0.01
178.418,-8.1,13.3,-0.299,0.01
178.518,-7.8,13.2,-0.292,0.01
178.617,-7.5,13.3,-0.288,0.007
178.717,-7.1,13.2,-0.278,0.01
178.817,-6.6,13.2,-0.274,0.01
178.916,-6.3,13.2,-0.263,0.007
179.016,-5.8,13.1,-0.246,0.007
179.116,-5.3,13.1,-0.232,0.01
179.215,-5,12.9,-0.221,0.003
179.315,-4.4,12.9,-0.2,0.007
179.415,-4,12.8,-0.183,0.003
179.514,-3.4,12.8,-0.151,0.007
179.614,-3,12.6,-0.126,0.007
179.714,-2.4,12.5,-0.098,0.01
179.813,-1.8,12.5,-0.063,0.007
179.913,-1.3,12.3,-0.028,0.007
180.013,-1,12.3,0.007,0.007
180.112,-0.4,12.1,0.046,0.007
180.212,0.1,12.1,0.095,0.01
180.312,0.6,12.1,0.141,0.01
180.411,1.1,12.1,0.19,0.01
180.511,1.6,12,0.242,0.007
180.611,2.2,12.1,0.299,0.003
180.71,2.6,12.1,0.348,0.007
180.81,3.1,12.2,0.408,0.007
180.91,3.6,12.3,0.474,0.007
181.009,4.1,12.3,0.552,0.01
181.109,4.5,12.5,0.625,0.01
181.209,5,12.6,0.703,0.007
181.309,5.4,12.9,0.78,0.021
181.408,6.1,13,0.857,0.01
181.508,6.6,13.3,0.931,0.01
181.608,7.1,13.4,1.001,0.014
181.707,7.5,13.6,1.061,0.01
181.807,7.9,13.9,1.114,0.007
181.907,8.3,14,1.159,0.007
182.006,8.5,14.2,1.198,0.01
182.106,8.8,14.2,1.233,0.007
182.206,9.1,14.4,1.265,0.007
182.305,9.2,14.5,1.282,0.021
182.405,9.4,14.6,1.307,0.007
182.505,9.4,14.5,1.324,0.003
182.604,9.4,14.7,1.342,0.007
182.704,9.3,14.6,1.346,0.003
182.804,9.3,14.7,1.346,0.003
182.903,9.2,14.6,1.353,0.003
183.003,9.1,14.7,1.353,0.003
183.103,8.9,14.6,1.349,0.003
183.202,8.8,14.6,1.349,0.003
183.302,8.5,14.6,1.353,0.021
183.402,8.2,14.4,1.349,0.003
183.501,7.9,14.5,1.346,0.007
183.601,7.6,14.4,1.342,0
183.701,7.3,14.4,1.338,0.003
183.8,6.8,14.3,1.328,0.007
183.9,6.3,14.3,1.317,0.003
184,5.9,14.2,1.3,0.003
184.099,5.5,14.1,1.289,0.003
184.199,5,14,1.275,0.007
184.299,4.5,13.8,1.258,0.014
184.398,4.1,13.8,1.24,0.003
184.498,3.6,13.6,1.216,0.003
184.598,3.1,13.5,1.191,0.007
184.697,2.6,13.3,1.17,0.007
184.797,2,13.2,1.142,0.003
184.897,1.5,13.1,1.107,0.007
184.996,1,12.9,1.071,0.007
185.096,0.5,12.8,1.036,0.003
185.196,-0.1,12.6,0.998,0.003
185.296,-0.5,12.5,0.959,0.003
185.395,-1.1,12.3,0.91,0.003
185.495,-1.5,12.2,0.864,0.003
185.595,-2,12.1,0.815,0.007
185.694,-2.4,12,0.759,0.003
185.794,-2.9,11.9,0.703,0.007
185.894,-3.4,11.9,0.639,0.007
185.993,-3.9,11.8,0.569,0.007
186.093,-4.3,11.9,0.492,0.003
186.193,-4.8,11.9,0.415,0.007
186.292,-5.4,11.9,0.32,0.007
186.392,-5.9,12,0.225,0.01
186.492,-6.5,12,0.13,0.003
186.591,-7.1,12.3,0.046,0.007
186.691,-7.6,12.4,-0.028,0.007
186.791,-8,12.6,-0.088,0.007
186.89,-8.5,12.6,-0.137,0.007
186.99,-8.6,12.7,-0.179,0.007
187.09,-8.9,12.8,-0.211,0.007
187.189,-9.1,12.9,-0.235,0.007
187.289,-9.4,13,-0.26,0.007
187.389,-9.3,13,-0.274,0.024
187.488,-9.4,13.1,-0.292,0.007
187.588,-9.5,13,-0.295,0.007
187.688,-9.5,13.1,-0.306,0.007
187.787,-9.4,13.1,-0.309,0.01
187.887,-9.3,13.1,-0.313,0.007
187.987,-9.2,13.1,-0.313,0.007
188.086,-9,13,-0.313,0.007
188.186,-8.8,13.1,-0.313,0.007
188.286,-8.4,13,-0.309,0.007
188.385,-8.2,13.1,-0.309,0.021
188.485,-8,12.9,-0.302,0.007
188.585,-7.5,13,-0.299,0.007
188.684,-7.2,12.8,-0.292,0.007
188.784,-6.8,12.9,-0.285,0.007
188.884,-6.4,12.9,-0.274,0.003
188.983,-6,12.9,-0.263,0.007
189.083,-5.4,12.7,-0.249,0.003
189.183,-5.1,12.6,-0.232,0.003
189.282,-4.5,12.6,-0.214,0.007
189.382,-4.2,12.6,-0.197,0.014
189.482,-3.6,12.5,-0.169,0.007
189.582,-3.2,12.3,-0.148,0.003
189.681,-2.6,12.3,-0.116,0.007
189.781,-2.1,12.1,-0.088,0.007
189.881,-1.6,12,-0.049,0.01
189.98,-1.1,11.9,-0.011,0.007
190.08,-0.5,11.9,0.028,0.007
190.18,-0.1,11.8,0.074,0.003
190.279,0.5,11.8,0.116,0.007
190.379,0.9,11.8,0.169,0.014
190.479,1.4,11.7,0.218,0.007
190.578,2,11.8,0.274,0.003
190.678,2.4,11.8,0.323,0.007
190.778,2.9,11.8,0.386,0.007
190.877,3.4,11.9,0.453,0.007
190.977,3.8,12,0.52,0.01
191.077,4.4,12.1,0.597,0.007
191.176,4.9,12.2,0.678,0.003
191.276,5.3,12.5,0.759,0.007
191.376,5.9,12.5,0.84,0.007
191.475,6.5,12.9,0.917,0.007
191.575,7,13.1,0.987,0.007
191.675,7.3,13.3,1.054,0.007
191.774,7.9,13.5,1.117,0.007
191.874,8.2,13.7,1.166,0.007
191.974,8.5,13.8,1.209,0.007
192.073,8.8,14,1.244,0.003
192.173,9,14.1,1.282,0.007
192.273,9.1,14.1,1.303,0.007
192.372,9.3,14.2,1.328,0.003
192.472,9.4,14.3,1.342,0.017
192.572,9.4,14.4,1.353,0.007
192.671,9.4,14.3,1.37,0.003
192.771,9.3,14.4,1.377,0.007
192.871,9.3,14.3,1.377,0.003
192.97,9.2,14.4,1.381,0.003
193.07,9,14.2,1.384,0.003
193.17,8.8,14.3,1.381,0.003
193.269,8.5,14.3,1.381,0.003
193.369,8.4,14.2,1.381,0.003
193.469,8,14.2,1.374,0.017
193.569,7.7,14.1,1.367,0.003
193.668,7.3,14.1,1.367,0.003
193.768,6.9,14,1.349,0.003
193.868,6.5,14,1.342,0.003
193.967,6.1,13.8,1.335,0.007
194.067,5.7,13.8,1.321,0.003
194.167,5.3,13.7,1.31,0.003
194.266,4.7,13.5,1.293,0.003
194.366,4.3,13.5,1.275,0
194.466,3.6,13.3,1.251,0.021
194.565,3.2,13.1,1.226,0.003
194.665,2.7,13.1,1.205,0.003
194.765,2.2,12.8,1.177,0.003
194.864,1.7,12.8,1.149,0.003
194.964,1.1,12.7,1.11,0.003
195.064,0.6,12.5,1.079,0.003
195.163,0.1,12.3,1.036,0.003
195.263,-0.4,12.2,0.998,0.003
195.363,-0.9,12,0.952,0.003
195.462,-1.4,11.9,0.906,0.014
195.562,-1.9,11.8,0.854,0.003
195.662,-2.3,11.6,0.805,0.003
195.761,-2.8,11.6,0.741,0.003
195.861,-3.3,11.5,0.685,0.003
195.961,-3.6,11.5,0.618,0.003
196.06,-4.2,11.5,0.541,0.003
196.16,-4.5,11.4,0.46,0
196.26,-5.1,11.6,0.365,0.003
196.359,-5.7,11.6,0.267,0.003
196.459,-6.3,11.7,0.165,0.003
196.559,-6.9,11.9,0.07,0.003
196.658,-7.5,12,-0.018,0.003
196.758,-7.9,12.2,-0.074,0.007
196.858,-8.4,12.4,-0.133,0.003
196.957,-8.6,12.5,-0.176,0.003
197.057,-8.9,12.4,-0.211,0.003
197.157,-9.1,12.5,-0.235,0.003
197.256,-9.3,12.6,-0.263,0.003
197.356,-9.4,12.7,-0.278,0.007
197.456,-9.6,12.7,-0.295,0.007
197.555,-9.5,12.7,-0.306,0.01
197.655,-9.5,12.6,-0.313,0.003
197.755,-9.4,12.8,-0.316,0.003
197.855,-9.4,12.7,-0.32,0.007
197.954,-9.2,12.7,-0.323,0.003
198.054,-9.1,12.7,-0.323,0.007
198.154,-8.9,12.7,-0.323,0.007
198.253,-8.6,12.8,-0.32,0.003
198.353,-8.4,12.7,-0.316,0.007
198.453,-8.1,12.7,-0.316,0.003
198.552,-7.7,12.7,-0.309,0.014
198.652,-7.3,12.7,-0.306,0.003
198.752,-6.9,12.6,-0.295,0.007
198.851,-6.6,12.5,-0.285,0.003
198.951,-6,12.5,-0.274,0.003
199.051,-5.7,12.5,-0.256,0.007
199.15,-5.1,12.3,-0.246,0.003
199.25,-4.7,12.3,-0.228,0.003
199.35,-4.2,12.3,-0.211,0.003
199.449,-3.8,12.1,-0.186,0.003
199.549,-3.3,12.2,-0.165,0.021
199.649,-2.8,11.9,-0.137,0.003
199.748,-2.3,11.9,-0.102,0.003
199.848,-1.7,11.7,-0.067,0.007
199.948,-1.3,11.6,-0.032,0.003
200.047,-0.6,11.6,0.011,0.003
200.147,-0.3,11.5,0.049,0.003
200.247,0.2,11.4,0.091,0.003
200.346,0.7,11.3,0.144,0.007
200.446,1.3,11.4,0.197,0.007
200.546,1.7,11.4,0.246,0.017
200.645,2.3,11.4,0.302,0.003
200.745,2.7,11.4,0.362,0.007
200.845,3.3,11.5,0.432,0.007
200.944,3.6,11.6,0.502,0.003
201.044,4.1,11.8,0.58,0.007
201.144,4.7,11.8,0.66,0.003
201.243,5.2,12,0.745,0.003
201.343,5.7,12.2,0.826,0.003
201.443,6.2,12.5,0.91,0.003
201.542,6.8,12.7,0.994,0.014
201.642,7.3,13,1.061,0.007
201.742,7.8,13.2,1.124,0.003
201.842,8.2,13.3,1.184,0.003
201.941,8.5,13.6,1.226,0.003
202.041,8.7,13.6,1.268,0.003
202.141,8.9,13.8,1.296,0.003
202.24,9.1,13.8,1.324,0.003
202.34,9.3,13.9,1.353,0.003
202.44,9.3,13.9,1.37,0.003
202.539,9.4,14,1.381,0.003
202.639,9.4,14,1.391,0.007
202.739,9.4,14,1.402,0.003
202.838,9.3,14.1,1.402,0.003
202.938,9.2,14,1.409,0.003
203.038,8.9,14,1.405,0.003
203.137,8.9,13.9,1.405,0
203.237,8.6,14,1.409,0
203.337,8.3,13.9,1.405,0
203.436,8,13.9,1.405,0.003
203.536,7.8,13.8,1.398,0
203.636,7.6,13.8,1.395,0.003
203.735,7.1,13.7,1.391,0.003
203.835,6.6,13.7,1.381,0
203.935,6.2,13.6,1.374,0.003
204.034,5.6,13.5,1.363,0
204.134,5.4,13.5,1.342,0.003
204.234,4.8,13.2,1.328,0.003
204.333,4.4,13.2,1.31,0.003
204.433,3.8,13,1.289,0.003
204.533,3.5,12.9,1.272,0.003
204.632,2.8,12.8,1.24,0.014
204.732,2.4,12.7,1.216,0
204.832,1.8,12.5,1.184,0
204.931,1.3,12.4,1.152,0
205.031,0.8,12.3,1.114,0.003
205.131,0.2,12.1,1.075,0.003
205.23,-0.2,11.9,1.036,0.003
205.33,-0.7,11.7,0.991,0
205.43,-1.2,11.7,0.945,0.003
205.529,-1.8,11.4,0.896,0.003
205.629,-2.1,11.5,0.847,0.017
205.729,-2.7,11.2,0.783,0.003
205.829,-3,11.3,0.727,0.003
205.928,-3.6,11.1,0.66,0.007
206.028,-4,11.2,0.587,0.007
206.128,-4.5,11.2,0.506,0.003
206.227,-5,11.2,0.411,0.007
206.327,-5.6,11.3,0.313,0.007
206.427,-6.1,11.4,0.204,0.003
206.526,-6.7,11.4,0.102,0.003
206.626,-7.2,11.8,0.014,0.017
206.726,-7.7,11.9,-0.063,0.003
206.825,-8.2,11.9,-0.123,0.003
206.925,-8.5,12,-0.169,0.003
207.025,-8.8,12.1,-0.2,0.007
207.124,-9,12.3,-0.239,0.003
207.224,-9.2,12.3,-0.256,0.007
207.324,-9.4,12.3,-0.281,0.007
207.423,-9.4,12.4,-0.299,0.003
207.523,-9.5,12.4,-0.313,0.003
207.623,-9.4,12.4,-0.316,0.007
207.722,-9.5,12.5,-0.327,0.003
207.822,-9.4,12.5,-0.33,0.003
207.922,-9.3,12.5,-0.33,0.007
208.021,-9.2,12.5,-0.334,0.003
208.121,-8.9,12.4,-0.33,0.003
208.221,-8.6,12.5,-0.33,0.003
208.32,-8.5,12.4,-0.327,0.007
208.42,-8.2,12.4,-0.327,0.007
208.52,-7.8,12.4,-0.32,0.003
208.619,-7.5,12.4,-0.313,0.003
208.719,-7.1,12.2,-0.306,0.003
208.819,-6.7,12.3,-0.299,0.003
208.918,-6.3,12.3,-0.288,0.003
209.018,-5.8,12.1,-0.274,0.003
209.118,-5.3,12.2,-0.256,0.003
209.217,-5,12,-0.246,0.003
209.317,-4.3,12,-0.221,0.003
209.417,-4,11.8,-0.204,0.003
209.516,-3.4,11.8,-0.176,0.007
209.616,-3,11.7,-0.155,0
209.716,-2.3,11.6,-0.119,0.01
209.816,-1.9,11.4,-0.088,0.003
209.915,-1.3,11.4,-0.053,0.007
210.015,-0.9,11.3,-0.011,0.003
210.115,-0.4,11.2,0.025,0.003
210.214,0,11.1,0.07,0.003
210.314,0.5,11.1,0.119,0.003
210.414,1.1,11,0.172,0.007
210.513,1.6,11.1,0.221,0.003
210.613,2,11,0.288,0.007
210.713,2.6,11.1,0.341,0.017
210.812,3.1,11.2,0.404,0.007
210.912,3.5,11.3,0.471,0.003
211.012,4.1,11.3,0.552,0.003
211.111,4.4,11.4,0.636,0.003
211.211,5,11.7,0.72,0.007
211.311,5.5,11.9,0.808,0.003
211.41,6.1,12.1,0.892,0.003
211.51,6.5,12.3,0.98,0.007
211.61,7.2,12.6,1.064,0.003
211.709,7.6,12.8,1.128,0.017
211.809,8,13,1.187,0.003
211.909,8.3,13.2,1.237,0.003
212.008,8.7,13.3,1.282,0.003
212.108,8.8,13.5,1.317,0.003
212.208,9.1,13.5,1.349,0.003
212.307,9.2,13.7,1.367,0.003
212.407,9.3,13.7,1.384,0.003
212.507,9.4,13.8,1.409,0
212.606,9.4,13.7,1.419,0.007
212.706,9.4,13.8,1.43,0.014
212.806,9.3,13.8,1.433,0.003
212.905,9.1,13.8,1.437,0.003
213.005,9.1,13.8,1.437,0.003
213.105,8.9,13.7,1.437,0.003
213.204,8.8,13.8,1.437,0.007
213.304,8.4,13.6,1.437,0.003
213.404,8.2,13.7,1.43,0.003
213.503,7.9,13.5,1.43,0.003
213.603,7.6,13.6,1.423,0.003
213.703,7.2,13.5,1.419,0.003
213.802,6.7,13.4,1.412,0.003
213.902,6.4,13.4,1.409,0.003
214.002,5.9,13.3,1.391,0.003
214.102,5.5,13.2,1.377,0.003
214.201,5,13,1.363,0
214.301,4.6,12.9,1.349,0.003
214.401,4,12.9,1.324,0
214.5,3.5,12.7,1.303,0
214.6,3,12.6,1.279,0.003
214.7,2.6,12.4,1.251,0
214.799,2,12.3,1.223,0.003
214.899,1.4,12.2,1.191,0
214.999,1,12,1.156,0.003
215.098,0.5,11.9,1.114,0.007
215.198,-0.1,11.8,1.079,0.003
215.298,-0.5,11.5,1.033,0
215.397,-1,11.4,0.991,0.003
215.497,-1.5,11.3,0.938,0.007
215.597,-1.9,11.1,0.889,0.003
215.696,-2.4,11,0.833,0.003
215.796,-2.9,11,0.769,0.01
215.896,-3.4,10.9,0.706,0.007
215.995,-3.9,10.8,0.629,0.007
216.095,-4.3,10.9,0.559,0.007
216.195,-4.7,10.8,0.467,0.007
216.294,-5.3,10.9,0.365,0.007
216.394,-5.8,11,0.26,0.007
216.494,-6.5,11.2,0.144,0.007
216.593,-7.1,11.3,0.042,0.007
216.693,-7.7,11.5,-0.042,0.003
216.793,-8,11.7,-0.098,0.021
216.892,-8.4,11.8,-0.155,0.003
216.992,-8.6,11.8,-0.193,0.003
217.092,-8.9,12,-0.228,0.003
217.191,-9.2,12,-0.253,0.007
217.291,-9.3,12,-0.278,0.003
217.391,-9.4,12.1,-0.295,0.003
217.49,-9.5,12.1,-0.309,0.003
217.59,-9.4,12.2,-0.323,0.007
217.69,-9.5,12.1,-0.33,0.003
217.789,-9.4,12.2,-0.334,0.017
217.889,-9.3,12.2,-0.334,0.003
217.989,-9.2,12.1,-0.337,0
218.089,-9,12.2,-0.337,0.003
218.188,-8.7,12.1,-0.334,0.007
218.288,-8.5,12.2,-0.334,0.007
218.388,-8.2,12.1,-0.334,0.007
218.487,-7.9,12.2,-0.327,0.003
218.587,-7.5,12,-0.323,0.003
218.687,-7.2,12,-0.309,0.007
218.786,-6.8,12.1,-0.309,0.021
218.886,-6.4,12,-0.295,0
218.986,-6,11.9,-0.285,0.003
219.085,-5.5,11.9,-0.267,0.003
219.185,-5.1,11.9,-0.256,0.007
219.285,-4.5,11.7,-0.239,0.007
219.384,-4.1,11.7,-0.218,0.007
219.484,-3.6,11.5,-0.193,0.003
219.584,-3.1,11.4,-0.165,0.007
219.683,-2.6,11.3,-0.137,0.007
219.783,-2.1,11.3,-0.105,0.003
219.883,-1.6,11.1,-0.07,0.007
219.982,-1,11,-0.032,0.007
220.082,-0.6,11,0.011,0.003
220.182,-0.2,10.9,0.053,0.007
220.281,0.5,10.8,0.098,0.003
220.381,0.8,10.8,0.148,0.007
220.481,1.4,10.8,0.207,0.003
220.58,1.9,10.8,0.263,0.007
220.68,2.5,10.9,0.323,0.007
220.78,2.9,10.8,0.383,0.003
220.879,3.4,10.9,0.453,0.007
220.979,3.8,11,0.53,0.003
221.079,4.3,11.1,0.611,0.007
221.178,4.8,11.3,0.699,0.003
221.278,5.3,11.4,0.783,0
221.378,5.9,11.8,0.878,0.003
221.477,6.4,12,0.97,0.003
221.577,7,12.2,1.054,0.003
221.677,7.3,12.5,1.128,0
221.776,7.9,12.7,1.198,0.003
221.876,8.2,12.8,1.244,0.01
221.976,8.5,13.1,1.293,0
222.076,8.8,13.2,1.328,0.003
222.175,9.1,13.4,1.363,0.007
222.275,9.1,13.3,1.388,0.003
222.375,9.3,13.5,1.416,0.003
222.474,9.4,13.5,1.43,0.003
222.574,9.4,13.5,1.444,0.003
222.674,9.4,13.6,1.454,0.003
222.773,9.3,13.5,1.458,0.003
222.873,9.3,13.6,1.461,0.014
222.973,9.1,13.5,1.458,0.003
223.072,8.9,13.5,1.461,0
223.172,8.8,13.4,1.458,0.003
223.272,8.5,13.4,1.465,0
223.371,8.2,13.5,1.458,0
223.471,7.9,13.3,1.458,0.003
223.571,7.7,13.3,1.451,0
223.67,7.4,13.2,1.451,0
223.77,7,13.4,1.444,0
223.87,6.5,13.2,1.433,0.014
223.969,6.1,13.1,1.426,0.003
224.069,5.6,13,1.405,0.003
224.169,5.2,12.9,1.398,0.003
224.268,4.7,12.7,1.381,0.003
224.368,4.2,12.7,1.356,0.003
224.468,3.6,12.5,1.338,0.003
224.567,3.1,12.5,1.314,0
224.667,2.6,12.3,1.286,0.003
224.767,2.1,12.1,1.258,0.003
224.866,1.7,12,1.23,0.014
224.966,1.1,11.8,1.191,0.003
225.066,0.7,11.7,1.159,0.003
225.165,0.1,11.4,1.117,0.003
225.265,-0.4,11.4,1.079,0.003
225.365,-0.9,11.3,1.033,0.003
225.464,-1.3,11.1,0.984,0.003
225.564,-1.8,10.9,0.934,0.003
225.664,-2.2,10.8,0.878,0.003
225.763,-2.7,10.7,0.815,0.003
225.863,-3.2,10.7,0.752,0.003
225.963,-3.6,10.6,0.678,0.007
226.063,-4.2,10.5,0.601,0.007
226.162,-4.5,10.7,0.52,0.007
226.262,-5.1,10.6,0.422,0.003
226.362,-5.7,10.7,0.309,0.007
226.461,-6.3,10.8,0.197,0.007
226.561,-6.9,11,0.088,0.007
226.661,-7.4,11.1,0,0.007
226.76,-7.9,11.4,-0.081,0.007
226.86,-8.2,11.4,-0.133,0.007
226.96,-8.6,11.5,-0.183,0.003
227.059,-8.9,11.7,-0.221,0.007
227.159,-9,11.8,-0.249,0.007
227.259,-9.3,11.9,-0.281,0.007
227.358,-9.5,11.9,-0.299,0.003
227.458,-9.5,11.9,-0.313,0.007
227.558,-9.5,11.9,-0.327,0.007
227.657,-9.5,11.9,-0.334,0.007
227.757,-9.5,12,-0.337,0.007
227.857,-9.3,11.9,-0.344,0.007
227.956,-9.2,11.9,-0.341,0.017
228.056,-9,11.8,-0.341,0.003
228.156,-8.8,11.9,-0.344,0.003
228.255,-8.6,11.9,-0.344,0.003
228.355,-8.4,11.9,-0.341,0.003
228.455,-8,11.9,-0.334,0.003
228.554,-7.8,11.8,-0.327,0.003
228.654,-7.3,11.9,-0.323,0.003
228.754,-6.9,11.8,-0.316,0.003
228.853,-6.6,11.8,-0.309,0
228.953,-6.1,11.7,-0.295,0.024
229.053,-5.7,11.6,-0.281,0.003
229.152,-5.1,11.6,-0.267,0.003
229.252,-4.7,11.5,-0.249,0
229.352,-4.2,11.4,-0.228,0.003
229.451,-3.7,11.4,-0.211,0.003
229.551,-3.3,11.2,-0.183,0.007
229.651,-2.7,11.1,-0.155,0.003
229.75,-2.1,11.1,-0.123,0.003
229.85,-1.7,10.9,-0.091,0.003
229.95,-1.3,11,-0.053,0.021
230.049,-0.7,10.8,-0.014,0.007
230.149,-0.3,10.7,0.032,0.003
230.249,0.2,10.5,0.077,0.007
230.349,0.7,10.6,0.126,0.003
230.448,1.3,10.5,0.186,0.003
230.548,1.7,10.5,0.239,0.003
230.648,2.3,10.5,0.302,0.007
230.747,2.6,10.5,0.362,0.003
230.847,3.2,10.7,0.432,0.007
230.947,3.5,10.7,0.509,0.007
231.046,4.1,10.8,0.587,0.007
231.146,4.6,10.9,0.678,0.007
231.246,5.2,11.1,0.769,0.003
231.345,5.6,11.4,0.861,0.003
231.445,6.2,11.6,0.952,0.003
231.545,6.7,11.9,1.047,0.003
231.644,7.3,12.2,1.128,0.003
231.744,7.8,12.4,1.201,0.007
231.844,8.2,12.6,1.258,0
231.943,8.5,12.8,1.31,0
232.043,8.8,12.9,1.342,0.003
232.143,9,13.1,1.381,0.003
232.242,9.1,13.2,1.412,0.003
232.342,9.2,13.2,1.433,0
232.442,9.4,13.2,1.447,0
232.541,9.4,13.3,1.465,0
232.641,9.4,13.3,1.476,0
232.741,9.4,13.3,1.483,0
232.84,9.3,13.4,1.49,0.003
232.94,9.1,13.2,1.497,0.003
233.04,9.1,13.4,1.49,0.003
233.139,8.9,13.2,1.493,0
233.239,8.5,13.2,1.493,0.003
233.339,8.4,13.2,1.493,0.003
233.438,8,13.1,1.486,0
233.538,7.9,13.2,1.486,0
233.638,7.3,13,1.479,0
233.737,7.1,13.1,1.472,0.003
233.837,6.6,12.9,1.458,0
233.937,6.3,12.9,1.454,0.003
234.036,5.7,12.8,1.44,0.014
234.136,5.3,12.6,1.43,0
234.236,4.8,12.5,1.416,0
234.336,4.4,12.5,1.402,0
234.435,3.8,12.3,1.37,0.003
234.535,3.4,12.1,1.353,0.003
234.635,2.9,12.1,1.324,0
234.734,2.3,11.9,1.3,0.003
234.834,1.8,11.8,1.268,0
234.934,1.3,11.7,1.237,0
235.033,0.9,11.6,1.198,0.017
235.133,0.3,11.4,1.159,0
235.233,-0.2,11.1,1.117,0.003
235.332,-0.6,11.1,1.075,0.003
235.432,-1.2,10.8,1.029,0.003
235.532,-1.6,10.8,0.973,0.003
235.631,-2.1,10.7,0.917,0.003
235.731,-2.6,10.5,0.864,0.003
235.831,-3,10.4,0.797,0.003
235.93,-3.6,10.3,0.731,0.007
236.03,-3.9,10.4,0.653,0.021
236.13,-4.5,10.3,0.566,0.003
236.229,-4.9,10.3,0.474,0.003
236.329,-5.5,10.4,0.365,0.007
236.429,-6,10.5,0.249,0.007
236.528,-6.6,10.7,0.13,0.003
236.628,-7.2,10.9,0.025,0.003
236.728,-7.7,11,-0.06,0.007
236.827,-8.1,11.2,-0.119,0.007
236.927,-8.5,11.3,-0.172,0.003
237.027,-8.7,11.4,-0.218,0.01
237.126,-8.9,11.4,-0.249,0.003
237.226,-9.2,11.5,-0.278,0.003
237.326,-9.4,11.7,-0.299,0.003
237.425,-9.4,11.6,-0.316,0.003
237.525,-9.5,11.7,-0.327,0.003
237.625,-9.5,11.7,-0.337,0.003
237.724,-9.4,11.6,-0.344,0.003
237.824,-9.3,11.7,-0.348,0.007
237.924,-9.3,11.6,-0.348,0.003
238.023,-9,11.7,-0.351,0.003
238.123,-8.9,11.6,-0.348,0.003
238.223,-8.6,11.7,-0.348,0.003
238.323,-8.4,11.5,-0.348,0.007
238.422,-8.1,11.7,-0.341,0
238.522,-7.8,11.6,-0.341,0.003
238.622,-7.5,11.5,-0.33,0.007
238.721,-7,11.6,-0.32,0.003
238.821,-6.8,11.5,-0.316,0
238.921,-6.2,11.5,-0.302,0.003
239.02,-5.8,11.3,-0.292,0.007
239.12,-5.4,11.4,-0.274,0.017
239.22,-5,11.2,-0.263,0.003
239.319,-4.3,11.2,-0.242,0.003
239.419,-3.9,11,-0.221,0.003
239.519,-3.4,11,-0.193,0.003
239.618,-3,10.8,-0.165,0.007
239.718,-2.4,10.7,-0.137,0.007
239.818,-1.9,10.7,-0.105,0.003
239.917,-1.3,10.6,-0.07,0.007
240.017,-0.8,10.5,-0.025,0.003
240.117,-0.3,10.4,0.011,0.021
240.216,0,10.3,0.06,0.003
240.316,0.5,10.2,0.112,0.003
240.416,1.1,10.3,0.165,0.003
240.515,1.6,10.2,0.221,0.007
240.615,2,10.2,0.278,0.003
240.715,2.5,10.3,0.341,0.007
240.814,3,10.3,0.408,0.007
240.914,3.5,10.4,0.478,0.003
241.014,3.9,10.5,0.562,0.007
241.113,4.4,10.8,0.65,0.021
241.213,5,10.8,0.738,0.007
241.313,5.5,11.1,0.836,0.003
241.412,6,11.3,0.934,0.007
241.512,6.5,11.5,1.029,0.003
241.612,7.2,11.8,1.121,0.003
241.711,7.6,12.1,1.194,0.003
241.811,8.1,12.3,1.265,0.003
241.911,8.3,12.4,1.314,0
242.01,8.7,12.5,1.363,0.003
242.11,8.8,12.8,1.405,0.007
242.21,9.1,12.8,1.433,0.003
242.309,9.2,12.9,1.454,0
242.409,9.4,13.1,1.476,0
242.509,9.4,13.2,1.493,0
242.609,9.4,13,1.504,0.003
242.708,9.4,13.1,1.521,0
242.808,9.3,13.1,1.525,0
242.908,9.1,13.1,1.528,0.003
243.007,9.2,13.1,1.532,0.003
243.107,8.9,13.1,1.528,0
243.207,8.8,13.1,1.525,0.003
243.306,8.6,12.9,1.528,0
243.406,8.2,13.1,1.525,0
243.506,7.9,12.9,1.518,0
243.605,7.7,13,1.514,0
243.705,7.2,12.8,1.511,0.003
243.805,6.8,12.9,1.5,0
243.904,6.4,12.6,1.49,0.003
244.004,5.9,12.6,1.479,0
244.104,5.4,12.5,1.465,0
244.203,5,12.3,1.454,0.003
244.303,4.6,12.3,1.433,0
244.403,4,12.1,1.416,0
244.502,3.5,12.1,1.398,0
244.602,3,11.9,1.367,0.003
244.702,2.6,11.7,1.346,0.003
244.801,2,11.6,1.314,0
244.901,1.5,11.4,1.275,0.003
245.001,1,11.3,1.24,0.003
245.1,0.5,11.1,1.205,0.003
245.2,-0.1,11,1.159,0.007
245.3,-0.5,10.8,1.117,0.003
245.399,-1,10.7,1.071,0.003
245.499,-1.5,10.5,1.019,0.003
245.599,-1.9,10.4,0.963,0
245.698,-2.4,10.3,0.91,0.003
245.798,-3,10.2,0.847,0.003
245.898,-3.3,10.2,0.78,0.003
245.997,-3.9,10.1,0.706,0.003
246.097,-4.3,10.2,0.625,0.007
246.197,-4.8,10.1,0.527,0.024
246.296,-5.3,10.1,0.422,0.003
246.396,-5.9,10.1,0.306,0.003
246.496,-6.4,10.4,0.176,0.003
246.596,-7,10.6,0.063,0.003
246.695,-7.5,10.7,-0.032,0.003
246.795,-8,10.9,-0.102,0.003
246.895,-8.4,11,-0.162,0.003
246.994,-8.6,11.2,-0.207,0.003
247.094,-8.9,11.2,-0.242,0.003
247.194,-9.1,11.3,-0.274,0.017
247.293,-9.3,11.3,-0.299,0.003
247.393,-9.4,11.3,-0.316,0.003
247.493,-9.5,11.4,-0.334,0.007
247.592,-9.5,11.3,-0.341,0.003
247.692,-9.5,11.4,-0.348,0.003
247.792,-9.4,11.4,-0.351,0
247.891,-9.2,11.4,-0.355,0
247.991,-9.2,11.4,-0.358,0
248.091,-9,11.4,-0.355,0.003
248.19,-8.7,11.6,-0.355,0.021
248.29,-8.6,11.4,-0.351,0.003
248.39,-8.2,11.4,-0.351,0.003
248.489,-7.9,11.3,-0.348,0.003
248.589,-7.6,11.4,-0.341,0.003
248.689,-7.3,11.3,-0.33,0
248.788,-6.8,11.3,-0.327,0.003
248.888,-6.3,11.3,-0.316,0.007
248.988,-5.9,11,-0.302,0.003
249.087,-5.5,11.1,-0.292,0.003
249.187,-5,11,-0.274,0.003
249.287,-4.5,11,-0.256,0.003
249.386,-4.2,10.9,-0.239,0.003
249.486,-3.6,10.8,-0.211,0
249.586,-3.1,10.7,-0.19,0.003
249.685,-2.6,10.5,-0.155,0.003
249.785,-2.1,10.4,-0.119,0.007
249.885,-1.6,10.3,-0.088,0
249.984,-1.1,10.3,-0.046,0.003
250.084,-0.5,10.2,-0.007,0.007
250.184,-0.1,10.1,0.035,0.003
250.283,0.4,10.1,0.088,0.007
250.383,0.9,10,0.141,0.003
250.483,1.4,10,0.2,0
250.583,1.9,9.9,0.256,0.003
250.682,2.4,10.1,0.32,0.003
250.782,2.8,10,0.383,0.007
250.882,3.3,10.1,0.457,0.007
250.981,3.7,10.1,0.538,0.003
251.081,4.3,10.3,0.625,0.003
251.181,4.8,10.5,0.717,0.003
251.28,5.3,10.8,0.812,0.017
251.38,5.9,11,0.913,0.003
251.48,6.4,11.2,1.015,0.003
251.579,7,11.5,1.107,0.003
251.679,7.4,11.7,1.191,0.003
251.779,7.9,11.9,1.265,0.003
251.878,8.2,12.2,1.321,0.003
251.978,8.5,12.4,1.374,0
252.078,8.8,12.5,1.416,0.003
252.177,9.1,12.6,1.444,0.003
252.277,9.1,12.9,1.476,0.017
252.377,9.3,12.7,1.497,0.003
252.476,9.4,12.9,1.518,0
252.576,9.4,12.9,1.532,0.003
252.676,9.3,12.8,1.542,0.003
252.775,9.4,12.9,1.549,0
252.875,9.1,12.9,1.556,-0.003
252.975,9.1,12.9,1.556,0
253.074,8.9,12.8,1.556,0.003
253.174,8.8,12.9,1.553,-0.003
253.274,8.5,12.8,1.553,0.014
253.373,8.4,12.8,1.553,0
253.473,7.9,12.7,1.549,-0.003
253.573,7.7,12.7,1.546,0
253.672,7.3,12.6,1.542,0
253.772,7,12.5,1.535,0
253.872,6.6,12.6,1.528,-0.003
253.971,6.2,12.4,1.518,0
254.071,5.6,12.3,1.504,0.003
254.171,5.2,12.2,1.486,0
254.27,4.7,12.3,1.468,0.01
254.37,4.2,12,1.451,0.003
254.47,3.7,11.9,1.426,0
254.57,3.2,11.7,1.409,0
254.669,2.6,11.6,1.384,0.003
254.769,2.2,11.5,1.353,0
254.869,1.6,11.4,1.321,0.003
254.968,1.1,11.1,1.282,0.003
255.068,0.6,11,1.247,0
255.168,0,10.8,1.205,0.003
255.267,-0.3,10.7,1.166,0.003
255.367,-0.9,10.5,1.114,0.003
255.467,-1.3,10.4,1.068,0
255.566,-1.8,10.2,1.015,0.003
255.666,-2.3,10.1,0.959,0.003
255.766,-2.7,9.9,0.892,0.003
255.865,-3.2,9.9,0.833,0.003
255.965,-3.6,9.8,0.755,0.003
256.065,-4.1,9.8,0.678,0
256.164,-4.5,9.8,0.59,0.003
256.264,-5.1,9.9,0.485,0
256.364,-5.7,9.9,0.369,0.003
256.463,-6.2,10,0.242,0.003
256.563,-6.8,10.2,0.119,0.003
256.663,-7.2,10.4,0.018,0.003
256.762,-7.8,10.6,-0.07,0.003
256.862,-8.3,10.7,-0.133,0.007
256.962,-8.6,10.8,-0.186,0.003
257.061,-8.8,11,-0.232,0.003
257.161,-9,11,-0.263,0.003
257.261,-9.3,11.1,-0.295,0.003
257.36,-9.4,11.1,-0.313,0.021
257.46,-9.5,11.2,-0.334,0.003
257.56,-9.5,11.2,-0.341,0.003
257.659,-9.5,11.3,-0.351,0
257.759,-9.4,11.3,-0.355,0.003
257.859,-9.4,11.2,-0.362,0.003
257.958,-9.2,11.3,-0.358,0.003
258.058,-9.2,11.2,-0.362,0.003
258.158,-8.9,11.2,-0.358,0.003
258.257,-8.7,11.2,-0.358,0.003
258.357,-8.3,11.2,-0.358,0.017
258.457,-8.1,11.1,-0.351,0.003
258.556,-7.8,11.1,-0.344,0.003
258.656,-7.3,11.1,-0.337,0.003
258.756,-6.9,11,-0.334,0
258.856,-6.5,11,-0.323,0.003
258.955,-6,10.9,-0.313,0.003
259.055,-5.7,10.8,-0.299,0
259.155,-5.2,10.8,-0.285,0.003
259.254,-4.8,10.8,-0.267,0
259.354,-4.2,10.7,-0.249,0.017
259.454,-3.8,10.6,-0.225,0
259.553,-3.3,10.5,-0.197,0.007
259.653,-2.7,10.4,-0.165,0
259.753,-2.2,10.3,-0.141,0.003
259.852,-1.7,10.1,-0.102,0.003
259.952,-1.2,10.1,-0.063,0.003
260.052,-0.7,9.9,-0.021,0.003
260.151,-0.3,9.9,0.018,0.003
260.251,0.2,9.8,0.067,0.007
260.351,0.6,9.8,0.119,0.014
260.45,1.3,9.7,0.176,0.003
260.55,1.7,9.7,0.232,0.003
260.65,2.2,9.7,0.295,0.007
260.749,2.6,9.7,0.362,0.003
260.849,3.1,9.8,0.432,0
260.949,3.5,9.9,0.513,0.003
261.048,4.1,10,0.601,0.007
261.148,4.5,10.2,0.696,0
261.248,5.2,10.4,0.797,0
261.347,5.6,10.6,0.899,0.003
261.447,6.3,10.9,1.008,0
261.547,6.7,11.1,1.103,0.003
261.646,7.4,11.5,1.198,0.003
261.746,7.7,11.7,1.275,0
261.846,8.2,12,1.342,0.003
261.945,8.5,12,1.391,0
262.045,8.8,12.3,1.44,0
262.145,8.9,12.4,1.476,0
262.244,9.2,12.5,1.5,0
262.344,9.3,12.5,1.525,0
262.444,9.3,12.6,1.546,0.003
262.543,9.4,12.7,1.56,0.003
262.643,9.4,12.7,1.57,0
262.743,9.4,12.7,1.584,0.003
262.842,9.3,12.7,1.584,0
262.942,9.2,12.6,1.584,0
263.042,9,12.6,1.588,0
263.142,8.8,12.6,1.588,-0.003
263.241,8.6,12.6,1.591,0
263.341,8.3,12.5,1.588,0
263.441,8.1,12.6,1.581,0.014
263.54,7.8,12.5,1.581,0
263.64,7.5,12.5,1.577,0
263.74,7,12.4,1.57,0
263.839,6.6,12.4,1.563,0
263.939,6.2,12.3,1.553,0
264.039,5.7,12.2,1.539,0
264.138,5.3,12.1,1.528,0
264.238,4.9,12,1.511,0
264.338,4.4,11.9,1.493,0
264.437,3.8,11.6,1.468,0.017
264.537,3.3,11.6,1.451,0
264.637,2.9,11.4,1.43,0
264.736,2.3,11.4,1.391,0
264.836,1.8,11.2,1.363,0
264.936,1.4,11,1.328,0
265.035,0.9,10.8,1.296,0
265.135,0.3,10.7,1.254,0
265.235,-0.3,10.6,1.209,0
265.334,-0.7,10.4,1.166,0.003
265.434,-1.2,10.3,1.114,0.014
265.534,-1.6,10.1,1.061,0.003
265.633,-2.1,9.9,1.008,0.003
265.733,-2.6,9.9,0.945,0.003
265.833,-3,9.7,0.882,0
265.932,-3.5,9.7,0.808,0.007
266.032,-3.9,9.6,0.734,0.003
266.132,-4.5,9.5,0.65,0.003
266.231,-4.8,9.6,0.548,0.003
266.331,-5.5,9.6,0.429,0.003
266.431,-6.1,9.7,0.306,0.003
266.53,-6.6,9.8,0.176,0.003
266.63,-7.1,10.1,0.063,0.003
266.73,-7.6,10.2,-0.035,0.003
266.829,-8,10.5,-0.109,0.003
266.929,-8.4,10.6,-0.165,0.003
267.029,-8.7,10.7,-0.214,0
267.129,-9,10.8,-0.253,0.003
267.228,-9.2,10.7,-0.285,0.007
267.328,-9.3,10.9,-0.309,0
267.428,-9.5,10.9,-0.327,0.003
267.527,-9.5,10.9,-0.341,0.003
267.627,-9.4,10.9,-0.351,0.003
267.727,-9.4,11,-0.355,0
267.826,-9.4,11,-0.365,0.003
267.926,-9.2,11,-0.365,0.003
268.026,-9.1,11,-0.365,0.003
268.125,-9,10.9,-0.365,0.003
268.225,-8.6,11,-0.365,0.003
268.325,-8.5,10.9,-0.365,0.003
268.424,-8.1,11,-0.358,0.007
268.524,-7.8,11,-0.355,0.014
268.624,-7.4,10.9,-0.348,0.003
268.723,-7.1,11,-0.337,0
268.823,-6.6,10.7,-0.33,0.007
268.923,-6.3,10.8,-0.323,0.007
269.022,-5.8,10.7,-0.306,0.003
269.122,-5.4,10.7,-0.295,0.007
269.222,-5,10.6,-0.278,0.003
269.321,-4.5,10.4,-0.256,0.003
269.421,-3.9,10.4,-0.232,0.003
269.521,-3.3,10.4,-0.214,0.017
269.62,-2.9,10.2,-0.183,0.007
269.72,-2.4,10.1,-0.155,0.003
269.82,-1.9,10,-0.116,0.003
269.919,-1.4,9.9,-0.081,0.007
270.019,-0.9,9.8,-0.042,0
270.119,-0.3,9.7,0.004,0.003
270.218,0.1,9.6,0.046,0.003
270.318,0.5,9.6,0.102,0.003
270.418,1,9.5,0.155,0.003
270.517,1.6,9.5,0.214,0.017
270.617,2,9.5,0.274,0.003
270.717,2.5,9.5,0.341,0.007
270.816,2.9,9.6,0.411,0.003
270.916,3.4,9.7,0.492,0.003
271.016,3.8,9.8,0.58,0.003
271.116,4.4,9.9,0.671,0.003
271.215,5,10.1,0.766,0
271.315,5.4,10.3,0.868,0.003
271.415,6,10.5,0.984,0.007
271.514,6.5,10.9,1.082,0.017
271.614,7.2,11.2,1.187,0.003
271.714,7.5,11.4,1.272,0.003
271.813,8.1,11.7,1.349,0.003
271.913,8.3,11.9,1.405,0.003
272.013,8.6,12,1.454,0.003
272.112,8.8,12.2,1.493,0
272.212,9.1,12.3,1.532,0
272.312,9.2,12.4,1.553,0
272.411,9.3,12.4,1.577,0.003
272.511,9.3,12.5,1.588,0.003
272.611,9.4,12.6,1.602,-0.003
272.71,9.4,12.6,1.613,0
272.81,9.3,12.5,1.62,0.003
272.91,9.2,12.6,1.623,0.003
273.009,9.1,12.6,1.627,0
273.109,8.9,12.6,1.623,0.003
273.209,8.7,12.6,1.623,0.003
273.308,8.4,12.4,1.62,0
273.408,8.2,12.6,1.616,0.003
273.508,7.9,12.3,1.616,0.003
273.607,7.6,12.4,1.609,0.003
273.707,7.1,12.3,1.602,0
273.807,6.7,12.2,1.595,0
273.906,6.4,12,1.588,0.003
274.006,5.9,12,1.574,-0.003
274.106,5.5,11.9,1.563,0
274.205,5,11.8,1.546,0.003
274.305,4.6,11.7,1.535,0.003
274.405,4,11.5,1.511,0
274.504,3.5,11.4,1.486,0
274.604,2.9,11.3,1.461,0.017
274.704,2.5,11.1,1.433,0.003
274.803,2,11,1.409,0
274.903,1.5,10.8,1.377,0
275.003,1.1,10.7,1.338,0
275.103,0.5,10.5,1.3,0.003
275.202,-0.1,10.3,1.254,0.003
275.302,-0.5,10.2,1.212,0.003
275.402,-0.9,10.1,1.163,0.003
275.501,-1.4,9.9,1.11,0.003
275.601,-1.9,9.8,1.054,0.014
275.701,-2.4,9.7,0.994,0.007
275.8,-2.9,9.5,0.931,0
275.9,-3.3,9.5,0.861,0.003
276,-3.8,9.3,0.78,0.003
276.099,-4.3,9.3,0.696,0.007
276.199,-4.7,9.4,0.601,0.003
276.299,-5.2,9.3,0.488,0.003
276.398,-5.9,9.5,0.362,0.003
276.498,-6.5,9.6,0.228,0.003
276.598,-6.9,9.8,0.109,0.017
276.697,-7.5,9.9,0.004,0.007
276.797,-7.9,10.2,-0.081,0.007
276.897,-8.3,10.3,-0.151,0.003
276.996,-8.6,10.5,-0.204,0.003
277.096,-8.9,10.4,-0.242,0.003
277.196,-9.1,10.6,-0.281,0.003
277.295,-9.4,10.7,-0.306,0.003
277.395,-9.4,10.6,-0.327,0.007
277.495,-9.5,10.7,-0.341,0.003
277.594,-9.5,10.7,-0.351,0.01
277.694,-9.5,10.8,-0.358,0
277.794,-9.4,10.8,-0.365,0.003
277.893,-9.3,10.7,-0.369,0.003
277.993,-9.1,10.8,-0.365,0.003
278.093,-9,10.7,-0.365,0.003
278.192,-8.8,10.8,-0.369,0.003
278.292,-8.5,10.7,-0.365,0
278.392,-8.1,10.8,-0.362,0.007
278.491,-8.1,10.7,-0.362,0.003
278.591,-7.5,10.8,-0.351,0.003
278.691,-7.3,10.7,-0.344,0.003
278.79,-6.7,10.7,-0.337,0.003
278.89,-6.3,10.6,-0.327,0
278.99,-5.9,10.5,-0.316,0.003
279.09,-5.4,10.4,-0.302,0.003
279.189,-5.1,10.3,-0.292,0.007
279.289,-4.5,10.4,-0.271,0.003
279.389,-4.1,10.2,-0.249,0.003
279.488,-3.6,10.1,-0.225,0.003
279.588,-3.1,10.1,-0.197,0.007
279.688,-2.6,9.9,-0.169,0.01
279.787,-2.1,9.9,-0.13,0.003
279.887,-1.5,9.7,-0.095,0.003
279.987,-1.2,9.6,-0.056,0.007
280.086,-0.6,9.6,-0.021,0.007
280.186,-0.1,9.5,0.028,0.003
280.286,0.3,9.3,0.081,0.007
280.385,0.8,9.3,0.133,0
280.485,1.4,9.3,0.193,0.003
280.585,1.8,9.2,0.253,0
280.684,2.3,9.3,0.316,0.021
280.784,2.8,9.3,0.386,0.003
280.884,3.2,9.4,0.467,0.007
280.983,3.7,9.5,0.552,0
281.083,4.2,9.6,0.643,0.007
281.183,4.7,9.9,0.741,0
281.282,5.3,9.9,0.847,0.003
281.382,5.8,10.2,0.959,0.003
281.482,6.5,10.6,1.071,0.003
281.581,7,10.9,1.173,0.003
281.681,7.5,11.1,1.265,0.017
281.781,7.9,11.3,1.338,0.003
281.88,8.2,11.6,1.405,0.007
281.98,8.6,11.8,1.461,0.003
282.08,8.8,12,1.504,0.003
282.179,9.1,12.1,1.546,0.003
282.279,9.1,12.3,1.574,0.003
282.379,9.3,12.2,1.595,0
282.478,9.4,12.3,1.613,0.003
282.578,9.4,12.3,1.63,0.003
282.678,9.4,12.4,1.637,0.014
282.777,9.3,12.4,1.651,0.003
282.877,9.2,12.3,1.655,0
282.977,9.1,12.4,1.658,0
283.077,9,12.3,1.658,0
283.176,8.8,12.4,1.658,0.003
283.276,8.5,12.2,1.658,0
283.376,8.2,12.3,1.658,0
283.475,7.9,12.2,1.648,0
283.575,7.6,12.2,1.648,0
283.675,7.3,12.1,1.644,0.014
283.774,6.9,12,1.637,0
283.874,6.5,12,1.627,0
283.974,6.2,11.9,1.616,0.003
284.073,5.6,11.9,1.602,0.003
284.173,5.2,11.7,1.588,0.003
284.273,4.7,11.6,1.574,0
284.372,4.2,11.4,1.553,0
284.472,3.7,11.3,1.532,0
284.572,3.2,11.2,1.507,0.003
284.671,2.7,11,1.483,0.003
284.771,2.2,10.9,1.447,0.003
284.871,1.7,10.6,1.419,0.003
284.97,1.2,10.6,1.381,0.003
285.07,0.6,10.5,1.353,0
285.17,0.1,10.3,1.303,0
285.269,-0.4,10.2,1.261,0.003
285.369,-0.9,9.9,1.209,0.003
285.469,-1.3,9.7,1.159,0.003
285.568,-1.8,9.6,1.103,0
285.668,-2.2,9.5,1.047,0.003
285.768,-2.7,9.3,0.98,0.007
285.867,-3.2,9.2,0.913,0.007
285.967,-3.6,9.2,0.836,0.003
286.067,-4.1,9.1,0.752,0.003
286.166,-4.6,9.2,0.657,0
286.266,-5.1,9.2,0.545,0.007
286.366,-5.7,9.2,0.418,0.007
286.465,-6.3,9.3,0.288,0.007
286.565,-6.7,9.5,0.158,0.003
286.665,-7.2,9.6,0.046,0.007
286.764,-7.7,10,-0.053,0.017
286.864,-8.1,10,-0.126,0.007
286.964,-8.6,10.2,-0.186,0.003
287.064,-8.8,10.4,-0.235,0.003
287.163,-9.1,10.3,-0.271,0.003
287.263,-9.2,10.4,-0.306,0.003
287.363,-9.3,10.5,-0.327,0.007
287.462,-9.5,10.6,-0.351,0.003
287.562,-9.5,10.6,-0.358,0.007
287.662,-9.5,10.6,-0.369,0.003
287.761,-9.4,10.7,-0.372,0.014
287.861,-9.4,10.6,-0.379,0
287.961,-9.2,10.7,-0.379,0.007
288.06,-9.1,10.6,-0.379,0.003
288.16,-8.9,10.6,-0.376,0.003
288.26,-8.6,10.6,-0.372,0.007
288.359,-8.4,10.4,-0.372,0
288.459,-8,10.6,-0.369,0.003
288.559,-7.7,10.5,-0.362,0.003
288.658,-7.3,10.5,-0.355,0.003
288.758,-6.9,10.5,-0.348,0.017
288.858,-6.5,10.4,-0.341,0
288.957,-6,10.4,-0.33,0.003
289.057,-5.7,10.2,-0.316,0.003
289.157,-5.1,10.2,-0.295,0.003
289.256,-4.7,10.1,-0.281,0.007
289.356,-4.2,10.1,-0.26,0.003
289.456,-3.9,9.9,-0.239,0.003
289.555,-3.3,9.8,-0.214,0.003
289.655,-2.7,9.8,-0.183,0
289.755,-2.2,9.7,-0.155,0.007
289.854,-1.7,9.6,-0.116,0.003
289.954,-1.3,9.5,-0.077,0.003
290.054,-0.7,9.3,-0.035,0.003
290.153,-0.3,9.3,0.007,0.003
290.253,0.2,9.2,0.053,0.003
290.353,0.6,9,0.109,0.003
290.452,1.1,9,0.169,0.003
290.552,1.6,9.1,0.228,0.007
290.652,2.1,9,0.295,0.007
290.751,2.6,9.1,0.365,0.003
290.851,3,9.1,0.436,0.003
290.951,3.5,9.2,0.523,0.007
291.05,4,9.3,0.618,0.007
291.15,4.5,9.5,0.717,0.003
291.25,5.2,9.7,0.822,0.003
291.35,5.7,9.9,0.934,0.007
291.449,6.3,10.3,1.054,0.003
291.549,6.8,10.4,1.159,0.003
291.649,7.3,10.8,1.261,0.003
291.748,7.7,11.1,1.346,0
291.848,8.2,11.4,1.416,0.01
291.948,8.5,11.5,1.476,0
292.047,8.8,11.7,1.525,0
292.147,8.9,11.9,1.57,0.003
292.247,9.2,11.9,1.598,0.003
292.346,9.3,12.1,1.623,0
292.446,9.4,12.1,1.641,0
292.546,9.4,12.2,1.655,0
292.645,9.4,12.2,1.676,0
292.745,9.4,12.3,1.683,0
292.845,9.4,12.2,1.686,0.017
292.944,9.1,12.2,1.69,0
293.044,9.1,12.2,1.693,0
293.144,8.8,12.1,1.693,0
293.243,8.7,12.2,1.69,0
293.343,8.3,12,1.69,0.003
293.443,8.1,12,1.686,0
293.542,7.7,12,1.683,0
293.642,7.3,11.9,1.676,0
293.742,7,12,1.672,0
293.841,6.6,11.8,1.662,0.01
293.941,6.2,11.8,1.655,0
294.041,5.7,11.6,1.637,0
294.14,5.3,11.5,1.627,0
294.24,4.7,11.3,1.609,0
294.34,4.3,11.4,1.595,0.003
294.439,3.8,11.2,1.577,0
294.539,3.4,11,1.549,0.003
294.639,2.9,10.9,1.525,0
294.738,2.3,10.7,1.497,0.003
294.838,1.8,10.7,1.465,0.01
294.938,1.3,10.4,1.43,0
295.037,0.8,10.2,1.388,0.003
295.137,0.3,10.1,1.356,0
295.237,-0.2,9.8,1.31,0
295.337,-0.6,9.8,1.268,0.003
295.436,-1.2,9.5,1.212,0.003
295.536,-1.5,9.5,1.156,0.003
295.636,-2.1,9.3,1.096,0.007
295.735,-2.5,9.2,1.033,0.003
295.835,-3,9.1,0.963,0.01
295.935,-3.5,8.9,0.885,0.007
296.034,-3.9,9,0.805,0.003
296.134,-4.5,8.9,0.71,0.007
296.234,-4.9,8.9,0.608,0.003
296.333,-5.6,8.9,0.481,0.007
296.433,-6,9,0.344,0.003
296.533,-6.6,9.2,0.207,0.003
296.632,-7.1,9.5,0.091,0.007
296.732,-7.6,9.6,-0.014,0.003
296.832,-8,9.7,-0.098,0.007
296.931,-8.4,9.9,-0.169,0.003
297.031,-8.7,10.1,-0.218,0.01
297.131,-9,10.1,-0.263,0.003
297.23,-9.2,10.2,-0.299,0.007
297.33,-9.4,10.2,-0.32,0.003
297.43,-9.4,10.3,-0.337,0.007
297.529,-9.5,10.3,-0.355,0.003
297.629,-9.5,10.4,-0.369,0.003
297.729,-9.5,10.3,-0.376,0.003
297.828,-9.2,10.4,-0.379,0
297.928,-9.3,10.5,-0.379,0.014
298.028,-9.2,10.3,-0.386,0
298.127,-8.9,10.4,-0.383,0.003
298.227,-8.6,10.4,-0.383,0.003
298.327,-8.4,10.4,-0.379,0.003
298.426,-8.1,10.3,-0.379,0.003
298.526,-7.8,10.4,-0.369,0.003
298.626,-7.4,10.3,-0.365,0.007
298.725,-7.2,10.2,-0.358,0
298.825,-6.7,10.2,-0.351,0.003
298.925,-6.3,10.1,-0.337,0.017
299.024,-5.8,10.1,-0.323,0.003
299.124,-5.4,10,-0.309,0.003
299.224,-5,9.9,-0.295,0.003
299.323,-4.3,9.9,-0.271,0.003
299.423,-4,9.7,-0.249,0
299.523,-3.3,9.7,-0.225,0.003
299.623,-2.9,9.5,-0.197,0
299.722,-2.4,9.4,-0.165,0.007
299.822,-1.9,9.3,-0.13,0.003
299.922,-1.4,9.3,-0.091,0.021
300.021,-0.9,9.1,-0.053,0.003
300.121,-0.4,9,-0.007,0.007
300.221,0.1,8.9,0.035,0.003
300.32,0.5,8.9,0.095,0.007
300.42,1.1,8.9,0.148,0.007
300.52,1.5,8.8,0.207,0.007
300.619,2,8.8,0.271,0.007
300.719,2.4,8.9,0.337,0.003
300.819,2.9,8.9,0.415,0.003
300.918,3.3,9,0.499,0.017
301.018,3.8,9,0.59,0.003
301.118,4.4,9.3,0.689,0.003
301.217,4.9,9.5,0.79,0.007
301.317,5.5,9.7,0.906,0.01
301.417,6.1,9.9,1.029,0.007
301.516,6.6,10.1,1.138,0
301.616,7.1,10.6,1.247,0.003
301.716,7.6,10.8,1.346,0.003
301.815,8,11.1,1.419,0.007
301.915,8.3,11.4,1.486,0.003
302.015,8.6,11.4,1.542,0
302.114,8.8,11.6,1.584,0.003
302.214,9.1,11.7,1.616,0.003
302.314,9.3,11.9,1.648,0.003
302.413,9.4,12,1.672,0
302.513,9.4,11.9,1.69,0
302.613,9.4,12,1.704,0
302.712,9.3,12,1.714,-0.003
302.812,9.3,12,1.725,0.003
302.912,9.3,12,1.725,0
303.011,9.1,12.1,1.728,0.007
303.111,8.8,11.9,1.728,0
303.211,8.8,12,1.728,0
303.31,8.5,11.8,1.728,0
303.41,8.1,11.9,1.725,0
303.51,7.9,11.9,1.721,0
303.61,7.6,11.8,1.714,0.003
303.709,7.3,11.8,1.707,0.003
303.809,6.8,11.6,1.697,0.003
303.909,6.3,11.6,1.693,0
304.008,5.9,11.5,1.679,0.017
304.108,5.5,11.4,1.669,0.003
304.208,5,11.3,1.648,0
304.307,4.5,11.1,1.637,0
304.407,4.1,11.1,1.613,-0.003
304.507,3.5,10.8,1.591,0.003
304.606,2.9,10.8,1.567,0
304.706,2.6,10.5,1.539,0.003
304.806,2,10.4,1.511,0.003
304.905,1.5,10.3,1.479,0
305.005,1,10.1,1.437,0.014
305.105,0.5,10,1.402,0.003
305.204,-0.1,9.7,1.363,0.003
305.304,-0.4,9.5,1.314,0.007
305.404,-0.9,9.4,1.261,0.003
305.503,-1.4,9.3,1.209,0
305.603,-1.9,9.1,1.152,0.003
305.703,-2.3,9,1.089,0.007
305.802,-2.7,9,1.019,0.003
305.902,-3.3,8.8,0.942,0.003
306.002,-3.8,8.8,0.861,0.017
306.101,-4.3,8.7,0.769,0.003
306.201,-4.8,8.7,0.671,0.003
306.301,-5.4,8.7,0.548,0.007
306.4,-5.8,8.9,0.415,0.003
306.5,-6.5,9,0.278,0.007
306.6,-6.9,9.1,0.151,0.003
306.699,-7.4,9.3,0.035,0.003
306.799,-7.9,9.4,-0.06,0.01
306.899,-8.3,9.6,-0.137,0.003
306.998,-8.5,9.8,-0.197,0.01
307.098,-8.9,9.9,-0.249,0.003
307.198,-9.1,10,-0.285,0.007
307.297,-9.3,10,-0.32,0.003
307.397,-9.4,10.1,-0.341,0.007
307.497,-9.5,10.1,-0.355,0.003
307.596,-9.5,10.2,-0.369,0.007
307.696,-9.5,10.1,-0.379,0.003
307.796,-9.4,10.2,-0.383,0.003
307.896,-9.4,10.1,-0.386,0.003
307.995,-9.2,10.2,-0.386,0.007
308.095,-9,10.2,-0.386,0.003
308.195,-8.8,10.1,-0.386,0.003
308.294,-8.5,10.1,-0.383,0.003
308.394,-8.3,10.2,-0.383,0.007
308.494,-8,10.1,-0.372,0.007
308.593,-7.6,10,-0.372,0.007
308.693,-7.2,10,-0.365,0.003
308.793,-6.8,10,-0.355,0.003
308.892,-6.3,9.9,-0.344,0.003
308.992,-5.9,9.9,-0.334,0.007
309.092,-5.5,9.8,-0.32,0.003
309.191,-5,9.8,-0.302,0.007
309.291,-4.5,9.7,-0.285,0.003
309.391,-4.1,9.6,-0.263,0.003
309.49,-3.6,9.5,-0.235,0.003
309.59,-3.1,9.4,-0.214,0.003
309.69,-2.5,9.3,-0.179,0.003
309.789,-2.1,9.2,-0.151,0.003
309.889,-1.5,9.1,-0.109,0.007
309.989,-1.2,9,-0.077,0.003
310.088,-0.5,8.9,-0.028,0.021
310.188,-0.1,8.8,0.014,0.003
310.288,0.4,8.7,0.063,0.007
310.387,0.8,8.6,0.119,0.007
310.487,1.3,8.6,0.183,0.003
310.587,1.8,8.6,0.242,0.007
310.686,2.3,8.5,0.32,0.007
310.786,2.6,8.7,0.386,0.007
310.886,3.2,8.8,0.478,0.007
310.985,3.6,8.8,0.566,0.007
311.085,4.1,9,0.66,0.017
311.185,4.8,9,0.766,0.007
311.284,5.3,9.3,0.882,0.007
311.384,5.9,9.6,0.998,0.003
311.484,6.4,9.8,1.124,0.01
311.583,7,10.2,1.237,0.007
311.683,7.4,10.5,1.335,0.007
311.783,7.9,10.8,1.426,0
311.883,8.3,11.1,1.497,0.003
311.982,8.5,11.3,1.556,0.003
312.082,8.8,11.5,1.602,0.021
312.182,9,11.6,1.641,0.003
312.281,9.1,11.6,1.672,0.003
312.381,9.3,11.7,1.7,0.003
312.481,9.4,11.7,1.718,0.003
312.58,9.4,11.9,1.739,0.003
312.68,9.4,11.9,1.746,0
312.78,9.4,11.9,1.757,0.003
312.879,9.2,11.9,1.76,0.003
312.979,9.1,11.7,1.764,0
313.079,9,11.9,1.764,0.007
313.178,8.8,11.7,1.764,0
313.278,8.5,11.7,1.764,0.003
313.378,8.2,11.6,1.76,0
313.477,8,11.7,1.76,0
313.577,7.6,11.6,1.753,0
313.677,7.3,11.6,1.75,0
313.776,7,11.6,1.739,0.003
313.876,6.5,11.4,1.732,0
313.976,6.1,11.4,1.721,0.003
314.075,5.5,11.3,1.711,0
314.175,5.1,11.2,1.69,0.003
314.275,4.6,11,1.676,0
314.374,4.2,10.9,1.655,0
314.474,3.7,10.7,1.641,0.003
314.574,3.3,10.6,1.609,0.003
314.673,2.7,10.5,1.584,0
314.773,2.1,10.3,1.556,0.003
314.873,1.7,10.2,1.528,0.003
314.972,1.1,9.9,1.486,0.003
315.072,0.6,9.8,1.444,0
315.172,0.1,9.7,1.405,0.01
315.271,-0.3,9.5,1.36,0.003
315.371,-0.8,9.3,1.31,0.007
315.471,-1.3,9.2,1.261,0.007
315.57,-1.8,9,1.198,0.003
315.67,-2.1,8.9,1.145,0.003
315.77,-2.7,8.8,1.071,0.003
315.87,-3.1,8.7,0.998,0.003
315.969,-3.6,8.5,0.92,0.007
316.069,-4.2,8.4,0.829,0.007
316.169,-4.6,8.5,0.727,0.017
316.268,-5.1,8.5,0.611,0.003
316.368,-5.7,8.6,0.471,0.003
316.468,-6.2,8.7,0.337,0.007
316.567,-6.8,8.8,0.2,0.007
316.667,-7.2,9,0.084,0.007
316.767,-7.7,9.3,-0.021,0.01
316.866,-8.1,9.4,-0.112,0.01
316.966,-8.5,9.5,-0.186,0.007
317.066,-8.9,9.7,-0.239,0.007
317.165,-9,9.8,-0.278,0.021
317.265,-9.2,9.8,-0.306,0.007
317.365,-9.3,9.8,-0.334,0.007
317.464,-9.5,9.9,-0.355,0.007
317.564,-9.5,10,-0.369,0.007
317.664,-9.5,10,-0.379,0.007
317.763,-9.4,10,-0.383,0.007
317.863,-9.4,10,-0.386,0.007
317.963,-9.3,9.9,-0.39,0.007
318.062,-9,10,-0.393,0.007
318.162,-8.9,9.9,-0.393,0.017
318.262,-8.6,9.9,-0.39,0.003
318.361,-8.4,9.8,-0.386,0.007
318.461,-8,9.9,-0.383,0.007
318.561,-7.7,9.9,-0.379,0.003
318.66,-7.4,9.9,-0.372,0.003
318.76,-6.9,9.8,-0.362,0.003
318.86,-6.6,9.8,-0.355,0.003
318.959,-6.1,9.8,-0.344,0.003
319.059,-5.7,9.6,-0.334,0.003
319.159,-5.1,9.5,-0.316,0.014
319.258,-4.7,9.5,-0.302,0.003
319.358,-4.2,9.5,-0.278,0.007
319.458,-3.7,9.3,-0.253,0.003
319.557,-3.3,9.2,-0.225,0.007
319.657,-2.7,9.1,-0.193,0.003
319.757,-2.2,9,-0.165,0.003
319.857,-1.7,8.9,-0.13,0
319.956,-1.2,8.8,-0.091,0.003
320.056,-0.7,8.7,-0.049,0.003
320.156,-0.2,8.7,-0.007,0.007
320.255,0.2,8.6,0.042,0.003
320.355,0.7,8.5,0.095,0.007
320.455,1.1,8.3,0.151,0.007
320.554,1.6,8.3,0.218,0.003
320.654,2.1,8.3,0.285,0.007
320.754,2.6,8.4,0.358,0.007
320.853,3,8.3,0.443,0.007
320.953,3.5,8.5,0.53,0.007
321.053,4,8.6,0.629,0.007
321.152,4.5,8.9,0.734,0.007
321.252,5.1,9,0.85,0.014
321.352,5.7,9.2,0.97,0.003
321.451,6.3,9.6,1.096,0.007
321.551,6.8,9.8,1.212,0.007
321.651,7.3,10.2,1.324,0.003
321.75,7.6,10.4,1.419,0.003
321.85,8.2,10.8,1.507,0.003
321.95,8.4,10.9,1.567,0.003
322.049,8.8,11.2,1.623,0.003
322.149,9,11.4,1.662,0
322.249,9.1,11.4,1.697,0.017
322.348,9.2,11.5,1.728,0
322.448,9.4,11.5,1.75,0
322.548,9.4,11.6,1.767,-0.003
322.647,9.4,11.6,1.774,0.003
322.747,9.4,11.7,1.788,0
322.847,9.4,11.5,1.795,0.003
322.946,9.2,11.7,1.795,0
323.046,9.1,11.7,1.795,0
323.146,8.8,11.6,1.799,0
323.245,8.6,11.6,1.799,0.017
323.345,8.3,11.5,1.795,-0.003
323.445,8.1,11.6,1.795,0.003
323.544,7.8,11.4,1.792,0
323.644,7.4,11.5,1.785,0
323.744,7,11.3,1.781,0.003
323.844,6.6,11.3,1.771,0.003
323.943,6.2,11.3,1.76,0
324.043,5.6,11.1,1.746,0
324.143,5.3,11.1,1.735,0.003
324.242,4.7,10.9,1.714,0.014
324.342,4.4,10.7,1.7,0
324.442,3.8,10.6,1.679,0.003
324.541,3.4,10.5,1.655,0.003
324.641,2.8,10.3,1.627,0
324.741,2.4,10.2,1.602,0.003
324.84,1.8,10,1.567,0.003
324.94,1.4,9.9,1.539,0.003
325.04,0.9,9.7,1.497,0.003
325.139,0.3,9.5,1.454,0.003
325.239,-0.1,9.4,1.416,0.007
325.339,-0.7,9.2,1.36,0.003
325.438,-1.2,9,1.31,0.003
325.538,-1.5,9,1.258,0.003
325.638,-2,8.8,1.198,0.003
325.737,-2.5,8.6,1.124,0.003
325.837,-3,8.4,1.057,0.003
325.937,-3.5,8.4,0.973,0.007
326.036,-3.9,8.3,0.885,0.007
326.136,-4.5,8.4,0.79,0.007
326.236,-5.1,8.2,0.678,0.007
326.335,-5.6,8.4,0.541,0.003
326.435,-6.1,8.3,0.404,0.003
326.535,-6.6,8.6,0.263,0.003
326.634,-7,8.7,0.141,0.007
326.734,-7.5,8.9,0.025,0.003
326.834,-7.9,9,-0.077,0.003
326.933,-8.3,9.2,-0.162,0.007
327.033,-8.6,9.4,-0.221,0.007
327.133,-9,9.4,-0.271,0.003
327.232,-9.2,9.6,-0.306,0.007
327.332,-9.4,9.6,-0.337,0.017
327.432,-9.4,9.7,-0.362,0.007
327.531,-9.5,9.7,-0.376,0
327.631,-9.4,9.7,-0.383,0.003
327.731,-9.5,9.8,-0.393,0.003
327.831,-9.4,9.7,-0.397,0.003
327.93,-9.2,9.9,-0.4,0.003
328.03,-9,9.6,-0.404,0.003
328.13,-8.9,9.8,-0.4,0.007
328.229,-8.6,9.7,-0.4,0.007
328.329,-8.4,9.8,-0.4,0.017
328.429,-8.1,9.8,-0.397,0.003
328.528,-7.8,9.7,-0.39,0.003
328.628,-7.5,9.7,-0.383,0.003
328.728,-7,9.5,-0.376,0.003
328.827,-6.6,9.6,-0.365,0.007
328.927,-6.3,9.5,-0.358,0.007
329.027,-5.8,9.5,-0.344,0.003
329.126,-5.4,9.3,-0.33,0.007
329.226,-4.9,9.3,-0.309,0.003
329.326,-4.4,9.3,-0.292,0.017
329.425,-3.9,9.1,-0.271,0.003
329.525,-3.3,9.1,-0.239,0.007
329.625,-3,8.9,-0.214,0.003
329.724,-2.4,8.8,-0.183,0.003
329.824,-1.9,8.7,-0.151,0.003
329.924,-1.3,8.6,-0.105,0.003
330.023,-0.9,8.4,-0.067,0.003
330.123,-0.4,8.4,-0.025,0.007
330.223,0,8.3,0.025,0.007
330.322,0.5,8.3,0.074,0.007
330.422,1,8.2,0.133,0.003
330.522,1.4,8.2,0.197,0.007
330.621,1.9,8.2,0.267,0.003
330.721,2.3,8.2,0.337,0.007
330.821,2.8,8.3,0.422,0.003
330.92,3.2,8.3,0.506,0.007
331.02,3.8,8.3,0.601,0.007
331.12,4.4,8.5,0.706,0.007
331.219,5,8.7,0.819,0.007
331.319,5.5,8.9,0.942,0.007
331.419,6.1,9.2,1.064,0.003
331.518,6.6,9.6,1.187,0.003
331.618,7,9.8,1.303,0.003
331.718,7.5,10.1,1.405,0
331.817,7.9,10.4,1.504,0.003
331.917,8.2,10.7,1.574,0.003
332.017,8.7,10.9,1.641,0.003
332.117,8.8,11,1.69,0
332.216,9.1,11.3,1.725,0
332.316,9.1,11.2,1.753,0.003
332.416,9.4,11.4,1.781,0.003
332.515,9.4,11.3,1.799,0
332.615,9.5,11.5,1.813,0.003
332.715,9.4,11.4,1.827,0.007
332.814,9.4,11.4,1.834,0.003
332.914,9.2,11.4,1.837,0.003
333.014,9.1,11.4,1.841,0
333.113,8.9,11.4,1.837,0
333.213,8.7,11.3,1.841,0.003
333.313,8.5,11.4,1.834,0
333.412,8.2,11.4,1.834,0.007
333.512,7.9,11.3,1.834,0
333.612,7.6,11.3,1.827,0
333.711,7.2,11.2,1.82,-0.003
333.811,6.8,11.2,1.816,0
333.911,6.3,11,1.802,0
334.01,5.8,11,1.788,0
334.11,5.5,10.8,1.778,0.003
334.21,5,10.7,1.76,0
334.309,4.5,10.6,1.743,0
334.409,3.9,10.5,1.721,0.014
334.509,3.5,10.4,1.7,0
334.608,3,10.3,1.672,0
334.708,2.5,10.1,1.648,0
334.808,2,9.9,1.616,0
334.907,1.5,9.8,1.588,0
335.007,0.9,9.5,1.546,0
335.107,0.5,9.4,1.507,0
335.206,-0.1,9.2,1.465,0
335.306,-0.5,9,1.416,0
335.406,-1,8.9,1.367,0.014
335.505,-1.4,8.7,1.31,0.003
335.605,-1.9,8.5,1.251,0.003
335.705,-2.3,8.4,1.184,0.003
335.804,-2.7,8.3,1.11,0
335.904,-3.3,8.2,1.033,0.007
336.004,-3.8,8,0.945,0
336.104,-4.2,8.1,0.85,0.003
336.203,-4.8,8,0.738,0.003
336.303,-5.4,8.1,0.604,0.003
336.403,-6,8.2,0.467,0.014
336.502,-6.4,8.3,0.33,0.003
336.602,-6.9,8.3,0.197,0.007
336.702,-7.3,8.6,0.074,0.007
336.801,-7.8,8.8,-0.039,0
336.901,-8.2,8.9,-0.13,0.003
337.001,-8.5,9.1,-0.204,0.003
337.1,-8.9,9.2,-0.26,0.003
337.2,-9,9.4,-0.302,0
337.3,-9.3,9.5,-0.337,0.003
337.399,-9.4,9.5,-0.362,0.003
337.499,-9.5,9.5,-0.386,0.003
337.599,-9.5,9.5,-0.397,0.003
337.698,-9.5,9.6,-0.408,0
337.798,-9.4,9.5,-0.411,0.003
337.898,-9.4,9.6,-0.411,0.003
337.997,-9.2,9.6,-0.411,0.003
338.097,-9,9.6,-0.411,0.003
338.197,-8.8,9.5,-0.411,0.003
338.296,-8.5,9.6,-0.408,0.007
338.396,-8.3,9.6,-0.408,0.007
338.496,-8,9.6,-0.4,0.014
338.595,-7.6,9.6,-0.397,0.003
338.695,-7.2,9.5,-0.386,0
338.795,-6.8,9.4,-0.379,0.003
338.894,-6.3,9.2,-0.372,0.003
338.994,-5.9,9.4,-0.358,0.003
339.094,-5.5,9.2,-0.344,0
339.193,-4.9,9.2,-0.327,0.007
339.293,-4.6,9,-0.313,0.003
339.393,-4.1,9,-0.285,0.007
339.492,-3.6,9,-0.26,0.017
339.592,-3.1,8.7,-0.235,0.003
339.692,-2.6,8.7,-0.2,0.003
339.791,-2.1,8.5,-0.169,0.003
339.891,-1.5,8.5,-0.133,0.007
339.991,-1.1,8.4,-0.091,0.003
340.09,-0.6,8.4,-0.046,0.003
340.19,-0.1,8.1,0,0.003
340.29,0.4,8.1,0.053,0.003
340.39,0.8,8,0.102,0.003
340.489,1.3,8,0.165,0.017
340.589,1.8,7.9,0.228,0.003
340.689,2.1,8,0.302,0.003
340.788,2.6,8,0.383,0.003
340.888,3.2,8,0.471,0.007
340.988,3.6,8.1,0.573,0.003
341.087,4.2,8.3,0.675,0.007
341.187,4.7,8.4,0.787,0.003
341.287,5.3,8.6,0.91,0
341.386,5.9,8.9,1.036,0.003
341.486,6.5,9.3,1.166,0.017
341.586,6.9,9.5,1.289,0.003
341.685,7.3,9.9,1.409,0.003
341.785,7.7,10.1,1.5,0.003
341.885,8.2,10.4,1.584,0
341.984,8.5,10.7,1.651,0
342.084,8.8,10.8,1.707,0.003
342.184,9,11,1.746,0.003
342.283,9.2,11.1,1.785,0
342.383,9.3,11.2,1.809,0
342.483,9.4,11.4,1.83,0.003
342.582,9.4,11.2,1.848,0
342.682,9.4,11.4,1.855,0
342.782,9.3,11.3,1.869,0
342.881,9.3,11.3,1.872,0
342.981,9.1,11.4,1.876,0
343.081,9,11.3,1.876,0
343.18,8.8,11.3,1.876,0
343.28,8.5,11.2,1.872,0
343.38,8.3,11.3,1.872,0
343.479,8,11.2,1.865,0
343.579,7.6,11.2,1.862,0
343.679,7.3,11,1.855,0
343.778,6.9,11,1.851,0
343.878,6.5,10.9,1.841,-0.003
343.978,6.1,10.8,1.83,0
344.077,5.6,10.7,1.823,0
344.177,5.2,10.7,1.806,0
344.277,4.7,10.5,1.788,0
344.377,4.2,10.4,1.767,0.003
344.476,3.7,10.2,1.746,0.003
344.576,3.2,10.1,1.721,0.007
344.676,2.7,9.9,1.693,0
344.775,2.2,9.8,1.662,0
344.875,1.7,9.6,1.634,0.003
344.975,1.1,9.5,1.598,0.003
345.074,0.7,9.2,1.556,0.003
345.174,0.1,9.2,1.514,0.003
345.274,-0.4,8.9,1.465,0.003
345.373,-0.9,8.8,1.419,0.007
345.473,-1.3,8.6,1.367,0.003
345.573,-1.8,8.6,1.303,0.014
345.672,-2.1,8.3,1.244,0.007
345.772,-2.7,8.2,1.173,0.003
345.872,-3.1,8,1.096,0.007
345.971,-3.6,7.9,1.008,0.003
346.071,-4,7.8,0.917,0.003
346.171,-4.6,7.7,0.805,0.003
346.27,-5.2,7.8,0.682,0.007
346.37,-5.8,7.8,0.538,0
346.47,-6.3,8,0.4,0.007
346.569,-6.7,8.2,0.263,0.017
346.669,-7.1,8.3,0.141,0.007
346.769,-7.5,8.5,0.018,0.003
346.868,-8,8.7,-0.088,0.007
346.968,-8.3,8.9,-0.176,0.003
347.068,-8.7,9,-0.242,0.003
347.167,-8.9,9.2,-0.295,0
347.267,-9.2,9.2,-0.33,0.007
347.367,-9.3,9.3,-0.358,0.003
347.466,-9.5,9.4,-0.383,0.007
347.566,-9.5,9.5,-0.397,0.017
347.666,-9.5,9.4,-0.408,0.003
347.765,-9.4,9.3,-0.415,0.003
347.865,-9.4,9.5,-0.418,0.007
347.965,-9.2,9.4,-0.418,0.003
348.064,-9,9.4,-0.422,0.007
348.164,-8.9,9.4,-0.418,0.003
348.264,-8.6,9.4,-0.418,0.003
348.363,-8.4,9.3,-0.415,0.003
348.463,-8.1,9.4,-0.411,0.003
348.563,-7.8,9.4,-0.404,0.007
348.663,-7.4,9.3,-0.4,0.003
348.762,-6.9,9.3,-0.386,0.003
348.862,-6.6,9.1,-0.386,0.007
348.962,-6.1,9.1,-0.369,0.003
349.061,-5.7,9,-0.358,0.003
349.161,-5.1,8.9,-0.337,0.003
349.261,-4.7,8.9,-0.323,0.003
349.36,-4.2,8.9,-0.299,0.007
349.46,-3.9,8.7,-0.278,0.007
349.56,-3.2,8.6,-0.246,0.003
349.659,-2.7,8.5,-0.218,0.007
349.759,-2.3,8.3,-0.19,0.003
349.859,-1.7,8.3,-0.148,0.003
349.958,-1.2,8.2,-0.112,0.003
350.058,-0.7,8.1,-0.067,0.003
350.158,-0.2,8,-0.025,0.007
350.257,0.2,8,0.032,0.003
350.357,0.6,7.8,0.081,0.003
350.457,1.1,7.8,0.144,0.003
350.556,1.6,7.7,0.207,0.003
350.656,2,7.9,0.281,0.021
350.756,2.4,7.8,0.358,0.003
350.855,2.9,7.8,0.446,0.003
350.955,3.5,7.9,0.541,0.007
351.055,4,8.1,0.646,0.003
351.154,4.6,8.3,0.755,0.003
351.254,5.2,8.4,0.882,0.003
351.354,5.8,8.7,1.012,0.003
351.453,6.3,8.9,1.142,0.003
351.553,6.7,9.3,1.275,0.007
351.653,7.3,9.6,1.391,0.017
351.752,7.6,9.9,1.497,0.003
351.852,8,10.2,1.591,0.003
351.952,8.4,10.4,1.669,0.003
352.051,8.7,10.7,1.728,0
352.151,8.9,10.7,1.778,0
352.251,9.1,11,1.82,0.003
352.35,9.3,11.1,1.848,0
352.45,9.4,11.2,1.869,0
352.55,9.4,11.1,1.887,0
352.65,9.4,11.3,1.901,0.017
352.749,9.3,11.3,1.908,0
352.849,9.3,11.2,1.915,0
352.949,9.1,11.1,1.922,0
353.048,9,11.1,1.918,0
353.148,8.8,11.1,1.915,0
353.248,8.6,11.1,1.918,0.003
353.347,8.4,11.1,1.918,0
353.447,8.2,11,1.915,0
353.547,7.6,11,1.908,-0.003
353.646,7.4,11,1.904,0.01
353.746,7,10.9,1.897,-0.003
353.846,6.6,10.7,1.887,0.003
353.945,6.2,10.7,1.876,0
354.045,5.7,10.6,1.858,0
354.145,5.3,10.6,1.855,0
354.244,4.7,10.4,1.837,0
354.344,4.4,10.3,1.82,0
354.444,3.8,10.1,1.799,0
354.543,3.4,10,1.778,0.003
354.643,2.9,9.8,1.75,0
354.743,2.3,9.7,1.718,0
354.842,1.8,9.5,1.686,0
354.942,1.4,9.3,1.655,0.003
355.042,0.8,9.2,1.613,0
355.141,0.3,8.9,1.574,0
355.241,-0.1,8.8,1.532,0
355.341,-0.6,8.6,1.479,0
355.44,-1.1,8.4,1.423,0
355.54,-1.6,8.4,1.37,0.007
355.64,-2,8.2,1.307,0.003
355.739,-2.4,8,1.233,0.01
355.839,-2.9,7.8,1.159,0.003
355.939,-3.3,7.8,1.079,0
356.038,-3.9,7.7,0.977,0.003
356.138,-4.5,7.7,0.868,0.003
356.238,-5,7.7,0.741,0.003
356.337,-5.7,7.8,0.601,0.003
356.437,-6.2,7.7,0.464,0.003
356.537,-6.6,7.9,0.327,0.003
356.637,-6.9,8,0.2,0.003
356.736,-7.4,8.4,0.07,0.017
356.836,-7.8,8.4,-0.042,0.003
356.936,-8.3,8.6,-0.141,0.007
357.035,-8.5,8.9,-0.218,0.003
357.135,-8.9,8.9,-0.281,0.003
357.235,-9.2,9,-0.323,0.003
357.334,-9.3,9,-0.358,0.003
357.434,-9.5,9.1,-0.379,0.003
357.534,-9.5,9.2,-0.4,0.003
357.633,-9.5,9.2,-0.415,0.003
357.733,-9.5,9.2,-0.422,0.014
357.833,-9.5,9.2,-0.422,0.003
357.932,-9.2,9.2,-0.425,0.003
358.032,-9.2,9.2,-0.429,0.003
358.132,-8.9,9.2,-0.429,0
358.231,-8.6,9.2,-0.425,0.003
358.331,-8.5,9.2,-0.425,0.003
358.431,-8.1,9.1,-0.422,0.003
358.53,-7.7,9.2,-0.415,0.003
358.63,-7.5,9.1,-0.408,0.003
358.73,-7,9.2,-0.397,0.017
358.829,-6.6,9,-0.393,0
358.929,-6.3,9,-0.379,0.003
359.029,-5.7,8.9,-0.365,0.003
359.128,-5.4,8.8,-0.351,0.007
359.228,-4.9,8.9,-0.337,0.003
359.328,-4.5,8.6,-0.313,0.003
359.427,-4,8.6,-0.292,0.003
359.527,-3.4,8.4,-0.263,0.003
359.627,-3,8.3,-0.235,0.003
359.726,-2.4,8.3,-0.204,0.014
359.826,-2,8.2,-0.169,0.003
359.926,-1.3,8,-0.13,0.003
360.025,-1,7.9,-0.088,0.003
360.125,-0.4,7.8,-0.046,0.003
360.225,0,7.7,0.004,0
360.324,0.5,7.7,0.06,0.003
360.424,0.9,7.5,0.119,0.003
360.524,1.5,7.6,0.183,0.007
360.624,1.8,7.5,0.249,0.003
360.723,2.3,7.6,0.33,0.003
360.823,2.8,7.6,0.415,0.007
360.923,3.3,7.8,0.509,0.007
361.022,3.8,7.7,0.615,0.007
361.122,4.4,7.9,0.727,0.003
361.222,5,8,0.847,0
361.321,5.6,8.3,0.984,0.003
361.421,6.2,8.6,1.117,0.003
361.521,6.6,8.9,1.24,0.003
361.62,7.1,9.3,1.367,0.007
361.72,7.5,9.6,1.483,0.003
361.82,7.9,9.9,1.584,0.01
361.919,8.2,10.2,1.669,0.003
362.019,8.6,10.4,1.746,0.003
362.119,8.8,10.6,1.802,0.003
362.218,9.1,10.8,1.844,0.003
362.318,9.2,10.7,1.876,0
362.418,9.3,10.9,1.904,0
362.517,9.4,11,1.922,0
362.617,9.4,11,1.939,0
362.717,9.4,11,1.946,0.003
362.816,9.3,11.1,1.957,0.017
362.916,9.3,11,1.964,0
363.016,9.1,10.9,1.96,0.003
363.115,8.9,11,1.96,0
363.215,8.6,10.9,1.957,0
363.315,8.5,10.9,1.957,0
363.414,8.1,10.9,1.957,0
363.514,7.9,10.8,1.953,0
363.614,7.6,10.8,1.95,0
363.713,7.1,10.7,1.939,0
363.813,6.8,10.7,1.932,0.017
363.913,6.4,10.5,1.918,-0.003
364.012,5.9,10.5,1.908,0
364.112,5.4,10.3,1.894,0
364.212,5,10.3,1.88,0
364.311,4.4,10.1,1.862,0
364.411,4.1,10.1,1.841,0
364.511,3.5,9.9,1.816,0
364.611,2.9,9.7,1.792,0
364.71,2.5,9.6,1.771,0
364.81,2,9.5,1.735,0.017
364.91,1.5,9.3,1.704,0
365.009,0.9,9,1.662,0
365.109,0.5,8.9,1.623,0
365.209,-0.1,8.7,1.581,-0.003
365.308,-0.4,8.6,1.532,0.003
365.408,-1,8.3,1.483,0.003
365.508,-1.4,8.3,1.426,0
365.607,-1.8,8,1.363,0
365.707,-2.3,7.9,1.296,0
365.807,-2.7,7.7,1.219,0.003
365.906,-3.3,7.6,1.135,0
366.006,-3.8,7.6,1.04,0
366.106,-4.2,7.4,0.934,0.007
366.205,-4.9,7.4,0.808,0.003
366.305,-5.5,7.4,0.667,0.003
366.405,-6,7.5,0.527,0.007
366.504,-6.5,7.7,0.393,0.003
366.604,-6.8,7.7,0.263,0
366.704,-7.2,8,0.137,0.003
366.803,-7.5,8.2,0.011,0
366.903,-8,8.4,-0.102,0.003
367.003,-8.4,8.6,-0.19,0
367.102,-8.9,8.6,-0.263,0.003
367.202,-9.1,8.8,-0.313,0.003
367.302,-9.3,8.9,-0.355,0.003
367.401,-9.4,8.9,-0.379,0.003
367.501,-9.5,8.9,-0.4,0.003
367.601,-9.5,9,-0.415,0.003
367.7,-9.5,9,-0.425,0.003
367.8,-9.5,9.2,-0.432,0.003
367.9,-9.3,9,-0.436,0.003
367.999,-9.2,9,-0.436,0.003
368.099,-8.9,8.9,-0.436,0.003
368.199,-8.8,9.1,-0.436,0.003
368.298,-8.7,9,-0.436,0.003
368.398,-8.4,9,-0.432,0
368.498,-8,8.9,-0.425,0.003
368.598,-7.6,9,-0.418,0
368.697,-7.2,8.9,-0.411,0.003
368.797,-6.7,8.9,-0.404,0.003
368.897,-6.4,8.8,-0.393,0.017
368.996,-6,8.7,-0.383,0.003
369.096,-5.5,8.7,-0.362,0.003
369.196,-5,8.6,-0.351,0.003
369.295,-4.5,8.5,-0.327,0.003
369.395,-4.1,8.4,-0.309,0.007
369.495,-3.6,8.3,-0.285,0.003
369.594,-3.1,8.2,-0.253,0.007
369.694,-2.6,8,-0.218,0.003
369.794,-2.1,8.1,-0.186,0.003
369.893,-1.6,7.9,-0.155,0.017
369.993,-1.1,7.8,-0.109,0.003
370.093,-0.6,7.7,-0.067,0
370.192,-0.1,7.6,-0.021,0.007
370.292,0.3,7.5,0.035,0.003
370.392,0.7,7.4,0.088,0.003
370.491,1.3,7.4,0.158,0.003
370.591,1.7,7.4,0.221,0.003
370.691,2.1,7.4,0.302,0.007
370.79,2.6,7.4,0.383,0.007
370.89,3.2,7.6,0.481,0.017
370.99,3.5,7.5,0.583,0.003
371.089,4.2,7.7,0.692,0.003
371.189,4.8,7.8,0.819,0.003
371.289,5.5,8.1,0.956,0.003
371.388,6,8.3,1.089,0.007
371.488,6.5,8.6,1.216,0.003
371.588,6.9,8.9,1.346,0.003
371.687,7.3,9.2,1.468,0.003
371.787,7.7,9.6,1.581,0
371.887,8,9.9,1.679,0.003
371.986,8.5,10.2,1.757,0.003
372.086,8.8,10.4,1.82,0.003
372.186,9,10.6,1.869,0
372.285,9.1,10.7,1.908,0.003
372.385,9.3,10.7,1.932,0
372.485,9.4,10.8,1.957,0
372.585,9.4,10.9,1.971,0
372.684,9.4,11,1.981,0
372.784,9.4,10.8,1.992,0
372.884,9.2,11,1.995,0
372.983,9.1,10.9,2.002,0
373.083,8.9,10.7,1.999,0
373.183,8.7,10.8,2.002,0
373.282,8.5,10.7,1.999,0
373.382,8.3,10.8,1.999,0
373.482,7.9,10.7,1.992,0
373.581,7.7,10.7,1.988,0
373.681,7.3,10.6,1.981,0
373.781,7,10.6,1.974,-0.003
373.88,6.5,10.5,1.964,0
373.98,6.1,10.4,1.957,0.014
374.08,5.6,10.4,1.943,-0.003
374.179,5.1,10.2,1.929,0
374.279,4.7,10.1,1.911,0
374.379,4.3,9.9,1.894,0
374.478,3.7,9.7,1.869,-0.003
374.578,3.2,9.6,1.844,0
374.678,2.6,9.5,1.816,-0.003
374.777,2.3,9.4,1.788,0.003
374.877,1.6,9.1,1.757,0
374.977,1.1,9.1,1.718,0.017
375.076,0.7,9,1.679,0
375.176,0.1,8.7,1.637,0.003
375.276,-0.4,8.4,1.588,0.003
375.375,-0.8,8.4,1.539,0
375.475,-1.3,8.1,1.486,0
375.575,-1.7,8,1.419,0
375.674,-2.1,7.8,1.363,0
375.774,-2.7,7.7,1.282,0.003
375.874,-3,7.6,1.205,0.003
375.973,-3.6,7.4,1.107,0.017
376.073,-4.1,7.3,1.001,0
376.173,-4.8,7.4,0.882,0.003
376.272,-5.3,7.2,0.738,0.003
376.372,-5.9,7.3,0.601,0.003
376.472,-6.3,7.4,0.46,0.003
376.571,-6.7,7.6,0.33,0
376.671,-7,7.6,0.2,0.003
376.771,-7.4,7.9,0.063,0.003
376.871,-7.7,8.1,-0.053,0.003
376.97,-8.2,8.3,-0.162,0.014
377.07,-8.6,8.5,-0.242,0.003
377.17,-8.9,8.6,-0.309,0.003
377.269,-9.1,8.7,-0.351,0.003
377.369,-9.3,8.7,-0.383,0
377.469,-9.5,8.9,-0.408,0.007
377.568,-9.5,8.8,-0.422,0.007
377.668,-9.5,9,-0.439,0.003
377.768,-9.5,8.9,-0.446,0.007
377.867,-9.4,8.9,-0.45,0.007
377.967,-9.2,8.9,-0.45,0.01
378.067,-9.1,8.9,-0.45,0.003
378.166,-8.8,8.9,-0.446,0
378.266,-8.6,8.8,-0.446,0.003
378.366,-8.3,8.9,-0.443,0.003
378.465,-8.1,8.9,-0.443,0.003
378.565,-7.7,8.8,-0.432,0.003
378.665,-7.4,8.7,-0.429,0.003
378.764,-6.9,8.6,-0.418,0.007
378.864,-6.6,8.7,-0.408,0.003
378.964,-6,8.5,-0.397,0
379.063,-5.7,8.6,-0.386,0.003
379.163,-5.2,8.5,-0.365,0.003
379.263,-4.8,8.3,-0.351,0.007
379.362,-4.2,8.4,-0.327,0.007
379.462,-3.7,8.2,-0.302,0.007
379.562,-3.2,8.1,-0.274,0
379.661,-2.7,7.9,-0.246,0.003
379.761,-2.2,7.8,-0.211,0
379.861,-1.8,7.8,-0.176,0.003
379.96,-1.2,7.7,-0.133,0.003
380.06,-0.8,7.7,-0.095,0.01
380.16,-0.3,7.4,-0.046,0.003
380.259,0.2,7.4,0.007,0.003
380.359,0.5,7.3,0.063,0.003
380.459,1.1,7.2,0.126,0.003
380.558,1.5,7.2,0.193,0.003
380.658,1.9,7.1,0.271,0.003
380.758,2.4,7.2,0.355,0.003
380.858,2.9,7.2,0.45,0.003
380.957,3.5,7.4,0.548,0.003
381.057,4,7.5,0.66,0.017
381.157,4.6,7.7,0.776,0.007
381.256,5.3,7.8,0.924,0.003
381.356,5.8,8.1,1.057,0
381.456,6.4,8.3,1.191,0.003
381.555,6.7,8.6,1.317,0.003
381.655,7.2,9,1.451,0.007
381.755,7.4,9.3,1.57,0.003
381.854,8,9.7,1.683,0.003
381.954,8.3,9.9,1.774,0.003
382.054,8.6,10.3,1.844,0.014
382.153,8.9,10.4,1.897,0
382.253,9.1,10.4,1.936,0
382.353,9.2,10.6,1.974,0
382.452,9.2,10.6,1.995,0.003
382.552,9.4,10.8,2.009,0
382.652,9.4,10.7,2.027,0.003
382.751,9.4,10.7,2.038,0
382.851,9.3,10.8,2.041,0.003
382.951,9.2,10.7,2.045,-0.003
383.05,8.9,10.8,2.048,0.007
383.15,8.8,10.7,2.045,0
383.25,8.6,10.7,2.045,-0.003
383.349,8.3,10.6,2.045,-0.003
383.449,8.1,10.7,2.041,0
383.549,7.7,10.6,2.034,0
383.648,7.4,10.5,2.031,0
383.748,7,10.4,2.024,0
383.848,6.6,10.3,2.013,-0.003
383.947,6.2,10.3,2.002,0
384.047,5.6,10.1,1.988,0
384.147,5.3,10.1,1.978,0
384.246,4.7,9.9,1.957,0
384.346,4.4,9.9,1.943,0
384.446,3.8,9.6,1.922,0
384.545,3.3,9.5,1.894,0
384.645,2.9,9.4,1.869,0
384.745,2.3,9.2,1.841,0
384.844,1.8,9.1,1.813,0
384.944,1.4,8.9,1.774,0.003
385.044,0.8,8.7,1.732,0
385.144,0.3,8.7,1.697,0.01
385.243,-0.2,8.3,1.651,0
385.343,-0.6,8.2,1.602,0
385.443,-1.2,8,1.549,0.003
385.542,-1.5,7.8,1.493,0.003
385.642,-1.9,7.7,1.426,0
385.742,-2.4,7.6,1.353,0
385.841,-2.8,7.4,1.272,0.003
385.941,-3.3,7.1,1.18,0.003
386.041,-3.9,7.2,1.075,0.003
386.14,-4.5,7.1,0.956,0.021
386.24,-5.1,7.1,0.815,0.003
386.34,-5.8,7.1,0.664,0.007
386.439,-6.2,7.2,0.53,0.003
386.539,-6.6,7.3,0.393,0.003
386.639,-6.9,7.4,0.267,0.003
386.738,-7.4,7.7,0.13,0.003
386.838,-7.6,7.8,-0.004,0.007
386.938,-8.1,8,-0.119,0.003
387.037,-8.4,8.2,-0.218,0.003
387.137,-8.9,8.5,-0.292,0.014
387.237,-9,8.5,-0.344,0.003
387.336,-9.3,8.5,-0.383,0.003
387.436,-9.4,8.6,-0.411,0.003
387.536,-9.5,8.7,-0.432,0.003
387.635,-9.5,8.8,-0.439,0.003
387.735,-9.5,8.6,-0.45,0
387.835,-9.4,8.8,-0.453,0.007
387.934,-9.3,8.7,-0.46,0
388.034,-9,8.7,-0.457,0.003
388.134,-9,8.8,-0.46,0.014
388.233,-8.6,8.7,-0.453,0.003
388.333,-8.4,8.7,-0.453,0.003
388.433,-8.1,8.6,-0.45,0.003
388.532,-7.7,8.7,-0.45,0.003
388.632,-7.5,8.6,-0.439,0
388.732,-7,8.5,-0.429,0.003
388.831,-6.6,8.5,-0.422,0.003
388.931,-6.3,8.5,-0.411,0.003
389.031,-5.7,8.4,-0.4,0.003
389.131,-5.4,8.3,-0.383,0.014
389.23,-4.8,8.3,-0.365,0.003
389.33,-4.4,8.1,-0.344,0.003
389.43,-3.9,8,-0.323,0.003
389.529,-3.5,8,-0.292,0.003
389.629,-3,7.8,-0.267,0.003
389.729,-2.4,7.7,-0.232,0.003
389.828,-1.9,7.6,-0.197,0
389.928,-1.4,7.5,-0.158,0.003
390.028,-1,7.4,-0.116,0
390.127,-0.4,7.3,-0.067,0.003
390.227,0,7.2,-0.021,0.003
390.327,0.5,7.2,0.035,0
390.426,0.9,7.1,0.098,0.003
390.526,1.4,7.1,0.162,0.003
390.626,1.7,7.1,0.239,0.003
390.725,2.2,7,0.323,0.007
390.825,2.7,7,0.415,0.003
390.925,3.3,7.1,0.513,0.003
391.024,3.8,7.2,0.622,0
391.124,4.4,7.4,0.745,0.003
391.224,5.1,7.6,0.878,0.01
391.323,5.7,7.7,1.022,0.003
391.423,6.1,8,1.152,0.003
391.523,6.5,8.3,1.286,0.007
391.622,6.9,8.6,1.423,0.003
391.722,7.3,9,1.556,0.007
391.822,7.8,9.3,1.679,0.007
391.921,8.2,9.7,1.781,0.003
392.021,8.5,10.1,1.865,0.003
392.121,8.8,10.3,1.922,0
392.22,9.1,10.4,1.971,0.014
392.32,9.2,10.4,2.002,0
392.42,9.4,10.6,2.031,0.003
392.519,9.4,10.6,2.045,0
392.619,9.4,10.7,2.066,0
392.719,9.3,10.6,2.076,-0.003
392.818,9.4,10.6,2.08,0
392.918,9.2,10.7,2.087,0
393.018,9.1,10.6,2.087,0
393.117,8.8,10.5,2.087,0
393.217,8.7,10.5,2.087,0.014
393.317,8.4,10.5,2.087,-0.003
393.417,8.2,10.4,2.08,0
393.516,8,10.4,2.076,0.003
393.616,7.6,10.4,2.073,0
393.716,7.1,10.2,2.066,0
393.815,6.8,10.3,2.059,0
393.915,6.4,10.1,2.048,-0.003
394.015,6,10.1,2.038,0
394.114,5.5,9.9,2.024,-0.003
394.214,5,9.9,2.002,0.017
394.314,4.4,9.7,1.988,0
394.413,4.1,9.6,1.971,0
394.513,3.5,9.4,1.946,0.003
394.613,2.9,9.3,1.918,0
394.712,2.5,9.2,1.894,0
394.812,2,8.9,1.862,0.003
394.912,1.6,8.9,1.827,0
395.011,0.9,8.6,1.785,0
395.111,0.5,8.5,1.75,0
395.211,0,8.3,1.704,0.007
395.31,-0.5,8.2,1.658,0
395.41,-1,7.9,1.602,0
395.51,-1.3,7.7,1.549,0
395.609,-1.9,7.6,1.49,0
395.709,-2.1,7.4,1.416,0
395.809,-2.7,7.2,1.335,0
395.908,-3.1,7.1,1.247,0.003
396.008,-3.6,7,1.149,0.003
396.108,-4.2,7,1.029,0.003
396.207,-4.8,6.9,0.885,0
396.307,-5.5,7,0.734,0.003
396.407,-6,6.9,0.594,0
396.506,-6.5,7.1,0.464,0.003
396.606,-6.9,7.1,0.33,0.003
396.706,-7.1,7.4,0.197,0.003
396.805,-7.5,7.6,0.06,0.003
396.905,-7.9,7.8,-0.074,0.003
397.005,-8.3,8,-0.183,0.003
397.104,-8.7,8.2,-0.274,0.003
397.204,-9,8.3,-0.334,0.003
397.304,-9.2,8.4,-0.383,0.01
397.404,-9.3,8.4,-0.411,0.003
397.503,-9.5,8.5,-0.432,0.003
397.603,-9.5,8.6,-0.446,0.007
397.703,-9.6,8.5,-0.464,0.003
397.802,-9.5,8.6,-0.464,0.003
397.902,-9.3,8.6,-0.467,0.003
398.002,-9.2,8.5,-0.471,0.003
398.101,-9.1,8.6,-0.471,0
398.201,-8.9,8.6,-0.467,0.003
398.301,-8.5,8.6,-0.467,0.014
398.4,-8.4,8.5,-0.467,0.003
398.5,-7.9,8.5,-0.46,0.003
398.6,-7.6,8.5,-0.45,0.003
398.699,-7.2,8.5,-0.443,0.003
398.799,-6.8,8.5,-0.439,0.003
398.899,-6.4,8.3,-0.429,0.003
398.998,-5.8,8.4,-0.411,0.007
399.098,-5.5,8.2,-0.4,0.003
399.198,-5.1,8.2,-0.383,0.003
399.297,-4.5,8.1,-0.362,0.017
399.397,-3.9,8,-0.337,0.003
399.497,-3.6,7.7,-0.313,0.003
399.596,-3.1,7.8,-0.285,0.003
399.696,-2.6,7.7,-0.249,0.003
399.796,-2.2,7.5,-0.218,0.003
399.895,-1.6,7.4,-0.179,0.007
399.995,-1.1,7.3,-0.141,0.003
400.095,-0.6,7.2,-0.095,0.007
400.194,-0.2,7.1,-0.049,0.003
400.294,0.4,7.1,0.007,0.017
400.394,0.7,6.9,0.067,0.003
400.493,1.2,6.9,0.133,0.007
400.593,1.5,6.8,0.207,0.003
400.693,2.1,6.8,0.292,0.003
400.792,2.5,6.9,0.379,0.007
400.892,3,6.9,0.481,0.003
400.992,3.5,7,0.594,0.003
401.091,4.1,7.1,0.71,0.003
401.191,4.9,7.3,0.85,0.003
401.291,5.6,7.6,0.991,0.007
401.391,6.1,7.7,1.124,0
401.49,6.5,8,1.265,0.003
401.59,6.7,8.3,1.398,0
401.69,7.2,8.8,1.535,0.003
401.789,7.5,9.1,1.665,0
401.889,8,9.5,1.795,0.003
401.989,8.5,9.7,1.88,0.003
402.088,8.7,10,1.95,0
402.188,9,10.1,1.999,0
402.288,9.2,10.3,2.034,0
402.387,9.3,10.4,2.066,0
402.487,9.4,10.4,2.087,0
402.587,9.4,10.5,2.104,0
402.686,9.5,10.4,2.111,0
402.786,9.4,10.5,2.125,0
402.886,9.2,10.4,2.129,0
402.985,9.2,10.4,2.132,0
403.085,8.9,10.4,2.125,0
403.185,8.8,10.4,2.132,0.003
403.284,8.5,10.4,2.129,0
403.384,8.2,10.3,2.129,0.007
403.484,7.9,10.4,2.122,0
403.583,7.7,10.2,2.118,0
403.683,7.3,10.2,2.111,0
403.783,6.8,10.1,2.108,0
403.882,6.4,10.1,2.097,0
403.982,6.2,9.8,2.087,0.003
404.082,5.6,9.9,2.073,0.003
404.181,5.1,9.8,2.059,0.003
404.281,4.6,9.6,2.041,0
404.381,4.2,9.5,2.02,0.017
404.48,3.7,9.3,1.999,0
404.58,3.2,9.3,1.974,0
404.68,2.6,8.9,1.946,0
404.779,2.2,8.9,1.915,0.003
404.879,1.6,8.8,1.883,0
404.979,1.1,8.6,1.844,-0.003
405.078,0.7,8.4,1.809,0.003
405.178,0.1,8.2,1.764,0.003
405.278,-0.4,8,1.718,0
405.378,-0.9,7.9,1.669,0.014
405.477,-1.3,7.7,1.616,0.003
405.577,-1.7,7.4,1.553,0.003
405.677,-2.1,7.3,1.486,0.003
405.776,-2.5,7.1,1.409,0.003
405.876,-3,7.1,1.324,0
405.976,-3.5,7,1.223,0.003
406.075,-4,6.8,1.107,0.007
406.175,-4.8,6.8,0.97,0.007
406.275,-5.4,6.8,0.819,0.003
406.374,-5.9,6.7,0.671,0.01
406.474,-6.3,6.8,0.534,0.003
406.574,-6.7,7,0.4,0.007
406.673,-7,7.1,0.267,0.003
406.773,-7.3,7.3,0.123,0.003
406.873,-7.6,7.5,-0.014,0.003
406.972,-8.1,7.7,-0.141,0
407.072,-8.5,8,-0.242,0.003
407.172,-8.9,8.1,-0.32,0.003
407.271,-9.1,8.3,-0.376,0.007
407.371,-9.4,8.4,-0.408,0.003
407.471,-9.5,8.3,-0.436,0.003
407.57,-9.5,8.4,-0.45,0.003
407.67,-9.5,8.4,-0.464,0.007
407.77,-9.5,8.5,-0.471,0.003
407.869,-9.3,8.4,-0.478,0.003
407.969,-9.2,8.5,-0.474,0.007
408.069,-9.1,8.3,-0.481,0.003
408.168,-8.9,8.4,-0.478,0.003
408.268,-8.6,8.5,-0.481,0.003
408.368,-8.3,8.4,-0.474,0.003
408.467,-8.1,8.3,-0.474,0.007
408.567,-7.7,8.3,-0.464,0.007
408.667,-7.3,8.3,-0.457,0.003
408.766,-6.9,8.3,-0.45,0.003
408.866,-6.6,8.3,-0.439,0.003
408.966,-6.1,8.2,-0.425,0.003
409.065,-5.7,8.1,-0.418,0.003
409.165,-5.2,8,-0.404,0.003
409.265,-4.7,7.9,-0.383,0.003
409.365,-4.2,7.8,-0.358,0
409.464,-3.9,7.8,-0.334,0.014
409.564,-3.3,7.6,-0.306,0.003
409.664,-2.7,7.5,-0.274,0.003
409.763,-2.1,7.4,-0.242,0.003
409.863,-1.7,7.2,-0.204,0.007
409.963,-1.3,7.1,-0.165,0.007
410.062,-0.8,7,-0.119,0
410.162,-0.3,7,-0.074,0.003
410.262,0.2,6.9,-0.018,0.003
410.361,0.6,6.9,0.035,0.003
410.461,1.1,6.8,0.102,0.017
410.561,1.4,6.6,0.169,0.003
410.66,1.9,6.6,0.26,0.003
410.76,2.3,6.7,0.344,0.007
410.86,2.8,6.6,0.443,0.003
410.959,3.3,6.8,0.548,0.003
411.059,3.9,6.9,0.675,0.003
411.159,4.7,7.1,0.808,0.007
411.258,5.4,7.2,0.956,0.003
411.358,5.9,7.5,1.089,0
411.458,6.4,7.8,1.226,0.021
411.557,6.7,8,1.353,0.003
411.657,7,8.5,1.504,0.003
411.757,7.3,8.7,1.641,0.003
411.856,7.8,9.3,1.778,0.007
411.956,8.2,9.6,1.887,0
412.056,8.7,9.8,1.974,0.003
412.155,8.9,10,2.027,0
412.255,9.1,10.1,2.069,0.003
412.355,9.3,10.2,2.101,-0.003
412.454,9.4,10.3,2.118,0.007
412.554,9.4,10.3,2.139,-0.003
412.654,9.4,10.2,2.154,0
412.753,9.3,10.4,2.168,0
412.853,9.3,10.3,2.168,0
412.953,9.1,10.4,2.171,0
413.052,9,10.2,2.171,0
413.152,8.8,10.2,2.175,0
413.252,8.6,10.3,2.171,0.003
413.352,8.4,10.2,2.171,0
413.451,8.2,10.2,2.168,0
413.551,7.7,10.1,2.161,0
413.651,7.5,10.1,2.157,0
413.75,7,10.1,2.15,0
413.85,6.6,9.9,2.139,-0.003
413.95,6.1,9.8,2.136,0.003
414.049,5.7,9.7,2.115,0
414.149,5.3,9.7,2.104,0.003
414.249,4.7,9.6,2.087,0
414.348,4.4,9.4,2.069,0.003
414.448,3.8,9.3,2.048,0.003
414.548,3.3,9.1,2.024,0.003
414.647,2.9,8.9,1.995,0.003
414.747,2.3,8.8,1.971,0.003
414.847,1.8,8.6,1.943,0.003
414.946,1.3,8.5,1.901,0
415.046,0.8,8.3,1.865,0.003
415.146,0.3,8.1,1.82,0.003
415.245,-0.2,7.9,1.774,0.003
415.345,-0.6,7.8,1.732,0
415.445,-1.1,7.6,1.672,0
415.544,-1.5,7.6,1.613,0.017
415.644,-1.9,7.2,1.546,0
415.744,-2.4,7.1,1.476,0.003
415.843,-2.7,6.9,1.388,0.003
415.943,-3.3,6.8,1.293,0.003
416.043,-3.8,6.6,1.18,0.003
416.142,-4.4,6.6,1.043,0.003
416.242,-5.1,6.6,0.882,0.003
416.342,-5.7,6.6,0.734,0.007
416.441,-6.3,6.6,0.601,0.003
416.541,-6.6,6.8,0.46,0.021
416.641,-6.9,6.9,0.334,0.003
416.74,-7.2,7.1,0.197,0.003
416.84,-7.5,7.2,0.049,0.003
416.94,-7.9,7.5,-0.095,0.003
417.039,-8.3,7.7,-0.214,0.003
417.139,-8.7,8,-0.306,0.003
417.239,-9.2,8,-0.369,0.003
417.339,-9.3,8.2,-0.415,0.003
417.438,-9.4,8.2,-0.446,0.003
417.538,-9.5,8.3,-0.467,0.014
417.638,-9.5,8.3,-0.481,0.003
417.737,-9.5,8.2,-0.492,0.003
417.837,-9.4,8.3,-0.495,0.003
417.937,-9.3,8.3,-0.499,0.003
418.036,-9.1,8.2,-0.499,0.007
418.136,-9,8.3,-0.499,0.003
418.236,-8.7,8.2,-0.495,0.007
418.335,-8.5,8.3,-0.495,0.003
418.435,-8,8.2,-0.492,0.003
418.535,-7.8,8.3,-0.485,0.003
418.634,-7.4,8.2,-0.478,0.003
418.734,-7,8.1,-0.467,0.003
418.834,-6.6,8.1,-0.464,0.003
418.933,-6.3,8,-0.453,0.003
419.033,-5.7,8,-0.439,0.003
419.133,-5.4,7.9,-0.422,0.003
419.232,-4.9,7.8,-0.408,0.003
419.332,-4.4,7.8,-0.383,0.003
419.432,-3.9,7.7,-0.362,0.003
419.531,-3.5,7.5,-0.33,0.003
419.631,-3,7.3,-0.306,0.003
419.731,-2.4,7.2,-0.267,0.007
419.83,-2,7.1,-0.235,0.003
419.93,-1.4,7,-0.19,0.003
420.03,-1,6.9,-0.151,0.007
420.129,-0.4,6.8,-0.102,0.003
420.229,0,6.8,-0.049,0.003
420.329,0.5,6.7,0.007,0.007
420.428,0.8,6.5,0.067,0.003
420.528,1.3,6.5,0.141,0.007
420.628,1.7,6.5,0.214,0.007
420.727,2.2,6.5,0.302,0.007
420.827,2.6,6.5,0.404,0.003
420.927,3.2,6.6,0.509,0.007
421.026,3.8,6.6,0.629,0.003
421.126,4.4,6.8,0.766,0.007
421.226,5.3,7,0.91,0.003
421.325,5.8,7.2,1.047,0.003
421.425,6.2,7.4,1.184,0.003
421.525,6.5,7.8,1.321,0.003
421.625,6.9,8.1,1.465,0.017
421.724,7.2,8.3,1.605,0.003
421.824,7.6,9,1.757,0.003
421.924,8.1,9.3,1.887,0.007
422.023,8.5,9.6,1.978,0.003
422.123,8.8,9.8,2.048,0
422.223,9.1,10,2.097,0.003
422.322,9.3,10.1,2.132,0.003
422.422,9.4,10.1,2.157,0.003
422.522,9.4,10.2,2.178,0.003
422.621,9.4,10.2,2.196,0.014
422.721,9.4,10.2,2.199,0
422.821,9.4,10.2,2.21,0.003
422.92,9.2,10.1,2.21,0
423.02,9.1,10.2,2.217,0
423.12,8.9,10.1,2.213,0
423.219,8.7,10.1,2.217,0
423.319,8.4,10.1,2.213,0
423.419,8.2,10.1,2.21,0
423.518,7.9,10,2.206,-0.003
423.618,7.6,10,2.203,0.014
423.718,7.1,9.9,2.196,0
423.817,6.8,9.8,2.189,0
423.917,6.4,9.8,2.175,0
424.017,5.8,9.5,2.168,0.003
424.116,5.4,9.5,2.15,0
424.216,5,9.5,2.132,0
424.316,4.4,9.3,2.115,0
424.415,4,9.2,2.094,0
424.515,3.5,8.9,2.069,0
424.615,3,8.9,2.048,0.007
424.714,2.6,8.6,2.024,0.003
424.814,1.9,8.5,1.988,0.003
424.914,1.4,8.4,1.953,0.003
425.013,1,8.2,1.918,0
425.113,0.5,8,1.88,0
425.213,-0.1,7.8,1.834,0.003
425.312,-0.4,7.7,1.785,0.003
425.412,-1,7.4,1.732,0.003
425.512,-1.4,7.3,1.676,0.003
425.612,-1.8,7.1,1.613,0.003
425.711,-2.2,7,1.542,0.003
425.811,-2.6,6.8,1.465,0.003
425.911,-3.1,6.6,1.363,0.003
426.01,-3.5,6.5,1.254,0.003
426.11,-4.2,6.4,1.128,0.003
426.21,-4.9,6.4,0.966,0.003
426.309,-5.4,6.4,0.808,0.007
426.409,-6.1,6.4,0.66,0.003
426.509,-6.5,6.5,0.538,0.003
426.608,-6.9,6.5,0.397,0.007
426.708,-7.2,6.9,0.26,0.01
426.808,-7.3,7,0.116,0.007
426.907,-7.6,7.2,-0.035,0.003
427.007,-8,7.4,-0.172,0.007
427.107,-8.5,7.8,-0.281,0.003
427.206,-8.9,7.8,-0.358,0.003
427.306,-9.2,7.9,-0.418,0.003
427.406,-9.4,8,-0.446,0.003
427.505,-9.5,8.1,-0.471,0.003
427.605,-9.5,8.1,-0.492,0.003
427.705,-9.5,8.1,-0.502,0.017
427.804,-9.5,8.1,-0.506,0.003
427.904,-9.3,8.1,-0.509,0.007
428.004,-9.2,8.1,-0.509,0
428.103,-9.1,8.2,-0.513,0.003
428.203,-8.9,8,-0.509,0.007
428.303,-8.4,8.1,-0.506,0.003
428.402,-8.3,8,-0.506,0.003
428.502,-8,8,-0.502,0.003
428.602,-7.6,8,-0.492,0.007
428.701,-7.2,8,-0.488,0.017
428.801,-6.8,8,-0.478,0.003
428.901,-6.4,7.8,-0.467,0
429,-5.9,7.8,-0.453,0
429.1,-5.5,7.7,-0.436,0.003
429.2,-4.9,7.7,-0.418,0.003
429.299,-4.6,7.7,-0.404,0
429.399,-4,7.5,-0.376,0.003
429.499,-3.6,7.3,-0.351,0.003
429.598,-3,7.1,-0.327,0
429.698,-2.7,7.2,-0.288,0.021
429.798,-2.1,7,-0.253,0.003
429.898,-1.5,6.9,-0.214,0.003
429.997,-1.1,6.7,-0.172,0.003
430.097,-0.6,6.7,-0.13,0.003
430.197,-0.2,6.6,-0.081,0.003
430.296,0.3,6.5,-0.025,0.003
430.396,0.7,6.5,0.035,0.003
430.496,1.1,6.4,0.105,0.007
430.595,1.5,6.3,0.179,0.01
430.695,2,6.3,0.271,0.003
430.795,2.3,6.3,0.365,0.003
430.894,2.9,6.4,0.474,0.007
430.994,3.5,6.5,0.59,0.003
431.094,4.2,6.6,0.727,0.003
431.193,4.9,6.7,0.868,0.007
431.293,5.6,7.1,1.019,0.007
431.393,6,7.1,1.149,0.007
431.492,6.4,7.4,1.289,0.007
431.592,6.7,7.7,1.43,0.007
431.692,7,8.1,1.581,0.003
431.791,7.3,8.5,1.732,0
431.891,7.9,8.9,1.88,0.003
431.991,8.3,9.3,1.992,0.003
432.09,8.8,9.6,2.069,0.003
432.19,9.1,9.8,2.125,0.003
432.29,9.2,9.8,2.164,0.003
432.389,9.3,9.9,2.196,0.003
432.489,9.4,10.1,2.217,0.003
432.589,9.4,10.1,2.231,0
432.688,9.4,10.1,2.245,0
432.788,9.4,10,2.252,0.021
432.888,9.4,10.1,2.252,0
432.987,9.1,10,2.259,0
433.087,9,10.1,2.255,0
433.187,8.8,10,2.259,0
433.286,8.5,9.9,2.255,0.003
433.386,8.2,9.8,2.252,0.003
433.486,7.9,9.8,2.252,0
433.585,7.6,9.8,2.245,0
433.685,7.3,9.7,2.241,0
433.785,6.9,9.8,2.231,0.017
433.885,6.4,9.5,2.224,0
433.984,6.1,9.6,2.213,0
434.084,5.6,9.3,2.199,0
434.184,5.2,9.4,2.185,0
434.283,4.7,9.3,2.171,0
434.383,4.1,9,2.147,0
434.483,3.7,8.9,2.125,0.003
434.582,3.2,8.8,2.097,0
434.682,2.7,8.6,2.073,0
434.782,2.2,8.6,2.041,0.014
434.881,1.7,8.3,2.006,0.003
434.981,1.1,8.1,1.978,0
435.081,0.6,7.9,1.936,0
435.18,0.2,7.8,1.89,0
435.28,-0.4,7.6,1.844,-0.003
435.38,-0.9,7.4,1.792,0
435.479,-1.3,7.1,1.735,0.003
435.579,-1.6,7.1,1.672,0.003
435.679,-2.1,6.8,1.605,0.003
435.778,-2.5,6.7,1.525,0.007
435.878,-2.9,6.6,1.44,0
435.978,-3.4,6.4,1.335,0.007
436.077,-3.9,6.3,1.209,0.003
436.177,-4.5,6.2,1.054,0.003
436.277,-5.4,6.2,0.885,0.003
436.376,-6,6.3,0.727,0.003
436.476,-6.4,6.3,0.597,0.003
436.576,-6.8,6.4,0.464,0.007
436.675,-6.9,6.6,0.337,0.003
436.775,-7.3,6.8,0.19,0.007
436.875,-7.5,6.9,0.039,0
436.974,-7.8,7.1,-0.112,0.003
437.074,-8.3,7.4,-0.246,0.003
437.174,-8.7,7.7,-0.341,0.003
437.273,-9.1,7.8,-0.404,0
437.373,-9.3,7.9,-0.453,0
437.473,-9.4,7.9,-0.478,0.003
437.572,-9.5,7.9,-0.499,0
437.672,-9.5,8,-0.509,0.003
437.772,-9.5,7.9,-0.52,0
437.871,-9.5,8,-0.527,0.01
437.971,-9.2,7.9,-0.523,0
438.071,-9,8,-0.527,0.003
438.171,-8.9,7.9,-0.527,0
438.27,-8.6,7.9,-0.523,0.003
438.37,-8.4,8,-0.523,0.003
438.47,-8.1,7.9,-0.52,0.003
438.569,-7.7,7.9,-0.513,0.003
438.669,-7.4,7.8,-0.506,0.007
438.769,-6.9,7.8,-0.492,0
438.868,-6.6,7.8,-0.492,0.014
438.968,-6.1,7.7,-0.474,0.003
439.068,-5.7,7.7,-0.464,0.003
439.167,-5.2,7.5,-0.443,0.007
439.267,-4.8,7.4,-0.429,0.003
439.367,-4.3,7.3,-0.4,0
439.466,-3.8,7.2,-0.376,0.003
439.566,-3.3,7.1,-0.344,0.003
439.666,-2.7,7.1,-0.313,0.003
439.765,-2.2,6.8,-0.285,0.007
439.865,-1.7,6.8,-0.242,0.017
439.965,-1.2,6.6,-0.2,0.003
440.064,-0.8,6.5,-0.158,0.003
440.164,-0.3,6.5,-0.109,0.003
440.264,0.1,6.3,-0.056,0.003
440.363,0.6,6.3,0.007,0.003
440.463,1,6.2,0.07,0.007
440.563,1.4,6.1,0.144,0.007
440.662,1.9,6.2,0.232,0.003
440.762,2.2,6.2,0.323,0.007
440.862,2.7,6.3,0.429,0.017
440.961,3.2,6.2,0.545,0.003
441.061,3.9,6.4,0.678,0.007
441.161,4.7,6.5,0.822,0.007
441.26,5.4,6.7,0.977,0.003
441.36,5.8,6.9,1.114,0.003
441.46,6.4,7.2,1.251,0.003
441.559,6.6,7.4,1.395,0.003
441.659,6.9,7.8,1.549,0.003
441.759,7.2,8.3,1.711,0.003
441.858,7.6,8.7,1.872,0.01
441.958,8.1,9.1,2.002,0
442.058,8.7,9.5,2.094,0
442.158,8.9,9.5,2.154,0
442.257,9.1,9.7,2.199,0.003
442.357,9.3,9.9,2.234,0
442.457,9.4,9.8,2.255,0
442.556,9.5,9.9,2.273,0
442.656,9.4,9.9,2.287,0
442.756,9.4,9.9,2.294,0
442.855,9.3,9.9,2.298,0.003
442.955,9.1,9.8,2.301,0
443.055,9.1,9.9,2.305,0
443.154,8.8,9.7,2.305,0
443.254,8.5,9.8,2.305,0
443.354,8.3,9.7,2.301,0
443.453,8.1,9.7,2.294,0
443.553,7.9,9.6,2.294,0
443.653,7.5,9.6,2.287,0
443.752,7.1,9.5,2.28,0
443.852,6.7,9.5,2.269,0
443.952,6.2,9.6,2.262,0.014
444.051,5.6,9.2,2.245,0
444.151,5.2,9.2,2.234,0
444.251,4.7,9.1,2.213,0
444.35,4.3,8.9,2.199,0.003
444.45,3.8,8.9,2.178,0
444.55,3.3,8.6,2.15,0
444.649,2.8,8.5,2.125,0
444.749,2.4,8.3,2.094,0
444.849,1.7,8.1,2.066,0
444.948,1.3,8.1,2.027,0.017
445.048,0.8,7.8,1.988,0.003
445.148,0.2,7.7,1.95,0
445.247,-0.2,7.5,1.901,0
445.347,-0.6,7.3,1.855,0.003
445.447,-1.2,7.1,1.799,0
445.546,-1.5,7,1.743,0
445.646,-1.9,6.7,1.672,0.003
445.746,-2.3,6.5,1.595,0.003
445.845,-2.7,6.5,1.511,0
445.945,-3.1,6.3,1.405,0.014
446.045,-3.6,6.2,1.293,0.003
446.145,-4.4,6.1,1.149,0.003
446.244,-5.1,6.1,0.973,0.003
446.344,-5.7,6,0.801,0.003
446.444,-6.2,6.1,0.66,0.007
446.543,-6.7,6.2,0.527,0.007
446.643,-6.8,6.3,0.393,0.007
446.743,-7.2,6.5,0.256,0.003
446.842,-7.4,6.6,0.105,0.003
446.942,-7.7,7,-0.06,0.017
447.042,-8.1,7.1,-0.207,0.007
447.141,-8.7,7.4,-0.323,0.003
447.241,-8.9,7.6,-0.4,0.007
447.341,-9.3,7.7,-0.45,0.003
447.44,-9.4,7.7,-0.481,0.003
447.54,-9.5,7.7,-0.509,0.003
447.64,-9.5,7.7,-0.523,0
447.739,-9.5,7.7,-0.534,0.003
447.839,-9.3,7.8,-0.538,0.003
447.939,-9.4,7.8,-0.545,0.003
448.038,-9.1,7.8,-0.545,0
448.138,-9,7.8,-0.541,0.003
448.238,-8.7,7.7,-0.541,0
448.337,-8.4,7.8,-0.538,0.003
448.437,-8.1,7.8,-0.538,0
448.537,-7.8,7.7,-0.527,0
448.636,-7.5,7.7,-0.523,0.007
448.736,-7,7.7,-0.516,0.003
448.836,-6.8,7.6,-0.506,0
448.935,-6.3,7.5,-0.495,0.003
449.035,-5.8,7.5,-0.485,0.003
449.135,-5.4,7.4,-0.464,0
449.234,-4.9,7.4,-0.446,0.003
449.334,-4.5,7.1,-0.425,0.007
449.434,-3.9,7.2,-0.4,0.003
449.533,-3.4,7.1,-0.372,0
449.633,-3,6.9,-0.344,0.003
449.733,-2.4,6.7,-0.309,0.003
449.832,-2.1,6.6,-0.274,0
449.932,-1.4,6.5,-0.232,0.003
450.032,-1,6.4,-0.193,0.007
450.132,-0.4,6.3,-0.133,0.007
450.231,0,6.2,-0.084,0.003
450.331,0.5,6.2,-0.028,0.003
450.431,0.8,6.1,0.032,0.003
450.53,1.3,6,0.105,0.007
450.63,1.7,6,0.19,0.003
450.73,2,5.9,0.285,0.007
450.829,2.5,6,0.386,0.007
450.929,3,6,0.502,0.003
451.029,3.7,6.2,0.632,0.014
451.128,4.4,6.3,0.783,0.007
451.228,5.1,6.4,0.938,0.003
451.328,5.8,6.7,1.086,0.007
451.427,6.2,6.9,1.226,0.003
451.527,6.6,7.2,1.374,0.007
451.627,6.8,7.4,1.518,0.003
451.726,7.1,8,1.686,0.003
451.826,7.5,8.3,1.858,0.003
451.926,7.9,8.9,2.002,0.003
452.025,8.5,9.3,2.115,0.014
452.125,8.9,9.3,2.182,0.003
452.225,9.1,9.5,2.231,0.003
452.324,9.2,9.6,2.266,0
452.424,9.4,9.7,2.298,0
452.524,9.4,9.7,2.315,0.003
452.623,9.5,9.8,2.333,0
452.723,9.4,9.8,2.336,0.003
452.823,9.4,9.7,2.347,0.003
452.922,9.1,9.8,2.354,0
453.022,9.1,9.8,2.35,0.01
453.122,9,9.7,2.354,0
453.221,8.7,9.6,2.354,0.003
453.321,8.4,9.6,2.35,0
453.421,8.1,9.6,2.347,0
453.52,7.9,9.5,2.343,-0.003
453.62,7.6,9.5,2.34,0.003
453.72,7.1,9.5,2.329,0
453.819,6.9,9.4,2.322,0.003
453.919,6.3,9.2,2.312,0.003
454.019,6,9.2,2.301,0.003
454.118,5.5,9.1,2.284,0
454.218,5,8.9,2.266,0
454.318,4.5,8.9,2.252,0
454.418,4,8.6,2.224,0
454.517,3.5,8.6,2.203,0
454.617,2.9,8.4,2.178,0
454.717,2.6,8.3,2.154,0
454.816,1.9,8.1,2.118,0
454.916,1.4,8,2.087,0
455.016,0.9,7.8,2.048,0.003
455.115,0.4,7.7,2.009,0
455.215,-0.1,7.5,1.967,0
455.315,-0.6,7.1,1.918,0
455.414,-1.1,7.1,1.865,0
455.514,-1.4,6.9,1.809,0
455.614,-1.9,6.7,1.743,0.003
455.713,-2.2,6.6,1.672,0.003
455.813,-2.7,6.2,1.588,0.003
455.913,-3,6.2,1.493,0.003
456.012,-3.4,6,1.377,0.003
456.112,-4,6,1.247,0.014
456.212,-4.8,5.9,1.075,0.003
456.311,-5.4,5.9,0.899,0
456.411,-6.2,5.9,0.741,0.007
456.511,-6.5,6,0.608,0.003
456.61,-6.9,6.1,0.471,0.003
456.71,-7.2,6.2,0.334,0.003
456.81,-7.3,6.4,0.183,0.003
456.909,-7.5,6.6,0.028,0
457.009,-7.9,6.9,-0.144,0.003
457.109,-8.4,7.2,-0.281,0.017
457.208,-8.8,7.4,-0.379,0.003
457.308,-9.2,7.5,-0.443,0.003
457.408,-9.4,7.6,-0.488,0.003
457.507,-9.5,7.7,-0.516,0.003
457.607,-9.5,7.7,-0.53,0.003
457.707,-9.5,7.7,-0.548,0
457.806,-9.5,7.7,-0.555,0.003
457.906,-9.3,7.6,-0.559,0
458.006,-9.2,7.7,-0.555,0.003
458.105,-9,7.8,-0.559,0.014
458.205,-8.8,7.7,-0.559,0.003
458.305,-8.6,7.7,-0.559,0
458.405,-8.2,7.6,-0.552,0.003
458.504,-8,7.7,-0.548,0
458.604,-7.7,7.6,-0.541,0.003
458.704,-7.2,7.5,-0.534,0
458.803,-6.8,7.5,-0.527,0.003
458.903,-6.5,7.4,-0.516,0.003
459.003,-6,7.3,-0.499,0
459.102,-5.5,7.3,-0.488,0.007
459.202,-5,7.2,-0.474,0.003
459.302,-4.6,7.1,-0.446,0
459.401,-4.1,7,-0.422,0.003
459.501,-3.6,6.8,-0.4,0
459.601,-3.1,6.8,-0.365,0.003
459.7,-2.7,6.6,-0.33,0
459.8,-2.1,6.5,-0.299,0.003
459.9,-1.6,6.4,-0.256,0.003
459.999,-1.1,6.3,-0.214,0.007
460.099,-0.6,6.1,-0.169,0.007
460.199,-0.1,6.1,-0.123,0.007
460.298,0.3,6,-0.06,0.007
460.398,0.7,5.9,0,0.007
460.498,1.1,5.9,0.074,0.003
460.597,1.4,5.8,0.148,0.003
460.697,1.9,5.9,0.242,0.007
460.797,2.3,5.8,0.341,0.007
460.896,2.8,5.8,0.46,0.003
460.996,3.4,6,0.587,0.003
461.096,4.2,6,0.734,0.007
461.195,4.9,6.2,0.892,0.01
461.295,5.6,6.4,1.043,0.003
461.395,6,6.6,1.187,0
461.494,6.5,6.9,1.335,0.003
461.594,6.7,7.1,1.472,0.003
461.694,6.9,7.6,1.644,0.003
461.793,7.3,8,1.823,0.003
461.893,7.8,8.6,1.995,0
461.993,8.4,8.9,2.122,0
462.092,8.8,9.2,2.213,0.003
462.192,9.1,9.5,2.262,0.01
462.292,9.2,9.5,2.301,0
462.392,9.3,9.6,2.329,0.003
462.491,9.4,9.6,2.35,0
462.591,9.5,9.7,2.364,0
462.691,9.4,9.6,2.378,0
462.79,9.4,9.7,2.385,0
462.89,9.3,9.6,2.389,0
462.99,9.1,9.6,2.392,0
463.089,8.9,9.5,2.389,0
463.189,8.8,9.5,2.392,0.017
463.289,8.5,9.5,2.389,0
463.388,8.4,9.5,2.389,0
463.488,7.9,9.5,2.382,0
463.588,7.6,9.3,2.378,0
463.687,7.3,9.3,2.371,0
463.787,6.9,9.2,2.364,0
463.887,6.5,9.2,2.354,0
463.986,6,9,2.343,0
464.086,5.5,8.9,2.329,0
464.186,5.1,8.9,2.315,0.014
464.285,4.6,8.7,2.298,0
464.385,4.1,8.6,2.276,-0.003
464.485,3.7,8.4,2.255,0
464.584,3.2,8.3,2.234,0.007
464.684,2.6,8,2.203,0.003
464.784,2.2,8,2.175,0.003
464.883,1.6,7.8,2.143,0
464.983,1.1,7.7,2.104,0
465.083,0.5,7.5,2.062,0.003
465.182,0.1,7.5,2.024,0.01
465.282,-0.4,7.1,1.978,0
465.382,-0.9,7,1.922,0.003
465.481,-1.3,6.8,1.869,-0.003
465.581,-1.8,6.6,1.806,0.003
465.681,-2.1,6.5,1.739,0.003
465.78,-2.5,6.2,1.658,0.003
465.88,-2.9,6,1.57,0.003
465.98,-3.3,5.9,1.468,0.003
466.079,-3.7,5.8,1.338,0.003
466.179,-4.5,5.8,1.177,0.003
466.279,-5.1,5.7,0.991,0.003
466.379,-5.8,5.8,0.819,0.003
466.478,-6.3,5.8,0.678,0.003
466.578,-6.9,5.8,0.534,0.003
466.678,-7,6,0.404,0.003
466.777,-7.2,6.1,0.253,0.003
466.877,-7.4,6.3,0.102,0.007
466.977,-7.7,6.5,-0.07,0.003
467.076,-8,6.9,-0.228,0.003
467.176,-8.6,7.1,-0.355,0.003
467.276,-9.1,7.4,-0.439,0.007
467.375,-9.3,7.4,-0.492,0.003
467.475,-9.4,7.5,-0.523,0
467.575,-9.5,7.5,-0.545,0.003
467.674,-9.5,7.5,-0.559,0.007
467.774,-9.5,7.5,-0.569,0
467.874,-9.4,7.5,-0.576,0
467.973,-9.2,7.5,-0.58,0
468.073,-9,7.5,-0.576,0
468.173,-8.8,7.5,-0.58,0.003
468.272,-8.6,7.6,-0.576,0.017
468.372,-8.3,7.4,-0.576,0.003
468.472,-8,7.5,-0.569,0.003
468.571,-7.7,7.5,-0.562,0
468.671,-7.3,7.4,-0.555,0.007
468.771,-7,7.3,-0.548,0.003
468.87,-6.5,7.3,-0.534,0
468.97,-6.1,7.2,-0.523,0.003
469.07,-5.7,7.2,-0.509,0.003
469.169,-5.1,7.1,-0.488,0.003
469.269,-4.8,7,-0.474,0.017
469.369,-4.2,6.8,-0.446,0.003
469.468,-3.8,6.7,-0.429,0.003
469.568,-3.1,6.7,-0.39,0.003
469.668,-2.8,6.5,-0.362,0.003
469.767,-2.2,6.4,-0.323,0.007
469.867,-1.8,6.3,-0.288,0.003
469.967,-1.2,6.1,-0.249,0.003
470.066,-0.8,6.1,-0.204,0.003
470.166,-0.3,6,-0.151,0.003
470.266,0.2,5.9,-0.091,0.017
470.366,0.6,5.7,-0.039,0.003
470.465,1,5.7,0.032,0.003
470.565,1.4,5.6,0.112,0.003
470.665,1.8,5.7,0.197,0.003
470.764,2.2,5.6,0.299,0.003
470.864,2.6,5.6,0.408,0.003
470.964,3.2,5.7,0.53,0.003
471.063,3.8,5.9,0.671,0.007
471.163,4.7,6,0.833,0.007
471.263,5.4,6.2,0.994,0.014
471.362,5.8,6.3,1.142,0.007
471.462,6.3,6.6,1.293,0.003
471.562,6.5,6.9,1.437,0.003
471.661,6.9,7.2,1.602,0.003
471.761,7,7.7,1.781,0.003
471.861,7.6,8.2,1.971,0.003
471.96,8.1,8.6,2.122,0.003
472.06,8.7,9,2.227,0.003
472.16,8.9,9.1,2.291,0
472.259,9.2,9.3,2.333,0.003
472.359,9.3,9.4,2.357,0
472.459,9.4,9.4,2.389,0.003
472.558,9.4,9.5,2.406,0
472.658,9.4,9.5,2.417,0
472.758,9.4,9.4,2.424,0
472.857,9.4,9.5,2.431,-0.003
472.957,9.2,9.5,2.435,0
473.057,8.9,9.5,2.435,0
473.156,8.8,9.3,2.435,-0.003
473.256,8.7,9.5,2.435,0
473.356,8.5,9.3,2.431,0
473.455,8.2,9.3,2.428,0
473.555,7.8,9.2,2.424,0
473.655,7.5,9.2,2.417,0
473.754,7,9.1,2.414,0
473.854,6.6,9,2.399,0.003
473.954,6.1,8.9,2.392,0.003
474.053,5.7,8.9,2.375,0.003
474.153,5.2,8.8,2.361,0
474.253,4.8,8.7,2.343,0
474.352,4.4,8.6,2.326,0.017
474.452,3.8,8.3,2.301,0.003
474.552,3.3,8.3,2.28,0.003
474.652,2.8,8.1,2.248,0
474.751,2.3,7.9,2.227,0.003
474.851,1.7,7.8,2.192,0
474.951,1.3,7.6,2.161,0
475.05,0.8,7.4,2.118,0.003
475.15,0.3,7.1,2.08,0.003
475.25,-0.3,7,2.031,0
475.349,-0.7,6.9,1.981,0.014
475.449,-1.1,6.6,1.929,0
475.549,-1.5,6.6,1.872,0
475.648,-2,6.3,1.802,0.003
475.748,-2.4,6.2,1.732,0.003
475.848,-2.7,6,1.644,0.003
475.947,-3,5.9,1.549,0.003
476.047,-3.6,5.6,1.43,0
476.147,-4.2,5.5,1.282,0.003
476.246,-4.8,5.6,1.096,0.003
476.346,-5.6,5.6,0.91,0.01
476.446,-6.2,5.6,0.752,0.007
476.545,-6.6,5.7,0.604,0.003
476.645,-6.9,5.8,0.471,0.007
476.745,-7.2,5.9,0.323,0
476.844,-7.4,6,0.165,0.003
476.944,-7.5,6.3,-0.007,0.003
477.044,-7.8,6.6,-0.176,0.003
477.143,-8.4,6.9,-0.323,0.003
477.243,-8.8,7.1,-0.422,0.003
477.343,-9.2,7.2,-0.485,0.007
477.442,-9.3,7.3,-0.527,0
477.542,-9.5,7.3,-0.559,0.003
477.642,-9.6,7.3,-0.576,0.003
477.741,-9.5,7.4,-0.583,0.003
477.841,-9.4,7.4,-0.59,0.003
477.941,-9.3,7.4,-0.597,0
478.04,-9.2,7.4,-0.594,0.003
478.14,-8.9,7.2,-0.59,0
478.24,-8.7,7.4,-0.594,0.003
478.339,-8.6,7.3,-0.594,0.003
478.439,-8.1,7.3,-0.587,0.003
478.539,-7.9,7.2,-0.583,0.003
478.639,-7.4,7.3,-0.576,0.003
478.738,-7.2,7.2,-0.569,0
478.838,-6.6,7.2,-0.559,0.003
478.938,-6.3,7.1,-0.548,0.003
479.037,-5.8,7,-0.527,0.003
479.137,-5.4,7,-0.516,0.003
479.237,-4.9,6.8,-0.495,0.003
479.336,-4.4,6.8,-0.474,0.003
479.436,-3.9,6.6,-0.45,0.01
479.536,-3.4,6.5,-0.422,0.003
479.635,-3,6.4,-0.39,0.003
479.735,-2.4,6.3,-0.355,0.003
479.835,-2,6.2,-0.316,0
479.934,-1.4,5.9,-0.274,0.003
480.034,-1,5.9,-0.232,0.003
480.134,-0.5,5.9,-0.186,0.003
480.233,-0.1,5.8,-0.13,0.003
480.333,0.5,5.6,-0.07,0.003
480.433,0.8,5.6,-0.004,0.014
480.532,1.2,5.5,0.07,0.007
480.632,1.6,5.5,0.158,0.007
480.732,2,5.4,0.26,0.007
480.831,2.4,5.4,0.362,0
480.931,2.9,5.5,0.488,0.003
481.031,3.5,5.6,0.622,0.003
481.13,4.4,5.7,0.783,0.007
481.23,5.1,5.9,0.949,0.003
481.33,5.8,6.1,1.107,0.007
481.429,6.1,6.4,1.258,0.014
481.529,6.5,6.6,1.409,0.003
481.629,6.7,6.9,1.567,0.003
481.728,7,7.3,1.743,0.003
481.828,7.3,7.8,1.936,0.003
481.928,7.9,8.3,2.111,0
482.027,8.5,8.8,2.238,0
482.127,8.9,9,2.312,0
482.227,9.1,9.2,2.364,0
482.326,9.3,9.3,2.399,0
482.426,9.4,9.3,2.428,0.014
482.526,9.4,9.4,2.445,0.003
482.625,9.4,9.2,2.459,0
482.725,9.4,9.4,2.473,0
482.825,9.4,9.3,2.48,0.003
482.925,9.3,9.3,2.484,0
483.024,9.1,9.3,2.484,0
483.124,8.9,9.2,2.484,0
483.224,8.7,9.2,2.48,0.003
483.323,8.4,9.2,2.48,0
483.423,8.2,9.2,2.477,0
483.523,7.9,9.1,2.473,0
483.622,7.6,9.2,2.47,0
483.722,7,8.9,2.459,0
483.822,6.7,9,2.452,0
483.921,6.4,8.9,2.445,0
484.021,5.9,8.8,2.431,0
484.121,5.5,8.6,2.421,0
484.22,5,8.5,2.403,0
484.32,4.5,8.3,2.385,0
484.42,4.1,8.3,2.357,0
484.519,3.5,8.1,2.336,0.003
484.619,2.9,7.9,2.308,0
484.719,2.5,7.8,2.284,0
484.818,1.9,7.8,2.248,0
484.918,1.4,7.4,2.217,0
485.018,0.9,7.4,2.178,0
485.117,0.4,7.1,2.139,0
485.217,-0.1,7,2.097,0.003
485.317,-0.7,6.8,2.052,0.003
485.416,-1.1,6.6,1.995,0.003
485.516,-1.5,6.5,1.943,0.014
485.616,-1.8,6.2,1.876,0
485.715,-2.3,6.1,1.806,0.003
485.815,-2.7,5.9,1.718,0
485.915,-3,5.7,1.63,0.003
486.014,-3.4,5.5,1.518,0
486.114,-3.8,5.5,1.384,0.003
486.214,-4.5,5.3,1.205,0.003
486.313,-5.3,5.4,1.015,0.003
486.413,-6,5.3,0.836,0
486.513,-6.4,5.5,0.682,0.017
486.612,-6.9,5.5,0.538,0
486.712,-7.1,5.6,0.393,0.007
486.812,-7.2,5.9,0.246,0.003
486.912,-7.4,6,0.077,0.003
487.011,-7.7,6.3,-0.098,0.007
487.111,-8.1,6.5,-0.26,0.003
487.211,-8.6,6.8,-0.386,0
487.31,-9,7.1,-0.467,0.003
487.41,-9.3,7.1,-0.527,0.003
487.51,-9.5,7.3,-0.562,0.017
487.609,-9.5,7.1,-0.583,0
487.709,-9.6,7.2,-0.597,0.003
487.809,-9.5,7.2,-0.604,0.003
487.908,-9.3,7.3,-0.608,0.003
488.008,-9.3,7.2,-0.608,0.003
488.108,-9.1,7.2,-0.611,0.003
488.207,-9,7.2,-0.608,0.003
488.307,-8.6,7.1,-0.611,0.003
488.407,-8.3,7.2,-0.604,0.003
488.506,-8,7.1,-0.604,0.007
488.606,-7.6,7.2,-0.594,0
488.706,-7.3,7.1,-0.583,0.007
488.805,-6.7,7.1,-0.576,0.003
488.905,-6.5,7,-0.566,0
489.005,-5.9,6.9,-0.555,0.003
489.104,-5.5,6.8,-0.534,0.003
489.204,-5.1,6.7,-0.516,0.003
489.304,-4.7,6.6,-0.499,0.003
489.403,-4,6.5,-0.474,0.003
489.503,-3.6,6.5,-0.446,0.003
489.603,-3,6.3,-0.415,0.003
489.702,-2.6,6.2,-0.379,0.003
489.802,-2.1,6,-0.344,0.003
489.902,-1.6,5.9,-0.306,0.003
490.001,-1.1,5.9,-0.263,0.003
490.101,-0.7,5.7,-0.218,0.003
490.201,-0.2,5.7,-0.165,0.003
490.3,0.2,5.5,-0.105,0.007
490.4,0.8,5.5,-0.042,0.003
490.5,1.1,5.3,0.032,0.003
490.599,1.4,5.4,0.109,0.007
490.699,1.8,5.3,0.211,0.007
490.799,2.2,5.3,0.313,0.003
490.898,2.7,5.3,0.436,0.003
490.998,3.2,5.3,0.569,0.003
491.098,4.1,5.4,0.72,0.003
491.198,4.8,5.6,0.896,0
491.297,5.5,5.8,1.064,0.003
491.397,5.9,6,1.212,0.003
491.497,6.4,6.3,1.37,0.003
491.596,6.6,6.6,1.528,0.014
491.696,7,7,1.707,0.003
491.796,7.1,7.5,1.897,0.003
491.895,7.6,8,2.097,0
491.995,8.2,8.5,2.245,0
492.095,8.8,8.8,2.336,0
492.194,9.1,8.9,2.396,0
492.294,9.3,8.9,2.431,0
492.394,9.4,9.1,2.459,0
492.493,9.4,9.2,2.487,-0.003
492.593,9.4,9.2,2.501,0.01
492.693,9.5,9.2,2.508,0
492.792,9.4,9.2,2.519,-0.003
492.892,9.4,9.1,2.526,-0.003
492.992,9.2,9.2,2.529,0
493.091,9,9,2.526,0
493.191,8.8,9.1,2.526,0
493.291,8.6,9.1,2.519,0
493.39,8.3,9,2.522,0
493.49,7.9,9,2.515,0
493.59,7.6,8.9,2.512,0.014
493.689,7.3,9,2.508,-0.003
493.789,6.9,8.8,2.501,0
493.889,6.4,8.7,2.491,0
493.988,6.1,8.6,2.477,0
494.088,5.6,8.5,2.466,0
494.188,5.1,8.4,2.452,0
494.287,4.6,8.3,2.431,0
494.387,4.1,8.3,2.414,0
494.487,3.6,7.9,2.389,0
494.586,3.2,7.9,2.364,0.003
494.686,2.6,7.7,2.333,0
494.786,2.2,7.6,2.308,-0.003
494.885,1.6,7.4,2.269,0
494.985,1.1,7.2,2.238,-0.003
495.085,0.5,7.1,2.196,0.003
495.185,0,6.8,2.157,0
495.284,-0.4,6.7,2.111,0
495.384,-0.9,6.5,2.059,0
495.484,-1.3,6.4,2.006,0
495.583,-1.8,6.2,1.936,0.003
495.683,-2.1,5.9,1.869,0.003
495.783,-2.5,5.9,1.792,0
495.882,-2.9,5.6,1.7,0
495.982,-3.2,5.5,1.595,0
496.082,-3.6,5.3,1.472,0.003
496.181,-4.3,5.3,1.303,0.003
496.281,-5,5.3,1.107,0
496.381,-5.7,5.3,0.91,0.003
496.48,-6.3,5.2,0.755,0.003
496.58,-6.7,5.3,0.604,0
496.68,-7,5.5,0.46,0.01
496.779,-7.2,5.6,0.313,0
496.879,-7.3,5.8,0.151,0.003
496.979,-7.5,5.9,-0.032,0.003
497.078,-7.9,6.4,-0.211,0.003
497.178,-8.5,6.6,-0.358,0
497.278,-8.9,6.8,-0.46,0.003
497.377,-9.3,7,-0.527,0
497.477,-9.4,7,-0.566,0.003
497.577,-9.5,7,-0.594,0.003
497.676,-9.5,7.2,-0.615,0.014
497.776,-9.5,7.1,-0.618,0.003
497.876,-9.3,7.1,-0.622,0.003
497.975,-9.3,7.1,-0.625,0.003
498.075,-9.1,7.1,-0.625,0.003
498.175,-8.8,7.1,-0.622,0.003
498.274,-8.6,7.1,-0.629,0
498.374,-8.4,7,-0.618,0
498.474,-8.1,7.1,-0.618,0
498.573,-7.7,7.1,-0.611,0.003
498.673,-7.4,7,-0.601,0.014
498.773,-6.9,7,-0.597,0
498.872,-6.5,6.8,-0.587,0.007
498.972,-6,6.7,-0.573,0.003
499.072,-5.7,6.8,-0.559,0
499.172,-5.2,6.6,-0.538,0
499.271,-4.8,6.5,-0.52,0.003
499.371,-4.3,6.4,-0.495,0.007
499.471,-3.9,6.4,-0.471,0.007
499.57,-3.3,6.2,-0.439,0.003
499.67,-2.8,6.1,-0.415,0.01
499.77,-2.2,5.9,-0.376,0
499.869,-1.8,5.9,-0.334,0.003
499.969,-1.3,5.7,-0.292,0.003
500.069,-0.8,5.6,-0.249,0
500.168,-0.3,5.4,-0.19,0.003
500.268,0.2,5.3,-0.137,0.007
500.368,0.7,5.3,-0.074,0.003
500.467,1,5.2,-0.011,0.003
500.567,1.4,5.2,0.07,0.003
500.667,1.7,5.1,0.169,0
500.766,2.1,5.1,0.267,0.003
500.866,2.5,5.2,0.39,0.007
500.966,3,5.2,0.52,0.003
501.065,3.8,5.3,0.678,0.003
501.165,4.6,5.3,0.85,0.003
501.265,5.3,5.6,1.026,0.007
501.364,5.8,5.8,1.18,0.003
501.464,6.1,6.1,1.338,0.003
501.564,6.6,6.5,1.504,0
501.663,6.8,6.8,1.676,0.003
501.763,7,7.1,1.869,0.003
501.863,7.4,7.7,2.08,0.003
501.962,8.1,8.3,2.252,0.003
502.062,8.6,8.6,2.361,0.003
502.162,8.9,8.8,2.421,0
502.261,9.2,8.9,2.466,0
502.361,9.3,9,2.501,0
502.461,9.4,9,2.519,0
502.56,9.4,9,2.54,0
502.66,9.5,9.1,2.558,0
502.76,9.4,9,2.565,0.003
502.859,9.4,9.1,2.568,0
502.959,9.2,9,2.565,0
503.059,9.1,8.9,2.575,0
503.159,8.8,8.9,2.572,0
503.258,8.7,8.9,2.568,0
503.358,8.2,8.9,2.568,0
503.458,8.1,8.9,2.568,0
503.557,7.7,8.8,2.561,0
503.657,7.4,8.8,2.554,-0.003
503.757,7,8.8,2.543,0.01
503.856,6.6,8.6,2.536,0
503.956,6.2,8.6,2.529,0
504.056,5.6,8.4,2.512,0
504.155,5.3,8.4,2.498,0.003
504.255,4.8,8.2,2.48,0
504.355,4.3,8,2.459,0
504.454,3.8,8,2.438,-0.003
504.554,3.4,7.8,2.414,0
504.654,2.8,7.7,2.389,0
504.753,2.2,7.6,2.357,0.017
504.853,1.7,7.3,2.326,-0.003
504.953,1.2,7.1,2.291,0
505.052,0.6,7.1,2.252,0
505.152,0.2,6.7,2.21,0
505.252,-0.3,6.7,2.168,0
505.351,-0.7,6.5,2.118,0.003
505.451,-1.3,6.2,2.066,0.003
505.551,-1.6,6,2.006,0.003
505.65,-2.1,5.9,1.939,0
505.75,-2.3,5.8,1.865,0.014
505.85,-2.8,5.5,1.774,0
505.949,-3,5.4,1.679,0.003
506.049,-3.5,5.3,1.56,0.003
506.149,-4,5.2,1.409,0
506.248,-4.7,5,1.212,0
506.348,-5.4,5,1.008,0.003
506.448,-6.1,5,0.829,0.003
506.547,-6.6,5.1,0.675,0
506.647,-6.9,5.2,0.527,0.003
506.747,-7.1,5.3,0.376,0.003
506.846,-7.3,5.5,0.214,0.003
506.946,-7.5,5.8,0.035,0
507.046,-7.7,6,-0.148,0.003
507.146,-8.2,6.4,-0.316,0.003
507.245,-8.7,6.7,-0.439,0.003
507.345,-9.2,6.7,-0.52,0.003
507.445,-9.3,6.9,-0.569,0
507.544,-9.5,6.8,-0.604,0.003
507.644,-9.5,6.9,-0.625,0.003
507.744,-9.5,7,-0.636,0
507.843,-9.4,7,-0.646,0.007
507.943,-9.4,7,-0.653,0.003
508.043,-9.2,6.9,-0.646,0.003
508.142,-9,7,-0.65,0
508.242,-8.8,6.9,-0.65,0.003
508.342,-8.4,6.9,-0.643,0
508.441,-8.2,6.9,-0.643,0.007
508.541,-7.8,6.8,-0.636,0.003
508.641,-7.5,6.8,-0.629,0
508.74,-7.1,6.8,-0.625,0.003
508.84,-6.6,6.8,-0.611,0.01
508.94,-6.3,6.7,-0.604,0
509.039,-5.7,6.6,-0.583,0.003
509.139,-5.4,6.5,-0.569,0.003
509.239,-4.8,6.4,-0.548,0.003
509.338,-4.5,6.3,-0.53,0.003
509.438,-3.9,6.2,-0.502,0.003
509.538,-3.4,6.1,-0.471,0.003
509.637,-3,5.9,-0.443,0.003
509.737,-2.4,5.9,-0.404,0.003
509.837,-2,5.8,-0.369,0.017
509.936,-1.4,5.6,-0.327,0.003
510.036,-1,5.5,-0.281,0
510.136,-0.5,5.3,-0.232,0.003
510.235,-0.1,5.3,-0.176,0.003
510.335,0.5,5.3,-0.116,0.003
510.435,0.8,5.2,-0.049,0.003
510.534,1.2,5,0.028,0.003
510.634,1.4,5,0.116,0.003
510.734,2,5,0.218,0.003
510.833,2.3,5,0.334,0.014
510.933,2.8,5,0.46,0.003
511.033,3.5,5,0.615,0.003
511.133,4.4,5.2,0.794,0.003
511.232,5.1,5.4,0.977,0
511.332,5.7,5.6,1.149,0.003
511.432,6.1,5.8,1.303,0.003
511.531,6.4,6.1,1.468,0.003
511.631,6.7,6.4,1.634,0.003
511.731,6.9,6.8,1.834,0.003
511.83,7.3,7.4,2.041,0.007
511.93,7.8,8,2.238,0
512.03,8.5,8.3,2.368,0
512.129,8.9,8.6,2.445,0
512.229,9.1,8.7,2.494,-0.003
512.329,9.3,8.9,2.529,0
512.428,9.4,8.9,2.558,0.003
512.528,9.4,8.9,2.575,0
512.628,9.5,8.9,2.593,0
512.727,9.4,8.9,2.6,-0.003
512.827,9.3,8.9,2.607,0
512.927,9.1,8.9,2.61,0
513.026,9.1,8.9,2.614,0
513.126,8.8,8.8,2.614,0
513.226,8.7,8.9,2.614,-0.003
513.325,8.3,8.8,2.61,0
513.425,8.2,8.7,2.607,0
513.525,7.8,8.7,2.6,0
513.624,7.6,8.6,2.596,0
513.724,7.2,8.6,2.589,0
513.824,6.7,8.5,2.582,-0.003
513.923,6.4,8.4,2.572,-0.003
514.023,5.9,8.3,2.558,0.003
514.123,5.4,8.3,2.54,0
514.222,5,8.1,2.529,0
514.322,4.4,8,2.508,0
514.422,4,7.8,2.487,0
514.521,3.5,7.7,2.463,0
514.621,3,7.6,2.438,-0.003
514.721,2.5,7.3,2.41,0
514.82,2,7.3,2.382,0
514.92,1.4,7.1,2.343,0.014
515.02,0.9,6.9,2.305,0
515.12,0.5,6.7,2.266,0
515.219,-0.1,6.5,2.224,-0.003
515.319,-0.6,6.4,2.178,0.003
515.419,-1.1,6.1,2.122,0
515.518,-1.5,6,2.066,0
515.618,-1.9,5.9,1.999,0
515.718,-2.2,5.7,1.929,0
515.817,-2.7,5.4,1.844,0
515.917,-3,5.5,1.75,0.014
516.017,-3.3,5.1,1.637,0.003
516.116,-3.8,5,1.497,0.003
516.216,-4.5,4.9,1.314,0.003
516.316,-5.1,4.9,1.1,0
516.415,-6,4.9,0.906,0.003
516.515,-6.3,5,0.745,0.003
516.615,-6.8,5,0.59,0
516.714,-7,5.1,0.436,0.003
516.814,-7.2,5.3,0.281,0.003
516.914,-7.4,5.6,0.109,0.017
517.013,-7.6,5.9,-0.077,0
517.113,-7.8,6.1,-0.26,0.003
517.213,-8.5,6.4,-0.415,0
517.312,-9,6.6,-0.509,0
517.412,-9.3,6.6,-0.573,0.003
517.512,-9.4,6.7,-0.611,0.003
517.611,-9.5,6.8,-0.636,0
517.711,-9.5,6.9,-0.65,0.003
517.811,-9.6,6.8,-0.66,0.003
517.91,-9.5,6.9,-0.667,0.014
518.01,-9.2,6.8,-0.671,0.003
518.11,-9.1,6.8,-0.671,0.007
518.209,-8.8,6.8,-0.667,0.003
518.309,-8.6,6.8,-0.671,0
518.409,-8.3,6.8,-0.66,0
518.508,-8,6.8,-0.657,0
518.608,-7.5,6.7,-0.653,0.003
518.708,-7.2,6.6,-0.643,0
518.807,-6.9,6.6,-0.632,0.003
518.907,-6.4,6.5,-0.625,0.003
519.007,-6,6.5,-0.608,0
519.107,-5.5,6.5,-0.594,0
519.206,-5,6.4,-0.576,0
519.306,-4.5,6.3,-0.552,0.003
519.406,-4.2,6.2,-0.53,0.003
519.505,-3.6,6,-0.502,0.003
519.605,-3,5.9,-0.467,0
519.705,-2.6,5.8,-0.436,0
519.804,-2.1,5.7,-0.397,0.003
519.904,-1.6,5.5,-0.355,0
520.004,-1,5.4,-0.313,0.01
520.103,-0.7,5.3,-0.263,0
520.203,-0.2,5.3,-0.207,0.007
520.303,0.3,5.2,-0.155,0.003
520.402,0.7,5.1,-0.084,0.007
520.502,1,4.9,-0.014,0.003
520.602,1.4,4.9,0.074,0.003
520.701,1.8,4.8,0.176,0.003
520.801,2.2,4.8,0.281,0.003
520.901,2.6,4.7,0.408,0.003
521,3.2,5,0.555,0.014
521.1,4,5,0.734,0.003
521.2,4.8,5.1,0.924,0.003
521.299,5.6,5.4,1.11,0.003
521.399,5.9,5.6,1.272,0.003
521.499,6.4,5.9,1.444,0.003
521.598,6.5,6.1,1.613,0.003
521.698,6.7,6.6,1.806,0
521.798,7,7.1,2.017,0
521.897,7.7,7.7,2.224,0
521.997,8.2,8.2,2.375,0.014
522.097,8.7,8.4,2.47,0.003
522.196,9.1,8.6,2.529,0
522.296,9.3,8.6,2.565,0
522.396,9.4,8.8,2.596,0
522.495,9.4,8.8,2.617,0
522.595,9.5,8.8,2.635,0
522.695,9.4,8.9,2.642,0
522.794,9.4,8.8,2.652,0
522.894,9.3,8.9,2.652,0
522.994,9.1,8.8,2.659,0.014
523.094,9,8.8,2.656,0
523.193,8.8,8.7,2.656,0
523.293,8.5,8.8,2.652,-0.003
523.393,8.2,8.6,2.652,0
523.492,8,8.7,2.649,0
523.592,7.6,8.6,2.645,-0.003
523.692,7.3,8.5,2.638,0
523.791,6.9,8.4,2.628,0
523.891,6.5,8.3,2.621,0
523.991,6.1,8.3,2.61,0.003
524.09,5.5,8.1,2.589,-0.003
524.19,5.1,8,2.575,0
524.29,4.6,7.8,2.565,0
524.389,4.1,7.7,2.54,0
524.489,3.7,7.7,2.512,0
524.589,3.2,7.5,2.491,-0.003
524.688,2.6,7.3,2.466,0
524.788,2.2,7,2.435,0
524.888,1.6,7.1,2.403,0
524.987,1.1,6.8,2.364,0
525.087,0.5,6.6,2.326,0
525.187,0.1,6.5,2.284,0
525.286,-0.4,6.3,2.238,0
525.386,-0.9,6.1,2.189,0.003
525.486,-1.3,5.9,2.125,0
525.585,-1.7,5.8,2.069,0
525.685,-2.1,5.6,1.999,0
525.785,-2.5,5.5,1.918,0.003
525.884,-2.8,5.2,1.83,0.003
525.984,-3.1,5.1,1.721,0
526.084,-3.6,5,1.588,0.01
526.183,-4.2,4.8,1.419,0.003
526.283,-4.9,4.7,1.201,0.003
526.383,-5.6,4.7,0.998,0.003
526.482,-6.1,4.8,0.819,0.003
526.582,-6.7,4.8,0.657,0
526.682,-6.9,4.9,0.499,0.003
526.781,-7.2,5.1,0.341,0
526.881,-7.4,5.3,0.172,0.003
526.981,-7.5,5.5,-0.011,0
527.08,-7.8,5.8,-0.2,0.017
527.18,-8.4,6.1,-0.365,0.003
527.28,-8.7,6.5,-0.485,0
527.38,-9.2,6.6,-0.566,0.003
527.479,-9.3,6.6,-0.618,0.003
527.579,-9.5,6.7,-0.65,0
527.679,-9.6,6.7,-0.664,0.003
527.778,-9.5,6.7,-0.682,0
527.878,-9.4,6.8,-0.685,0
527.978,-9.3,6.7,-0.689,0.003
528.077,-9,6.9,-0.689,0.014
528.177,-8.9,6.6,-0.692,0
528.277,-8.7,6.7,-0.689,0.003
528.376,-8.5,6.6,-0.685,0
528.476,-7.9,6.6,-0.682,0.003
528.576,-7.8,6.6,-0.675,0
528.675,-7.3,6.5,-0.667,0.003
528.775,-7,6.6,-0.66,0.003
528.875,-6.5,6.5,-0.65,0
528.974,-6.1,6.5,-0.639,0.003
529.074,-5.7,6.4,-0.622,0.017
529.174,-5.1,6.3,-0.604,0.003
529.273,-4.8,6.2,-0.583,0.003
529.373,-4.2,6,-0.559,0.003
529.473,-3.9,6,-0.53,0.003
529.572,-3.3,5.8,-0.499,0
529.672,-2.9,5.7,-0.467,0
529.772,-2.3,5.5,-0.432,0
529.871,-1.8,5.4,-0.39,0
529.971,-1.2,5.3,-0.341,0.003
530.071,-0.8,5.2,-0.295,0.003
530.17,-0.3,5.2,-0.246,0.007
530.27,0.2,5,-0.19,0.003
530.37,0.5,5,-0.13,0.003
530.469,1,4.7,-0.056,0.003
530.569,1.4,4.7,0.028,0.003
530.669,1.6,4.6,0.123,0.003
530.768,2.1,4.8,0.232,0.003
530.868,2.5,4.7,0.355,0.003
530.968,2.9,4.8,0.495,0.003
531.067,3.8,4.8,0.671,0
531.167,4.6,5,0.871,0.003
531.267,5.4,5.2,1.068,0
531.367,5.8,5.3,1.233,0.003
531.466,6.2,5.6,1.409,0.003
531.566,6.4,5.9,1.57,0
531.666,6.7,6.3,1.76,0
531.765,7,6.8,1.971,0.003
531.865,7.3,7.3,2.189,0.003
531.965,8.1,7.9,2.368,0.003
532.064,8.6,8.3,2.484,0.003
532.164,9,8.4,2.551,0.007
532.264,9.1,8.5,2.596,0
532.363,9.4,8.6,2.631,0
532.463,9.4,8.6,2.652,0.003
532.563,9.5,8.8,2.67,0
532.662,9.4,8.7,2.684,0
532.762,9.4,8.6,2.688,0
532.862,9.3,8.7,2.698,0
532.961,9.2,8.6,2.702,0
533.061,9.1,8.6,2.702,0
533.161,8.8,8.6,2.702,0.01
533.26,8.7,8.6,2.702,0
533.36,8.3,8.5,2.702,-0.003
533.46,8.1,8.5,2.698,0
533.559,7.8,8.4,2.691,-0.003
533.659,7.4,8.4,2.681,0
533.759,7.1,8.4,2.673,0
533.858,6.6,8.3,2.666,-0.003
533.958,6.1,8.2,2.656,0
534.058,5.7,8.1,2.638,0
534.157,5.3,8,2.628,0.017
534.257,4.7,7.9,2.607,-0.003
534.357,4.3,7.7,2.589,0
534.456,3.8,7.6,2.568,-0.003
534.556,3.4,7.5,2.54,0
534.656,2.7,7.3,2.515,0
534.755,2.3,7.1,2.484,-0.003
534.855,1.7,7.1,2.456,-0.003
534.955,1.2,6.8,2.421,0
535.054,0.7,6.6,2.382,0
535.154,0.3,6.5,2.34,0.01
535.254,-0.3,6.2,2.291,-0.003
535.353,-0.7,6.1,2.245,0
535.453,-1.2,5.9,2.189,0
535.553,-1.5,5.7,2.136,0.003
535.653,-2.1,5.5,2.062,0
535.752,-2.4,5.3,1.988,0
535.852,-2.7,5.1,1.901,0
535.952,-3,5,1.802,0
536.051,-3.5,4.8,1.672,0
536.151,-4,4.7,1.518,0.007
536.251,-4.6,4.7,1.31,0
536.35,-5.3,4.7,1.096,0
536.45,-6,4.6,0.899,0
536.55,-6.4,4.7,0.724,0.003
536.649,-6.9,4.8,0.566,0.003
536.749,-7.2,4.8,0.4,0.003
536.849,-7.3,5.2,0.239,0
536.948,-7.5,5.3,0.06,0.003
537.048,-7.6,5.7,-0.133,0.003
537.148,-8,5.9,-0.316,0.003
537.247,-8.6,6.2,-0.464,0.01
537.347,-9.1,6.5,-0.559,0.003
537.447,-9.3,6.5,-0.622,0
537.546,-9.5,6.6,-0.66,0
537.646,-9.5,6.5,-0.689,0
537.746,-9.5,6.7,-0.699,0
537.845,-9.4,6.6,-0.706,0.003
537.945,-9.3,6.6,-0.713,0.003
538.045,-9.2,6.6,-0.713,0
538.144,-8.9,6.5,-0.713,0
538.244,-8.7,6.8,-0.713,0.017
538.344,-8.6,6.5,-0.713,0
538.443,-8.1,6.6,-0.703,0
538.543,-7.8,6.5,-0.699,0
538.643,-7.4,6.5,-0.696,0
538.742,-7.2,6.5,-0.685,0
538.842,-6.7,6.4,-0.675,0.003
538.942,-6.3,6.2,-0.66,0.003
539.041,-5.7,6.2,-0.65,0.003
539.141,-5.4,6.2,-0.632,0
539.241,-4.9,6.2,-0.611,0.014
539.34,-4.4,6,-0.59,0.007
539.44,-3.9,5.9,-0.562,0.003
539.54,-3.5,5.8,-0.534,0.003
539.64,-3,5.6,-0.502,0.003
539.739,-2.4,5.5,-0.464,0
539.839,-2,5.4,-0.425,0.003
539.939,-1.4,5.3,-0.383,0
540.038,-0.9,5.1,-0.337,0.003
540.138,-0.4,5,-0.285,0.003
540.238,-0.1,5,-0.232,0.014
540.337,0.5,4.8,-0.169,0.007
540.437,0.8,4.7,-0.102,0.003
540.537,1.2,4.7,-0.021,0.003
540.636,1.4,4.7,0.063,0.003
540.736,1.9,4.6,0.176,0.003
540.836,2.3,4.5,0.295,0.003
540.935,2.7,4.7,0.429,0.003
541.035,3.4,4.7,0.594,0.003
541.135,4.3,4.8,0.801,0.003
541.234,5,5,1.005,0.01
541.334,5.6,5.1,1.191,0.003
541.434,6.1,5.4,1.37,0.003
541.533,6.4,5.7,1.546,0.003
541.633,6.6,6,1.725,0
541.733,6.8,6.6,1.929,0
541.832,7.1,7.1,2.154,0
541.932,7.8,7.7,2.354,0
542.032,8.5,8,2.491,0.003
542.131,8.8,8.3,2.572,0
542.231,9.1,8.4,2.628,0
542.331,9.3,8.5,2.663,0
542.43,9.4,8.5,2.688,0
542.53,9.5,8.6,2.709,0
542.63,9.4,8.7,2.723,0.003
542.729,9.5,8.6,2.733,-0.003
542.829,9.4,8.5,2.74,0
542.929,9.2,8.5,2.744,0
543.028,9.1,8.6,2.751,0
543.128,8.8,8.4,2.751,0
543.228,8.7,8.5,2.747,0.003
543.327,8.4,8.4,2.747,0.003
543.427,8.1,8.4,2.744,0
543.527,7.8,8.4,2.737,0
543.626,7.6,8.3,2.733,0
543.726,7.2,8.3,2.73,0
543.826,6.7,8.2,2.719,0
543.926,6.3,8,2.705,0
544.025,5.9,8,2.691,-0.003
544.125,5.4,7.8,2.681,0
544.225,4.9,7.7,2.663,0
544.324,4.4,7.7,2.638,0.01
544.424,3.9,7.5,2.621,0
544.524,3.5,7.3,2.596,0
544.623,3,7.2,2.568,0
544.723,2.5,7.1,2.543,0
544.823,2,6.9,2.508,0
544.922,1.4,6.7,2.47,-0.003
545.022,0.9,6.6,2.435,0
545.122,0.4,6.4,2.396,0
545.221,-0.1,6.2,2.35,0
545.321,-0.6,6.1,2.305,0.01
545.421,-1.1,5.8,2.248,0
545.52,-1.5,5.6,2.199,0.003
545.62,-1.9,5.4,2.129,0
545.72,-2.2,5.3,2.055,0
545.819,-2.7,5.1,1.974,0.003
545.919,-2.9,4.9,1.876,0.003
546.019,-3.3,4.8,1.764,0.003
546.118,-3.7,4.7,1.62,0
546.218,-4.5,4.5,1.412,0.003
546.318,-5.1,4.5,1.194,0.017
546.417,-5.7,4.5,0.984,0.003
546.517,-6.3,4.5,0.801,0.003
546.617,-6.7,4.7,0.629,0.003
546.716,-7,4.8,0.467,0.003
546.816,-7.3,4.9,0.299,0
546.916,-7.3,5,0.123,0.003
547.015,-7.5,5.3,-0.07,0.003
547.115,-7.8,5.7,-0.263,0.003
547.215,-8.3,6,-0.432,0
547.314,-8.8,6.2,-0.548,0.007
547.414,-9.2,6.4,-0.625,0.003
547.514,-9.4,6.4,-0.675,0.003
547.613,-9.5,6.5,-0.696,0.003
547.713,-9.5,6.5,-0.717,0.003
547.813,-9.5,6.5,-0.727,0.003
547.913,-9.4,6.5,-0.734,0.007
548.012,-9.2,6.5,-0.734,0
548.112,-9.1,6.5,-0.734,0.003
548.212,-8.8,6.5,-0.734,0.003
548.311,-8.6,6.4,-0.731,0.003
548.411,-8.3,6.5,-0.727,0.003
548.511,-8,6.5,-0.727,0
548.61,-7.6,6.5,-0.717,0.003
548.71,-7.2,6.4,-0.71,0.003
548.81,-6.9,6.3,-0.703,0.003
548.909,-6.5,6.3,-0.692,0
549.009,-5.9,6.2,-0.671,0.003
549.109,-5.5,6.1,-0.657,0
549.208,-5.1,5.9,-0.639,0.003
549.308,-4.5,5.9,-0.622,0.003
549.408,-4.2,5.9,-0.594,0.007
549.507,-3.6,5.6,-0.566,0
549.607,-3.1,5.5,-0.53,0.003
549.707,-2.7,5.3,-0.499,0
549.806,-2.1,5.3,-0.457,0.003
549.906,-1.6,5.2,-0.418,0
550.006,-1.2,5,-0.376,0.007
550.105,-0.7,5,-0.32,0.003
550.205,-0.2,4.8,-0.271,0.003
550.305,0.3,4.7,-0.207,0.003
550.404,0.7,4.7,-0.144,0.017
550.504,1.1,4.7,-0.07,0
550.604,1.4,4.5,0.021,0
550.703,1.7,4.4,0.119,0.003
550.803,2.1,4.5,0.235,0.003
550.903,2.6,4.4,0.369,0.003
551.002,3.1,4.5,0.527,0.003
551.102,4,4.5,0.724,0.003
551.202,4.7,4.8,0.942,0.003
551.301,5.3,4.9,1.138,0.003
551.401,5.8,5.3,1.324,0.014
551.501,6.2,5.5,1.504,0
551.6,6.5,5.8,1.683,0.003
551.7,6.7,6.3,1.883,0.003
551.8,7,6.8,2.108,0
551.899,7.6,7.3,2.326,0.003
551.999,8.2,7.8,2.487,0
552.099,8.8,8.1,2.589,0
552.199,9,8.3,2.652,-0.003
552.298,9.3,8.3,2.698,0
552.398,9.3,8.4,2.73,0.01
552.498,9.4,8.4,2.747,0
552.597,9.4,8.4,2.765,0
552.697,9.4,8.5,2.779,0.003
552.797,9.4,8.5,2.786,0
552.896,9.2,8.5,2.789,0
552.996,9.1,8.4,2.793,0
553.096,9,8.3,2.789,0
553.195,8.8,8.4,2.789,-0.003
553.295,8.5,8.4,2.786,0
553.395,8.3,8.3,2.789,0.007
553.494,8,8.4,2.782,0
553.594,7.6,8.2,2.775,0
553.694,7.3,8.3,2.772,0.003
553.793,6.9,8.1,2.765,0.003
553.893,6.5,8,2.754,0
553.993,6,7.8,2.737,0
554.092,5.6,7.8,2.726,0
554.192,5.1,7.7,2.712,-0.003
554.292,4.7,7.6,2.691,0
554.391,4.2,7.5,2.673,0
554.491,3.7,7.2,2.645,0
554.591,3.2,7.1,2.621,-0.003
554.69,2.6,7,2.589,0
554.79,2.2,6.8,2.565,0
554.89,1.6,6.6,2.533,0.003
554.989,1.1,6.5,2.491,0
555.089,0.5,6.3,2.456,0
555.189,0.1,6.1,2.414,0
555.288,-0.4,6,2.364,0
555.388,-0.9,5.9,2.315,0
555.488,-1.3,5.6,2.259,0.01
555.587,-1.7,5.4,2.196,0
555.687,-2.2,5.3,2.125,0
555.787,-2.4,5.1,2.052,0
555.886,-2.9,4.9,1.953,0.003
555.986,-3.2,4.8,1.848,0.003
556.086,-3.6,4.6,1.711,0.003
556.186,-4.2,4.5,1.528,0.003
556.285,-4.9,4.3,1.303,0.003
556.385,-5.5,4.5,1.082,0
556.485,-6,4.4,0.885,0.017
556.584,-6.6,4.4,0.699,0.003
556.684,-6.9,4.7,0.538,0.003
556.784,-7.2,4.7,0.365,0.003
556.883,-7.4,4.9,0.197,0.003
556.983,-7.5,5.1,0.004,0.003
557.083,-7.6,5.4,-0.193,0.003
557.182,-8.2,5.7,-0.379,0.003
557.282,-8.6,6,-0.516,0.003
557.382,-9.2,6.2,-0.615,0.003
557.481,-9.3,6.3,-0.675,0.017
557.581,-9.5,6.4,-0.713,0.003
557.681,-9.5,6.4,-0.731,0
557.78,-9.5,6.5,-0.748,0
557.88,-9.4,6.5,-0.752,0.003
557.98,-9.3,6.5,-0.759,0.003
558.079,-9,6.4,-0.759,0
558.179,-8.9,6.5,-0.759,0
558.279,-8.6,6.4,-0.759,0.007
558.378,-8.4,6.3,-0.752,0.003
558.478,-8.1,6.4,-0.752,0.014
558.578,-7.7,6.3,-0.745,0
558.677,-7.4,6.2,-0.738,0.003
558.777,-6.9,6.2,-0.727,0.003
558.877,-6.6,6.2,-0.713,0
558.976,-6.2,6,-0.703,0.003
559.076,-5.6,6,-0.689,0
559.176,-5.2,5.9,-0.667,0
559.275,-4.8,5.9,-0.65,0.003
559.375,-4.2,5.7,-0.622,0.003
559.475,-3.8,5.7,-0.597,0.003
559.574,-3.3,5.5,-0.566,0.003
559.674,-2.9,5.3,-0.534,0
559.774,-2.3,5.3,-0.492,0.003
559.873,-1.9,5,-0.457,0
559.973,-1.3,5,-0.408,0.003
560.073,-0.9,4.9,-0.365,0.007
560.172,-0.4,4.8,-0.302,0
560.272,0,4.7,-0.249,0
560.372,0.6,4.6,-0.186,0
560.472,1,4.4,-0.112,0.003
560.571,1.3,4.4,-0.028,0.003
560.671,1.6,4.4,0.067,0
560.771,2,4.3,0.176,0.003
560.87,2.4,4.4,0.309,0.003
560.97,2.9,4.4,0.457,0.003
561.07,3.8,4.3,0.65,0.003
561.169,4.4,4.6,0.875,0.007
561.269,5.2,4.7,1.086,0.003
561.369,5.7,5,1.282,0.003
561.468,6.1,5.3,1.461,0.003
561.568,6.4,5.7,1.648,0.01
561.668,6.7,5.9,1.841,0.003
561.767,6.8,6.5,2.055,0
561.867,7.3,7,2.287,0
561.967,8,7.6,2.48,0.003
562.066,8.6,7.8,2.603,0.003
562.166,8.9,8.1,2.677,0
562.266,9.2,8.2,2.726,0
562.365,9.3,8.3,2.758,0
562.465,9.4,8.3,2.786,0
562.565,9.4,8.4,2.8,0.01
562.664,9.5,8.4,2.818,0
562.764,9.4,8.4,2.825,0
562.864,9.4,8.4,2.835,0
562.963,9.1,8.3,2.835,0
563.063,9.1,8.3,2.839,0
563.163,8.8,8.4,2.835,0
563.262,8.8,8.3,2.832,0
563.362,8.3,8.3,2.835,-0.003
563.462,8.1,8.2,2.832,0
563.561,7.9,8.2,2.825,0.01
563.661,7.4,8.1,2.821,0
563.761,7,8.1,2.81,-0.003
563.86,6.7,7.9,2.803,0
563.96,6.2,7.8,2.793,0
564.06,5.7,7.8,2.775,0
564.159,5.3,7.8,2.761,-0.003
564.259,4.7,7.4,2.744,0
564.359,4.4,7.4,2.726,0
564.459,3.8,7.3,2.698,0
564.558,3.3,7.1,2.673,0.014
564.658,2.8,7,2.649,-0.003
564.758,2.3,6.8,2.617,0
564.857,1.7,6.7,2.586,0
564.957,1.3,6.5,2.547,0
565.057,0.7,6.3,2.508,0
565.156,0.2,6.1,2.47,0
565.256,-0.3,6,2.424,0
565.356,-0.8,5.8,2.375,0
565.455,-1.2,5.5,2.319,0
565.555,-1.6,5.4,2.262,0
565.655,-2,5.2,2.196,0
565.754,-2.4,5,2.118,0.003
565.854,-2.7,4.8,2.031,0.003
565.954,-3,4.7,1.929,-0.003
566.053,-3.4,4.5,1.802,0.003
566.153,-4,4.4,1.641,0.003
566.253,-4.5,4.3,1.426,0.003
566.352,-5.2,4.2,1.194,0.003
566.452,-5.8,4.2,0.987,0.003
566.552,-6.3,4.3,0.79,0.003
566.651,-6.7,4.4,0.615,0.003
566.751,-7.1,4.5,0.443,0
566.851,-7.2,4.7,0.274,0.003
566.95,-7.4,4.9,0.091,0
567.05,-7.5,5.3,-0.109,0.003
567.15,-7.9,5.5,-0.306,0.003
567.249,-8.4,5.9,-0.478,0.007
567.349,-8.9,6.1,-0.594,0.003
567.449,-9.3,6.2,-0.671,0.003
567.548,-9.5,6.2,-0.717,0.003
567.648,-9.5,6.3,-0.741,0.017
567.748,-9.5,6.4,-0.762,0.003
567.847,-9.5,6.3,-0.773,0.003
567.947,-9.3,6.3,-0.776,0.003
568.047,-9.2,6.2,-0.776,0.003
568.146,-9,6.3,-0.776,0
568.246,-8.7,6.3,-0.776,0.003
568.346,-8.5,6.2,-0.776,0
568.445,-8.2,6.3,-0.769,0
568.545,-7.9,6.1,-0.762,0.003
568.645,-7.5,6.3,-0.755,0.014
568.745,-7.2,6.1,-0.748,-0.003
568.844,-6.6,6,-0.738,0.003
568.944,-6.3,6,-0.724,0.003
569.044,-5.8,5.9,-0.71,0.003
569.143,-5.4,5.9,-0.692,0.003
569.243,-4.8,5.7,-0.671,0.003
569.343,-4.4,5.6,-0.65,0
569.442,-3.9,5.5,-0.622,0
569.542,-3.3,5.4,-0.594,0.003
569.642,-3,5.3,-0.562,0.014
569.741,-2.4,5.3,-0.523,0
569.841,-2,5,-0.485,0.003
569.941,-1.5,4.9,-0.443,0.003
570.04,-1,4.7,-0.393,0.003
570.14,-0.5,4.7,-0.341,0.007
570.24,0,4.7,-0.281,0.003
570.339,0.4,4.5,-0.221,0.003
570.439,0.8,4.4,-0.155,0.003
570.539,1.1,4.3,-0.074,0.003
570.638,1.4,4.3,0.025,0.01
570.738,1.8,4.2,0.126,0.003
570.838,2.2,4.1,0.256,0.003
570.937,2.8,4.2,0.4,0.003
571.037,3.4,4.3,0.583,0.003
571.137,4.3,4.3,0.815,0.003
571.236,5,4.5,1.036,0
571.336,5.5,4.8,1.244,0
571.436,5.9,4.9,1.433,0
571.535,6.4,5.3,1.623,0.003
571.635,6.6,5.6,1.809,0
571.735,6.7,6.2,2.027,0.003
571.834,7.1,6.6,2.259,0.003
571.934,7.8,7.3,2.466,0
572.034,8.4,7.7,2.617,0
572.133,8.8,8,2.702,0
572.233,9.1,8,2.761,0
572.333,9.3,8.2,2.796,0
572.432,9.4,8.3,2.821,0
572.532,9.4,8.3,2.842,-0.003
572.632,9.5,8.3,2.86,0
572.732,9.4,8.2,2.87,0.01
572.831,9.4,8.3,2.881,0
572.931,9.2,8.3,2.881,0
573.031,9.1,8.3,2.884,-0.003
573.13,8.9,8.3,2.884,0
573.23,8.8,8.1,2.884,0
573.33,8.4,8.2,2.881,0
573.429,8.1,8,2.877,0
573.529,7.9,8.1,2.874,0
573.629,7.5,8,2.867,-0.003
573.728,7.2,8,2.863,0.01
573.828,6.7,7.8,2.853,0
573.928,6.3,7.7,2.839,-0.003
574.027,5.9,7.7,2.832,0
574.127,5.4,7.6,2.814,-0.003
574.227,5,7.6,2.796,-0.003
574.326,4.4,7.3,2.775,-0.003
574.426,4.1,7.2,2.758,0
574.526,3.5,7,2.73,0
574.625,3,7,2.702,0
574.725,2.4,6.8,2.67,0.014
574.825,2,6.6,2.638,0
574.924,1.4,6.4,2.61,0
575.024,0.8,6.2,2.568,0
575.124,0.5,6.1,2.529,0.003
575.223,-0.1,5.9,2.48,0
575.323,-0.6,5.7,2.438,0
575.423,-1,5.5,2.382,0
575.522,-1.4,5.3,2.329,0.003
575.622,-1.9,5.2,2.259,0
575.722,-2.2,5.1,2.185,0.014
575.821,-2.6,4.8,2.108,0.003
575.921,-2.9,4.7,2.006,0
576.021,-3.4,4.5,1.89,0.003
576.12,-3.8,4.3,1.743,0.003
576.22,-4.4,4.2,1.535,0.003
576.32,-5.1,4.1,1.303,0.003
576.419,-5.7,4,1.079,0.003
576.519,-6.1,4.2,0.878,0
576.619,-6.6,4.2,0.685,0
576.719,-6.9,4.4,0.509,0.003
576.818,-7.2,4.4,0.327,0.003
576.918,-7.4,4.7,0.158,0.003
577.018,-7.5,4.9,-0.039,0.003
577.117,-7.6,5.2,-0.246,0.003
577.217,-8.1,5.5,-0.436,0.003
577.317,-8.7,5.9,-0.573,0.003
577.416,-9.2,6,-0.671,-0.003
577.516,-9.4,6,-0.724,0.003
577.616,-9.5,6.2,-0.762,0
577.715,-9.5,6.2,-0.78,0.003
577.815,-9.5,6.2,-0.794,0.003
577.915,-9.4,6.2,-0.797,0.003
578.014,-9.2,6.2,-0.797,0.003
578.114,-9.1,6.1,-0.801,0.003
578.214,-8.8,6.2,-0.801,0
578.313,-8.6,6.1,-0.801,0.003
578.413,-8.4,6.1,-0.794,0
578.513,-7.9,6.1,-0.787,0.003
578.612,-7.6,6,-0.78,0.003
578.712,-7.3,6.1,-0.773,0
578.812,-6.9,6,-0.766,0.007
578.911,-6.5,5.9,-0.752,0
579.011,-6,5.8,-0.738,0
579.111,-5.4,5.7,-0.72,0
579.21,-5.1,5.6,-0.703,0.003
579.31,-4.7,5.5,-0.685,0.003
579.41,-4.1,5.4,-0.653,0.003
579.509,-3.6,5.3,-0.625,0
579.609,-3.1,5.2,-0.594,0.003
579.709,-2.6,5,-0.562,0
579.808,-2.2,5,-0.52,0.017
579.908,-1.7,4.8,-0.478,0
580.008,-1.2,4.7,-0.429,0.003
580.107,-0.6,4.7,-0.376,0
580.207,-0.2,4.5,-0.32,0.003
580.307,0.3,4.4,-0.256,0
580.406,0.7,4.3,-0.193,0.003
580.506,1.1,4.3,-0.112,0.003
580.606,1.3,4.2,-0.028,0.003
580.706,1.7,4.1,0.084,0.007
580.805,2,4.1,0.204,0.014
580.905,2.6,4.1,0.344,0.003
581.005,3.2,4.1,0.52,0.003
581.104,4.1,4.2,0.741,0.003
581.204,4.7,4.4,0.973,0.003
581.304,5.3,4.5,1.191,0.003
581.403,5.7,4.8,1.391,0.003
581.503,6.2,5.1,1.584,0.003
581.603,6.6,5.5,1.781,0.003
581.702,6.7,5.8,1.985,0.007
581.802,7,6.4,2.21,0.007
581.902,7.4,7,2.435,0.003
582.001,8.2,7.5,2.607,0
582.101,8.8,7.7,2.719,0.003
582.201,9.1,7.9,2.782,0
582.3,9.3,8,2.832,0
582.4,9.4,8.1,2.86,0
582.5,9.4,8.2,2.881,0
582.599,9.4,8.1,2.902,-0.003
582.699,9.4,8.2,2.912,0
582.799,9.4,8.2,2.919,0
582.898,9.4,8.2,2.926,0
582.998,9.1,8.1,2.926,0
583.098,9.1,8,2.926,-0.003
583.197,8.7,8.2,2.926,0
583.297,8.6,8,2.926,0
583.397,8.3,8,2.923,0
583.496,7.9,8,2.919,0
583.596,7.7,7.9,2.912,0
583.696,7.3,7.8,2.905,0
583.795,6.9,7.8,2.902,-0.003
583.895,6.4,7.7,2.888,0.003
583.995,6.1,7.6,2.877,0
584.094,5.5,7.5,2.86,0
584.194,5.1,7.3,2.846,0
584.294,4.6,7.2,2.825,0
584.393,4.1,7.1,2.807,0.003
584.493,3.6,7,2.782,0
584.593,3.2,6.8,2.754,0
584.693,2.6,6.7,2.726,0.003
584.792,2.2,6.5,2.695,0
584.892,1.6,6.4,2.659,0.007
584.992,1.1,6.2,2.624,0.003
585.091,0.6,5.9,2.582,0
585.191,0,5.8,2.543,0
585.291,-0.5,5.6,2.494,0
585.39,-0.8,5.5,2.445,0
585.49,-1.2,5.3,2.389,0
585.59,-1.7,5.1,2.326,0
585.689,-2.1,5,2.255,0
585.789,-2.6,4.7,2.171,0.003
585.889,-2.8,4.6,2.083,0.014
585.988,-3.2,4.4,1.967,0
586.088,-3.6,4.2,1.834,0
586.188,-4.2,4.1,1.644,0.003
586.287,-4.8,4.1,1.416,0.003
586.387,-5.4,4,1.18,0.003
586.487,-5.9,4.1,0.973,0.003
586.586,-6.3,4.1,0.769,0.003
586.686,-6.7,4.2,0.583,0.003
586.786,-7.2,4.3,0.4,0
586.885,-7.4,4.5,0.221,0.014
586.985,-7.5,4.7,0.032,0.003
587.085,-7.6,5,-0.169,0.003
587.184,-8,5.3,-0.369,0.007
587.284,-8.5,5.6,-0.534,0.003
587.384,-8.9,5.8,-0.65,0.003
587.483,-9.2,5.9,-0.724,0.003
587.583,-9.5,6,-0.769,0.003
587.683,-9.5,6.1,-0.794,0.003
587.782,-9.5,6.1,-0.808,0.003
587.882,-9.4,6.2,-0.815,0.014
587.982,-9.3,6,-0.822,0
588.081,-9,6.1,-0.822,0.003
588.181,-9,6,-0.822,0
588.281,-8.6,6,-0.815,0.003
588.38,-8.4,6,-0.808,0.003
588.48,-8.1,5.9,-0.808,0.007
588.58,-7.7,6,-0.801,0.003
588.68,-7.3,5.9,-0.794,0.003
588.779,-6.9,5.9,-0.787,0.003
588.879,-6.5,5.8,-0.776,0.007
588.979,-6,5.8,-0.759,0.007
589.078,-5.7,5.6,-0.748,0.007
589.178,-5.2,5.6,-0.727,0
589.278,-4.7,5.5,-0.71,0.003
589.377,-4.3,5.4,-0.685,0.003
589.477,-3.9,5.3,-0.657,0.003
589.577,-3.3,5.2,-0.629,0.003
589.676,-2.7,5,-0.59,0
589.776,-2.3,4.8,-0.552,0.003
589.876,-1.8,4.7,-0.513,0.003
589.975,-1.2,4.7,-0.467,0.003
590.075,-0.9,4.6,-0.418,0.003
590.175,-0.4,4.4,-0.362,0.003
590.274,0.1,4.4,-0.306,0.003
590.374,0.5,4.3,-0.235,0.003
590.474,0.8,4.2,-0.165,0.003
590.573,1.3,4.1,-0.081,0.003
590.673,1.6,4,0.021,0.003
590.773,1.9,4,0.141,0
590.872,2.3,3.9,0.274,0.003
590.972,2.9,4,0.436,0.014
591.072,3.7,4.1,0.657,0
591.171,4.4,4.2,0.896,0.003
591.271,5,4.4,1.124,0
591.371,5.5,4.6,1.338,0.007
591.47,6.1,4.9,1.542,0.003
591.57,6.4,5.2,1.735,0
591.67,6.7,5.6,1.943,0.003
591.769,6.8,6,2.161,0.003
591.869,7.3,6.6,2.399,0
591.969,7.9,7.4,2.596,0.014
592.068,8.6,7.6,2.726,-0.003
592.168,8.9,7.8,2.81,0
592.268,9.3,7.9,2.856,0
592.367,9.3,8,2.895,0
592.467,9.3,8,2.919,0.003
592.567,9.4,8,2.94,0.003
592.667,9.5,8,2.958,0
592.766,9.4,8,2.965,0
592.866,9.3,8,2.972,-0.003
592.966,9.3,8.1,2.972,0.014
593.065,9,8.1,2.976,-0.003
593.165,8.8,7.9,2.979,-0.003
593.265,8.5,8,2.976,0
593.364,8.2,7.9,2.972,-0.003
593.464,8.2,8,2.976,0
593.564,7.7,7.8,2.962,-0.003
593.663,7.5,7.8,2.958,0
593.763,6.9,7.7,2.951,-0.003
593.863,6.7,7.7,2.94,0
593.962,6.1,7.6,2.93,0
594.062,5.7,7.4,2.916,0
594.162,5.3,7.4,2.898,-0.003
594.261,4.8,7.2,2.881,0.003
594.361,4.4,7.1,2.86,-0.003
594.461,3.8,6.9,2.839,-0.003
594.56,3.4,6.8,2.81,0
594.66,2.8,6.6,2.782,0
594.76,2.3,6.5,2.754,-0.003
594.859,1.8,6.2,2.719,0.003
594.959,1.3,6.1,2.681,0
595.059,0.7,5.9,2.645,0.003
595.158,0.3,5.8,2.6,0
595.258,-0.3,5.6,2.558,0
595.358,-0.7,5.4,2.508,0
595.457,-1.2,5.3,2.452,0
595.557,-1.5,5,2.392,0
595.657,-2.1,4.9,2.322,0
595.756,-2.4,4.7,2.248,0
595.856,-2.8,4.4,2.161,0
595.956,-3,4.4,2.059,0.003
596.055,-3.5,4.3,1.925,0.007
596.155,-3.9,4.1,1.753,0.003
596.255,-4.5,3.9,1.528,0.003
596.354,-5.1,3.9,1.296,0.007
596.454,-5.7,3.8,1.068,0.003
596.554,-6.1,3.9,0.85,0.003
596.654,-6.6,4,0.657,0.003
596.753,-7,4.2,0.467,0.003
596.853,-7.3,4.3,0.295,0.003
596.953,-7.5,4.5,0.105,0
597.052,-7.5,4.8,-0.095,0.014
597.152,-7.7,5,-0.302,0.003
597.252,-8.2,5.4,-0.488,0.003
597.351,-8.8,5.6,-0.629,0.003
597.451,-9.2,5.9,-0.72,0
597.551,-9.4,5.9,-0.776,0.003
597.65,-9.5,6,-0.808,0.003
597.75,-9.5,6,-0.829,0.003
597.85,-9.5,6,-0.84,0.003
597.949,-9.3,5.9,-0.84,0
598.049,-9.3,6.1,-0.843,0.014
598.149,-8.9,5.9,-0.84,0.003
598.248,-8.7,5.9,-0.847,0.003
598.348,-8.5,6,-0.84,0
598.448,-8.2,5.9,-0.836,0.003
598.547,-7.9,5.9,-0.833,0.003
598.647,-7.4,6,-0.822,0.003
598.747,-7.2,5.8,-0.815,0.003
598.846,-6.6,5.8,-0.808,0
598.946,-6.3,5.6,-0.797,0.003
599.046,-5.7,5.7,-0.78,0.014
599.145,-5.4,5.5,-0.762,0.003
599.245,-4.8,5.4,-0.745,0
599.345,-4.4,5.4,-0.72,0
599.444,-3.9,5.3,-0.696,0
599.544,-3.4,5.1,-0.664,0.003
599.644,-3,5,-0.629,0.003
599.743,-2.4,4.8,-0.59,0.003
599.843,-1.9,4.7,-0.555,0.007
599.943,-1.5,4.6,-0.506,0.003
600.042,-1.1,4.4,-0.46,0.01
600.142,-0.5,4.4,-0.404,0
600.242,-0.1,4.2,-0.348,0.003
600.341,0.3,4.1,-0.278,0.003
600.441,0.8,4.1,-0.211,0
600.541,1.1,4,-0.126,0.007
600.641,1.4,4,-0.028,0.003
600.74,1.8,3.8,0.081,0.007
600.84,2.1,3.7,0.211,0.003
600.94,2.7,3.8,0.369,0.003
601.039,3.4,3.9,0.569,0.007
601.139,4.2,4,0.815,0.003
601.239,4.8,4.1,1.054,0.003
601.338,5.3,4.3,1.289,0.003
601.438,5.8,4.7,1.5,0.003
601.538,6.3,5,1.711,0.003
601.637,6.5,5.2,1.911,0
601.737,6.8,5.8,2.139,0.003
601.837,7.1,6.3,2.371,0.003
601.936,7.7,7,2.593,0
602.036,8.4,7.4,2.744,0
602.136,8.8,7.7,2.835,0.01
602.235,9.1,7.7,2.891,0
602.335,9.4,7.8,2.926,0.003
602.435,9.4,7.9,2.958,0
602.534,9.4,8,2.979,0.003
602.634,9.4,8,3,0
602.734,9.4,8,3.007,-0.003
602.833,9.4,8.1,3.011,0
602.933,9.3,7.9,3.018,0
603.033,9.1,8,3.018,0
603.132,8.8,8,3.018,0.01
603.232,8.8,7.9,3.021,-0.003
603.332,8.3,7.9,3.018,-0.003
603.431,8.2,7.8,3.018,0
603.531,7.9,7.8,3.011,0
603.631,7.5,7.8,3.004,-0.003
603.73,7.1,7.7,2.997,0
603.83,6.7,7.5,2.99,0
603.93,6.2,7.5,2.979,-0.003
604.029,5.9,7.4,2.965,0
604.129,5.4,7.4,2.947,0.007
604.229,5,7.1,2.933,0
604.328,4.5,6.9,2.909,-0.003
604.428,4,6.8,2.888,0
604.528,3.5,6.6,2.863,0
604.628,3,6.6,2.839,0
604.727,2.5,6.3,2.807,0
604.827,2,6.2,2.775,-0.003
604.927,1.4,6,2.74,0
605.026,0.9,5.8,2.695,0
605.126,0.5,5.6,2.656,0.01
605.226,-0.1,5.5,2.61,-0.003
605.325,-0.5,5.4,2.565,0
605.425,-1,5.2,2.508,0.003
605.525,-1.4,5,2.456,0
605.624,-1.9,4.8,2.385,0
605.724,-2.2,4.7,2.315,0.003
605.824,-2.6,4.4,2.224,0.003
605.923,-3,4.3,2.129,0
606.023,-3.3,4.1,2.009,0.003
606.123,-3.8,4,1.858,0.007
606.222,-4.5,3.8,1.641,0.003
606.322,-4.9,3.7,1.409,0.003
606.422,-5.5,3.7,1.173,0.003
606.521,-6,3.7,0.945,0.007
606.621,-6.4,3.8,0.741,0.003
606.721,-6.9,4,0.541,0.003
606.82,-7.2,4.1,0.351,0.003
606.92,-7.4,4.3,0.172,0.003
607.02,-7.5,4.6,-0.028,0.003
607.119,-7.7,4.8,-0.228,0.003
607.219,-8.1,5.2,-0.439,0
607.319,-8.5,5.6,-0.608,0
607.418,-9,5.6,-0.717,0
607.518,-9.3,5.8,-0.783,0.003
607.618,-9.5,5.9,-0.822,0
607.717,-9.5,5.9,-0.854,0.007
607.817,-9.5,5.9,-0.864,0.003
607.917,-9.4,5.9,-0.871,0.003
608.016,-9.2,5.9,-0.875,0.003
608.116,-9,5.9,-0.875,0.003
608.216,-8.8,5.9,-0.875,0.007
608.315,-8.4,5.8,-0.868,0.007
608.415,-8.3,5.9,-0.868,0.003
608.515,-8,5.8,-0.864,0.003
608.615,-7.6,5.9,-0.857,0.003
608.714,-7.2,5.7,-0.847,0
608.814,-6.9,5.7,-0.836,0.003
608.914,-6.4,5.6,-0.829,0.003
609.013,-6,5.5,-0.815,0.003
609.113,-5.6,5.5,-0.794,0.003
609.213,-5.1,5.3,-0.776,0.014
609.312,-4.6,5.3,-0.752,0.003
609.412,-4,5.2,-0.727,0.003
609.512,-3.6,5,-0.699,0.003
609.611,-3.2,4.9,-0.667,0.003
609.711,-2.7,4.8,-0.629,0
609.811,-2.1,4.7,-0.59,0.003
609.91,-1.7,4.5,-0.552,0
610.01,-1.1,4.4,-0.499,0.003
610.11,-0.7,4.2,-0.446,0.007
610.209,-0.2,4.3,-0.39,0.014
610.309,0.2,4.1,-0.334,0.003
610.409,0.6,4,-0.256,0.003
610.508,1,3.9,-0.179,0.003
610.608,1.4,3.8,-0.088,0.007
610.708,1.7,3.8,0.021,0.003
610.807,2,3.8,0.141,0.003
610.907,2.5,3.8,0.288,0.003
611.007,3.1,3.7,0.478,0.003
611.106,4.1,3.8,0.731,0.003
611.206,4.6,4,0.97,0.017
611.306,5.1,4.2,1.212,0.003
611.405,5.7,4.3,1.437,0.003
611.505,6.2,4.7,1.655,0.003
611.605,6.5,5,1.855,0.003
611.704,6.7,5.5,2.073,0
611.804,6.9,5.9,2.308,0.003
611.904,7.4,6.7,2.54,0
612.003,8.1,7.1,2.726,0.003
612.103,8.7,7.5,2.846,0
612.203,9.1,7.7,2.916,0.003
612.302,9.3,7.7,2.965,0
612.402,9.4,7.8,2.993,0.003
612.502,9.4,7.8,3.025,0
612.601,9.4,7.9,3.039,-0.003
612.701,9.5,7.9,3.049,0
612.801,9.4,7.9,3.056,-0.003
612.901,9.3,7.8,3.067,0
613,9.2,7.9,3.067,-0.003
613.1,9.1,7.7,3.067,0
613.2,8.8,7.8,3.067,-0.003
613.299,8.5,7.8,3.063,0
613.399,8.3,7.7,3.063,-0.003
613.499,7.9,7.7,3.056,0
613.598,7.6,7.7,3.053,0
613.698,7.2,7.7,3.046,0
613.798,6.9,7.5,3.039,0
613.897,6.4,7.4,3.028,-0.003
613.997,6,7.2,3.018,0
614.097,5.5,7.2,3,0
614.196,5,7.1,2.986,-0.003
614.296,4.6,7,2.965,0.007
614.396,4.1,6.8,2.94,0.003
614.495,3.5,6.7,2.919,-0.003
614.595,3.2,6.5,2.888,0.003
614.695,2.6,6.3,2.863,0.003
614.794,2.2,6.2,2.835,0
614.894,1.5,5.9,2.796,0
614.994,1.1,5.8,2.761,0
615.093,0.5,5.6,2.716,0
615.193,0.2,5.5,2.673,0
615.293,-0.3,5.3,2.624,0.01
615.392,-0.8,5.1,2.575,0
615.492,-1.2,4.9,2.515,0.003
615.592,-1.6,4.7,2.452,0.003
615.691,-2.1,4.6,2.385,0
615.791,-2.4,4.4,2.301,0
615.891,-2.7,4.2,2.203,0.003
615.99,-3.2,4.1,2.09,0
616.09,-3.6,4,1.95,0.003
616.19,-4.2,3.7,1.746,0.003
616.289,-4.8,3.8,1.504,0.017
616.389,-5.2,3.6,1.272,0.007
616.489,-5.7,3.7,1.043,0.007
616.588,-6.2,3.7,0.815,0.007
616.688,-6.6,3.8,0.611,0.003
616.788,-7.1,4,0.418,0.003
616.888,-7.3,4.1,0.228,0.007
616.987,-7.5,4.3,0.035,0.003
617.087,-7.5,4.6,-0.165,0.003
617.187,-7.8,4.9,-0.379,0.003
617.286,-8.3,5.3,-0.566,0.014
617.386,-8.9,5.5,-0.706,0
617.486,-9.2,5.6,-0.783,0.003
617.585,-9.5,5.8,-0.836,0
617.685,-9.5,5.9,-0.864,0.003
617.785,-9.5,5.7,-0.885,0
617.884,-9.5,5.8,-0.889,0
617.984,-9.4,5.8,-0.899,0.003
618.084,-9,5.9,-0.892,0.003
618.183,-8.9,5.8,-0.896,0.003
618.283,-8.7,5.8,-0.896,0.003
618.383,-8.4,5.6,-0.892,0.003
618.482,-8,5.7,-0.889,0
618.582,-7.8,5.7,-0.882,0
618.682,-7.3,5.6,-0.875,0.003
618.781,-7,5.6,-0.864,0.003
618.881,-6.5,5.6,-0.857,0.003
618.981,-6.1,5.5,-0.84,0
619.08,-5.6,5.4,-0.826,0.003
619.18,-5.1,5.3,-0.804,0.003
619.28,-4.8,5.2,-0.783,0
619.379,-4.3,5.1,-0.759,0.003
619.479,-3.8,5,-0.734,0.003
619.579,-3.3,4.8,-0.699,0.003
619.678,-2.8,4.7,-0.667,0.003
619.778,-2.4,4.6,-0.632,0.003
619.878,-1.8,4.5,-0.587,0.003
619.977,-1.4,4.3,-0.541,0.003
620.077,-0.9,4.3,-0.488,0.003
620.177,-0.4,4.1,-0.429,0.003
620.276,0,4.1,-0.372,0.003
620.376,0.5,4,-0.302,0.014
620.476,0.8,3.8,-0.228,0.007
620.575,1.1,3.8,-0.133,0.003
620.675,1.5,3.6,-0.032,0
620.775,2,3.6,0.091,0.007
620.874,2.3,3.6,0.232,0.003
620.974,2.9,3.6,0.415,0.003
621.074,3.7,3.6,0.65,0.003
621.174,4.4,3.8,0.899,0.007
621.273,4.9,4,1.152,0.003
621.373,5.5,4.3,1.391,0.017
621.473,6,4.6,1.616,0.003
621.572,6.4,4.8,1.827,0.003
621.672,6.6,5.3,2.048,0.003
621.772,6.8,5.8,2.273,0
621.871,7.3,6.3,2.515,0
621.971,7.9,6.9,2.719,0.003
622.071,8.5,7.3,2.867,0
622.17,8.9,7.5,2.944,0
622.27,9.3,7.6,2.997,0
622.37,9.4,7.8,3.035,0.017
622.469,9.4,7.8,3.06,0
622.569,9.4,7.8,3.077,0
622.669,9.4,7.7,3.095,0
622.768,9.4,7.9,3.109,0
622.868,9.4,7.7,3.116,0
622.968,9.2,7.8,3.12,-0.003
623.067,9.1,7.7,3.12,0
623.167,8.8,7.7,3.116,0
623.267,8.6,7.7,3.12,0
623.366,8.3,7.6,3.116,0.007
623.466,8.2,7.7,3.109,0
623.566,7.7,7.4,3.106,-0.003
623.665,7.3,7.5,3.099,0
623.765,6.9,7.4,3.088,0
623.865,6.7,7.4,3.085,0.003
623.964,6.1,7.2,3.074,0
624.064,5.7,7.1,3.056,0
624.164,5.3,7,3.039,0
624.263,4.7,6.8,3.021,0
624.363,4.4,6.7,3.004,0
624.463,3.9,6.6,2.976,0.003
624.562,3.3,6.5,2.951,0
624.662,2.8,6.3,2.919,0
624.762,2.4,6.1,2.895,0
624.861,1.7,6,2.856,0
624.961,1.3,5.8,2.825,0.003
625.061,0.8,5.6,2.782,0
625.161,0.3,5.4,2.737,0.003
625.26,-0.4,5.3,2.695,0.003
625.36,-0.7,5,2.642,0.003
625.46,-1.2,4.9,2.586,0.01
625.559,-1.5,4.7,2.526,0
625.659,-2,4.5,2.456,0.003
625.759,-2.4,4.3,2.378,0.007
625.858,-2.8,4.1,2.284,0.003
625.958,-3,4.1,2.182,0.003
626.058,-3.5,3.9,2.052,0.003
626.157,-3.9,3.7,1.872,0.003
626.257,-4.5,3.6,1.634,0.003
626.357,-5.1,3.5,1.395,0.003
626.456,-5.6,3.5,1.152,0.014
626.556,-6,3.5,0.92,0.003
626.656,-6.4,3.5,0.699,0.003
626.755,-6.9,3.7,0.495,0.007
626.855,-7.2,3.9,0.302,0.007
626.955,-7.5,4.1,0.105,0.007
627.054,-7.5,4.3,-0.091,0.007
627.154,-7.6,4.7,-0.302,0.003
627.254,-8.1,5,-0.502,0.003
627.353,-8.6,5.3,-0.667,0
627.453,-9.1,5.6,-0.78,0.017
627.553,-9.3,5.5,-0.847,0.003
627.652,-9.5,5.7,-0.882,0.003
627.752,-9.5,5.7,-0.903,0.003
627.852,-9.5,5.6,-0.913,0.007
627.951,-9.4,5.7,-0.917,0.003
628.051,-9.3,5.7,-0.92,0
628.151,-9,5.7,-0.92,0.003
628.25,-8.8,5.6,-0.92,0
628.35,-8.6,5.6,-0.92,0.003
628.45,-8.2,5.7,-0.913,0.017
628.549,-7.8,5.6,-0.91,0
628.649,-7.5,5.6,-0.899,0.003
628.749,-7.1,5.4,-0.892,0.003
628.848,-6.7,5.4,-0.882,0.003
628.948,-6.3,5.3,-0.868,0.003
629.048,-5.7,5.3,-0.854,0.003
629.147,-5.4,5.2,-0.836,0.003
629.247,-4.9,5.2,-0.815,0.003
629.347,-4.4,5,-0.79,0.003
629.447,-3.9,5,-0.769,0.003
629.546,-3.5,4.8,-0.741,0.003
629.646,-3,4.7,-0.703,0.007
629.746,-2.5,4.6,-0.667,0.003
629.845,-2.1,4.4,-0.629,0.003
629.945,-1.5,4.3,-0.58,0
630.045,-1,4.2,-0.53,0.003
630.144,-0.5,4.1,-0.471,0.003
630.244,-0.1,4,-0.415,0.003
630.344,0.4,3.8,-0.348,0.003
630.443,0.7,3.8,-0.274,0.003
630.543,1.1,3.6,-0.19,0.003
630.643,1.4,3.5,-0.091,0.007
630.742,1.8,3.5,0.025,0.007
630.842,2,3.5,0.162,0.003
630.942,2.7,3.4,0.323,0.003
631.041,3.5,3.5,0.545,0.003
631.141,4.1,3.6,0.808,0.003
631.241,4.7,3.8,1.068,0
631.34,5.2,4,1.317,0.003
631.44,5.8,4.2,1.553,0.003
631.54,6.2,4.7,1.778,0.01
631.639,6.4,4.9,1.995,0
631.739,6.8,5.4,2.227,0.003
631.839,7,5.9,2.463,0.003
631.938,7.7,6.5,2.691,0.003
632.038,8.3,7,2.86,0
632.138,8.8,7.3,2.962,0
632.237,9.1,7.4,3.028,0.003
632.337,9.4,7.6,3.067,-0.003
632.437,9.4,7.7,3.099,-0.003
632.536,9.5,7.7,3.123,0.014
632.636,9.5,7.7,3.137,0
632.736,9.4,7.7,3.148,0
632.835,9.4,7.7,3.158,-0.003
632.935,9.3,7.6,3.158,0
633.035,9.1,7.6,3.162,0
633.134,8.9,7.7,3.158,0
633.234,8.7,7.5,3.165,-0.003
633.334,8.5,7.7,3.158,-0.003
633.434,8.1,7.4,3.158,0
633.533,7.9,7.6,3.155,0.014
633.633,7.6,7.4,3.151,0
633.733,7.2,7.4,3.144,0
633.832,6.7,7.3,3.137,0.003
633.932,6.3,7.2,3.123,0
634.032,5.9,7,3.106,0
634.131,5.3,6.9,3.095,0.003
634.231,5,6.8,3.077,0
634.331,4.4,6.6,3.06,0
634.43,4.1,6.5,3.039,0
634.53,3.5,6.4,3.007,0.01
634.63,3.1,6.2,2.979,0
634.729,2.4,6.1,2.947,0
634.829,2,6,2.919,0.003
634.929,1.5,5.8,2.881,0
635.028,1,5.5,2.839,0
635.128,0.4,5.3,2.8,0
635.228,0,5.3,2.754,0
635.327,-0.5,5,2.705,0
635.427,-1,4.9,2.652,0.003
635.527,-1.4,4.7,2.589,0
635.626,-1.9,4.5,2.519,0.003
635.726,-2.2,4.3,2.449,0
635.826,-2.6,4.2,2.361,0
635.925,-3,3.9,2.259,0.003
636.025,-3.3,3.8,2.136,0
636.125,-3.9,3.6,1.974,0.003
636.224,-4.4,3.5,1.75,0.003
636.324,-4.8,3.5,1.511,0.003
636.424,-5.4,3.4,1.265,0.003
636.523,-5.7,3.4,1.026,0.003
636.623,-6.3,3.5,0.787,0
636.723,-6.7,3.6,0.58,0.003
636.822,-7.2,3.7,0.372,0
636.922,-7.3,3.9,0.186,0
637.022,-7.5,4.1,-0.014,0
637.121,-7.5,4.4,-0.218,0.003
637.221,-7.9,4.7,-0.432,0.003
637.321,-8.4,5,-0.618,0
637.42,-8.8,5.3,-0.755,0.003
637.52,-9.2,5.4,-0.84,0.003
637.62,-9.5,5.6,-0.889,0.01
637.72,-9.5,5.5,-0.92,0
637.819,-9.5,5.6,-0.931,0
637.919,-9.4,5.5,-0.942,0.003
638.019,-9.2,5.6,-0.945,0
638.118,-9,5.6,-0.945,0.003
638.218,-8.8,5.5,-0.945,0
638.318,-8.5,5.6,-0.942,0
638.417,-8.4,5.5,-0.938,0
638.517,-8,5.4,-0.934,0.003
638.617,-7.7,5.5,-0.927,0.014
638.716,-7.2,5.5,-0.92,0
638.816,-6.8,5.3,-0.91,0
638.916,-6.4,5.3,-0.896,0
639.015,-6,5.3,-0.885,0
639.115,-5.6,5,-0.868,0.003
639.215,-5.1,5,-0.847,0.003
639.314,-4.6,4.9,-0.829,0
639.414,-4.1,4.8,-0.794,0.003
639.514,-3.7,4.6,-0.773,-0.003
639.613,-3.1,4.7,-0.734,0.017
639.713,-2.7,4.4,-0.699,0
639.813,-2.2,4.3,-0.66,0
639.912,-1.7,4.1,-0.615,0.007
640.012,-1.2,4,-0.569,0.003
640.112,-0.7,4.1,-0.516,0
640.211,-0.2,3.8,-0.46,0
640.311,0.3,3.7,-0.39,0.003
640.411,0.6,3.6,-0.32,0.003
640.51,0.9,3.6,-0.239,0.003
640.61,1.2,3.5,-0.144,0.01
640.71,1.6,3.4,-0.032,0
640.809,2,3.5,0.098,0.003
640.909,2.5,3.4,0.253,0
641.009,3.2,3.4,0.471,0.003
641.108,3.9,3.4,0.724,0.003
641.208,4.4,3.6,0.991,0.003
641.308,4.9,3.7,1.254,0.003
641.407,5.5,4,1.504,0.007
641.507,6.1,4.3,1.735,0.003
641.607,6.4,4.7,1.953,0.003
641.707,6.7,5.2,2.182,0
641.806,6.8,5.6,2.414,0
641.906,7.4,6.2,2.656,0.003
642.006,7.9,6.8,2.849,-0.003
642.105,8.7,7.1,2.979,0.003
642.205,9.1,7.3,3.053,0
642.305,9.3,7.4,3.102,0
642.404,9.4,7.5,3.137,0
642.504,9.5,7.6,3.162,0
642.604,9.4,7.6,3.183,0
642.703,9.5,7.6,3.193,-0.003
642.803,9.4,7.6,3.204,-0.003
642.903,9.4,7.6,3.207,-0.003
643.002,9.1,7.7,3.214,-0.007
643.102,8.9,7.5,3.211,0
643.202,8.8,7.5,3.214,-0.003
643.301,8.5,7.4,3.211,0
643.401,8.2,7.4,3.207,-0.003
643.501,8.1,7.4,3.204,-0.003
643.6,7.6,7.3,3.193,-0.003
643.7,7.3,7.4,3.19,0.007
643.8,6.7,7.1,3.179,0
643.899,6.4,7.1,3.169,-0.003
643.999,6,7,3.158,0
644.099,5.6,6.9,3.141,0
644.198,5.1,6.8,3.13,0
644.298,4.6,6.6,3.106,0
644.398,4.1,6.5,3.088,-0.003
644.497,3.6,6.4,3.056,0
644.597,3.2,6.2,3.035,0
644.697,2.6,6.1,3.004,0.01
644.796,2.2,5.9,2.972,0
644.896,1.6,5.8,2.937,-0.003
644.996,1.1,5.5,2.902,0
645.095,0.5,5.3,2.863,-0.003
645.195,0.2,5.2,2.818,-0.003
645.295,-0.4,5,2.768,-0.003
645.394,-0.9,4.7,2.716,0
645.494,-1.2,4.7,2.656,-0.003
645.594,-1.7,4.4,2.593,0
645.693,-2.1,4.3,2.519,0.014
645.793,-2.4,4.1,2.442,0
645.893,-2.8,3.9,2.34,-0.003
645.993,-3.2,3.7,2.227,0
646.092,-3.6,3.6,2.076,0
646.192,-4.2,3.5,1.865,0.003
646.292,-4.8,3.4,1.62,0
646.391,-5.2,3.3,1.381,0
646.491,-5.6,3.3,1.138,0
646.591,-6.2,3.3,0.892,0
646.69,-6.6,3.4,0.675,0
646.79,-6.9,3.6,0.457,0
646.89,-7.2,3.8,0.256,0.003
646.989,-7.5,3.9,0.06,0.003
647.089,-7.5,4.1,-0.141,0
647.189,-7.8,4.5,-0.358,0
647.288,-8.1,4.9,-0.559,0.003
647.388,-8.7,5.2,-0.727,0
647.488,-9.1,5.3,-0.833,0
647.587,-9.4,5.5,-0.896,-0.003
647.687,-9.5,5.3,-0.931,0.003
647.787,-9.6,5.5,-0.952,0
647.886,-9.5,5.5,-0.963,0
647.986,-9.4,5.5,-0.966,0
648.086,-9.2,5.5,-0.97,0
648.185,-9,5.4,-0.97,0
648.285,-8.7,5.4,-0.97,0.003
648.385,-8.5,5.3,-0.966,0.003
648.484,-8.1,5.4,-0.959,0
648.584,-7.8,5.3,-0.956,0
648.684,-7.4,5.3,-0.945,0
648.783,-7,5.2,-0.942,0.01
648.883,-6.5,5.3,-0.927,0.003
648.983,-6.1,5.2,-0.91,0
649.082,-5.6,5.1,-0.899,0
649.182,-5.2,5,-0.878,0
649.282,-4.8,4.8,-0.857,0.003
649.381,-4.3,4.7,-0.833,0
649.481,-3.9,4.6,-0.804,0
649.581,-3.3,4.6,-0.769,0
649.68,-2.9,4.4,-0.738,0
649.78,-2.3,4.3,-0.699,0.014
649.88,-1.8,4.2,-0.653,0
649.98,-1.3,4,-0.608,0
650.079,-0.9,3.9,-0.559,0.003
650.179,-0.4,3.7,-0.502,0
650.279,-0.1,3.6,-0.439,0
650.378,0.5,3.6,-0.369,0
650.478,0.8,3.5,-0.288,0
650.578,1.1,3.4,-0.193,0
650.677,1.4,3.3,-0.088,0
650.777,1.9,3.4,0.035,0.017
650.877,2.3,3.2,0.183,0
650.976,2.9,3.2,0.379,0.003
651.076,3.7,3.3,0.632,0
651.176,4.3,3.4,0.892,0
651.275,4.7,3.6,1.163,0.003
651.375,5.3,3.8,1.426,0.003
651.475,5.9,4.1,1.669,0.003
651.574,6.3,4.4,1.897,0
651.674,6.6,4.9,2.122,0
651.774,6.8,5.4,2.354,0.014
651.873,7.1,5.9,2.6,0
651.973,7.7,6.5,2.825,0
652.073,8.5,6.9,2.983,0
652.172,9,7.2,3.085,0
652.272,9.2,7.3,3.137,-0.003
652.372,9.3,7.5,3.179,-0.003
652.471,9.4,7.4,3.207,-0.003
652.571,9.5,7.5,3.225,0
652.671,9.5,7.5,3.239,-0.003
652.77,9.4,7.6,3.25,0
652.87,9.3,7.6,3.257,0
652.97,9.1,7.5,3.257,-0.003
653.069,9.1,7.4,3.26,-0.003
653.169,8.8,7.4,3.26,-0.003
653.269,8.5,7.4,3.26,0
653.368,8.2,7.3,3.257,-0.003
653.468,8.1,7.4,3.257,0
653.568,7.8,7.2,3.25,0
653.667,7.4,7.2,3.243,0
653.767,7,7.2,3.236,0
653.867,6.7,7,3.225,0
653.966,6.1,6.9,3.211,-0.003
654.066,5.7,6.8,3.197,-0.003
654.166,5.3,6.7,3.186,-0.003
654.266,4.7,6.5,3.165,0
654.365,4.3,6.5,3.141,-0.003
654.465,3.8,6.3,3.123,0
654.565,3.3,6.1,3.092,-0.003
654.664,2.9,6,3.063,-0.003
654.764,2.3,5.8,3.028,0
654.864,1.8,5.7,2.997,0.003
654.963,1.2,5.5,2.962,0.003
655.063,0.7,5.3,2.919,-0.003
655.163,0.2,5.1,2.881,-0.003
655.262,-0.2,5,2.832,0
655.362,-0.7,4.8,2.782,0
655.462,-1.2,4.6,2.726,0.003
655.561,-1.5,4.4,2.663,0
655.661,-2,4.2,2.589,0
655.761,-2.3,4.1,2.512,0.003
655.86,-2.7,3.8,2.417,0.01
655.96,-3,3.6,2.312,0
656.06,-3.5,3.5,2.175,0
656.159,-4,3.4,1.985,0
656.259,-4.5,3.3,1.746,-0.003
656.359,-4.9,3.2,1.504,0
656.458,-5.4,3.2,1.258,-0.003
656.558,-5.8,3.2,1.001,0
656.658,-6.3,3.3,0.762,0
656.757,-6.8,3.5,0.541,0
656.857,-7.2,3.6,0.327,0.01
656.957,-7.5,3.7,0.126,0
657.056,-7.5,3.9,-0.074,0
657.156,-7.7,4.3,-0.285,0.003
657.256,-7.9,4.6,-0.506,0
657.355,-8.4,4.9,-0.689,0.003
657.455,-9,5.2,-0.815,0
657.555,-9.3,5.3,-0.899,0.003
657.654,-9.5,5.4,-0.942,0
657.754,-9.6,5.4,-0.973,0
657.854,-9.5,5.5,-0.984,0.01
657.953,-9.2,5.3,-0.991,0
658.053,-9.2,5.4,-0.994,0.003
658.153,-9,5.3,-0.991,0
658.253,-8.7,5.4,-0.991,0
658.352,-8.5,5.3,-0.987,0
658.452,-8.2,5.3,-0.98,0
658.552,-7.9,5.3,-0.977,0.003
658.651,-7.5,5.3,-0.973,0.003
658.751,-7.1,5.3,-0.963,0
658.851,-6.6,5.1,-0.956,0.007
658.95,-6.3,5,-0.942,0
659.05,-5.8,5,-0.924,0
659.15,-5.4,4.9,-0.91,0
659.249,-4.8,4.9,-0.885,0
659.349,-4.5,4.7,-0.861,0
659.449,-3.9,4.7,-0.833,0
659.548,-3.4,4.4,-0.804,0
659.648,-3,4.3,-0.776,0
659.748,-2.5,4.2,-0.731,0
659.847,-2,4.1,-0.692,0.003
659.947,-1.5,4,-0.646,0
660.047,-1,3.9,-0.597,0
660.146,-0.6,3.8,-0.541,0
660.246,-0.1,3.6,-0.481,0.003
660.346,0.4,3.5,-0.408,0.003
660.445,0.6,3.4,-0.337,0.003
660.545,1,3.4,-0.246,0.003
660.645,1.4,3.3,-0.144,0.003
660.744,1.7,3.2,-0.021,0.003
660.844,2,3.2,0.116,0.003
660.944,2.7,3.1,0.295,0.017
661.043,3.4,3.2,0.541,0.003
661.143,4,3.2,0.812,0
661.243,4.5,3.5,1.086,0
661.342,5.1,3.6,1.367,0.007
661.442,5.5,4,1.62,0.003
661.542,6.2,4.3,1.865,0
661.641,6.5,4.6,2.09,0
661.741,6.8,5.1,2.326,0
661.841,6.9,5.6,2.554,0
661.94,7.5,6.3,2.796,0.014
662.04,8.2,6.7,2.983,0
662.14,8.9,7.1,3.106,0
662.24,9.1,7.1,3.172,-0.003
662.339,9.4,7.3,3.214,0
662.439,9.4,7.4,3.25,-0.003
662.539,9.5,7.4,3.271,-0.003
662.638,9.5,7.3,3.285,-0.003
662.738,9.5,7.4,3.302,0
662.838,9.4,7.4,3.309,0
662.937,9.2,7.5,3.309,0.01
663.037,9.1,7.4,3.313,-0.003
663.137,8.9,7.3,3.313,0
663.236,8.8,7.3,3.313,0
663.336,8.4,7.4,3.313,-0.003
663.436,8.2,7.2,3.313,0
663.535,7.9,7.3,3.306,-0.003
663.635,7.6,7.1,3.299,-0.003
663.735,7.1,7.1,3.292,0
663.834,6.7,7,3.281,0
663.934,6.4,6.9,3.271,0.007
664.034,5.8,6.7,3.257,-0.003
664.133,5.4,6.6,3.239,-0.003
664.233,5,6.6,3.225,0
664.333,4.5,6.4,3.204,0
664.432,4,6.3,3.183,0
664.532,3.5,6,3.155,0
664.632,3,6,3.13,-0.003
664.731,2.5,5.7,3.099,-0.003
664.831,2,5.6,3.063,-0.003
664.931,1.4,5.4,3.028,0
665.03,0.9,5.3,2.986,0
665.13,0.5,5.1,2.947,0
665.23,-0.1,5,2.902,-0.003
665.329,-0.5,4.7,2.849,0
665.429,-1,4.5,2.8,0
665.529,-1.3,4.4,2.733,0
665.628,-1.8,4.2,2.67,0.003
665.728,-2.1,4.1,2.589,-0.003
665.828,-2.6,4,2.498,0
665.927,-2.9,3.7,2.392,0
666.027,-3.3,3.5,2.262,0.003
666.127,-3.9,3.4,2.09,-0.003
666.227,-4.5,3.2,1.862,0
666.326,-4.8,3.1,1.616,0.003
666.426,-5.3,3.1,1.363,0.003
666.526,-5.6,3.1,1.117,0.003
666.625,-6.1,3.2,0.864,0
666.725,-6.6,3.3,0.632,0.003
666.825,-7.1,3.4,0.411,0
666.924,-7.3,3.5,0.207,0.003
667.024,-7.5,3.8,0,0.01
667.124,-7.6,4,-0.204,0.003
667.223,-7.8,4.4,-0.425,0
667.323,-8.2,4.6,-0.629,0
667.423,-8.7,5,-0.787,0
667.522,-9.1,5.2,-0.892,0.003
667.622,-9.4,5.3,-0.949,0
667.722,-9.5,5.3,-0.984,0.003
667.821,-9.5,5.3,-0.998,0
667.921,-9.4,5.3,-1.012,0
668.021,-9.2,5.3,-1.019,0.01
668.12,-9,5.3,-1.019,0
668.22,-8.9,5.2,-1.015,0
668.32,-8.5,5.3,-1.008,0.003
668.419,-8.2,5.1,-1.008,0.003
668.519,-7.9,5.2,-1.005,0
668.619,-7.7,5.2,-0.998,0.003
668.718,-7.1,5.1,-0.987,0
668.818,-6.9,5.1,-0.98,0.003
668.918,-6.4,5,-0.966,0
669.017,-6,5,-0.952,0.014
669.117,-5.6,4.9,-0.938,0.003
669.217,-5.1,4.8,-0.917,0
669.316,-4.6,4.6,-0.896,0.003
669.416,-4.1,4.6,-0.868,0.003
669.516,-3.6,4.4,-0.84,0
669.615,-3.1,4.3,-0.804,0.003
669.715,-2.7,4.2,-0.766,0.003
669.815,-2.1,4.1,-0.731,0
669.914,-1.6,3.9,-0.682,0.003
670.014,-1.2,3.8,-0.636,0.007
670.114,-0.8,3.7,-0.583,0.003
670.214,-0.3,3.5,-0.52,0
670.313,0.2,3.5,-0.457,0
670.413,0.5,3.4,-0.379,0
670.513,0.8,3.3,-0.299,0
670.612,1.2,3.2,-0.197,0.003
670.712,1.5,3.2,-0.088,0
670.812,2,3.2,0.049,0
670.911,2.4,3,0.214,0
671.011,3.2,3,0.45,0
671.111,3.9,3.2,0.72,0
671.21,4.3,3.3,1.001,0
671.31,4.8,3.4,1.286,0.003
671.41,5.4,3.7,1.563,0.003
671.509,6,4.1,1.813,0
671.609,6.4,4.4,2.048,0
671.709,6.7,4.9,2.284,0
671.808,6.8,5.3,2.515,0
671.908,7.3,5.9,2.761,0
672.008,7.9,6.5,2.972,0
672.107,8.7,6.9,3.113,0.007
672.207,9,7,3.197,0
672.307,9.3,7.2,3.253,0
672.406,9.4,7.3,3.288,0
672.506,9.4,7.3,3.316,0
672.606,9.4,7.3,3.334,-0.003
672.705,9.4,7.3,3.348,0
672.805,9.4,7.4,3.359,-0.007
672.905,9.2,7.3,3.369,-0.003
673.004,9.2,7.3,3.369,-0.003
673.104,9.1,7.5,3.366,0.014
673.204,8.8,7.2,3.369,-0.007
673.303,8.4,7.2,3.369,0
673.403,8.3,7.1,3.362,-0.003
673.503,8,7.1,3.359,-0.003
673.602,7.6,7.1,3.352,-0.003
673.702,7.3,7.1,3.344,-0.003
673.802,6.9,6.8,3.337,-0.003
673.901,6.4,6.9,3.327,-0.003
674.001,6,6.7,3.313,-0.003
674.101,5.6,6.8,3.299,0.007
674.201,5.1,6.5,3.281,-0.003
674.3,4.6,6.3,3.26,0
674.4,4.2,6.2,3.236,-0.003
674.5,3.7,6.1,3.214,-0.003
674.599,3.2,5.9,3.186,0
674.699,2.6,5.8,3.155,0
674.799,2.2,5.5,3.123,-0.003
674.898,1.6,5.5,3.088,0
674.998,1.1,5.3,3.046,-0.003
675.098,0.6,5.1,3.007,0.01
675.197,0,4.9,2.962,0
675.297,-0.4,4.7,2.919,-0.003
675.397,-0.7,4.5,2.87,0
675.496,-1.3,4.4,2.803,0
675.596,-1.6,4.2,2.74,0
675.696,-2.1,4.1,2.659,0
675.795,-2.4,3.8,2.579,0.003
675.895,-2.8,3.6,2.477,0
675.995,-3.1,3.5,2.361,0
676.094,-3.7,3.4,2.199,0.007
676.194,-4.2,3.2,1.985,0
676.294,-4.7,3.1,1.743,0
676.393,-5.1,3,1.493,0
676.493,-5.4,3.1,1.237,0
676.593,-5.9,3.1,0.977,0.003
676.692,-6.4,3.1,0.727,0
676.792,-6.9,3.2,0.492,0.003
676.892,-7.2,3.4,0.281,0
676.991,-7.5,3.6,0.077,0.003
677.091,-7.6,3.8,-0.126,0.003
677.191,-7.8,4.1,-0.348,0.003
677.29,-8,4.4,-0.566,0
677.39,-8.5,4.8,-0.752,0.003
677.49,-9,5.1,-0.878,0
677.589,-9.5,5.2,-0.956,0
677.689,-9.5,5.3,-0.998,0.003
677.789,-9.5,5.2,-1.022,0.003
677.888,-9.5,5.3,-1.029,0.003
677.988,-9.4,5.2,-1.036,0
678.088,-9.2,5.3,-1.036,0.003
678.188,-9,5.2,-1.04,0.007
678.287,-8.6,5.1,-1.04,0.003
678.387,-8.4,5.1,-1.033,0
678.487,-8.1,5.1,-1.026,0.003
678.586,-7.9,5.1,-1.026,0
678.686,-7.3,5,-1.015,0
678.786,-7,5,-1.005,0.003
678.885,-6.5,4.9,-0.991,0.003
678.985,-6.1,4.9,-0.977,0.003
679.085,-5.7,4.8,-0.963,0.003
679.184,-5.2,4.9,-0.942,0.017
679.284,-4.7,4.6,-0.917,0
679.384,-4.2,4.5,-0.896,0.003
679.483,-3.8,4.4,-0.868,0.003
679.583,-3.3,4.2,-0.836,0.003
679.683,-2.7,4.1,-0.801,0.003
679.782,-2.4,3.9,-0.762,0.003
679.882,-1.8,3.8,-0.72,0.003
679.982,-1.3,3.7,-0.667,0.003
680.081,-0.9,3.6,-0.618,0
680.181,-0.4,3.5,-0.559,0.017
680.281,-0.1,3.4,-0.499,0.003
680.38,0.5,3.4,-0.422,0.003
680.48,0.6,3.2,-0.344,0
680.58,1.1,3.2,-0.242,0.003
680.679,1.4,3.1,-0.141,0.003
680.779,1.8,3.1,-0.014,0
680.879,2.3,3,0.141,0
680.978,3,2.9,0.348,0
681.078,3.6,3,0.615,0.003
681.178,4.1,3.2,0.899,0.021
681.277,4.6,3.3,1.187,0.003
681.377,5.2,3.5,1.476,0
681.477,5.8,3.8,1.735,0
681.576,6.3,4.2,1.985,0
681.676,6.6,4.6,2.224,0.003
681.776,6.8,5,2.459,0
681.875,7.1,5.6,2.705,0
681.975,7.6,6.2,2.94,0
682.075,8.5,6.6,3.113,0
682.174,8.9,6.9,3.214,0.007
682.274,9.2,7.1,3.281,-0.003
682.374,9.4,7.2,3.323,-0.003
682.474,9.4,7.2,3.355,0
682.573,9.4,7.3,3.376,-0.003
682.673,9.4,7.3,3.394,0
682.773,9.4,7.3,3.404,-0.003
682.872,9.3,7.3,3.411,0
682.972,9.3,7.3,3.415,0
683.072,9,7.3,3.418,-0.003
683.171,8.8,7.2,3.418,0
683.271,8.6,7.1,3.415,-0.003
683.371,8.4,7.1,3.415,-0.003
683.47,8.1,7.1,3.408,-0.003
683.57,7.7,7.1,3.404,-0.007
683.67,7.3,7,3.397,-0.003
683.769,7,6.9,3.387,-0.003
683.869,6.6,6.7,3.38,-0.003
683.969,6.1,6.7,3.373,-0.007
684.068,5.8,6.6,3.359,-0.003
684.168,5.3,6.5,3.344,-0.003
684.268,4.9,6.5,3.323,0.01
684.367,4.4,6.2,3.299,-0.003
684.467,3.8,6.1,3.274,0
684.567,3.3,5.9,3.246,-0.003
684.666,2.9,5.8,3.218,-0.003
684.766,2.3,5.6,3.19,-0.007
684.866,1.8,5.4,3.151,0
684.965,1.3,5.3,3.116,0
685.065,0.8,5.1,3.074,0
685.165,0.3,4.9,3.032,-0.003
685.264,-0.3,4.8,2.983,0.014
685.364,-0.7,4.6,2.933,0
685.464,-1.1,4.3,2.881,0
685.563,-1.5,4.2,2.818,0
685.663,-2,4,2.74,0
685.763,-2.3,3.8,2.663,0
685.862,-2.7,3.7,2.561,0
685.962,-2.9,3.5,2.456,0
686.062,-3.6,3.4,2.301,-0.003
686.161,-4.1,3.1,2.101,0
686.261,-4.5,3,1.862,0.017
686.361,-5,2.9,1.613,0
686.461,-5.4,2.8,1.353,-0.003
686.56,-5.7,3,1.093,0.003
686.66,-6.1,3,0.829,0
686.76,-6.7,3.2,0.59,0
686.859,-7.1,3.2,0.362,-0.003
686.959,-7.3,3.5,0.155,0
687.059,-7.5,3.6,-0.053,0.003
687.158,-7.6,3.9,-0.263,0.003
687.258,-7.8,4.3,-0.488,0.014
687.358,-8.3,4.7,-0.692,0
687.457,-8.8,5,-0.847,0
687.557,-9.3,5,-0.949,0.003
687.657,-9.5,5.2,-1.001,0
687.756,-9.5,5.2,-1.033,0
687.856,-9.5,5.2,-1.047,0
687.956,-9.4,5.1,-1.054,0.003
688.055,-9.3,5.1,-1.057,0.003
688.155,-9,5.1,-1.061,0
688.255,-8.7,5,-1.057,0
688.354,-8.5,5,-1.057,0
688.454,-8.3,4.9,-1.05,0
688.554,-7.8,5,-1.047,0
688.653,-7.5,5,-1.036,0
688.753,-7.2,5,-1.029,0
688.853,-6.6,4.8,-1.022,0
688.952,-6.3,4.7,-1.005,0
689.052,-5.9,4.7,-0.991,0
689.152,-5.4,4.6,-0.97,0
689.251,-4.8,4.6,-0.949,0.003
689.351,-4.5,4.4,-0.934,0
689.451,-3.9,4.4,-0.903,0.003
689.55,-3.5,4.2,-0.871,0
689.65,-3,4.1,-0.833,0.003
689.75,-2.5,4.1,-0.804,0.003
689.849,-1.9,3.8,-0.759,0
689.949,-1.5,3.7,-0.71,0
690.049,-1,3.5,-0.657,0
690.148,-0.6,3.5,-0.604,0
690.248,-0.1,3.3,-0.541,0.003
690.348,0.3,3.3,-0.471,0.014
690.448,0.6,3.2,-0.393,0
690.547,1,3.1,-0.299,0.003
690.647,1.3,3,-0.197,0
690.747,1.7,2.9,-0.074,0.003
690.846,2,2.9,0.074,0
690.946,2.7,2.9,0.263,0.003
691.046,3.4,2.9,0.523,0
691.145,4,2.9,0.808,0
691.245,4.4,3.1,1.1,0
691.345,5,3.5,1.402,0.021
691.444,5.5,3.5,1.669,0
691.544,6.1,4.1,1.939,0
691.644,6.4,4.3,2.175,-0.003
691.743,6.8,4.8,2.417,0
691.843,7,5.3,2.656,0
691.943,7.4,5.9,2.905,-0.003
692.042,8.2,6.4,3.109,0
692.142,8.8,6.8,3.239,0
692.242,9.1,6.9,3.313,-0.003
692.341,9.4,7.1,3.366,0.017
692.441,9.4,7.1,3.397,-0.003
692.541,9.4,7.1,3.422,-0.003
692.64,9.4,7.2,3.439,0
692.74,9.5,7.3,3.453,-0.003
692.84,9.4,7.2,3.46,-0.003
692.939,9.3,7.2,3.464,-0.003
693.039,9.1,7.1,3.467,-0.007
693.139,8.9,7.1,3.467,-0.003
693.238,8.7,7.1,3.467,-0.007
693.338,8.4,7.1,3.464,0.003
693.438,8.2,7,3.464,-0.003
693.537,7.9,6.9,3.457,0
693.637,7.5,6.8,3.45,-0.003
693.737,7.2,6.8,3.443,-0.003
693.836,6.7,6.7,3.436,-0.003
693.936,6.3,6.6,3.425,-0.003
694.036,5.9,6.5,3.411,-0.003
694.135,5.4,6.5,3.39,-0.003
694.235,5,6.4,3.38,0
694.335,4.4,6.2,3.359,0
694.435,4.1,6,3.334,-0.003
694.534,3.5,5.8,3.306,-0.003
694.634,3,5.7,3.281,-0.003
694.734,2.5,5.6,3.25,-0.003
694.833,2,5.4,3.214,-0.003
694.933,1.5,5.3,3.179,-0.003
695.033,0.9,5,3.137,-0.007
695.132,0.5,4.8,3.095,-0.003
695.232,-0.1,4.7,3.053,0
695.332,-0.5,4.4,3.004,-0.003
695.431,-1,4.4,2.947,0
695.531,-1.4,4.2,2.884,-0.003
695.631,-1.8,4,2.814,0
695.73,-2.2,3.7,2.737,0
695.83,-2.5,3.6,2.649,0
695.93,-2.9,3.4,2.54,0
696.029,-3.3,3.3,2.406,0
696.129,-3.8,3.1,2.217,0
696.229,-4.5,2.9,1.971,0
696.328,-4.8,2.9,1.728,0
696.428,-5.2,2.8,1.465,0.014
696.528,-5.5,2.8,1.201,0
696.627,-6,2.9,0.927,0
696.727,-6.4,3,0.675,0
696.827,-7,3.1,0.439,0
696.926,-7.3,3.2,0.225,0
697.026,-7.5,3.4,0.014,0.003
697.126,-7.5,3.7,-0.197,0.003
697.225,-7.8,4,-0.418,0.003
697.325,-8,4.3,-0.629,0
697.425,-8.6,4.7,-0.815,0.01
697.524,-9.1,4.9,-0.934,0.003
697.624,-9.3,5,-1.005,0
697.724,-9.5,5,-1.04,0
697.823,-9.6,4.9,-1.061,0
697.923,-9.5,5,-1.071,0
698.023,-9.2,5,-1.079,0
698.122,-9,5,-1.079,0
698.222,-8.9,5,-1.079,-0.003
698.322,-8.6,5,-1.079,0.003
698.422,-8.3,5,-1.071,0.014
698.521,-7.9,5,-1.071,0
698.621,-7.7,4.9,-1.061,0
698.721,-7.2,4.9,-1.057,-0.003
698.82,-6.9,4.9,-1.043,0
698.92,-6.4,4.7,-1.033,0
699.02,-6,4.7,-1.022,0.003
699.119,-5.6,4.7,-1.005,0
699.219,-5.1,4.6,-0.98,0
699.319,-4.7,4.4,-0.959,0.003
699.418,-4.1,4.2,-0.931,0.003
699.518,-3.6,4.1,-0.906,0
699.618,-3.1,4.1,-0.871,0
699.717,-2.7,4,-0.833,0
699.817,-2.2,3.7,-0.787,0
699.917,-1.7,3.6,-0.748,0
700.016,-1.1,3.5,-0.692,0.003
700.116,-0.7,3.5,-0.646,-0.003
700.216,-0.2,3.3,-0.58,0
700.315,0,3.2,-0.516,0
700.415,0.6,3.1,-0.439,0
700.515,0.8,3.1,-0.355,0
700.614,1.2,2.9,-0.249,0
700.714,1.4,2.8,-0.133,0
700.814,2,2.8,0.004,0
700.913,2.6,2.9,0.183,0
701.013,3.2,2.7,0.432,0.003
701.113,3.8,2.9,0.713,0
701.212,4.2,2.9,1.012,0.003
701.312,4.8,3.1,1.31,0
701.412,5.3,3.5,1.602,0
701.511,5.9,3.8,1.876,0.007
701.611,6.3,4.2,2.132,0.003
701.711,6.7,4.5,2.368,0
701.81,6.8,5,2.607,0
701.91,7.2,5.6,2.867,0
702.01,7.8,6.2,3.099,0
702.109,8.6,6.6,3.253,-0.003
702.209,9,6.8,3.344,0
702.309,9.3,7,3.404,-0.003
702.409,9.4,7.1,3.439,0.003
702.508,9.5,7.2,3.471,0.014
702.608,9.4,7.1,3.489,-0.003
702.708,9.4,7.1,3.503,-0.003
702.807,9.4,7.1,3.513,-0.003
702.907,9.4,7.2,3.52,-0.003
703.007,9.1,7.1,3.524,-0.007
703.106,9,7.1,3.524,-0.003
703.206,8.8,7.1,3.527,-0.007
703.306,8.6,6.9,3.52,-0.003
703.405,8.3,7,3.52,-0.003
703.505,7.9,7,3.517,0.01
703.605,7.6,6.8,3.51,-0.003
703.704,7.3,6.8,3.503,-0.003
703.804,6.9,6.7,3.496,-0.007
703.904,6.6,6.7,3.485,-0.003
704.003,6,6.5,3.471,-0.003
704.103,5.6,6.5,3.457,-0.003
704.203,5.1,6.2,3.439,-0.003
704.302,4.6,6.1,3.418,-0.003
704.402,4.2,6.1,3.394,-0.007
704.502,3.6,5.8,3.369,0.01
704.601,3.2,5.6,3.344,-0.003
704.701,2.6,5.5,3.313,-0.003
704.801,2.2,5.4,3.281,-0.003
704.9,1.6,5.2,3.246,0
705,1.1,5,3.207,-0.003
705.1,0.6,4.8,3.165,-0.003
705.199,0.1,4.7,3.123,0
705.299,-0.4,4.4,3.074,0
705.399,-0.8,4.2,3.021,0
705.498,-1.3,4.1,2.958,0
705.598,-1.6,3.8,2.891,0
705.698,-2.1,3.7,2.818,0
705.797,-2.4,3.6,2.737,0
705.897,-2.8,3.4,2.624,-0.003
705.997,-3.1,3.3,2.501,0
706.096,-3.6,3,2.333,0
706.196,-4.2,2.9,2.104,0
706.296,-4.7,2.8,1.855,0
706.396,-5,2.8,1.602,0
706.495,-5.4,2.8,1.328,0
706.595,-5.7,2.6,1.047,0
706.695,-6.3,2.9,0.78,0
706.794,-6.8,2.9,0.53,0
706.894,-7.1,3.1,0.302,0
706.994,-7.5,3.4,0.081,0
707.093,-7.6,3.6,-0.126,0.003
707.193,-7.7,3.8,-0.344,0.003
707.293,-7.8,4.1,-0.566,0.003
707.392,-8.4,4.4,-0.769,0.003
707.492,-8.9,4.7,-0.92,0.003
707.592,-9.3,5,-1.012,0.01
707.691,-9.5,5,-1.057,0
707.791,-9.6,5,-1.086,0
707.891,-9.5,4.9,-1.096,0.003
707.99,-9.3,5,-1.103,0
708.09,-9.2,5,-1.103,0
708.19,-9,4.8,-1.107,0
708.289,-8.7,4.9,-1.103,0
708.389,-8.4,4.9,-1.1,0.003
708.489,-8.1,4.9,-1.093,0
708.588,-7.8,4.9,-1.089,0.014
708.688,-7.4,4.7,-1.082,0
708.788,-6.9,4.7,-1.071,0
708.887,-6.5,4.7,-1.061,0
708.987,-6,4.6,-1.047,0
709.087,-5.7,4.5,-1.033,0.003
709.186,-5.1,4.3,-1.012,0
709.286,-4.8,4.3,-0.994,0.007
709.386,-4.2,4.2,-0.966,0
709.485,-3.8,4.2,-0.934,0.003
709.585,-3.3,4.1,-0.906,0.014
709.685,-2.8,3.8,-0.871,0.003
709.784,-2.3,3.7,-0.829,0.003
709.884,-1.9,3.6,-0.787,0
709.984,-1.3,3.5,-0.738,0.003
710.083,-0.9,3.5,-0.685,0.003
710.183,-0.4,3.3,-0.629,0
710.283,-0.1,3.2,-0.562,0
710.382,0.4,3.2,-0.485,0
710.482,0.7,2.9,-0.408,0
710.582,1.1,2.9,-0.306,0.021
710.682,1.3,2.8,-0.193,0
710.781,1.7,2.7,-0.06,0
710.881,2.2,2.6,0.102,0.003
710.981,2.9,2.6,0.33,0
711.08,3.5,2.7,0.618,0
711.18,4,2.8,0.91,0.003
711.28,4.5,3,1.223,0
711.379,5,3.2,1.528,0
711.479,5.5,3.5,1.816,0
711.579,6.2,3.8,2.083,0.003
711.678,6.6,4.3,2.326,0
711.778,6.9,4.7,2.565,0.003
711.878,7.1,5.3,2.81,-0.003
711.977,7.6,5.9,3.06,0
712.077,8.3,6.4,3.25,-0.003
712.177,8.9,6.7,3.366,0
712.276,9.1,6.8,3.432,-0.003
712.376,9.4,7,3.478,0
712.476,9.4,7,3.51,0
712.575,9.5,7.1,3.534,0
712.675,9.4,7.1,3.552,-0.007
712.775,9.4,7.1,3.562,-0.003
712.874,9.4,7.1,3.573,-0.003
712.974,9.1,7,3.573,-0.003
713.074,9,7.1,3.576,-0.003
713.173,8.8,6.9,3.576,-0.003
713.273,8.6,6.9,3.576,-0.003
713.373,8.2,6.9,3.573,-0.003
713.472,8.2,6.8,3.569,-0.003
713.572,7.8,6.7,3.559,-0.003
713.672,7.4,6.8,3.555,0.007
713.771,7,6.6,3.548,-0.007
713.871,6.6,6.5,3.538,-0.007
713.971,6.2,6.5,3.524,-0.007
714.07,5.7,6.3,3.513,0
714.17,5.3,6.2,3.496,-0.003
714.27,4.8,6.1,3.474,-0.003
714.369,4.4,5.9,3.453,-0.003
714.469,3.9,5.9,3.432,-0.003
714.569,3.4,5.6,3.404,-0.003
714.669,2.9,5.6,3.373,0.01
714.768,2.3,5.4,3.341,-0.003
714.868,1.9,5.2,3.306,0
714.968,1.4,4.9,3.271,-0.003
715.067,0.8,4.8,3.229,0
715.167,0.2,4.7,3.186,-0.003
715.267,-0.3,4.4,3.134,-0.003
715.366,-0.7,4.3,3.092,-0.003
715.466,-1.1,4.1,3.028,0
715.566,-1.6,3.9,2.962,0
715.665,-1.8,3.8,2.891,0.014
715.765,-2.3,3.5,2.803,0
715.865,-2.7,3.5,2.709,0
715.964,-3,3.2,2.589,0
716.064,-3.4,3.1,2.431,-0.003
716.164,-4,2.8,2.213,0
716.263,-4.5,2.7,1.967,0
716.363,-5,2.7,1.718,0
716.463,-5.3,2.6,1.454,0
716.562,-5.6,2.6,1.18,0
716.662,-6,2.7,0.896,0.01
716.762,-6.6,2.9,0.632,0.003
716.861,-6.9,2.9,0.39,0
716.961,-7.3,3.2,0.172,0
717.061,-7.5,3.4,-0.049,0.003
717.16,-7.5,3.6,-0.267,0
717.26,-7.8,3.9,-0.492,0
717.36,-8.1,4.2,-0.71,0.003
717.459,-8.6,4.5,-0.889,0
717.559,-9.2,4.7,-0.998,0
717.659,-9.5,4.9,-1.057,0
717.758,-9.5,4.9,-1.096,0
717.858,-9.5,4.9,-1.11,0
717.958,-9.4,4.9,-1.117,0
718.057,-9.2,4.8,-1.121,0
718.157,-9,4.8,-1.121,0
718.257,-8.9,4.7,-1.121,-0.003
718.356,-8.5,4.8,-1.117,0
718.456,-8.2,4.8,-1.114,0.003
718.556,-7.8,4.8,-1.107,0.003
718.655,-7.5,4.7,-1.103,0.003
718.755,-7.1,4.7,-1.093,0.003
718.855,-6.7,4.6,-1.086,-0.003
718.955,-6.3,4.5,-1.071,0.003
719.054,-5.9,4.5,-1.054,0
719.154,-5.4,4.4,-1.04,0.003
719.254,-4.9,4.3,-1.015,0
719.353,-4.5,4.1,-0.998,0
719.453,-3.9,4.1,-0.97,0.003
719.553,-3.5,3.9,-0.934,0.003
719.652,-3,3.9,-0.903,0
719.752,-2.4,3.8,-0.868,0.01
719.852,-2,3.5,-0.822,0
719.951,-1.6,3.5,-0.773,0
720.051,-1,3.4,-0.724,0
720.151,-0.6,3.3,-0.667,-0.003
720.25,-0.1,3.2,-0.601,0
720.35,0.2,3.1,-0.53,0.003
720.45,0.6,2.9,-0.453,0
720.549,1,2.9,-0.358,0
720.649,1.3,2.8,-0.249,0
720.749,1.7,2.7,-0.126,0.014
720.848,2.1,2.7,0.032,-0.003
720.948,2.7,2.6,0.235,0
721.048,3.4,2.6,0.509,0
721.147,3.9,2.6,0.801,0.003
721.247,4.3,2.8,1.114,-0.003
721.347,4.7,3,1.43,0
721.446,5.3,3.3,1.728,0
721.546,5.9,3.7,2.017,0
721.646,6.5,4.1,2.273,0
721.745,6.8,4.5,2.512,0.014
721.845,6.9,5,2.747,0
721.945,7.3,5.6,3.011,0
722.044,7.9,6.1,3.232,-0.003
722.144,8.8,6.6,3.38,0
722.244,9.1,6.6,3.464,0
722.343,9.4,6.8,3.517,0
722.443,9.4,6.9,3.548,0
722.543,9.4,7.1,3.58,-0.003
722.642,9.4,7,3.597,0
722.742,9.5,7,3.608,0
722.842,9.3,7,3.615,-0.007
722.942,9.3,6.9,3.622,-0.003
723.041,9.1,7,3.629,-0.007
723.141,8.8,6.8,3.626,-0.003
723.241,8.6,6.9,3.626,-0.007
723.34,8.5,6.8,3.622,-0.003
723.44,8.2,6.8,3.622,-0.003
723.54,7.9,6.7,3.611,-0.003
723.639,7.4,6.6,3.604,-0.003
723.739,7.2,6.7,3.601,-0.003
723.839,6.7,6.5,3.59,0
723.938,6.3,6.5,3.576,-0.003
724.038,5.8,6.2,3.566,-0.003
724.138,5.4,6.2,3.559,0
724.237,4.8,6,3.538,0
724.337,4.4,6,3.517,0
724.437,4.1,5.8,3.492,0
724.536,3.5,5.7,3.46,0
724.636,3,5.5,3.436,0
724.736,2.5,5.3,3.404,-0.003
724.835,2,5.3,3.376,0.003
724.935,1.5,4.9,3.334,-0.003
725.035,1,4.9,3.292,0
725.134,0.5,4.6,3.25,-0.003
725.234,-0.1,4.4,3.207,0
725.334,-0.5,4.2,3.151,-0.003
725.433,-1,4,3.095,0
725.533,-1.3,3.9,3.039,-0.003
725.633,-1.8,3.7,2.965,-0.003
725.732,-2.1,3.6,2.881,-0.003
725.832,-2.5,3.5,2.786,0.017
725.932,-2.9,3.3,2.673,0
726.031,-3.3,3.1,2.522,0
726.131,-3.9,2.8,2.315,0
726.231,-4.5,2.6,2.069,0
726.33,-4.8,2.6,1.82,0
726.43,-5.1,2.5,1.56,0.003
726.53,-5.4,2.5,1.282,0
726.629,-5.9,2.6,0.994,0.003
726.729,-6.3,2.6,0.724,0.003
726.829,-6.9,2.9,0.467,0.014
726.928,-7.2,2.9,0.235,0
727.028,-7.4,3.2,0.018,0
727.128,-7.6,3.5,-0.2,0
727.228,-7.8,3.7,-0.422,0
727.327,-7.8,4.1,-0.643,0.003
727.427,-8.5,4.4,-0.847,0.003
727.527,-8.9,4.7,-0.977,0
727.626,-9.3,4.7,-1.061,0
727.726,-9.5,4.8,-1.1,0.003
727.826,-9.5,4.8,-1.128,0.01
727.925,-9.4,4.8,-1.138,0
728.025,-9.3,4.8,-1.142,0
728.125,-9.1,4.7,-1.138,0
728.224,-8.9,4.8,-1.142,0.003
728.324,-8.6,4.7,-1.142,0.003
728.424,-8.3,4.7,-1.135,0
728.523,-7.9,4.7,-1.128,0
728.623,-7.5,4.7,-1.121,0
728.723,-7.3,4.6,-1.114,0
728.822,-6.9,4.7,-1.107,0.007
728.922,-6.4,4.5,-1.1,0
729.022,-5.9,4.4,-1.082,0.003
729.121,-5.6,4.4,-1.068,0.003
729.221,-5.1,4.3,-1.05,0
729.321,-4.6,4.2,-1.026,0
729.42,-4.1,4,-0.998,0.003
729.52,-3.6,4,-0.966,0
729.62,-3.1,3.8,-0.934,0
729.719,-2.7,3.7,-0.899,0
729.819,-2.1,3.5,-0.857,0
729.919,-1.8,3.4,-0.812,0.003
730.018,-1.1,3.4,-0.762,0
730.118,-0.7,3.2,-0.71,-0.003
730.218,-0.3,3.2,-0.65,0
730.317,0.1,3.1,-0.58,-0.003
730.417,0.5,3,-0.499,-0.003
730.517,0.8,2.7,-0.411,0.003
730.616,1.2,2.8,-0.309,0
730.716,1.4,2.6,-0.19,0
730.816,1.9,2.6,-0.039,0.003
730.915,2.5,2.5,0.155,0.014
731.015,3.2,2.5,0.418,0
731.115,3.7,2.5,0.717,0
731.215,4.1,2.6,1.029,0
731.314,4.7,2.9,1.353,0
731.414,5.2,3.2,1.665,0
731.514,5.8,3.5,1.964,0.003
731.613,6.3,3.8,2.231,0
731.713,6.7,4.2,2.48,0
731.813,6.9,4.6,2.716,0
731.912,7.1,5.3,2.972,0.014
732.012,7.7,5.9,3.211,-0.003
732.112,8.5,6.4,3.387,0
732.211,8.9,6.6,3.489,0
732.311,9.3,6.7,3.552,0
732.411,9.4,6.8,3.597,0
732.51,9.4,6.9,3.622,-0.003
732.61,9.5,6.8,3.643,0
732.71,9.4,6.8,3.661,-0.003
732.809,9.3,6.9,3.668,0
732.909,9.3,6.9,3.675,0.01
733.009,9.1,6.8,3.678,-0.007
733.108,8.9,6.8,3.682,0
733.208,8.8,6.8,3.682,-0.007
733.308,8.6,6.8,3.682,-0.003
733.407,8.2,6.7,3.675,-0.003
733.507,8.1,6.7,3.671,-0.003
733.607,7.6,6.5,3.664,-0.003
733.706,7.3,6.6,3.661,0
733.806,6.8,6.5,3.65,-0.003
733.906,6.5,6.5,3.64,0.01
734.005,6,6.3,3.626,-0.003
734.105,5.6,6.2,3.608,-0.003
734.205,5.1,6,3.59,0
734.304,4.6,6,3.573,-0.003
734.404,4.2,5.8,3.552,0
734.504,3.7,5.6,3.527,0
734.603,3.2,5.5,3.492,-0.003
734.703,2.6,5.3,3.467,-0.003
734.803,2.3,5.1,3.432,-0.003
734.902,1.7,5,3.397,0
735.002,1.1,4.8,3.359,-0.003
735.102,0.6,4.7,3.316,0
735.201,0.2,4.3,3.271,0
735.301,-0.3,4.3,3.222,0
735.401,-0.8,4.1,3.172,0
735.501,-1.3,3.8,3.106,0
735.6,-1.6,3.8,3.039,0
735.7,-2,3.6,2.958,0
735.8,-2.4,3.5,2.874,0.003
735.899,-2.7,3.2,2.761,0
735.999,-3.1,3.1,2.635,0
736.099,-3.6,2.8,2.442,-0.003
736.198,-4.2,2.6,2.199,0
736.298,-4.7,2.5,1.95,0
736.398,-5,2.6,1.693,0
736.497,-5.3,2.4,1.419,0
736.597,-5.7,2.4,1.124,0
736.697,-6.1,2.6,0.843,0
736.796,-6.6,2.6,0.573,0
736.896,-7,2.8,0.327,0
736.996,-7.4,3.1,0.095,0.014
737.095,-7.6,3.2,-0.126,0
737.195,-7.7,3.5,-0.344,0.003
737.295,-7.8,3.8,-0.569,0
737.394,-8.2,4.2,-0.794,0.003
737.494,-8.7,4.5,-0.963,0.003
737.594,-9.3,4.6,-1.057,0
737.693,-9.5,4.7,-1.114,0.003
737.793,-9.6,4.7,-1.142,0.003
737.893,-9.5,4.7,-1.152,0
737.992,-9.3,4.7,-1.159,0.007
738.092,-9.2,4.7,-1.159,0
738.192,-9,4.7,-1.163,0
738.291,-8.7,4.7,-1.159,0
738.391,-8.4,4.6,-1.156,0.003
738.491,-8.1,4.7,-1.152,0
738.59,-7.7,4.6,-1.145,-0.003
738.69,-7.3,4.5,-1.135,0
738.79,-7,4.4,-1.128,0
738.889,-6.5,4.4,-1.117,0
738.989,-6.2,4.4,-1.107,0.01
739.089,-5.6,4.2,-1.089,0.003
739.188,-5.1,4.2,-1.071,0
739.288,-4.8,4.2,-1.05,0
739.388,-4.3,4,-1.022,0
739.488,-3.7,3.9,-0.998,0
739.587,-3.3,3.8,-0.966,0
739.687,-2.8,3.6,-0.931,0.003
739.787,-2.3,3.5,-0.892,0
739.886,-1.8,3.5,-0.847,0
739.986,-1.3,3.3,-0.801,0.014
740.086,-1,3.1,-0.748,0
740.185,-0.4,3.1,-0.685,0
740.285,-0.1,2.9,-0.622,-0.003
740.385,0.3,2.9,-0.548,0
740.484,0.6,2.7,-0.457,0
740.584,1.1,2.7,-0.355,0
740.684,1.2,2.6,-0.239,0
740.783,1.7,2.5,-0.098,0
740.883,2.2,2.4,0.07,0.003
740.983,2.9,2.4,0.327,0.003
741.082,3.5,2.3,0.611,0.003
741.182,4,2.6,0.931,0.003
741.282,4.4,2.6,1.251,0
741.381,5,3,1.577,0.003
741.481,5.5,3.3,1.89,0
741.581,6.2,3.7,2.185,0.003
741.68,6.6,4,2.435,0
741.78,6.9,4.4,2.677,0
741.88,7,5,2.93,-0.003
741.979,7.5,5.6,3.186,0
742.079,8.3,6,3.383,0.003
742.179,8.9,6.5,3.51,0
742.278,9.2,6.6,3.587,0
742.378,9.4,6.7,3.633,0
742.478,9.5,6.7,3.664,-0.003
742.577,9.5,6.8,3.685,-0.003
742.677,9.4,6.8,3.706,-0.003
742.777,9.4,6.8,3.713,-0.003
742.876,9.3,6.8,3.724,-0.003
742.976,9.1,6.8,3.727,-0.003
743.076,9.1,6.8,3.731,0.017
743.175,8.8,6.7,3.731,-0.003
743.275,8.7,6.7,3.727,-0.003
743.375,8.3,6.7,3.724,-0.003
743.474,8.1,6.6,3.724,-0.003
743.574,7.7,6.6,3.717,-0.003
743.674,7.3,6.4,3.71,0
743.774,7,6.5,3.703,-0.003
743.873,6.6,6.4,3.692,-0.003
743.973,6.1,6.3,3.675,-0.007
744.073,5.8,6.1,3.664,0.003
744.172,5.3,6,3.65,-0.003
744.272,4.8,6,3.636,-0.003
744.372,4.3,5.7,3.608,-0.003
744.471,3.9,5.6,3.587,-0.003
744.571,3.4,5.4,3.555,-0.003
744.671,2.9,5.3,3.531,-0.003
744.77,2.3,5.2,3.499,-0.003
744.87,1.9,5,3.46,-0.003
744.97,1.3,4.7,3.422,-0.003
745.069,0.8,4.6,3.38,0.01
745.169,0.3,4.4,3.337,-0.003
745.269,-0.2,4.2,3.288,0
745.368,-0.6,4.1,3.239,0
745.468,-1.1,3.8,3.179,0
745.568,-1.5,3.7,3.113,0
745.667,-2,3.5,3.035,0
745.767,-2.2,3.4,2.958,0
745.867,-2.7,3.1,2.849,0
745.966,-2.9,3,2.726,-0.003
746.066,-3.5,2.9,2.551,0.007
746.166,-3.9,2.6,2.322,0
746.265,-4.7,2.5,2.066,0
746.365,-4.9,2.4,1.816,0
746.465,-5.2,2.4,1.549,0
746.564,-5.4,2.2,1.261,0
746.664,-6,2.5,0.966,0
746.764,-6.3,2.5,0.682,0
746.863,-6.9,2.7,0.422,0
746.963,-7.2,2.9,0.176,0.003
747.063,-7.5,3.2,-0.049,0
747.162,-7.6,3.3,-0.271,0
747.262,-7.7,3.6,-0.499,0
747.362,-7.9,4,-0.727,0.003
747.461,-8.6,4.3,-0.924,0
747.561,-9.1,4.6,-1.047,0.003
747.661,-9.5,4.6,-1.121,0
747.761,-9.5,4.7,-1.149,0.003
747.86,-9.5,4.7,-1.17,0
747.96,-9.4,4.7,-1.18,0
748.06,-9.4,4.6,-1.184,0.003
748.159,-9.1,4.7,-1.184,0.003
748.259,-8.9,4.7,-1.184,0
748.359,-8.4,4.6,-1.18,0.003
748.458,-8.2,4.6,-1.177,0.003
748.558,-8,4.5,-1.173,0
748.658,-7.5,4.6,-1.163,0.003
748.757,-7.2,4.4,-1.156,0
748.857,-6.7,4.4,-1.142,0
748.957,-6.3,4.4,-1.131,0
749.056,-5.8,4.3,-1.117,0
749.156,-5.4,4.2,-1.103,0.007
749.256,-4.8,4.1,-1.082,0
749.355,-4.5,4,-1.057,0
749.455,-4,3.9,-1.029,0
749.555,-3.5,3.7,-0.998,0
749.654,-3,3.6,-0.966,0
749.754,-2.5,3.5,-0.924,0
749.854,-2,3.4,-0.882,0
749.953,-1.5,3.3,-0.836,0
750.053,-1,3.2,-0.787,0
750.153,-0.6,3.1,-0.727,0.017
750.252,-0.2,2.9,-0.664,0
750.352,0.3,2.8,-0.594,-0.003
750.452,0.5,2.8,-0.509,0
750.551,0.8,2.6,-0.415,-0.003
750.651,1.2,2.6,-0.306,0
750.751,1.5,2.4,-0.172,0
750.85,2,2.4,-0.007,0
750.95,2.7,2.3,0.221,0
751.05,3.3,2.3,0.513,0
751.149,3.8,2.4,0.822,0.017
751.249,4.2,2.5,1.145,0.003
751.349,4.7,2.8,1.483,0
751.448,5.3,3.1,1.806,0
751.548,5.8,3.5,2.122,0
751.648,6.4,3.8,2.389,0
751.747,6.8,4.2,2.631,0.003
751.847,6.9,4.7,2.877,0
751.947,7.3,5.3,3.141,0.003
752.047,7.9,5.9,3.369,0
752.146,8.7,6.3,3.524,0.01
752.246,9.1,6.5,3.619,0
752.346,9.4,6.7,3.675,0
752.445,9.4,6.7,3.71,-0.003
752.545,9.5,6.7,3.738,-0.003
752.645,9.4,6.8,3.756,-0.003
752.744,9.4,6.8,3.77,0
752.844,9.4,6.8,3.77,-0.003
752.944,9.3,6.7,3.78,-0.003
753.043,9.1,6.7,3.784,-0.003
753.143,8.9,6.7,3.784,0
753.243,8.7,6.7,3.78,-0.003
753.342,8.5,6.6,3.78,-0.003
753.442,8.2,6.5,3.78,-0.003
753.542,7.9,6.5,3.777,0
753.641,7.6,6.4,3.766,0
753.741,7.1,6.4,3.759,-0.003
753.841,6.7,6.3,3.748,-0.003
753.94,6.3,6.3,3.738,-0.007
754.04,5.8,6.1,3.724,-0.003
754.14,5.5,6,3.706,-0.007
754.239,5,5.9,3.692,0.007
754.339,4.5,5.8,3.664,-0.003
754.439,4,5.5,3.647,-0.003
754.538,3.4,5.4,3.615,-0.003
754.638,3.1,5.3,3.59,-0.003
754.738,2.5,5,3.559,-0.003
754.837,2.1,4.9,3.527,-0.003
754.937,1.4,4.8,3.489,-0.003
755.037,1.1,4.5,3.446,0
755.136,0.4,4.4,3.404,0
755.236,0,4.2,3.355,0.014
755.336,-0.4,4,3.306,0
755.435,-1,3.8,3.25,0
755.535,-1.3,3.7,3.19,-0.003
755.635,-1.7,3.5,3.113,0
755.734,-2.1,3.4,3.032,-0.003
755.834,-2.5,3.2,2.937,-0.003
755.934,-2.8,3,2.818,-0.003
756.034,-3.3,2.9,2.659,0
756.133,-3.9,2.6,2.438,-0.003
756.233,-4.5,2.5,2.185,0.017
756.333,-4.8,2.3,1.932,0
756.432,-5.1,2.3,1.672,0
756.532,-5.4,2.2,1.377,0
756.632,-5.8,2.3,1.082,0
756.731,-6.1,2.3,0.794,0.003
756.831,-6.6,2.6,0.513,0
756.931,-7.1,2.7,0.26,0
757.03,-7.5,2.9,0.028,0
757.13,-7.6,3.1,-0.193,0
757.23,-7.8,3.4,-0.422,0.014
757.329,-7.8,3.8,-0.646,0
757.429,-8.4,4.1,-0.864,0
757.529,-8.8,4.4,-1.019,0
757.628,-9.3,4.5,-1.11,0
757.728,-9.5,4.6,-1.159,0
757.828,-9.6,4.6,-1.18,0.003
757.927,-9.5,4.5,-1.194,0
758.027,-9.3,4.6,-1.198,0.003
758.127,-9.1,4.5,-1.198,0
758.226,-8.9,4.7,-1.201,0.007
758.326,-8.5,4.5,-1.198,0
758.426,-8.4,4.6,-1.194,0
758.525,-8.1,4.4,-1.191,0.003
758.625,-7.7,4.4,-1.18,-0.003
758.725,-7.2,4.4,-1.173,0.003
758.824,-6.9,4.3,-1.166,0
758.924,-6.4,4.3,-1.149,0
759.024,-6,4.2,-1.138,0.003
759.123,-5.5,4.1,-1.117,0.003
759.223,-5.1,4,-1.103,0.003
759.323,-4.6,3.9,-1.086,0
759.422,-4.2,3.8,-1.057,0
759.522,-3.7,3.8,-1.026,0
759.622,-3.2,3.6,-0.991,0
759.721,-2.7,3.5,-0.956,0
759.821,-2.1,3.4,-0.913,0
759.921,-1.8,3.2,-0.871,0
760.021,-1.2,3.2,-0.819,0
760.12,-0.8,3,-0.762,0
760.22,-0.2,2.9,-0.699,0
760.32,0,2.8,-0.632,0.007
760.419,0.5,2.7,-0.555,0
760.519,0.8,2.5,-0.464,0
760.619,1.1,2.5,-0.355,0
760.718,1.4,2.4,-0.228,0
760.818,2,2.3,-0.081,0
760.918,2.5,2.2,0.126,0
761.017,3.2,2.2,0.408,0
761.117,3.6,2.2,0.71,0
761.217,4,2.3,1.036,0
761.316,4.5,2.6,1.381,0.017
761.416,5,2.9,1.711,0
761.516,5.6,3.2,2.034,0
761.615,6.3,3.6,2.333,0.003
761.715,6.7,4,2.582,0.003
761.815,6.9,4.5,2.828,0.003
761.914,7.1,5,3.085,0.003
762.014,7.6,5.6,3.334,0
762.114,8.5,6.1,3.52,0
762.213,8.9,6.4,3.629,0
762.313,9.2,6.5,3.703,0.01
762.413,9.4,6.5,3.741,0
762.512,9.4,6.6,3.777,-0.003
762.612,9.4,6.7,3.801,-0.003
762.712,9.4,6.7,3.815,0
762.811,9.4,6.7,3.822,-0.003
762.911,9.3,6.8,3.833,-0.003
763.011,9.1,6.6,3.833,-0.003
763.11,9,6.6,3.836,-0.003
763.21,8.8,6.6,3.833,0
763.31,8.5,6.6,3.836,0.01
763.409,8.3,6.6,3.833,-0.003
763.509,8,6.5,3.829,-0.003
763.609,7.6,6.5,3.822,-0.003
763.708,7.3,6.3,3.812,-0.003
763.808,6.8,6.4,3.805,-0.003
763.908,6.4,6.2,3.794,-0.003
764.008,6,6.1,3.78,-0.003
764.107,5.6,5.9,3.766,-0.003
764.207,5.1,5.9,3.745,-0.003
764.307,4.7,5.7,3.731,0.003
764.406,4.2,5.4,3.699,0
764.506,3.7,5.4,3.678,-0.003
764.606,3.2,5.3,3.647,-0.003
764.705,2.6,5.1,3.619,0
764.805,2.3,4.9,3.587,0
764.905,1.7,4.8,3.548,0
765.004,1.2,4.5,3.513,0
765.104,0.6,4.4,3.467,0
765.204,0.2,4.2,3.425,0
765.303,-0.4,4.1,3.369,0
765.403,-0.7,3.9,3.32,0
765.503,-1.2,3.6,3.257,0
765.602,-1.5,3.5,3.19,-0.003
765.702,-2,3.4,3.106,-0.003
765.802,-2.4,3.2,3.018,0
765.901,-2.7,3,2.905,0
766.001,-3.1,2.8,2.761,-0.003
766.101,-3.6,2.6,2.558,0.003
766.2,-4.2,2.3,2.312,0.003
766.3,-4.8,2.2,2.055,0
766.4,-4.9,2.2,1.795,0.007
766.499,-5.2,2.1,1.507,0
766.599,-5.5,2.2,1.212,0
766.699,-6,2.3,0.903,0
766.798,-6.5,2.4,0.618,0
766.898,-6.9,2.5,0.351,0
766.998,-7.3,2.8,0.112,0.003
767.097,-7.5,3,-0.119,-0.003
767.197,-7.7,3.2,-0.344,0.003
767.297,-7.8,3.6,-0.573,0.003
767.396,-8,4,-0.808,0.014
767.496,-8.7,4.2,-0.991,0.003
767.596,-9.3,4.4,-1.103,0
767.695,-9.4,4.6,-1.166,0.003
767.795,-9.5,4.6,-1.201,0
767.895,-9.5,4.6,-1.212,0.003
767.995,-9.4,4.5,-1.219,0
768.094,-9.2,4.4,-1.223,0
768.194,-9,4.4,-1.223,0
768.294,-8.7,4.4,-1.223,0.003
768.393,-8.4,4.5,-1.219,0.01
768.493,-8.1,4.4,-1.216,-0.003
768.593,-7.8,4.4,-1.209,0
768.692,-7.4,4.3,-1.198,0.003
768.792,-7,4.2,-1.191,-0.003
768.892,-6.6,4.2,-1.177,0
768.991,-6.1,4.1,-1.166,0
769.091,-5.6,4.1,-1.149,0.003
769.191,-5.2,3.9,-1.135,0
769.29,-4.7,3.9,-1.11,0.003
769.39,-4.3,3.8,-1.082,0.01
769.49,-3.8,3.6,-1.05,0.003
769.589,-3.3,3.5,-1.019,0
769.689,-2.8,3.4,-0.984,0
769.789,-2.3,3.4,-0.945,0.003
769.888,-1.8,3.2,-0.903,0
769.988,-1.3,3.1,-0.85,0
770.088,-1,3.1,-0.797,0
770.187,-0.5,2.9,-0.738,0
770.287,-0.1,2.8,-0.678,0.003
770.387,0.3,2.7,-0.597,0.003
770.486,0.6,2.5,-0.513,0
770.586,0.9,2.6,-0.408,0.003
770.686,1.2,2.4,-0.288,0.003
770.785,1.7,2.3,-0.144,0.003
770.885,2.1,2.2,0.042,0.003
770.985,2.9,2.1,0.306,0.003
771.084,3.4,2.1,0.601,0
771.184,3.8,2.3,0.927,0
771.284,4.3,2.5,1.268,-0.003
771.383,4.8,2.7,1.613,0.003
771.483,5.3,3,1.946,-0.003
771.583,6.1,3.4,2.262,0
771.682,6.6,3.8,2.529,0
771.782,6.8,4.3,2.775,0
771.882,7,4.7,3.035,0
771.982,7.4,5.3,3.295,0
772.081,8.2,5.9,3.517,-0.003
772.181,8.8,6.2,3.65,0
772.281,9.3,6.5,3.738,-0.003
772.38,9.3,6.5,3.784,-0.003
772.48,9.4,6.7,3.819,0.01
772.58,9.4,6.6,3.843,-0.003
772.679,9.6,6.7,3.861,0
772.779,9.4,6.6,3.871,-0.003
772.879,9.3,6.6,3.882,-0.003
772.978,9.2,6.6,3.885,-0.003
773.078,9.1,6.5,3.885,0
773.178,8.8,6.6,3.889,0
773.277,8.6,6.5,3.885,0
773.377,8.4,6.5,3.878,-0.003
773.477,8,6.5,3.878,0.01
773.576,7.7,6.4,3.871,-0.003
773.676,7.5,6.3,3.861,0
773.776,7,6.2,3.854,-0.007
773.875,6.6,6.2,3.847,0
773.975,6,6,3.833,-0.003
774.075,5.8,5.9,3.822,-0.003
774.174,5.2,5.9,3.805,-0.007
774.274,4.8,5.7,3.787,-0.003
774.374,4.3,5.6,3.763,-0.007
774.473,3.9,5.5,3.738,0.01
774.573,3.3,5.2,3.706,-0.003
774.673,2.9,5,3.678,-0.003
774.772,2.3,4.9,3.647,-0.003
774.872,1.8,4.7,3.615,0
774.972,1.4,4.6,3.573,-0.007
775.071,0.8,4.4,3.534,-0.003
775.171,0.2,4.2,3.485,-0.003
775.271,-0.2,4.1,3.439,0
775.37,-0.6,3.8,3.383,0
775.47,-1.1,3.7,3.323,0
775.57,-1.4,3.5,3.26,-0.003
775.669,-1.9,3.4,3.179,-0.003
775.769,-2.3,3.2,3.095,0
775.869,-2.7,3,2.986,0
775.969,-3,2.9,2.856,0
776.068,-3.6,2.6,2.673,0
776.168,-4,2.3,2.435,0
776.268,-4.7,2.2,2.175,0
776.367,-4.9,2.2,1.922,0.003
776.467,-5.1,2.1,1.641,0
776.567,-5.4,2.1,1.346,0
776.666,-5.7,2.2,1.04,0
776.766,-6.3,2.3,0.741,0
776.866,-6.7,2.4,0.457,0.007
776.965,-7.1,2.6,0.2,0
777.065,-7.4,2.9,-0.049,0
777.165,-7.7,3.1,-0.271,0
777.264,-7.7,3.4,-0.502,0
777.364,-7.9,3.7,-0.738,0.003
777.464,-8.3,4.1,-0.949,0
777.563,-9,4.3,-1.089,0.007
777.663,-9.3,4.3,-1.166,0
777.763,-9.5,4.4,-1.209,0.003
777.862,-9.5,4.4,-1.23,0
777.962,-9.4,4.4,-1.237,0
778.062,-9.3,4.3,-1.244,0
778.161,-9,4.4,-1.24,0
778.261,-8.8,4.3,-1.24,0
778.361,-8.5,4.3,-1.24,0
778.46,-8.3,4.3,-1.237,0.003
778.56,-7.9,4.3,-1.233,0.014
778.66,-7.5,4.3,-1.223,-0.003
778.759,-7.2,4.2,-1.216,0
778.859,-6.6,4.2,-1.205,0.003
778.959,-6.3,4.1,-1.194,0
779.058,-5.8,4,-1.173,0.003
779.158,-5.4,4,-1.156,0
779.258,-4.8,3.9,-1.138,0
779.357,-4.4,3.8,-1.114,-0.003
779.457,-3.9,3.6,-1.089,0
779.557,-3.5,3.5,-1.054,0.007
779.656,-3,3.5,-1.019,-0.003
779.756,-2.5,3.3,-0.98,-0.003
779.856,-1.9,3.1,-0.938,0
779.956,-1.5,3.1,-0.892,0
780.055,-1,2.9,-0.84,0
780.155,-0.6,2.8,-0.783,0.003
780.255,-0.1,2.8,-0.72,0
780.354,0.2,2.6,-0.65,0
780.454,0.5,2.6,-0.566,0.003
780.554,0.8,2.5,-0.467,0.014
780.653,1.2,2.3,-0.355,0.003
780.753,1.6,2.3,-0.211,0.003
780.853,2.1,2.2,-0.046,0
780.952,2.9,2.1,0.2,0
781.052,3.2,2,0.488,0.003
781.152,3.7,2.2,0.812,0.003
781.251,4.1,2.2,1.152,0
781.351,4.6,2.6,1.497,0
781.451,5,2.9,1.844,0.003
781.55,5.8,3.2,2.175,0
781.65,6.3,3.5,2.463,0
781.75,6.7,4.1,2.723,0
781.849,6.9,4.5,2.979,0
781.949,7.2,5,3.243,0
782.049,7.8,5.6,3.485,-0.003
782.148,8.6,6,3.654,0
782.248,9.1,6.3,3.756,0
782.348,9.2,6.4,3.815,0
782.447,9.4,6.5,3.854,0
782.547,9.5,6.6,3.885,-0.003
782.647,9.5,6.5,3.903,-0.003
782.746,9.5,6.6,3.921,-0.003
782.846,9.4,6.5,3.931,-0.003
782.946,9.4,6.6,3.938,0
783.045,9.1,6.5,3.935,-0.003
783.145,9,6.5,3.935,-0.003
783.245,8.8,6.5,3.938,-0.003
783.344,8.5,6.3,3.938,0
783.444,8.1,6.4,3.931,-0.003
783.544,7.9,6.3,3.921,-0.003
783.643,7.6,6.4,3.917,0.007
783.743,7.1,6.1,3.907,0
783.843,6.7,6.1,3.903,-0.003
783.943,6.2,5.9,3.889,0
784.042,5.9,6,3.875,-0.003
784.142,5.3,5.8,3.854,-0.003
784.242,4.9,5.7,3.84,-0.003
784.341,4.4,5.5,3.822,-0.003
784.441,4.1,5.4,3.798,0
784.541,3.5,5.3,3.766,-0.003
784.64,3.1,5.2,3.741,0.007
784.74,2.6,5,3.71,-0.007
784.84,2,4.7,3.675,0
784.939,1.5,4.6,3.636,-0.003
785.039,1,4.4,3.597,-0.003
785.139,0.5,4.2,3.552,-0.003
785.238,0,4.1,3.51,-0.003
785.338,-0.5,3.8,3.453,0
785.438,-0.9,3.7,3.401,-0.003
785.537,-1.3,3.5,3.33,-0.003
785.637,-1.7,3.4,3.264,0.014
785.737,-2.1,3.1,3.172,0
785.836,-2.4,3,3.077,-0.003
785.936,-2.7,2.9,2.955,-0.003
786.036,-3.3,2.6,2.786,0
786.135,-3.8,2.3,2.551,0
786.235,-4.4,2.2,2.298,0
786.335,-4.8,2.2,2.038,0
786.434,-5.1,2,1.764,0
786.534,-5.3,2,1.468,0
786.634,-5.6,2,1.166,0.01
786.733,-6,2.2,0.854,0
786.833,-6.5,2.3,0.559,0
786.933,-6.9,2.4,0.285,0
787.032,-7.4,2.8,0.035,0
787.132,-7.6,2.9,-0.2,0
787.232,-7.7,3.2,-0.429,0
787.331,-7.8,3.5,-0.664,0
787.431,-8.3,3.9,-0.896,0
787.531,-8.9,4.2,-1.068,0
787.63,-9.4,4.3,-1.17,0
787.73,-9.5,4.4,-1.223,0
787.83,-9.6,4.3,-1.251,0
787.93,-9.5,4.4,-1.261,-0.003
788.029,-9.3,4.3,-1.265,0.003
788.129,-9.2,4.3,-1.268,0
788.229,-8.9,4.3,-1.268,0
788.328,-8.6,4.3,-1.265,0
788.428,-8.3,4.3,-1.261,0
788.528,-8.1,4.2,-1.258,0
788.627,-7.7,4.2,-1.251,-0.003
788.727,-7.2,4.1,-1.247,0
788.827,-6.9,4.1,-1.237,0
788.926,-6.5,4.1,-1.223,-0.003
789.026,-5.9,4,-1.205,0
789.126,-5.5,3.9,-1.191,0
789.225,-5.1,3.7,-1.17,0
789.325,-4.7,3.6,-1.145,0
789.425,-4.1,3.6,-1.117,0
789.524,-3.7,3.5,-1.093,0
789.624,-3.1,3.5,-1.057,0
789.724,-2.7,3.3,-1.019,0.01
789.823,-2.1,3.2,-0.977,-0.003
789.923,-1.7,3,-0.934,0
790.023,-1.2,2.8,-0.882,0
790.122,-0.8,2.8,-0.829,0
790.222,-0.3,2.7,-0.762,-0.003
790.322,0.1,2.6,-0.703,0
790.421,0.5,2.5,-0.615,0
790.521,0.7,2.4,-0.527,-0.003
790.621,1.1,2.3,-0.411,0
790.72,1.4,2.2,-0.285,0.014
790.82,1.8,2,-0.13,0
790.92,2.5,2,0.077,0
791.019,3.2,2,0.372,0.003
791.119,3.5,2,0.689,0
791.219,4,2.1,1.029,0
791.318,4.4,2.3,1.381,0
791.418,4.9,2.6,1.732,0
791.518,5.5,3,2.087,0
791.617,6.2,3.3,2.396,0.003
791.717,6.6,3.8,2.67,0.01
791.817,6.8,4.1,2.919,0.003
791.917,7,4.6,3.19,0
792.016,7.6,5.3,3.446,0
792.116,8.5,5.8,3.654,0
792.216,8.9,6.1,3.777,0
792.315,9.3,6.3,3.854,0
792.415,9.4,6.5,3.896,-0.003
792.515,9.5,6.5,3.931,0
792.614,9.5,6.5,3.952,-0.003
792.714,9.4,6.5,3.97,0.014
792.814,9.5,6.5,3.98,-0.003
792.913,9.2,6.5,3.987,0
793.013,9.1,6.5,3.991,-0.003
793.113,9,6.5,3.994,-0.003
793.212,8.7,6.5,3.991,-0.003
793.312,8.5,6.5,3.991,0
793.412,8.3,6.3,3.987,-0.007
793.511,8,6.4,3.984,-0.003
793.611,7.6,6.2,3.977,-0.003
793.711,7.3,6.2,3.966,-0.003
793.81,6.8,6.1,3.956,-0.007
793.91,6.5,6,3.949,-0.007
794.01,6,5.9,3.935,-0.007
794.109,5.6,5.8,3.917,0
794.209,5.2,5.7,3.903,-0.003
794.309,4.6,5.5,3.885,-0.003
794.408,4.3,5.4,3.861,-0.003
794.508,3.7,5.3,3.833,-0.003
794.608,3.2,5,3.805,0
794.707,2.7,5,3.777,-0.007
794.807,2.3,4.8,3.738,0
794.907,1.7,4.7,3.703,-0.003
795.006,1.1,4.3,3.661,-0.003
795.106,0.6,4.2,3.619,-0.003
795.206,0.1,4,3.569,-0.003
795.305,-0.3,3.9,3.524,0
795.405,-0.7,3.7,3.471,-0.003
795.505,-1.2,3.5,3.404,0
795.604,-1.5,3.4,3.337,0
795.704,-1.9,3.2,3.257,-0.003
795.804,-2.3,3.1,3.162,0.007
795.903,-2.7,2.8,3.042,-0.003
796.003,-3.1,2.6,2.895,-0.003
796.103,-3.6,2.3,2.681,0
796.203,-4.2,2.2,2.428,0
796.302,-4.7,2,2.164,0
796.402,-5,2,1.894,0
796.502,-5.2,1.9,1.609,0
796.601,-5.5,2,1.3,0.003
796.701,-5.8,2,0.991,-0.003
796.801,-6.3,2.2,0.682,0.017
796.9,-6.8,2.3,0.393,0.003
797,-7.2,2.6,0.133,0
797.1,-7.5,2.8,-0.112,-0.003
797.199,-7.7,3,-0.348,0
797.299,-7.7,3.3,-0.583,0
797.399,-7.9,3.7,-0.826,0
797.498,-8.6,4,-1.026,0
797.598,-9.2,4.2,-1.152,0.003
797.698,-9.4,4.2,-1.223,0
797.797,-9.6,4.4,-1.258,0.014
797.897,-9.5,4.3,-1.275,0
797.997,-9.3,4.3,-1.282,0.003
798.096,-9.3,4.3,-1.279,0.003
798.196,-8.8,4.2,-1.286,0
798.296,-8.7,4.2,-1.282,0
798.395,-8.4,4.2,-1.282,0.003
798.495,-8.1,4.2,-1.275,0.003
798.595,-7.9,4.1,-1.268,0.003
798.694,-7.4,4.1,-1.258,0
798.794,-7,4.1,-1.254,0.007
798.894,-6.5,4,-1.244,-0.003
798.993,-6.2,3.9,-1.226,-0.003
799.093,-5.7,3.9,-1.209,-0.003
799.193,-5.2,3.8,-1.191,-0.003
799.292,-4.7,3.6,-1.17,0
799.392,-4.3,3.6,-1.145,0
799.492,-3.9,3.5,-1.117,0
799.591,-3.3,3.3,-1.082,-0.003
799.691,-2.7,3.2,-1.047,0
799.791,-2.3,3.2,-1.005,-0.003
799.89,-1.8,3.1,-0.966,0
799.99,-1.3,2.9,-0.913,0
800.09,-0.9,2.8,-0.861,0
800.19,-0.5,2.6,-0.801,0
800.289,-0.1,2.5,-0.738,0
800.389,0.3,2.4,-0.66,0
800.489,0.5,2.3,-0.573,0
800.588,1,2.3,-0.464,0
800.688,1.2,2.1,-0.344,0.003
800.788,1.7,2,-0.193,0.003
800.887,2.2,2,0,0.007
800.987,3,1.9,0.285,0
801.087,3.4,1.9,0.587,0
801.186,3.8,2,0.927,0
801.286,4.1,2.1,1.275,0
801.386,4.7,2.4,1.644,0.003
801.485,5.1,2.8,1.995,0
801.585,6,3.1,2.34,0
801.685,6.5,3.5,2.621,0
801.784,6.8,4,2.884,0.003
801.884,7,4.4,3.141,0.01
801.984,7.3,5.2,3.411,0
802.083,8.1,5.6,3.64,0
802.183,8.8,6,3.794,0
802.283,9.2,6.2,3.878,-0.003
802.382,9.4,6.4,3.935,0
802.482,9.5,6.5,3.973,0
802.582,9.5,6.4,3.998,-0.003
802.681,9.5,6.5,4.015,-0.003
802.781,9.4,6.6,4.026,-0.007
802.881,9.4,6.5,4.033,0.014
802.98,9.2,6.5,4.04,-0.003
803.08,9.1,6.5,4.044,-0.003
803.18,8.8,6.4,4.04,-0.003
803.279,8.7,6.3,4.04,0
803.379,8.3,6.3,4.037,-0.003
803.479,8.1,6.2,4.033,-0.003
803.578,7.8,6.3,4.026,-0.003
803.678,7.4,6.1,4.019,-0.003
803.778,6.9,6.2,4.012,-0.007
803.877,6.6,6,4.001,0.01
803.977,6.1,5.9,3.991,-0.003
804.077,5.7,5.7,3.977,-0.003
804.176,5.2,5.6,3.963,-0.007
804.276,4.9,5.6,3.938,-0.003
804.376,4.3,5.3,3.917,-0.003
804.476,3.9,5.2,3.896,-0.003
804.575,3.2,5,3.861,-0.007
804.675,2.9,4.8,3.836,0
804.775,2.3,4.7,3.805,-0.003
804.874,1.9,4.6,3.77,-0.003
804.974,1.4,4.3,3.727,-0.003
805.074,0.9,4.2,3.685,-0.003
805.173,0.3,4.1,3.64,-0.003
805.273,-0.1,3.8,3.59,0
805.373,-0.7,3.7,3.541,-0.007
805.472,-1.1,3.5,3.474,0
805.572,-1.5,3.4,3.408,-0.003
805.672,-1.9,3.1,3.337,0
805.771,-2.2,3.1,3.25,0
805.871,-2.6,2.8,3.137,-0.003
805.971,-2.9,2.6,3,-0.003
806.07,-3.6,2.4,2.807,0
806.17,-4,2.2,2.551,0
806.27,-4.5,2,2.294,0
806.369,-4.8,1.9,2.031,0
806.469,-5.2,1.9,1.743,0
806.569,-5.4,1.8,1.451,0
806.668,-5.7,1.9,1.128,0
806.768,-6,2,0.812,0.003
806.868,-6.6,2.1,0.506,0
806.967,-7,2.4,0.228,0.01
807.067,-7.4,2.6,-0.032,0
807.167,-7.5,2.9,-0.263,0
807.266,-7.8,3.1,-0.499,0
807.366,-7.8,3.5,-0.738,0
807.466,-8.3,3.7,-0.97,0
807.565,-8.9,4.1,-1.121,0.003
807.665,-9.3,4.1,-1.212,0
807.765,-9.5,4.2,-1.261,0.003
807.864,-9.5,4.2,-1.286,0
807.964,-9.4,4.4,-1.296,0.014
808.064,-9.3,4.2,-1.296,0
808.163,-8.9,4.3,-1.3,0
808.263,-8.9,4.2,-1.3,0
808.363,-8.5,4.1,-1.296,0
808.463,-8.2,4.2,-1.293,0
808.562,-7.9,4.1,-1.289,0
808.662,-7.5,4.1,-1.279,0
808.762,-7.1,4,-1.268,0.003
808.861,-6.7,4.1,-1.265,0.003
808.961,-6.3,4,-1.247,0.007
809.061,-5.8,3.8,-1.233,0
809.16,-5.4,3.8,-1.216,0
809.26,-5,3.6,-1.194,0
809.36,-4.5,3.6,-1.166,0
809.459,-3.9,3.5,-1.142,-0.003
809.559,-3.5,3.4,-1.11,0
809.659,-3,3.2,-1.075,0
809.758,-2.5,3.1,-1.036,0
809.858,-2.1,3.1,-0.994,0
809.958,-1.5,2.9,-0.949,0.007
810.057,-1,2.8,-0.892,0.003
810.157,-0.6,2.6,-0.843,-0.003
810.257,-0.1,2.5,-0.769,0
810.356,0.2,2.4,-0.696,0
810.456,0.5,2.3,-0.611,0.003
810.556,0.8,2.2,-0.513,0
810.655,1.1,2.1,-0.397,0
810.755,1.5,2,-0.249,0
810.855,2,1.9,-0.081,0
810.954,2.8,1.9,0.197,-0.003
811.054,3.3,1.8,0.499,0.003
811.154,3.7,2,0.826,0
811.253,4,1.9,1.184,0
811.353,4.5,2.3,1.553,0
811.453,4.9,2.5,1.911,0
811.552,5.7,3,2.269,0.003
811.652,6.4,3.4,2.568,0
811.752,6.7,3.8,2.835,0.003
811.851,6.9,4.1,3.092,0
811.951,7.1,4.8,3.359,0
812.051,7.8,5.5,3.611,0
812.15,8.5,5.9,3.794,0
812.25,9.1,6.2,3.903,-0.003
812.35,9.3,6.2,3.97,-0.003
812.449,9.4,6.5,4.012,0
812.549,9.4,6.4,4.047,0
812.649,9.4,6.5,4.065,-0.003
812.749,9.4,6.4,4.082,-0.003
812.848,9.4,6.5,4.089,-0.003
812.948,9.2,6.4,4.1,-0.003
813.048,9.1,6.4,4.1,0
813.147,8.8,6.4,4.093,-0.003
813.247,8.6,6.4,4.096,-0.003
813.347,8.5,6.3,4.096,-0.003
813.446,8.1,6.2,4.093,-0.007
813.546,7.9,6.2,4.086,0
813.646,7.5,6.1,4.079,-0.003
813.745,7,6.1,4.072,-0.003
813.845,6.7,6,4.065,-0.003
813.945,6.2,5.9,4.051,-0.003
814.044,5.9,5.9,4.037,0.01
814.144,5.4,5.7,4.019,-0.003
814.244,5,5.5,4.005,-0.003
814.343,4.5,5.4,3.98,-0.003
814.443,4.1,5.2,3.956,-0.003
814.543,3.5,5.1,3.924,0
814.642,3.1,4.9,3.903,0
814.742,2.5,4.8,3.875,0.003
814.842,2,4.6,3.836,-0.003
814.941,1.6,4.4,3.801,0
815.041,1.1,4.3,3.756,0.01
815.141,0.5,4,3.717,0
815.24,0,3.8,3.668,0
815.34,-0.4,3.7,3.615,-0.003
815.44,-0.9,3.5,3.559,-0.003
815.539,-1.4,3.4,3.489,0
815.639,-1.7,3.2,3.418,0
815.739,-2.1,3,3.33,-0.003
815.838,-2.4,2.9,3.232,-0.003
815.938,-2.9,2.5,3.099,0
816.038,-3.2,2.5,2.926,0.021
816.137,-3.8,2.2,2.681,0
816.237,-4.4,2,2.421,0.003
816.337,-4.8,1.9,2.154,0.003
816.436,-5.1,1.8,1.872,0
816.536,-5.2,1.8,1.574,-0.003
816.636,-5.5,1.8,1.254,0.003
816.736,-5.9,1.9,0.934,0
816.835,-6.4,2,0.622,0
816.935,-6.9,2.3,0.33,0
817.035,-7.4,2.4,0.063,0
817.134,-7.5,2.7,-0.176,0
817.234,-7.8,2.9,-0.415,0
817.334,-7.7,3.2,-0.653,0
817.433,-8.1,3.6,-0.892,0
817.533,-8.6,3.8,-1.079,0.003
817.633,-9.2,4.1,-1.198,0
817.732,-9.4,4.2,-1.261,0.003
817.832,-9.6,4.2,-1.293,-0.003
817.932,-9.5,4.1,-1.307,0
818.031,-9.2,4.1,-1.31,-0.003
818.131,-9.2,4.1,-1.314,0
818.231,-8.8,4.1,-1.317,0
818.33,-8.6,4.1,-1.31,0.003
818.43,-8.3,4,-1.31,0
818.53,-8,4,-1.303,0
818.629,-7.6,4,-1.293,0
818.729,-7.2,4.1,-1.289,0
818.829,-6.9,3.8,-1.282,0
818.928,-6.4,3.8,-1.265,-0.003
819.028,-6,3.7,-1.254,0
819.128,-5.5,3.8,-1.233,0.014
819.227,-5.1,3.6,-1.216,0
819.327,-4.5,3.5,-1.191,-0.003
819.427,-4.1,3.4,-1.163,0
819.526,-3.6,3.3,-1.138,-0.003
819.626,-3.2,3.2,-1.103,-0.003
819.726,-2.7,3.1,-1.068,-0.003
819.825,-2.1,3,-1.022,-0.003
819.925,-1.7,2.9,-0.977,0
820.025,-1.2,2.8,-0.924,0
820.124,-0.8,2.6,-0.871,0.014
820.224,-0.3,2.5,-0.812,0
820.324,0,2.4,-0.745,0
820.423,0.4,2.3,-0.657,0
820.523,0.6,2.2,-0.562,-0.003
820.623,1.1,2.1,-0.45,0
820.722,1.3,2,-0.313,0
820.822,1.9,1.8,-0.144,0
820.922,2.5,1.8,0.091,-0.003
821.022,3.2,1.7,0.393,0
821.121,3.5,1.8,0.72,0.01
821.221,3.9,1.9,1.071,0
821.321,4.3,2.1,1.433,0
821.42,4.7,2.4,1.809,0
821.52,5.3,2.8,2.175,0
821.62,6.1,3.1,2.508,0
821.719,6.7,3.5,2.789,-0.003
821.819,6.9,4,3.053,0.003
821.919,7.1,4.6,3.316,0
822.018,7.5,5.2,3.587,0
822.118,8.2,5.7,3.794,0.007
822.218,8.9,6,3.928,-0.003
822.317,9.3,6.2,4.005,-0.003
822.417,9.4,6.4,4.054,-0.003
822.517,9.5,6.4,4.089,0
822.616,9.4,6.5,4.114,0
822.716,9.4,6.4,4.135,-0.003
822.816,9.3,6.4,4.145,0
822.915,9.4,6.5,4.152,0
823.015,9.1,6.3,4.16,0
823.115,9,6.4,4.16,-0.003
823.214,8.8,6.2,4.16,-0.003
823.314,8.6,6.3,4.156,-0.007
823.414,8.2,6.1,4.156,-0.003
823.513,8.1,6.2,4.149,-0.003
823.613,7.5,6.1,4.142,-0.003
823.713,7.3,6,4.138,-0.003
823.812,6.9,5.9,4.124,-0.007
823.912,6.5,5.9,4.114,-0.003
824.012,6,5.8,4.103,-0.003
824.111,5.6,5.6,4.089,-0.003
824.211,5.2,5.5,4.068,-0.003
824.311,4.7,5.3,4.047,-0.007
824.41,4.2,5.2,4.023,-0.003
824.51,3.7,5.1,3.994,0
824.61,3.2,4.9,3.966,-0.007
824.709,2.7,4.7,3.938,-0.003
824.809,2.3,4.6,3.9,0
824.909,1.7,4.4,3.861,0
825.009,1.1,4.2,3.826,-0.003
825.108,0.7,4.1,3.777,-0.003
825.208,0.2,3.8,3.731,0.007
825.308,-0.4,3.7,3.682,-0.007
825.407,-0.7,3.5,3.629,0
825.507,-1.2,3.4,3.562,-0.003
825.607,-1.6,3.2,3.496,0
825.706,-2,3,3.408,-0.003
825.806,-2.4,2.9,3.32,0
825.906,-2.7,2.7,3.197,-0.003
826.005,-3.1,2.4,3.039,0
826.105,-3.7,2.1,2.807,-0.003
826.205,-4.2,2,2.547,0.017
826.304,-4.7,1.8,2.28,0
826.404,-4.9,1.7,2.009,0
826.504,-5.2,1.7,1.718,0
826.603,-5.4,1.7,1.405,0
826.703,-5.7,1.8,1.079,0
826.803,-6.1,1.9,0.752,0
826.902,-6.6,2.1,0.443,0
827.002,-7.1,2.3,0.158,0
827.102,-7.5,2.5,-0.095,-0.003
827.201,-7.6,2.8,-0.334,0.017
827.301,-7.7,3.1,-0.573,0
827.401,-7.8,3.4,-0.819,0
827.5,-8.4,3.7,-1.04,0
827.6,-9,4,-1.18,-0.003
827.7,-9.5,4.1,-1.265,0.003
827.799,-9.5,4.1,-1.303,0.003
827.899,-9.5,4,-1.324,0
827.999,-9.4,4.2,-1.331,0
828.098,-9.3,4,-1.335,0.003
828.198,-9,4.1,-1.338,0.01
828.298,-8.7,4.1,-1.335,0.003
828.397,-8.4,4.1,-1.331,0
828.497,-8.1,4,-1.324,0.003
828.597,-7.8,4,-1.317,0
828.696,-7.4,3.9,-1.307,0
828.796,-7.1,3.8,-1.303,-0.003
828.896,-6.6,3.9,-1.289,0
828.995,-6.1,3.7,-1.279,0
829.095,-5.7,3.7,-1.261,0
829.195,-5.3,3.6,-1.247,0
829.295,-4.8,3.5,-1.219,0.003
829.394,-4.3,3.5,-1.191,-0.003
829.494,-3.7,3.3,-1.166,0
829.594,-3.3,3.2,-1.131,-0.003
829.693,-2.9,3.1,-1.096,0
829.793,-2.3,3,-1.054,-0.003
829.893,-1.8,2.9,-1.012,-0.003
829.992,-1.4,2.7,-0.963,0
830.092,-0.9,2.6,-0.91,0
830.192,-0.4,2.6,-0.854,0.003
830.291,0,2.4,-0.783,0
830.391,0.3,2.3,-0.71,0
830.491,0.7,2.2,-0.618,0
830.59,0.9,2,-0.509,0
830.69,1.2,1.9,-0.383,-0.003
830.79,1.6,1.9,-0.228,-0.003
830.889,2.3,1.8,-0.014,0
830.989,2.9,1.7,0.278,0
831.089,3.3,1.7,0.594,0.003
831.188,3.7,1.7,0.942,0
831.288,4.1,1.9,1.31,0.014
831.388,4.6,2.2,1.69,0
831.487,5,2.5,2.076,0
831.587,5.9,2.9,2.435,-0.003
831.687,6.4,3.4,2.726,0
831.786,6.8,3.8,3.004,0
831.886,7,4.3,3.267,0
831.986,7.3,4.9,3.541,0
832.085,8,5.4,3.78,-0.003
832.185,8.8,5.9,3.942,0
832.285,9.1,6.1,4.033,0.007
832.384,9.4,6.3,4.096,0
832.484,9.5,6.2,4.135,-0.003
832.584,9.4,6.3,4.167,-0.003
832.683,9.4,6.4,4.188,-0.007
832.783,9.4,6.4,4.198,-0.003
832.883,9.4,6.3,4.212,-0.003
832.982,9.2,6.4,4.216,-0.003
833.082,9,6.3,4.216,-0.003
833.182,8.9,6.2,4.216,-0.003
833.282,8.6,6.3,4.216,0.014
833.381,8.4,6.2,4.216,-0.007
833.481,8.2,6.2,4.209,-0.003
833.581,7.8,6.1,4.205,-0.003
833.68,7.4,6,4.198,0
833.78,7,5.9,4.191,-0.003
833.88,6.6,5.9,4.181,-0.003
833.979,6.1,5.9,4.167,-0.007
834.079,5.8,5.6,4.152,-0.003
834.179,5.3,5.5,4.135,-0.003
834.278,4.8,5.4,4.117,0.003
834.378,4.3,5.2,4.089,-0.003
834.478,4,5.1,4.065,-0.007
834.577,3.3,4.9,4.037,-0.003
834.677,2.9,4.8,4.005,-0.003
834.777,2.4,4.6,3.973,-0.003
834.876,1.9,4.4,3.938,-0.003
834.976,1.4,4.3,3.9,-0.003
835.076,1,4.1,3.854,-0.003
835.175,0.3,3.8,3.805,-0.003
835.275,-0.1,3.7,3.759,-0.003
835.375,-0.6,3.5,3.706,-0.003
835.474,-1,3.4,3.643,-0.003
835.574,-1.4,3.2,3.573,-0.003
835.674,-1.9,3.1,3.496,-0.003
835.773,-2.2,2.8,3.411,-0.003
835.873,-2.7,2.7,3.299,-0.003
835.973,-3,2.5,3.151,-0.003
836.072,-3.5,2.2,2.944,-0.003
836.172,-3.9,2,2.691,-0.003
836.272,-4.5,1.8,2.421,-0.003
836.371,-4.9,1.9,2.147,0.003
836.471,-5.1,1.6,1.855,0
836.571,-5.3,1.6,1.553,0
836.67,-5.7,1.7,1.216,0
836.77,-6,1.7,0.892,0
836.87,-6.4,1.9,0.566,0
836.969,-6.9,2,0.271,-0.003
837.069,-7.5,2.3,-0.004,0
837.169,-7.6,2.6,-0.246,0
837.268,-7.7,2.8,-0.485,0
837.368,-7.7,3.2,-0.734,0.017
837.468,-8.1,3.5,-0.977,-0.003
837.568,-8.8,3.8,-1.149,0
837.667,-9.3,3.9,-1.258,0
837.767,-9.5,4.1,-1.31,0.003
837.867,-9.6,4.1,-1.335,0
837.966,-9.4,4.1,-1.346,-0.003
838.066,-9.2,4.1,-1.353,0
838.166,-9,4,-1.356,0
838.265,-8.8,4,-1.349,0
838.365,-8.5,4.1,-1.353,0.01
838.465,-8.3,3.9,-1.349,-0.003
838.564,-7.9,3.9,-1.342,0.003
838.664,-7.5,4,-1.335,-0.003
838.764,-7.2,3.8,-1.328,0
838.863,-6.8,3.8,-1.314,-0.003
838.963,-6.3,3.7,-1.3,0
839.063,-5.8,3.6,-1.286,0
839.162,-5.5,3.6,-1.272,0
839.262,-4.9,3.5,-1.247,0
839.362,-4.5,3.4,-1.223,0.007
839.461,-3.9,3.3,-1.191,-0.003
839.561,-3.6,3.1,-1.163,0
839.661,-3,3.1,-1.124,0
839.76,-2.5,2.9,-1.086,0
839.86,-2,2.8,-1.047,-0.003
839.96,-1.6,2.7,-0.998,0
840.059,-1,2.6,-0.945,0
840.159,-0.6,2.6,-0.889,-0.003
840.259,-0.2,2.4,-0.822,0
840.358,0.2,2.3,-0.752,0.003
840.458,0.5,2.2,-0.667,-0.003
840.558,0.8,2,-0.566,0
840.657,1.1,1.9,-0.439,0
840.757,1.5,1.8,-0.299,0
840.857,2,1.7,-0.105,-0.003
840.956,2.7,1.6,0.162,-0.003
841.056,3.2,1.7,0.481,0
841.156,3.6,1.6,0.822,0
841.255,3.9,1.8,1.184,0
841.355,4.4,2.1,1.563,-0.003
841.455,4.8,2.3,1.95,0
841.555,5.5,2.8,2.326,-0.003
841.654,6.3,3.1,2.649,0
841.754,6.9,3.6,2.923,0
841.854,7,4,3.172,0
841.953,7.3,4.6,3.429,-0.003
842.053,7.7,5,3.664,0
842.153,8.4,5.6,3.875,0
842.252,8.8,5.9,3.998,0
842.352,9.3,6,4.082,0
842.452,9.4,6.1,4.128,0.01
842.551,9.4,6.2,4.167,-0.003
842.651,9.4,6.2,4.191,0
842.751,9.4,6.2,4.212,-0.003
842.85,9.3,6.2,4.226,-0.007
842.95,9.3,6.1,4.226,-0.003
843.05,9.1,6.2,4.226,-0.003
843.149,8.8,6.1,4.23,-0.003
843.249,8.7,6.1,4.23,-0.007
843.349,8.5,6,4.226,-0.003
843.448,8.2,6.1,4.223,0.007
843.548,7.9,5.9,4.219,-0.007
843.648,7.5,5.8,4.212,-0.003
843.747,7.2,5.9,4.202,-0.003
843.847,6.7,5.7,4.195,-0.007
843.947,6.4,5.6,4.181,0
844.046,5.8,5.5,4.167,-0.003
844.146,5.3,5.4,4.149,-0.003
844.246,5,5.3,4.135,-0.003
844.345,4.5,5.1,4.11,0
844.445,4.1,5.1,4.086,0.007
844.545,3.5,4.8,4.051,-0.003
844.644,3.1,4.7,4.026,0
844.744,2.5,4.5,3.994,-0.003
844.844,2,4.3,3.959,-0.003
844.943,1.5,4.1,3.914,0
845.043,1.1,4,3.875,-0.003
845.143,0.5,3.7,3.829,-0.003
845.242,0.1,3.6,3.784,0
845.342,-0.4,3.5,3.724,-0.003
845.442,-0.9,3.3,3.664,0.007
845.542,-1.3,3.1,3.59,-0.003
845.641,-1.7,2.9,3.513,-0.003
845.741,-2,2.8,3.422,0
845.841,-2.4,2.6,3.313,-0.003
845.94,-2.8,2.3,3.162,0
846.04,-3.3,2.1,2.965,0
846.14,-4,1.9,2.709,-0.003
846.239,-4.4,1.8,2.463,0
846.339,-4.8,1.6,2.199,0
846.439,-5,1.6,1.922,0
846.538,-5.3,1.5,1.623,0
846.638,-5.5,1.6,1.303,0
846.738,-5.8,1.7,0.977,0
846.837,-6.3,1.8,0.65,0
846.937,-6.8,2,0.344,0
847.037,-7.2,2.3,0.067,0
847.136,-7.5,2.5,-0.183,0
847.236,-7.8,2.7,-0.418,0
847.336,-7.7,3.1,-0.66,0
847.435,-8,3.4,-0.906,0
847.535,-8.6,3.7,-1.114,0
847.635,-9.2,3.9,-1.24,0
847.734,-9.5,4,-1.307,0.003
847.834,-9.6,4,-1.342,0
847.934,-9.5,3.9,-1.356,0
848.033,-9.3,4,-1.363,0
848.133,-9.2,4,-1.363,0
848.233,-8.9,3.9,-1.367,-0.003
848.332,-8.5,4,-1.363,0
848.432,-8.3,3.8,-1.36,0
848.532,-8.1,4,-1.356,0.01
848.631,-7.7,3.7,-1.349,-0.003
848.731,-7.3,3.8,-1.338,0
848.831,-6.9,3.7,-1.331,-0.003
848.93,-6.4,3.6,-1.321,-0.003
849.03,-6,3.6,-1.303,-0.003
849.13,-5.5,3.5,-1.286,0.003
849.229,-5.1,3.5,-1.265,0
849.329,-4.6,3.4,-1.244,-0.003
849.429,-4.1,3.2,-1.216,0
849.529,-3.6,3.2,-1.187,0.014
849.628,-3.2,3.1,-1.152,0
849.728,-2.7,3,-1.114,0
849.828,-2.2,2.8,-1.075,0
849.927,-1.7,2.7,-1.026,0
850.027,-1.2,2.6,-0.973,0
850.127,-0.7,2.5,-0.92,0.003
850.226,-0.3,2.3,-0.857,0
850.326,0,2.2,-0.79,0
850.426,0.3,2.1,-0.706,0
850.525,0.7,2,-0.611,0.014
850.625,1,2,-0.495,0
850.725,1.3,1.7,-0.362,0
850.824,1.8,1.6,-0.186,0.003
850.924,2.6,1.6,0.067,0
851.024,3,1.6,0.383,0
851.123,3.4,1.6,0.717,0.003
851.223,3.8,1.7,1.079,0.003
851.323,4.2,1.9,1.465,0
851.422,4.7,2.2,1.848,0
851.522,5.2,2.5,2.238,0.014
851.622,6,3,2.575,-0.003
851.721,6.5,3.5,2.877,0
851.821,6.9,3.8,3.155,0
851.921,7.1,4.3,3.422,-0.003
852.02,7.5,5,3.692,0
852.12,8.2,5.5,3.924,-0.003
852.22,8.8,5.8,4.061,0
852.319,9.2,6,4.149,0
852.419,9.4,6.2,4.209,-0.003
852.519,9.5,6.2,4.247,0
852.618,9.4,6.2,4.272,-0.003
852.718,9.4,6.2,4.29,0
852.818,9.4,6.3,4.307,0
852.917,9.3,6.2,4.318,-0.003
853.017,9.1,6.2,4.318,-0.003
853.117,8.9,6.2,4.318,-0.003
853.216,8.8,6.1,4.321,-0.003
853.316,8.4,6.2,4.318,-0.003
853.416,8.2,6,4.318,-0.003
853.516,7.9,6,4.314,-0.003
853.615,7.6,6,4.307,0
853.715,7.3,6,4.304,-0.003
853.815,6.8,5.9,4.29,-0.003
853.914,6.4,5.8,4.279,-0.003
854.014,6,5.6,4.268,-0.003
854.114,5.5,5.5,4.254,-0.003
854.213,5.1,5.4,4.233,-0.003
854.313,4.6,5.3,4.216,-0.003
854.413,4.2,5.1,4.191,-0.007
854.512,3.8,5,4.163,-0.003
854.612,3.2,4.9,4.131,0.007
854.712,2.8,4.7,4.096,-0.003
854.811,2.2,4.5,4.065,0
854.911,1.8,4.3,4.026,0
855.011,1.2,4.1,3.98,-0.007
855.11,0.7,3.8,3.935,0
855.21,0.2,3.7,3.893,0
855.31,-0.4,3.6,3.833,-0.003
855.409,-0.7,3.3,3.78,0
855.509,-1.3,3.2,3.713,0
855.609,-1.6,3.1,3.643,0.014
855.708,-2,2.8,3.559,-0.003
855.808,-2.4,2.7,3.46,-0.003
855.908,-2.8,2.5,3.341,-0.003
856.007,-3.2,2.2,3.169,0
856.107,-3.8,2,2.933,0
856.207,-4.2,1.8,2.673,0
856.306,-4.5,1.7,2.403,-0.003
856.406,-4.9,1.6,2.122,0.003
856.506,-5.2,1.6,1.82,0
856.605,-5.4,1.6,1.504,0.014
856.705,-5.7,1.6,1.166,0
856.805,-6,1.7,0.829,0.003
856.904,-6.5,1.9,0.506,0
857.004,-7,2.2,0.207,0
857.104,-7.4,2.3,-0.067,0
857.203,-7.6,2.6,-0.313,0
857.303,-7.6,2.8,-0.555,0
857.403,-7.7,3.1,-0.808,0
857.503,-8.2,3.5,-1.047,0
857.602,-8.9,3.7,-1.205,0.003
857.702,-9.3,4,-1.3,0.003
857.802,-9.5,3.9,-1.349,-0.003
857.901,-9.5,3.9,-1.37,0.003
858.001,-9.4,4,-1.381,0
858.101,-9.3,3.9,-1.384,0
858.2,-9,3.9,-1.384,0
858.3,-8.7,3.7,-1.384,0
858.4,-8.5,4,-1.381,0
858.499,-8.2,3.7,-1.377,0
858.599,-7.8,3.8,-1.37,0
858.699,-7.4,3.7,-1.363,0
858.798,-7,3.6,-1.353,0.003
858.898,-6.6,3.6,-1.338,0
858.998,-6.3,3.5,-1.328,0
859.097,-5.6,3.6,-1.31,-0.003
859.197,-5.3,3.4,-1.293,-0.003
859.297,-4.7,3.5,-1.268,0
859.396,-4.3,3.2,-1.244,0
859.496,-3.8,3.1,-1.212,0
859.596,-3.3,3.1,-1.177,0
859.695,-2.8,2.9,-1.142,0.014
859.795,-2.3,2.8,-1.103,0
859.895,-1.9,2.7,-1.054,0
859.994,-1.3,2.5,-1.001,-0.003
860.094,-0.9,2.5,-0.949,0
860.194,-0.4,2.2,-0.885,0
860.293,0,2.2,-0.819,0.003
860.393,0.3,2.1,-0.745,0
860.493,0.6,2,-0.653,0
860.592,0.9,1.9,-0.545,0
860.692,1.2,1.7,-0.418,0.021
860.792,1.7,1.6,-0.256,0
860.891,2.3,1.6,-0.035,0
860.991,2.9,1.5,0.274,0.003
861.091,3.2,1.5,0.604,0
861.19,3.8,1.7,0.966,0
861.29,4.1,1.7,1.338,0.003
861.39,4.5,2,1.725,0
861.49,4.9,2.3,2.125,0
861.589,5.8,2.8,2.498,0
861.689,6.4,3.1,2.818,0.014
861.789,6.8,3.6,3.106,0.003
861.888,7,4,3.383,0
861.988,7.3,4.7,3.661,0
862.088,8,5.2,3.91,0
862.187,8.7,5.6,4.082,0
862.287,9.1,5.9,4.184,-0.003
862.387,9.4,6.1,4.251,0
862.486,9.4,6.2,4.297,-0.003
862.586,9.5,6.4,4.335,-0.003
862.686,9.4,6.2,4.356,0.007
862.785,9.5,6.3,4.374,-0.003
862.885,9.4,6.2,4.384,-0.003
862.985,9.2,6.2,4.388,-0.003
863.084,9.1,6.3,4.391,-0.003
863.184,8.8,6.1,4.391,0
863.284,8.6,6.1,4.391,-0.003
863.383,8.3,6.1,4.388,-0.003
863.483,8.1,6.1,4.384,-0.003
863.583,7.7,6,4.374,-0.003
863.682,7.4,5.8,4.367,-0.003
863.782,7,5.9,4.363,-0.003
863.882,6.6,5.8,4.353,-0.003
863.981,6.1,5.7,4.339,-0.003
864.081,5.7,5.6,4.325,-0.003
864.181,5.2,5.4,4.307,-0.007
864.28,4.8,5.3,4.286,-0.007
864.38,4.3,5.2,4.265,-0.003
864.48,3.9,5,4.244,-0.003
864.579,3.3,4.8,4.209,-0.003
864.679,2.9,4.7,4.181,0
864.779,2.3,4.5,4.142,-0.007
864.878,2,4.3,4.11,0
864.978,1.4,4.1,4.068,-0.003
865.078,0.9,4,4.019,-0.003
865.177,0.4,3.7,3.973,-0.003
865.277,-0.1,3.6,3.921,0
865.377,-0.5,3.5,3.861,-0.003
865.477,-1,3.2,3.801,-0.003
865.576,-1.5,3.1,3.731,-0.003
865.676,-1.8,2.9,3.657,-0.003
865.776,-2.2,2.7,3.555,0.003
865.875,-2.7,2.6,3.443,-0.003
865.975,-3.1,2.3,3.288,0
866.075,-3.6,2,3.07,0
866.174,-4.1,1.8,2.814,-0.003
866.274,-4.5,1.7,2.543,0
866.374,-4.8,1.6,2.266,0
866.473,-5.1,1.5,1.964,0
866.573,-5.3,1.5,1.648,-0.003
866.673,-5.5,1.6,1.317,0
866.772,-5.9,1.7,0.973,0.017
866.872,-6.4,1.7,0.636,0
866.972,-6.8,1.9,0.32,0.003
867.071,-7.3,2.2,0.032,0
867.171,-7.5,2.4,-0.225,0
867.271,-7.8,2.6,-0.474,0.003
867.37,-7.7,3,-0.724,0
867.47,-8,3.3,-0.973,0
867.57,-8.6,3.7,-1.166,-0.003
867.669,-9.3,3.7,-1.289,0
867.769,-9.5,3.9,-1.349,0.017
867.869,-9.5,3.8,-1.388,0
867.968,-9.4,3.9,-1.395,0
868.068,-9.3,3.7,-1.402,0
868.168,-9.1,3.9,-1.405,0.003
868.267,-8.8,3.8,-1.402,0
868.367,-8.6,3.8,-1.402,0
868.467,-8.3,3.8,-1.398,0
868.566,-7.9,3.7,-1.391,0
868.666,-7.5,3.7,-1.381,0
868.766,-7.2,3.7,-1.377,0.01
868.865,-6.6,3.7,-1.363,0
868.965,-6.3,3.5,-1.353,0.003
869.065,-5.8,3.5,-1.335,0
869.164,-5.5,3.5,-1.317,0
869.264,-4.8,3.4,-1.293,-0.003
869.364,-4.5,3.2,-1.272,0
869.464,-3.9,3.1,-1.244,-0.003
869.563,-3.5,3.1,-1.209,0
869.663,-3,2.9,-1.173,0
869.763,-2.6,2.8,-1.135,0
869.862,-2,2.7,-1.093,0
869.962,-1.6,2.5,-1.047,-0.003
870.062,-1.1,2.4,-0.987,-0.003
870.161,-0.7,2.3,-0.931,0
870.261,-0.1,2.3,-0.868,0
870.361,0.2,2,-0.79,0
870.46,0.5,2,-0.703,0
870.56,0.8,1.9,-0.601,0
870.66,1.1,1.8,-0.478,0
870.759,1.4,1.6,-0.323,0
870.859,2,1.5,-0.126,0.007
870.959,2.8,1.5,0.169,0
871.058,3.2,1.4,0.492,0
871.158,3.5,1.5,0.84,-0.003
871.258,3.8,1.6,1.216,0
871.357,4.4,1.8,1.602,0
871.457,4.7,2.1,2.006,0
871.557,5.4,2.5,2.396,-0.003
871.656,6,2.9,2.74,0
871.756,6.7,3.5,3.042,-0.003
871.856,6.9,3.9,3.323,0.003
871.955,7.1,4.3,3.601,-0.003
872.055,7.6,5,3.875,0
872.155,8.4,5.5,4.086,0
872.254,8.9,5.8,4.216,0
872.354,9.1,6,4.297,0
872.454,9.4,6.2,4.349,-0.003
872.553,9.4,6.3,4.391,0
872.653,9.4,6.2,4.416,-0.003
872.753,9.4,6.3,4.434,-0.003
872.852,9.3,6.2,4.448,0.007
872.952,9.2,6.3,4.455,-0.003
873.052,9.1,6.2,4.458,-0.003
873.151,8.9,6.1,4.458,-0.003
873.251,8.6,6.2,4.455,-0.007
873.351,8.4,6.1,4.455,-0.003
873.451,8.2,6,4.451,-0.003
873.55,7.9,5.9,4.448,-0.003
873.65,7.5,6,4.441,-0.003
873.75,7.1,5.8,4.43,-0.003
873.849,6.7,5.8,4.427,0.01
873.949,6.2,5.7,4.409,-0.007
874.049,5.8,5.6,4.398,-0.007
874.148,5.5,5.5,4.384,-0.007
874.248,4.9,5.2,4.363,-0.003
874.348,4.5,5.2,4.339,-0.003
874.447,4,5,4.314,-0.007
874.547,3.5,4.9,4.286,-0.003
874.647,3,4.7,4.254,-0.003
874.746,2.6,4.5,4.219,0
874.846,2.2,4.3,4.188,0.003
874.946,1.5,4.1,4.142,-0.003
875.045,1.1,4.1,4.103,-0.003
875.145,0.5,3.7,4.051,-0.003
875.245,0.2,3.6,4.001,-0.003
875.344,-0.4,3.4,3.945,-0.007
875.444,-0.7,3.3,3.885,-0.003
875.544,-1.3,3.1,3.812,-0.003
875.643,-1.7,2.9,3.738,-0.003
875.743,-2.2,2.7,3.654,-0.003
875.843,-2.4,2.5,3.538,0
875.942,-2.9,2.3,3.397,0
876.042,-3.4,2.1,3.197,0.003
876.142,-3.9,1.8,2.951,0
876.241,-4.4,1.6,2.691,-0.003
876.341,-4.6,1.6,2.414,-0.003
876.441,-5,1.5,2.118,0
876.54,-5.1,1.4,1.806,-0.003
876.64,-5.4,1.4,1.479,0
876.74,-5.7,1.4,1.128,0
876.839,-6.1,1.6,0.776,0.003
876.939,-6.6,1.8,0.446,0
877.039,-7.2,1.9,0.148,0.003
877.138,-7.5,2.2,-0.119,0.003
877.238,-7.7,2.5,-0.372,0
877.338,-7.7,2.8,-0.611,0
877.438,-7.8,3.1,-0.864,0
877.537,-8.3,3.4,-1.093,0
877.637,-9.1,3.7,-1.251,0
877.737,-9.3,3.8,-1.338,0
877.836,-9.5,3.8,-1.384,0
877.936,-9.5,3.9,-1.405,0.014
878.036,-9.3,3.9,-1.412,0
878.135,-9.2,3.7,-1.412,0
878.235,-9,3.8,-1.412,0
878.335,-8.7,3.7,-1.409,0
878.434,-8.3,3.7,-1.405,0
878.534,-8.1,3.7,-1.402,0
878.634,-7.7,3.7,-1.395,0
878.733,-7.2,3.6,-1.391,0
878.833,-6.9,3.5,-1.377,0
878.933,-6.4,3.6,-1.367,0.014
879.032,-6,3.4,-1.353,-0.003
879.132,-5.4,3.4,-1.335,0
879.232,-5,3.3,-1.314,0
879.331,-4.6,3.2,-1.293,-0.003
879.431,-4.1,3.1,-1.261,0
879.531,-3.6,3.1,-1.233,0
879.63,-3.1,2.8,-1.194,0
879.73,-2.7,2.8,-1.163,0
879.83,-2.2,2.7,-1.121,0
879.929,-1.7,2.5,-1.075,0.017
880.029,-1.3,2.4,-1.022,0
880.129,-0.7,2.3,-0.966,0
880.228,-0.3,2.2,-0.906,0
880.328,0,2.1,-0.833,0
880.428,0.4,1.9,-0.752,0
880.527,0.7,1.9,-0.653,0
880.627,1,1.7,-0.534,0
880.727,1.2,1.6,-0.393,0
880.826,1.8,1.6,-0.211,0
880.926,2.5,1.4,0.049,0.007
881.026,3,1.4,0.372,0
881.125,3.4,1.3,0.71,0
881.225,3.8,1.5,1.093,0
881.325,4.1,1.6,1.476,-0.003
881.424,4.6,2,1.88,0
881.524,5.1,2.3,2.284,0
881.624,5.8,2.8,2.659,0
881.724,6.4,3.2,2.979,0
881.823,6.9,3.6,3.271,0
881.923,7,4.1,3.552,0
882.023,7.4,4.6,3.833,0
882.122,8.2,5.3,4.068,0
882.222,8.8,5.6,4.23,0
882.322,9.2,5.9,4.328,0
882.421,9.3,6.1,4.388,-0.003
882.521,9.5,6.2,4.441,-0.003
882.621,9.4,6.1,4.465,-0.003
882.72,9.5,6.3,4.486,0
882.82,9.4,6.3,4.504,-0.003
882.92,9.2,6.2,4.514,-0.003
883.019,9.1,6.2,4.514,0.003
883.119,9,6.1,4.518,-0.003
883.219,8.8,6.1,4.521,-0.003
883.318,8.5,6.1,4.518,-0.003
883.418,8.2,6.1,4.518,-0.007
883.518,7.9,5.9,4.511,-0.007
883.617,7.6,5.9,4.504,-0.003
883.717,7.3,5.9,4.5,-0.003
883.817,6.8,5.8,4.49,-0.007
883.916,6.4,5.7,4.483,-0.003
884.016,6,5.6,4.469,0.007
884.116,5.5,5.5,4.451,-0.007
884.215,5,5.2,4.43,-0.007
884.315,4.6,5.2,4.412,-0.007
884.415,4.2,4.9,4.388,-0.003
884.514,3.7,4.8,4.36,0
884.614,3.2,4.7,4.328,-0.003
884.714,2.7,4.5,4.293,-0.003
884.813,2.3,4.3,4.261,-0.003
884.913,1.8,4.2,4.219,0
885.013,1.3,4.1,4.184,0.01
885.112,0.7,3.8,4.131,-0.003
885.212,0.3,3.6,4.086,-0.003
885.312,-0.2,3.5,4.026,-0.003
885.411,-0.7,3.3,3.966,-0.003
885.511,-1.1,3.1,3.9,0
885.611,-1.6,2.9,3.826,0
885.711,-1.9,2.8,3.734,0
885.81,-2.4,2.4,3.633,0
885.91,-2.8,2.4,3.499,-0.003
886.01,-3.2,2.1,3.323,0.017
886.109,-3.8,1.8,3.077,-0.003
886.209,-4.2,1.7,2.821,0
886.309,-4.6,1.5,2.547,0
886.408,-4.8,1.4,2.255,-0.003
886.508,-5.1,1.2,1.946,-0.003
886.608,-5.3,1.4,1.62,0
886.707,-5.6,1.3,1.279,0
886.807,-5.9,1.6,0.927,0
886.907,-6.4,1.6,0.58,0
887.006,-6.9,1.9,0.26,0.003
887.106,-7.2,2,-0.028,0
887.206,-7.7,2.4,-0.288,0
887.305,-7.6,2.6,-0.538,0
887.405,-7.7,3,-0.79,0
887.505,-8.1,3.3,-1.04,0
887.604,-8.8,3.5,-1.223,0.003
887.704,-9.2,3.8,-1.331,0.003
887.804,-9.5,3.8,-1.388,0
887.903,-9.5,3.8,-1.416,0
888.003,-9.5,3.8,-1.426,0.003
888.103,-9.3,3.7,-1.43,0.003
888.202,-9,3.7,-1.433,0
888.302,-8.6,3.7,-1.43,0.003
888.402,-8.4,3.7,-1.43,0
888.501,-8.1,3.7,-1.423,0.003
888.601,-7.8,3.7,-1.419,0.003
888.701,-7.4,3.5,-1.409,0
888.8,-7,3.5,-1.398,0
888.9,-6.6,3.5,-1.388,0.003
889,-6.2,3.4,-1.377,0
889.099,-5.7,3.4,-1.36,0.014
889.199,-5.3,3.3,-1.338,0
889.299,-4.7,3.2,-1.317,0
889.398,-4.3,3.1,-1.289,0
889.498,-3.9,3.1,-1.258,0
889.598,-3.4,2.9,-1.226,0
889.697,-2.8,2.8,-1.187,0
889.797,-2.4,2.6,-1.145,0
889.897,-1.9,2.5,-1.1,0
889.997,-1.3,2.4,-1.05,0
890.096,-0.9,2.3,-1.001,0.01
890.196,-0.4,2.2,-0.938,0
890.296,-0.1,2.1,-0.868,0
890.395,0.3,1.9,-0.794,-0.003
890.495,0.5,1.8,-0.703,0.003
890.595,0.8,1.8,-0.587,0
890.694,1.1,1.6,-0.46,0.003
890.794,1.6,1.5,-0.288,0
890.894,2.3,1.4,-0.053,0
890.993,2.9,1.4,0.256,0.003
891.093,3.2,1.3,0.597,0.021
891.193,3.6,1.3,0.959,0.003
891.292,4,1.6,1.349,0.003
891.392,4.4,1.8,1.75,0
891.492,4.7,2.1,2.161,0
891.591,5.6,2.5,2.558,0
891.691,6.1,3,2.909,0
891.791,6.8,3.4,3.218,0
891.89,6.9,3.8,3.496,0
891.99,7.3,4.5,3.784,0.003
892.09,7.8,5.1,4.037,0.007
892.189,8.5,5.5,4.237,-0.003
892.289,9,5.8,4.356,0
892.389,9.3,6,4.441,0
892.488,9.4,6,4.49,0
892.588,9.5,6.1,4.528,0
892.688,9.4,6.1,4.556,-0.003
892.787,9.4,6.2,4.571,-0.003
892.887,9.4,6.2,4.581,-0.003
892.987,9.2,6.2,4.588,-0.007
893.086,9,6.2,4.592,0
893.186,8.9,6.1,4.592,-0.003
893.286,8.6,6.1,4.588,-0.003
893.385,8.4,6,4.588,-0.003
893.485,8.1,6,4.585,-0.003
893.585,7.8,5.9,4.578,-0.007
893.684,7.4,5.9,4.571,-0.003
893.784,7,5.8,4.56,-0.003
893.884,6.6,5.7,4.553,-0.007
893.984,6.1,5.6,4.542,-0.003
894.083,5.6,5.5,4.525,-0.003
894.183,5.2,5.4,4.511,-0.003
894.283,4.8,5.3,4.486,-0.003
894.382,4.4,5.1,4.469,-0.003
894.482,3.8,4.9,4.444,-0.007
894.582,3.4,4.7,4.409,-0.003
894.681,2.9,4.6,4.377,-0.003
894.781,2.3,4.4,4.335,-0.007
894.881,2,4.2,4.307,0
894.98,1.4,4,4.265,-0.003
895.08,0.9,3.8,4.219,-0.003
895.18,0.4,3.7,4.167,0.003
895.279,0,3.5,4.114,-0.003
895.379,-0.5,3.3,4.058,-0.003
895.479,-1,3.1,3.991,-0.003
895.578,-1.3,3,3.921,-0.003
895.678,-1.9,2.7,3.829,-0.003
895.778,-2.2,2.5,3.738,-0.003
895.877,-2.6,2.4,3.611,0
895.977,-3.1,2.1,3.45,0
896.077,-3.6,1.8,3.225,0
896.176,-4.1,1.7,2.962,0.014
896.276,-4.5,1.6,2.691,0
896.376,-4.7,1.4,2.406,0
896.475,-5.1,1.4,2.104,0
896.575,-5.2,1.3,1.785,0
896.675,-5.4,1.3,1.444,0
896.774,-5.7,1.3,1.089,0
896.874,-6.2,1.6,0.731,0
896.974,-6.6,1.7,0.397,0
897.073,-7.2,2,0.088,0
897.173,-7.5,2.2,-0.179,0.017
897.273,-7.8,2.4,-0.436,0
897.372,-7.7,2.8,-0.675,0
897.472,-7.9,3.1,-0.938,0
897.572,-8.4,3.4,-1.156,0.003
897.671,-9.1,3.6,-1.307,0
897.771,-9.3,3.7,-1.381,0.003
897.871,-9.5,3.7,-1.419,0
897.97,-9.4,3.7,-1.433,0
898.07,-9.3,3.7,-1.44,0
898.17,-9,3.8,-1.444,0.01
898.27,-8.9,3.6,-1.444,0
898.369,-8.6,3.6,-1.444,0
898.469,-8.3,3.6,-1.437,0
898.569,-7.9,3.6,-1.433,0.003
898.668,-7.5,3.6,-1.423,0
898.768,-7.1,3.5,-1.416,0
898.868,-6.7,3.5,-1.405,0.003
898.967,-6.3,3.4,-1.395,0.003
899.067,-5.8,3.4,-1.377,-0.003
899.167,-5.3,3.3,-1.36,0.003
899.266,-4.9,3.2,-1.338,0
899.366,-4.5,3.2,-1.31,-0.003
899.466,-4,2.9,-1.286,0
899.565,-3.6,2.9,-1.251,-0.003
899.665,-3,2.8,-1.212,0
899.765,-2.6,2.6,-1.177,0
899.864,-2.1,2.5,-1.128,0
899.964,-1.6,2.4,-1.086,0
900.064,-1,2.3,-1.029,0
900.163,-0.7,2.1,-0.97,0
900.263,-0.1,2,-0.903,0
900.363,0.1,1.9,-0.833,0
900.462,0.5,1.9,-0.741,0
900.562,0.8,1.7,-0.636,0
900.662,1.1,1.6,-0.513,0
900.761,1.4,1.5,-0.358,0.003
900.861,2,1.3,-0.148,0
900.961,2.7,1.3,0.155,0
901.06,3.2,1.2,0.492,0
901.16,3.5,1.3,0.85,0
901.26,3.8,1.4,1.24,0.01
901.359,4.2,1.7,1.634,0.003
901.459,4.5,1.9,2.062,0
901.559,5.3,2.3,2.47,0
901.658,5.9,2.8,2.842,0
901.758,6.5,3.2,3.162,-0.007
901.858,6.9,3.6,3.453,0
901.957,7.1,4.2,3.731,0
902.057,7.6,4.9,4.001,0
902.157,8.3,5.3,4.23,0
902.257,8.8,5.8,4.374,0.014
902.356,9.2,5.9,4.479,0
902.456,9.3,6,4.535,0
902.556,9.4,6.2,4.588,-0.003
902.655,9.4,6.2,4.613,-0.003
902.755,9.4,6.2,4.637,-0.003
902.855,9.4,6.2,4.648,-0.007
902.954,9.2,6.2,4.658,-0.003
903.054,9.1,6.1,4.662,-0.007
903.154,9,6.2,4.665,-0.003
903.253,8.7,6.1,4.662,0.007
903.353,8.5,6.1,4.662,-0.003
903.453,8.1,5.9,4.658,-0.003
903.552,7.9,5.9,4.651,-0.003
903.652,7.5,5.9,4.644,-0.003
903.752,7.1,5.8,4.634,-0.003
903.851,6.7,5.8,4.627,0
903.951,6.3,5.6,4.616,-0.007
904.051,5.8,5.5,4.599,-0.003
904.15,5.4,5.4,4.581,-0.003
904.25,4.9,5.3,4.567,0.007
904.35,4.5,5.1,4.546,-0.003
904.449,4.1,5,4.518,-0.003
904.549,3.6,4.8,4.486,-0.003
904.649,3,4.7,4.458,-0.003
904.748,2.6,4.4,4.427,0
904.848,2.1,4.2,4.388,0
904.948,1.6,4.1,4.346,0
905.047,1.1,3.8,4.304,0
905.147,0.5,3.6,4.258,0
905.247,0.2,3.5,4.212,0
905.346,-0.4,3.4,4.145,-0.003
905.446,-0.7,3.2,4.082,0
905.546,-1.3,3,4.008,-0.003
905.645,-1.6,2.9,3.931,0
905.745,-2.1,2.6,3.833,0
905.845,-2.4,2.4,3.72,-0.003
905.944,-3,2.2,3.569,-0.003
906.044,-3.3,1.9,3.355,0
906.144,-3.9,1.7,3.106,0
906.244,-4.3,1.5,2.842,0.003
906.343,-4.6,1.4,2.558,0.003
906.443,-4.9,1.3,2.255,0
906.543,-5.2,1.2,1.939,-0.003
906.642,-5.3,1.3,1.605,0
906.742,-5.5,1.3,1.244,-0.003
906.842,-6,1.5,0.878,0
906.941,-6.4,1.6,0.53,0
907.041,-6.9,1.8,0.207,0
907.141,-7.3,2,-0.084,0
907.24,-7.7,2.3,-0.344,0
907.34,-7.7,2.6,-0.601,0.014
907.44,-7.8,2.9,-0.857,0
907.539,-8.2,3.3,-1.1,0
907.639,-8.9,3.5,-1.275,0
907.739,-9.2,3.7,-1.37,0.003
907.838,-9.5,3.6,-1.426,0
907.938,-9.4,3.7,-1.444,0
908.038,-9.4,3.6,-1.454,0.003
908.137,-9.2,3.6,-1.458,0
908.237,-9,3.6,-1.458,0
908.337,-8.7,3.6,-1.458,0.014
908.436,-8.3,3.6,-1.451,0
908.536,-8,3.5,-1.447,0
908.636,-7.8,3.5,-1.44,-0.003
908.735,-7.2,3.5,-1.433,0
908.835,-6.9,3.5,-1.426,-0.003
908.935,-6.4,3.4,-1.409,0.003
909.034,-6,3.3,-1.395,0
909.134,-5.5,3.2,-1.377,0
909.234,-5.1,3.1,-1.356,0
909.333,-4.5,3.2,-1.331,0.014
909.433,-4.2,2.9,-1.314,0
909.533,-3.6,2.9,-1.275,0
909.632,-3.3,2.8,-1.244,-0.003
909.732,-2.7,2.6,-1.201,0
909.832,-2.2,2.5,-1.159,-0.003
909.931,-1.7,2.4,-1.114,0
910.031,-1.2,2.2,-1.061,0
910.131,-0.9,2.1,-1.008,0
910.23,-0.4,2.1,-0.938,0
910.33,0,1.9,-0.871,0.003
910.43,0.4,1.9,-0.783,0
910.53,0.6,1.7,-0.689,0
910.629,1.1,1.6,-0.569,0
910.729,1.3,1.5,-0.425,0
910.829,1.8,1.4,-0.235,0
910.928,2.5,1.3,0.039,0
911.028,3,1.2,0.362,0.003
911.128,3.3,1.2,0.72,0.003
911.227,3.7,1.3,1.1,0
911.327,4,1.5,1.5,-0.003
911.427,4.4,1.6,1.915,0
911.526,4.9,2.1,2.34,0
911.626,5.6,2.5,2.733,0
911.726,6.4,2.9,3.085,0
911.825,6.8,3.4,3.387,0.003
911.925,7,3.9,3.671,0
912.025,7.4,4.4,3.952,0
912.124,8,5,4.198,0
912.224,8.6,5.6,4.388,0
912.324,9.1,5.8,4.504,-0.003
912.423,9.4,6.1,4.585,0.003
912.523,9.4,6.1,4.63,-0.003
912.623,9.4,6.2,4.665,0
912.722,9.4,6.1,4.69,-0.003
912.822,9.4,6.2,4.704,-0.003
912.922,9.3,6.2,4.722,-0.003
913.021,9.1,6.2,4.722,-0.003
913.121,8.9,6,4.729,0
913.221,8.7,6,4.725,0
913.32,8.5,6.1,4.725,-0.003
913.42,8.2,6,4.718,0.007
913.52,8,5.9,4.718,-0.003
913.619,7.5,5.9,4.711,-0.003
913.719,7.3,5.9,4.704,-0.003
913.819,6.7,5.7,4.697,-0.003
913.918,6.4,5.6,4.683,-0.007
914.018,5.9,5.5,4.669,0
914.118,5.5,5.3,4.655,-0.003
914.217,5,5.3,4.641,-0.007
914.317,4.7,5,4.616,-0.003
914.417,4.1,5,4.588,0.003
914.517,3.8,4.7,4.564,-0.003
914.616,3.2,4.6,4.532,-0.003
914.716,2.7,4.4,4.5,-0.003
914.816,2.3,4.2,4.469,-0.003
914.915,1.8,4.1,4.427,0
915.015,1.3,3.9,4.381,-0.003
915.115,0.7,3.8,4.332,-0.003
915.214,0.3,3.5,4.286,0
915.314,-0.2,3.4,4.226,-0.003
915.414,-0.7,3.2,4.17,0.014
915.513,-1.1,3,4.1,-0.007
915.613,-1.4,2.8,4.023,0
915.713,-1.9,2.6,3.928,-0.003
915.812,-2.3,2.5,3.819,0
915.912,-2.8,2.3,3.682,-0.003
916.012,-3.2,2,3.492,-0.003
916.111,-3.8,1.7,3.25,-0.003
916.211,-4.2,1.6,2.99,-0.003
916.311,-4.5,1.4,2.716,-0.003
916.41,-4.8,1.3,2.417,-0.003
916.51,-5.1,1.2,2.104,0
916.61,-5.2,1.2,1.771,0.003
916.709,-5.4,1.2,1.423,0
916.809,-5.8,1.3,1.057,0.003
916.909,-6.2,1.5,0.692,0
917.008,-6.6,1.7,0.351,0
917.108,-7.2,1.9,0.042,0
917.208,-7.5,2.1,-0.235,0.003
917.307,-7.7,2.4,-0.492,-0.003
917.407,-7.6,2.7,-0.745,0
917.507,-7.9,3.1,-1.012,0
917.606,-8.6,3.4,-1.216,0
917.706,-9.2,3.5,-1.353,0.003
917.806,-9.4,3.6,-1.419,0.003
917.905,-9.5,3.6,-1.451,0.003
918.005,-9.4,3.7,-1.465,0.003
918.105,-9.2,3.6,-1.465,0.003
918.204,-8.9,3.6,-1.468,0
918.304,-8.8,3.5,-1.472,0
918.404,-8.3,3.5,-1.468,0
918.503,-8.1,3.7,-1.461,0.01
918.603,-7.8,3.5,-1.461,0
918.703,-7.4,3.5,-1.447,0.003
918.803,-7.1,3.5,-1.44,-0.003
918.902,-6.6,3.4,-1.426,0.003
919.002,-6.2,3.3,-1.416,0
919.102,-5.7,3.2,-1.402,0
919.201,-5.4,3.1,-1.381,0
919.301,-4.8,3.1,-1.353,0
919.401,-4.2,2.9,-1.328,0
919.5,-3.8,2.9,-1.303,0.017
919.6,-3.3,2.8,-1.265,0
919.7,-2.8,2.5,-1.226,0
919.799,-2.3,2.4,-1.18,0
919.899,-1.9,2.3,-1.138,0
919.999,-1.4,2.2,-1.093,0
920.098,-0.9,2.1,-1.033,0
920.198,-0.5,2,-0.97,0
920.298,-0.1,1.9,-0.903,0
920.397,0.3,1.8,-0.826,0
920.497,0.6,1.7,-0.731,0.017
920.597,0.8,1.6,-0.618,0
920.696,1.2,1.5,-0.481,0
920.796,1.6,1.3,-0.309,0
920.896,2.3,1.2,-0.067,0
920.995,2.8,1.1,0.26,0.003
921.095,3.2,1.1,0.604,-0.003
921.195,3.5,1.2,0.98,0
921.294,3.9,1.4,1.381,0
921.394,4.2,1.5,1.792,0
921.494,4.7,1.9,2.224,0.014
921.593,5.4,2.3,2.642,0.003
921.693,6,2.7,3.011,0
921.793,6.7,3.1,3.334,0
921.892,7,3.7,3.626,0
921.992,7.3,4.2,3.903,0
922.092,7.6,4.8,4.17,0
922.191,8.4,5.3,4.384,0
922.291,9,5.7,4.535,-0.003
922.391,9.3,5.9,4.616,-0.003
922.49,9.4,6,4.669,-0.003
922.59,9.5,6,4.711,0
922.69,9.4,6.1,4.736,-0.003
922.79,9.4,6,4.753,-0.007
922.889,9.4,6.1,4.757,-0.003
922.989,9.1,6.1,4.764,-0.003
923.089,9.1,6,4.764,-0.003
923.188,8.8,6,4.764,-0.007
923.288,8.7,5.9,4.764,-0.007
923.388,8.3,5.9,4.76,-0.003
923.487,8,5.8,4.757,-0.003
923.587,7.9,5.9,4.753,0
923.687,7.3,5.6,4.746,-0.003
923.786,7,5.6,4.732,-0.003
923.886,6.6,5.5,4.729,-0.007
923.986,6.1,5.4,4.711,-0.003
924.085,5.6,5.3,4.697,-0.003
924.185,5.2,5.2,4.679,-0.003
924.285,4.8,5.2,4.662,-0.003
924.384,4.3,4.9,4.637,-0.003
924.484,3.9,4.7,4.613,0
924.584,3.2,4.7,4.581,0.007
924.683,2.9,4.4,4.549,0
924.783,2.4,4.3,4.518,-0.003
924.883,2,4.1,4.483,-0.003
924.982,1.4,4,4.441,0
925.082,0.9,3.7,4.391,-0.003
925.182,0.4,3.6,4.346,-0.003
925.281,-0.1,3.4,4.293,-0.003
925.381,-0.4,3.1,4.233,-0.003
925.481,-0.9,3.1,4.17,-0.003
925.58,-1.3,2.9,4.093,0.01
925.68,-1.7,2.7,4.008,-0.003
925.78,-2.1,2.4,3.907,-0.003
925.879,-2.5,2.2,3.78,-0.003
925.979,-3.1,2,3.604,-0.003
926.079,-3.6,1.8,3.373,0
926.178,-4.2,1.5,3.116,0
926.278,-4.3,1.4,2.849,0
926.378,-4.6,1.3,2.551,0
926.477,-5,1.1,2.231,0
926.577,-5.1,1.1,1.904,0.017
926.677,-5.4,1.1,1.553,0
926.776,-5.7,1.2,1.191,0.003
926.876,-6,1.4,0.819,0
926.976,-6.4,1.5,0.474,0
927.076,-7,1.7,0.144,0
927.175,-7.4,2,-0.148,0
927.275,-7.7,2.2,-0.415,0
927.375,-7.7,2.5,-0.664,0
927.474,-7.8,2.8,-0.927,0.003
927.574,-8.4,3.3,-1.159,0.014
927.674,-9,3.5,-1.324,0
927.773,-9.3,3.6,-1.409,0
927.873,-9.5,3.6,-1.454,0
927.973,-9.5,3.5,-1.472,0.003
928.072,-9.3,3.5,-1.479,0
928.172,-9.2,3.5,-1.483,0
928.272,-8.9,3.5,-1.483,0
928.371,-8.4,3.5,-1.479,-0.003
928.471,-8.3,3.5,-1.479,0
928.571,-7.9,3.5,-1.472,0
928.67,-7.6,3.4,-1.465,0.003
928.77,-7,3.4,-1.458,0.003
928.87,-6.7,3.3,-1.444,0
928.969,-6.3,3.3,-1.433,0
929.069,-5.8,3.2,-1.419,0
929.169,-5.4,3.1,-1.402,0
929.268,-4.9,3.1,-1.377,0
929.368,-4.5,2.9,-1.353,0
929.468,-3.9,2.9,-1.321,0
929.567,-3.5,2.8,-1.293,0
929.667,-3.1,2.6,-1.254,0.003
929.767,-2.6,2.5,-1.212,-0.003
929.866,-2,2.3,-1.166,0
929.966,-1.5,2.3,-1.117,0
930.066,-1,2.1,-1.064,0.003
930.165,-0.7,2,-1.008,-0.003
930.265,-0.2,1.9,-0.942,0
930.365,0.1,1.7,-0.864,0
930.464,0.5,1.7,-0.776,0
930.564,0.8,1.6,-0.671,0
930.664,1.1,1.4,-0.545,0.017
930.763,1.4,1.3,-0.386,-0.003
930.863,2,1.2,-0.165,0
930.963,2.6,1.1,0.137,0
931.063,3.1,1.1,0.485,0
931.162,3.5,1.1,0.854,0
931.262,3.8,1.2,1.251,0
931.362,4,1.5,1.658,0
931.461,4.4,1.7,2.094,0
931.561,5,2,2.519,-0.003
931.661,5.8,2.6,2.912,0.014
931.76,6.5,3,3.26,0.003
931.86,6.9,3.5,3.562,0.003
931.96,7.2,4,3.854,0
932.059,7.5,4.6,4.124,0
932.159,8.2,5.2,4.381,-0.003
932.259,8.6,5.6,4.542,0
932.358,9.1,5.9,4.658,-0.003
932.458,9.3,5.9,4.729,-0.003
932.558,9.4,6.1,4.778,-0.003
932.657,9.5,6.2,4.806,0.01
932.757,9.4,6.1,4.827,-0.003
932.857,9.3,6.1,4.841,-0.003
932.956,9.2,6.1,4.848,-0.003
933.056,9.2,6.1,4.855,-0.003
933.156,8.8,5.9,4.852,-0.003
933.255,8.7,6,4.852,-0.003
933.355,8.4,5.9,4.848,-0.003
933.455,8.2,5.9,4.848,-0.003
933.554,7.9,5.8,4.845,0
933.654,7.5,5.8,4.834,0
933.754,7.2,5.8,4.831,-0.003
933.853,6.7,5.6,4.816,-0.007
933.953,6.4,5.6,4.806,-0.003
934.053,5.8,5.3,4.792,-0.003
934.152,5.4,5.3,4.778,-0.003
934.252,4.9,5.1,4.76,-0.003
934.352,4.5,5,4.736,-0.003
934.451,4,4.9,4.708,-0.007
934.551,3.5,4.7,4.679,-0.007
934.651,3.2,4.6,4.651,-0.003
934.75,2.6,4.4,4.616,-0.003
934.85,2,4.2,4.578,-0.003
934.95,1.5,4,4.532,0
935.049,1.2,3.7,4.493,-0.003
935.149,0.5,3.7,4.444,-0.003
935.249,0.2,3.4,4.391,-0.003
935.349,-0.4,3.3,4.335,-0.003
935.448,-0.8,3.1,4.275,0
935.548,-1.3,2.8,4.205,-0.003
935.648,-1.6,2.7,4.117,-0.003
935.747,-2,2.5,4.019,0.01
935.847,-2.4,2.3,3.903,0
935.947,-3,1.9,3.741,-0.003
936.046,-3.5,1.8,3.52,0
936.146,-3.9,1.6,3.267,-0.003
936.246,-4.3,1.4,3.004,0
936.345,-4.5,1.3,2.712,0
936.445,-4.8,1.1,2.403,0
936.545,-5.1,1.1,2.076,0
936.644,-5.2,1.1,1.732,0
936.744,-5.5,1.1,1.367,0.014
936.844,-5.8,1.2,0.991,0
936.943,-6.2,1.5,0.625,0
937.043,-6.8,1.6,0.281,0
937.143,-7.2,1.8,-0.028,-0.003
937.242,-7.6,2,-0.309,0
937.342,-7.7,2.4,-0.562,0
937.442,-7.7,2.7,-0.826,0
937.541,-8.1,3.1,-1.086,-0.003
937.641,-8.7,3.4,-1.279,0
937.741,-9.2,3.5,-1.398,0.014
937.84,-9.5,3.5,-1.454,0
937.94,-9.5,3.5,-1.483,0
938.04,-9.4,3.5,-1.49,0
938.139,-9.2,3.5,-1.497,-0.003
938.239,-8.9,3.5,-1.497,0.003
938.339,-8.7,3.4,-1.497,0
938.438,-8.3,3.4,-1.493,0
938.538,-8.1,3.5,-1.486,0
938.638,-7.8,3.4,-1.479,0
938.737,-7.3,3.4,-1.472,0.01
938.837,-6.9,3.3,-1.465,0
938.937,-6.3,3.3,-1.451,-0.003
939.036,-6,3.2,-1.433,0
939.136,-5.5,3.1,-1.419,-0.003
939.236,-5.1,3.1,-1.398,0
939.336,-4.5,3,-1.374,-0.003
939.435,-4.2,2.8,-1.346,0
939.535,-3.7,2.7,-1.314,-0.003
939.635,-3.1,2.6,-1.279,0
939.734,-2.7,2.5,-1.24,0
939.834,-2.2,2.3,-1.194,-0.003
939.934,-1.7,2.2,-1.149,0
940.033,-1.2,2.2,-1.096,0
940.133,-0.8,2,-1.04,0
940.233,-0.3,1.9,-0.977,0
940.332,0.1,1.8,-0.906,0
940.432,0.3,1.6,-0.822,0.003
940.532,0.6,1.6,-0.72,0
940.631,1,1.4,-0.601,0.003
940.731,1.1,1.3,-0.453,0
940.831,1.8,1.2,-0.256,0
940.93,2.5,1.1,0.028,0
941.03,2.9,1,0.358,0.003
941.13,3.2,1,0.727,0
941.229,3.7,1.1,1.128,0
941.329,4,1.3,1.539,0
941.429,4.4,1.6,1.974,0
941.528,4.8,1.9,2.41,0
941.628,5.5,2.3,2.832,-0.003
941.728,6.1,2.8,3.197,0
941.827,6.7,3.2,3.524,0.007
941.927,7,3.7,3.815,0
942.027,7.4,4.3,4.107,0
942.126,7.8,4.9,4.36,-0.003
942.226,8.6,5.4,4.567,0
942.326,9,5.7,4.694,-0.003
942.425,9.3,5.9,4.774,-0.003
942.525,9.4,6,4.831,0
942.625,9.5,6,4.866,-0.003
942.724,9.4,6.1,4.89,-0.003
942.824,9.4,6.2,4.904,0.007
942.924,9.3,6.1,4.911,-0.003
943.023,9.1,5.9,4.918,-0.003
943.123,9,6,4.918,-0.003
943.223,8.8,5.9,4.918,-0.007
943.323,8.6,5.9,4.915,0
943.422,8.2,5.9,4.908,-0.003
943.522,7.9,5.8,4.904,-0.007
943.622,7.6,5.8,4.901,-0.003
943.721,7.3,5.6,4.897,-0.003
943.821,6.8,5.6,4.887,0.007
943.921,6.5,5.5,4.876,-0.003
944.02,6,5.3,4.859,-0.003
944.12,5.6,5.3,4.848,-0.003
944.22,5.1,5.3,4.831,-0.003
944.319,4.6,5,4.809,-0.007
944.419,4.1,4.8,4.785,-0.007
944.519,3.8,4.7,4.757,-0.007
944.618,3.2,4.6,4.725,-0.007
944.718,2.7,4.4,4.694,0
944.818,2.3,4.2,4.655,0
944.917,1.8,4.1,4.616,-0.003
945.017,1.2,3.7,4.574,-0.003
945.117,0.8,3.6,4.525,-0.003
945.216,0.3,3.4,4.479,0
945.316,-0.2,3.3,4.419,-0.003
945.416,-0.6,3.1,4.356,-0.003
945.515,-1.1,2.9,4.29,-0.003
945.615,-1.5,2.7,4.212,-0.003
945.715,-1.9,2.5,4.121,0
945.814,-2.3,2.3,4.008,0.003
945.914,-2.7,2.1,3.864,-0.003
946.014,-3.3,1.9,3.664,-0.003
946.113,-3.8,1.6,3.418,-0.003
946.213,-4.2,1.3,3.151,0
946.313,-4.5,1.3,2.87,0
946.412,-4.6,1.1,2.558,0
946.512,-5,1,2.227,0
946.612,-5.1,1,1.894,0
946.711,-5.4,1,1.532,0
946.811,-5.6,1.1,1.156,0
946.911,-6.1,1.3,0.769,0
947.01,-6.6,1.5,0.415,0
947.11,-7.1,1.6,0.088,0
947.21,-7.5,2,-0.207,0
947.31,-7.7,2.2,-0.478,0
947.409,-7.5,2.5,-0.738,0
947.509,-7.8,2.8,-1.008,0
947.609,-8.5,3.2,-1.233,-0.003
947.708,-9.2,3.4,-1.377,0
947.808,-9.3,3.5,-1.451,0
947.908,-9.5,3.6,-1.49,0.01
948.007,-9.3,3.5,-1.504,0.003
948.107,-9.3,3.5,-1.511,0.003
948.207,-8.9,3.5,-1.514,0
948.306,-8.8,3.5,-1.507,-0.003
948.406,-8.5,3.4,-1.511,0
948.506,-8.1,3.4,-1.504,0
948.605,-7.8,3.4,-1.5,0
948.705,-7.3,3.3,-1.486,0
948.805,-6.9,3.3,-1.479,0
948.904,-6.6,3.2,-1.472,0.017
949.004,-6.2,3.2,-1.454,0
949.104,-5.7,3.1,-1.44,0
949.203,-5.2,3,-1.419,0
949.303,-4.8,2.9,-1.398,0
949.403,-4.3,2.8,-1.37,0
949.502,-3.8,2.7,-1.338,0
949.602,-3.3,2.5,-1.307,-0.003
949.702,-2.8,2.5,-1.265,0
949.801,-2.4,2.4,-1.226,0
949.901,-1.8,2.2,-1.177,0.017
950.001,-1.4,2.1,-1.128,-0.003
950.1,-0.9,2,-1.071,0
950.2,-0.5,1.9,-1.008,0
950.3,-0.1,1.8,-0.938,0
950.399,0.2,1.7,-0.854,0
950.499,0.5,1.5,-0.762,0.003
950.599,0.9,1.4,-0.646,0
950.698,1.1,1.3,-0.509,0.003
950.798,1.6,1.2,-0.33,0
950.898,2.3,1.1,-0.074,0.01
950.997,2.8,1,0.253,0.003
951.097,3.1,1.1,0.611,0.003
951.197,3.6,1,0.994,0.003
951.297,3.7,1.1,1.409,0
951.396,4.1,1.3,1.834,0.007
951.496,4.5,1.6,2.287,0
951.596,5.2,2.2,2.719,0
951.695,5.9,2.6,3.113,0
951.795,6.6,3,3.457,0
951.895,6.9,3.5,3.759,0
951.994,7.3,4,4.051,0
952.094,7.6,4.6,4.325,0
952.194,8.2,5.2,4.56,0
952.293,8.8,5.6,4.718,-0.003
952.393,9.2,5.8,4.82,0
952.493,9.4,5.9,4.876,0
952.592,9.5,6.1,4.922,0
952.692,9.5,5.9,4.943,-0.003
952.792,9.5,6.1,4.961,-0.003
952.891,9.4,6,4.971,-0.003
952.991,9.4,6,4.982,0.003
953.091,9.1,6,4.982,-0.003
953.19,8.9,5.9,4.978,-0.003
953.29,8.5,5.8,4.982,-0.007
953.39,8.4,5.8,4.978,-0.007
953.489,8.1,5.8,4.975,-0.003
953.589,7.7,5.8,4.968,-0.003
953.689,7.4,5.7,4.964,-0.003
953.788,7,5.6,4.95,-0.003
953.888,6.6,5.5,4.943,-0.003
953.988,6.1,5.5,4.922,0.007
954.087,5.7,5.3,4.915,-0.003
954.187,5.2,5.2,4.897,-0.003
954.287,4.8,4.9,4.876,0
954.386,4.3,4.9,4.855,-0.003
954.486,3.9,4.6,4.827,-0.007
954.586,3.3,4.6,4.795,-0.003
954.685,2.9,4.3,4.767,0
954.785,2.3,4.2,4.732,-0.003
954.885,1.9,4.1,4.697,-0.003
954.984,1.4,3.9,4.651,0.007
955.084,0.9,3.7,4.606,-0.003
955.184,0.4,3.4,4.553,-0.003
955.284,-0.1,3.4,4.507,-0.007
955.383,-0.5,3.1,4.444,0
955.483,-1,3,4.384,-0.003
955.583,-1.4,2.8,4.307,-0.003
955.682,-1.7,2.6,4.223,-0.003
955.782,-2,2.4,4.117,-0.007
955.882,-2.5,2.1,3.987,-0.003
955.981,-3.1,1.9,3.798,0.01
956.081,-3.6,1.7,3.559,-0.003
956.181,-4,1.4,3.299,-0.003
956.28,-4.3,1.2,3.021,0
956.38,-4.5,1.1,2.716,0
956.48,-4.9,0.9,2.389,0
956.579,-5.2,0.9,2.052,0
956.679,-5.4,1,1.697,0
956.779,-5.5,1,1.321,0
956.878,-5.9,1.2,0.938,0
956.978,-6.3,1.3,0.562,0.014
957.078,-6.9,1.6,0.218,0
957.177,-7.3,1.8,-0.095,0.003
957.277,-7.6,2.1,-0.372,0.003
957.377,-7.7,2.4,-0.629,-0.003
957.476,-7.6,2.7,-0.899,0
957.576,-8.1,3.1,-1.149,0.003
957.676,-9,3.2,-1.335,0
957.775,-9.2,3.5,-1.44,0
957.875,-9.5,3.4,-1.49,0
957.975,-9.4,3.5,-1.511,0
958.074,-9.3,3.4,-1.521,-0.003
958.174,-9.1,3.5,-1.525,0
958.274,-8.9,3.4,-1.525,0
958.373,-8.5,3.4,-1.521,0
958.473,-8.3,3.4,-1.518,-0.003
958.573,-7.9,3.3,-1.511,0
958.672,-7.5,3.4,-1.504,0
958.772,-7.1,3.3,-1.497,0
958.872,-6.7,3.2,-1.486,-0.003
958.971,-6.3,3.2,-1.476,0
959.071,-5.8,3.1,-1.454,0.003
959.171,-5.4,3.1,-1.44,0
959.271,-4.9,2.9,-1.419,0
959.37,-4.5,2.9,-1.391,0.003
959.47,-3.9,2.7,-1.363,-0.003
959.57,-3.6,2.6,-1.331,-0.003
959.669,-3,2.5,-1.293,0
959.769,-2.6,2.3,-1.254,0
959.869,-2,2.2,-1.205,0
959.968,-1.6,2.1,-1.159,0
960.068,-1,2,-1.1,0.014
960.168,-0.7,1.8,-1.043,0
960.267,-0.1,1.8,-0.973,0
960.367,0.2,1.6,-0.899,-0.003
960.467,0.4,1.6,-0.815,0
960.566,0.7,1.4,-0.706,0
960.666,1.1,1.3,-0.573,-0.003
960.766,1.4,1.2,-0.415,-0.003
960.865,2,1,-0.186,0
960.965,2.6,1,0.13,0
961.065,3,1,0.478,0.017
961.164,3.3,1,0.868,0
961.264,3.7,1,1.279,0.003
961.364,4,1.2,1.704,0
961.463,4.3,1.5,2.157,0
961.563,5,1.8,2.6,0
961.663,5.6,2.3,3.014,0
961.762,6.4,2.8,3.383,-0.003
961.862,6.8,3.3,3.706,0
961.962,7.1,3.8,3.994,0
962.061,7.4,4.4,4.286,0.014
962.161,8,5,4.539,-0.003
962.261,8.8,5.5,4.736,0
962.36,9.1,5.7,4.855,0
962.46,9.3,5.9,4.925,-0.003
962.56,9.4,6,4.971,0
962.659,9.5,6,4.996,-0.003
962.759,9.4,5.9,5.02,-0.003
962.859,9.4,6,5.031,-0.003
962.958,9.4,5.9,5.041,-0.003
963.058,9.1,5.8,5.041,-0.003
963.158,9,5.9,5.041,-0.003
963.258,8.7,5.8,5.041,-0.003
963.357,8.5,5.9,5.041,-0.003
963.457,8.1,5.7,5.034,-0.003
963.557,7.9,5.7,5.031,-0.003
963.656,7.4,5.7,5.024,-0.007
963.756,7.1,5.6,5.017,-0.003
963.856,6.7,5.5,5.01,-0.007
963.955,6.2,5.4,4.992,-0.007
964.055,5.9,5.3,4.982,-0.003
964.155,5.3,5.2,4.964,0
964.254,5,5,4.943,-0.003
964.354,4.4,5,4.922,-0.003
964.454,4,4.7,4.897,-0.003
964.553,3.5,4.7,4.869,-0.003
964.653,3,4.4,4.838,-0.007
964.753,2.6,4.3,4.806,-0.003
964.852,2,4,4.771,-0.003
964.952,1.5,3.9,4.725,-0.003
965.052,1.1,3.8,4.683,-0.003
965.151,0.5,3.5,4.634,0.01
965.251,0.2,3.4,4.588,-0.003
965.351,-0.4,3.2,4.525,-0.003
965.45,-0.8,3.1,4.469,-0.007
965.55,-1.3,2.8,4.391,-0.003
965.65,-1.6,2.7,4.311,-0.003
965.749,-2,2.4,4.216,-0.003
965.849,-2.4,2.3,4.096,-0.003
965.949,-2.9,1.9,3.928,-0.003
966.048,-3.4,1.7,3.699,0
966.148,-3.9,1.4,3.443,0.014
966.248,-4.1,1.3,3.172,-0.003
966.347,-4.5,1.1,2.867,0
966.447,-4.7,1.1,2.54,0
966.547,-5.1,0.9,2.199,0
966.646,-5.2,0.9,1.848,0
966.746,-5.4,1,1.472,0
966.846,-5.7,1.1,1.082,0.003
966.945,-6.1,1.3,0.696,-0.003
967.045,-6.6,1.4,0.334,0
967.145,-7.2,1.6,0.007,0.014
967.245,-7.5,1.9,-0.288,0
967.344,-7.6,2.2,-0.555,-0.003
967.444,-7.6,2.5,-0.829,0
967.544,-8,3,-1.096,0
967.643,-8.7,3.2,-1.31,-0.003
967.743,-9.3,3.4,-1.433,0
967.843,-9.5,3.5,-1.5,0
967.942,-9.5,3.4,-1.525,0
968.042,-9.4,3.4,-1.539,0
968.142,-9.1,3.4,-1.539,0.01
968.241,-8.9,3.4,-1.542,0
968.341,-8.7,3.4,-1.539,0
968.441,-8.4,3.3,-1.535,0
968.54,-8.1,3.3,-1.532,0
968.64,-7.7,3.3,-1.525,0
968.74,-7.4,3.2,-1.514,-0.003
968.839,-6.9,3.2,-1.507,-0.003
968.939,-6.4,3.1,-1.493,-0.003
969.039,-6,3.1,-1.479,0
969.138,-5.5,3.1,-1.461,0.003
969.238,-5.1,2.9,-1.44,-0.003
969.338,-4.5,2.8,-1.416,0
969.437,-4.1,2.7,-1.388,-0.003
969.537,-3.6,2.6,-1.36,0
969.637,-3.1,2.5,-1.321,-0.003
969.736,-2.7,2.3,-1.282,0
969.836,-2.2,2.3,-1.24,0
969.936,-1.6,2.2,-1.191,-0.003
970.035,-1.2,2,-1.131,-0.003
970.135,-0.7,1.9,-1.079,0
970.235,-0.3,1.8,-1.015,0
970.334,0,1.7,-0.945,0
970.434,0.4,1.6,-0.857,-0.003
970.534,0.7,1.4,-0.759,0
970.633,0.9,1.3,-0.632,0
970.733,1.2,1.2,-0.485,0.003
970.833,1.8,1,-0.278,0.003
970.932,2.5,0.9,0.025,0
971.032,2.9,0.8,0.362,0.003
971.132,3.2,0.9,0.738,0
971.232,3.6,1,1.138,0.017
971.331,3.9,1.1,1.57,0
971.431,4.1,1.3,2.02,0
971.531,4.7,1.6,2.477,0.003
971.63,5.4,2.2,2.912,0
971.73,6.1,2.6,3.302,0
971.83,6.7,3.2,3.65,0
971.929,7,3.5,3.949,0
972.029,7.3,4.2,4.244,0
972.129,7.6,4.8,4.511,-0.003
972.228,8.6,5.3,4.743,0.014
972.328,9,5.6,4.876,-0.003
972.428,9.4,5.9,4.961,-0.003
972.527,9.5,5.9,5.01,-0.003
972.627,9.5,5.9,5.045,-0.003
972.727,9.4,5.9,5.069,-0.003
972.826,9.4,6,5.083,-0.003
972.926,9.4,5.9,5.094,-0.003
973.026,9.1,5.9,5.098,-0.003
973.125,9.1,5.9,5.09,0
973.225,8.8,5.9,5.098,0.01
973.325,8.5,5.8,5.098,-0.003
973.424,8.2,5.8,5.09,-0.003
973.524,7.9,5.7,5.09,-0.003
973.624,7.6,5.6,5.083,-0.003
973.723,7.2,5.5,5.073,-0.003
973.823,6.8,5.5,5.066,-0.003
973.923,6.4,5.3,5.055,-0.003
974.022,5.9,5.3,5.041,-0.003
974.122,5.5,5.2,5.024,-0.007
974.222,5.2,5.1,5.006,0.01
974.321,4.6,4.9,4.985,0
974.421,4,4.6,4.961,-0.003
974.521,3.7,4.6,4.936,-0.003
974.62,3.2,4.3,4.904,-0.007
974.72,2.7,4.2,4.873,-0.003
974.82,2.2,4,4.838,0
974.919,1.7,3.9,4.799,0
975.019,1.2,3.7,4.757,0
975.119,0.8,3.5,4.708,0
975.219,0.2,3.4,4.662,-0.003
975.318,-0.2,3.2,4.602,-0.003
975.418,-0.6,3.1,4.542,-0.003
975.518,-1.1,2.8,4.465,-0.003
975.617,-1.5,2.6,4.395,-0.003
975.717,-1.9,2.4,4.3,0
975.817,-2.2,2.3,4.195,-0.003
975.916,-2.7,2,4.044,0
976.016,-3.2,1.7,3.833,-0.003
976.116,-3.7,1.4,3.576,0
976.215,-4.1,1.3,3.306,0
976.315,-4.4,1.1,3.007,0
976.415,-4.6,1,2.684,0
976.514,-5,1,2.343,0
976.614,-5.2,0.9,1.999,0
976.714,-5.4,0.9,1.634,0
976.813,-5.5,1,1.251,0
976.913,-6,1.1,0.85,0
977.013,-6.4,1.3,0.474,0
977.112,-7,1.5,0.123,0.003
977.212,-7.4,1.8,-0.179,0.003
977.312,-7.7,2,-0.464,0.01
977.411,-7.5,2.4,-0.731,0.003
977.511,-7.8,2.7,-1.012,0
977.611,-8.4,3.1,-1.247,0
977.71,-9,3.3,-1.409,0
977.81,-9.3,3.5,-1.497,0
977.91,-9.5,3.4,-1.535,0
978.009,-9.3,3.4,-1.553,0
978.109,-9.1,3.4,-1.556,0
978.209,-9.1,3.3,-1.56,0
978.308,-8.7,3.4,-1.556,0.014
978.408,-8.5,3.3,-1.56,-0.003
978.508,-8.2,3.3,-1.553,-0.003
978.607,-7.8,3.3,-1.546,0
978.707,-7.5,3.2,-1.539,0
978.807,-7,3.2,-1.528,0
978.906,-6.6,3.1,-1.518,-0.003
979.006,-6,3.1,-1.504,0
979.106,-5.7,3,-1.486,0
979.205,-5.3,2.9,-1.472,0
979.305,-4.7,2.8,-1.447,0.017
979.405,-4.3,2.8,-1.423,0
979.505,-3.8,2.6,-1.384,0
979.604,-3.4,2.4,-1.356,-0.003
979.704,-2.8,2.3,-1.31,0
979.804,-2.4,2.2,-1.272,0
979.903,-1.9,2.1,-1.226,0
980.003,-1.5,2,-1.17,-0.003
980.103,-0.9,1.9,-1.117,0
980.202,-0.5,1.8,-1.054,-0.003
980.302,0,1.7,-0.984,0.007
980.402,0.3,1.6,-0.903,0
980.501,0.5,1.4,-0.808,0
980.601,0.8,1.3,-0.689,0
980.701,1.2,1.2,-0.555,0
980.8,1.7,1.1,-0.369,0
980.9,2.3,1,-0.105,0
981,2.8,0.8,0.218,0
981.099,3.1,0.9,0.597,0.003
981.199,3.5,0.9,0.991,-0.003
981.299,3.8,1,1.409,0
981.398,4.1,1.2,1.848,0.003
981.498,4.5,1.5,2.315,0.003
981.598,5.1,1.9,2.765,0
981.697,5.7,2.3,3.183,0.003
981.797,6.4,2.9,3.552,0
981.897,6.9,3.4,3.864,0
981.996,7.2,3.9,4.17,0.003
982.096,7.4,4.4,4.455,0.003
982.196,8.2,5.1,4.711,0.003
982.295,8.8,5.4,4.887,-0.007
982.395,9.2,5.8,4.989,-0.003
982.495,9.4,5.8,5.048,-0.003
982.594,9.5,5.9,5.09,-0.003
982.694,9.4,5.8,5.115,-0.003
982.794,9.4,5.9,5.133,0
982.893,9.3,5.9,5.143,-0.003
982.993,9.3,5.9,5.147,-0.003
983.093,9,5.8,5.15,-0.003
983.192,8.8,5.9,5.154,-0.003
983.292,8.6,5.8,5.15,-0.003
983.392,8.4,5.8,5.15,0.007
983.492,8.1,5.7,5.147,-0.007
983.591,7.7,5.6,5.14,-0.003
983.691,7.4,5.5,5.129,-0.003
983.791,7,5.4,5.122,-0.007
983.89,6.5,5.3,5.112,-0.003
983.99,6.2,5.2,5.101,-0.003
984.09,5.7,5.1,5.083,-0.003
984.189,5.2,5,5.066,-0.003
984.289,4.7,4.9,5.045,-0.007
984.389,4.2,4.9,5.024,0.007
984.488,3.8,4.6,4.996,-0.007
984.588,3.2,4.4,4.964,-0.003
984.688,2.9,4.3,4.936,-0.003
984.787,2.3,4.1,4.904,-0.003
984.887,2,4,4.866,-0.003
984.987,1.3,3.8,4.82,-0.003
985.086,0.8,3.6,4.781,-0.003
985.186,0.4,3.4,4.736,-0.003
985.286,-0.1,3.2,4.676,-0.003
985.385,-0.5,3.1,4.62,0.014
985.485,-1,2.8,4.556,-0.003
985.585,-1.4,2.6,4.483,0
985.684,-1.8,2.5,4.398,-0.003
985.784,-2.1,2.3,4.297,0
985.884,-2.4,2.1,4.167,-0.003
985.983,-3,1.7,3.98,0
986.083,-3.6,1.6,3.734,0
986.183,-4.1,1.3,3.46,0
986.282,-4.2,1.1,3.176,0
986.382,-4.5,1,2.86,0.007
986.482,-4.8,0.9,2.519,-0.003
986.581,-5.1,0.8,2.171,-0.003
986.681,-5.3,0.8,1.802,0
986.781,-5.4,1,1.416,0.003
986.88,-5.7,1,1.019,0
986.98,-6.2,1.2,0.625,0
987.08,-6.8,1.4,0.26,0.003
987.179,-7.2,1.7,-0.063,0
987.279,-7.6,1.9,-0.351,0.003
987.379,-7.7,2.2,-0.622,0.003
987.478,-7.7,2.5,-0.899,0
987.578,-8,2.8,-1.156,0
987.678,-8.8,3.1,-1.36,0
987.778,-9.2,3.3,-1.472,0
987.877,-9.5,3.4,-1.532,0
987.977,-9.4,3.3,-1.553,0
988.077,-9.3,3.3,-1.567,0
988.176,-9.1,3.3,-1.567,0
988.276,-8.9,3.2,-1.567,0
988.376,-8.6,3.2,-1.563,0.003
988.475,-8.3,3.2,-1.563,0.014
988.575,-7.9,3.2,-1.556,0
988.675,-7.6,3.2,-1.546,-0.003
988.774,-7.1,3.2,-1.542,-0.003
988.874,-6.8,3.1,-1.532,0
988.974,-6.3,3,-1.518,0
989.073,-5.9,3,-1.504,0
989.173,-5.4,2.9,-1.486,0
989.273,-4.9,2.8,-1.465,0
989.372,-4.4,2.8,-1.44,0
989.472,-4,2.6,-1.409,0.014
989.572,-3.6,2.5,-1.377,-0.003
989.671,-3,2.4,-1.338,-0.003
989.771,-2.5,2.2,-1.296,0
989.871,-2.1,2.1,-1.254,0
989.97,-1.6,2,-1.201,0.003
990.07,-1.1,1.9,-1.145,0.003
990.17,-0.7,1.8,-1.086,0
990.269,-0.1,1.7,-1.015,0
990.369,0.2,1.6,-0.938,-0.003
990.469,0.5,1.5,-0.85,0.014
990.568,0.7,1.3,-0.745,0
990.668,1.1,1.2,-0.611,0
990.768,1.4,1,-0.446,-0.003
990.867,2.1,1,-0.204,0
990.967,2.6,0.7,0.116,0
991.067,3,0.7,0.481,0.003
991.166,3.3,0.7,0.871,0
991.266,3.8,0.9,1.293,0
991.366,3.9,1.1,1.732,0
991.465,4.3,1.3,2.199,0.017
991.565,4.9,1.7,2.663,0
991.665,5.5,2.1,3.099,0
991.765,6.3,2.6,3.485,0
991.864,6.9,3.1,3.822,0
991.964,7.2,3.6,4.121,0
992.064,7.3,4.2,4.419,0.003
992.163,7.9,4.8,4.701,0
992.263,8.7,5.4,4.908,0
992.363,9.1,5.5,5.02,0
992.462,9.4,5.9,5.094,0
992.562,9.4,5.9,5.136,-0.003
992.662,9.5,5.9,5.171,0
992.761,9.4,5.9,5.192,-0.003
992.861,9.4,5.9,5.203,-0.003
992.961,9.1,5.9,5.213,-0.003
993.06,9.1,5.8,5.217,-0.003
993.16,8.9,5.8,5.217,-0.003
993.26,8.6,5.7,5.213,-0.003
993.359,8.4,5.8,5.213,-0.003
993.459,8.1,5.6,5.21,-0.003
993.559,7.9,5.6,5.206,0
993.658,7.5,5.5,5.199,-0.007
993.758,7.1,5.4,5.192,-0.003
993.858,6.7,5.3,5.178,-0.003
993.957,6.3,5.3,5.175,-0.007
994.057,5.8,5.2,5.161,-0.003
994.157,5.5,4.9,5.14,0
994.256,4.9,4.9,5.119,-0.007
994.356,4.5,4.8,5.098,-0.003
994.456,4,4.6,5.069,-0.003
994.555,3.5,4.5,5.045,0.003
994.655,3,4.3,5.013,-0.007
994.755,2.6,4.1,4.982,0
994.854,2,3.9,4.943,-0.003
994.954,1.5,3.7,4.904,-0.007
995.054,1.1,3.5,4.862,0
995.153,0.5,3.4,4.813,-0.003
995.253,0.1,3.3,4.767,-0.003
995.353,-0.4,3.1,4.704,-0.003
995.452,-0.8,2.9,4.644,0
995.552,-1.3,2.7,4.574,0.014
995.652,-1.7,2.6,4.497,-0.003
995.751,-2.1,2.3,4.398,0.003
995.851,-2.4,2.1,4.282,0
995.951,-3,1.8,4.121,0
996.051,-3.3,1.6,3.889,0
996.15,-3.9,1.3,3.622,0
996.25,-4.2,1.1,3.352,0
996.35,-4.4,1,3.042,0
996.449,-4.7,0.9,2.712,0.003
996.549,-5,0.8,2.361,0.01
996.649,-5.4,0.8,2.002,0
996.748,-5.4,0.7,1.627,0
996.848,-5.6,1,1.233,0
996.948,-5.9,1.1,0.822,0
997.047,-6.5,1.2,0.439,0.003
997.147,-6.9,1.5,0.084,0.003
997.247,-7.5,1.7,-0.225,0.003
997.346,-7.7,2,-0.509,0
997.446,-7.6,2.3,-0.783,0
997.546,-7.8,2.7,-1.064,0.017
997.645,-8.4,3.1,-1.296,-0.003
997.745,-9,3.2,-1.447,0.003
997.845,-9.4,3.3,-1.535,0
997.944,-9.5,3.3,-1.567,0
998.044,-9.3,3.4,-1.584,0
998.144,-9.3,3.3,-1.584,-0.003
998.243,-8.9,3.3,-1.584,0
998.343,-8.7,3.2,-1.588,0
998.443,-8.4,3.2,-1.584,0
998.542,-8.1,3.1,-1.577,-0.003
998.642,-7.7,3.2,-1.567,0
998.742,-7.3,3.1,-1.56,0
998.841,-6.9,3.1,-1.553,0
998.941,-6.5,3.1,-1.539,0
999.041,-6,3,-1.528,-0.003
999.14,-5.5,2.8,-1.507,0
999.24,-5.1,2.8,-1.486,-0.003
999.34,-4.6,2.7,-1.461,0
999.439,-4.2,2.6,-1.437,-0.003
999.539,-3.6,2.4,-1.405,0.003
999.639,-3.2,2.3,-1.367,0
999.738,-2.7,2.2,-1.328,0
999.838,-2.2,2.1,-1.282,0
999.938,-1.8,2,-1.233,0
1000.04,-1.2,1.8,-1.177,0
1000.14,-0.7,1.8,-1.117,0
1000.24,-0.4,1.7,-1.054,0
1000.34,0,1.5,-0.984,0
1000.44,0.4,1.4,-0.892,0
1000.54,0.6,1.4,-0.797,0
1000.64,0.9,1.2,-0.671,0.017
1000.74,1.3,1.1,-0.523,0.003
1000.83,1.8,1,-0.306,0
1000.93,2.3,0.8,-0.007,0.003
1001.03,2.8,0.7,0.351,0
1001.13,3.1,0.7,0.731,0
1001.23,3.5,0.8,1.152,-0.003
1001.33,3.8,0.9,1.581,0.003
1001.43,4.1,1.2,2.048,-0.003
1001.53,4.6,1.5,2.519,0
1001.63,5.2,1.9,2.972,0.014
1001.73,5.9,2.4,3.387,0
1001.83,6.7,2.9,3.748,0
1001.93,7,3.4,4.065,0
1002.03,7.3,4,4.363,0
1002.13,7.6,4.6,4.658,0
1002.23,8.5,5.3,4.904,0
1002.33,9.1,5.5,5.045,-0.003
1002.43,9.4,5.8,5.14,0
1002.53,9.4,5.9,5.189,-0.003
1002.63,9.6,5.9,5.228,0.01
1002.73,9.5,5.9,5.252,-0.003
1002.83,9.4,5.9,5.27,-0.003
1002.93,9.3,5.9,5.28,-0.007
1003.03,9.2,5.9,5.284,-0.003
1003.13,9,5.8,5.287,-0.003
1003.23,8.8,5.8,5.287,-0.003
1003.33,8.5,5.8,5.287,-0.007
1003.43,8.2,5.6,5.28,-0.003
1003.53,8,5.6,5.277,-0.007
1003.63,7.6,5.6,5.27,0.003
1003.73,7.3,5.5,5.263,-0.003
1003.83,6.8,5.4,5.252,-0.003
1003.92,6.4,5.3,5.242,-0.007
1004.02,5.9,5.3,5.231,-0.003
1004.12,5.5,5.1,5.21,-0.003
1004.22,5,4.9,5.196,-0.007
1004.32,4.6,4.8,5.175,-0.003
1004.42,4.2,4.6,5.15,-0.007
1004.52,3.7,4.5,5.126,-0.007
1004.62,3.2,4.4,5.094,-0.007
1004.72,2.8,4.2,5.059,-0.003
1004.82,2.3,4,5.024,-0.003
1004.92,1.8,3.8,4.985,-0.003
1005.02,1.3,3.5,4.943,-0.003
1005.12,0.8,3.4,4.897,-0.003
1005.22,0.2,3.2,4.845,-0.003
1005.32,-0.2,3.2,4.788,-0.003
1005.42,-0.7,2.9,4.736,-0.003
1005.52,-1.1,2.7,4.662,0
1005.62,-1.6,2.5,4.585,-0.003
1005.72,-2,2.3,4.493,0
1005.82,-2.3,2.2,4.384,-0.003
1005.92,-2.7,2,4.24,0
1006.02,-3.2,1.6,4.03,0
1006.12,-3.6,1.4,3.766,0
1006.22,-4.1,1.1,3.492,0
1006.32,-4.3,1.1,3.186,0.003
1006.42,-4.5,0.9,2.86,0
1006.52,-4.8,0.7,2.508,0
1006.62,-5.1,0.7,2.143,-0.003
1006.72,-5.3,0.8,1.764,0.014
1006.82,-5.5,0.7,1.374,0
1006.92,-5.9,1,0.966,0
1007.01,-6.3,1,0.573,0.003
1007.11,-6.8,1.3,0.211,0
1007.21,-7.2,1.6,-0.116,0
1007.31,-7.6,1.8,-0.411,0
1007.41,-7.7,2.3,-0.682,0
1007.51,-7.6,2.5,-0.959,0
1007.61,-8.1,2.9,-1.216,0
1007.71,-8.9,3.1,-1.409,0.014
1007.81,-9.2,3.2,-1.514,-0.003
1007.91,-9.4,3.3,-1.56,-0.003
1008.01,-9.3,3.2,-1.584,0
1008.11,-9.3,3.3,-1.588,-0.003
1008.21,-9,3.2,-1.591,0
1008.31,-8.7,3.2,-1.591,0
1008.41,-8.4,3.2,-1.591,-0.003
1008.51,-8.1,3.1,-1.588,0
1008.61,-7.7,3.1,-1.581,0
1008.71,-7.3,3.1,-1.574,0.01
1008.81,-7,3.1,-1.563,0
1008.91,-6.6,3,-1.553,0
1009.01,-6.1,2.9,-1.539,0
1009.11,-5.7,2.9,-1.521,0
1009.21,-5.2,2.8,-1.504,-0.003
1009.31,-4.8,2.7,-1.479,0
1009.41,-4.4,2.5,-1.458,-0.003
1009.51,-3.8,2.5,-1.426,-0.003
1009.61,-3.4,2.4,-1.391,0
1009.71,-2.8,2.2,-1.346,0.014
1009.81,-2.4,2.1,-1.307,0
1009.91,-1.9,2,-1.258,-0.003
1010.01,-1.4,1.9,-1.205,0
1010.1,-1,1.7,-1.149,0
1010.2,-0.6,1.7,-1.086,0
1010.3,-0.1,1.5,-1.015,0.003
1010.4,0.2,1.3,-0.934,0
1010.5,0.6,1.3,-0.836,0.003
1010.6,0.8,1.2,-0.724,0
1010.7,1.1,1.1,-0.576,0.003
1010.8,1.6,1,-0.39,0
1010.9,2.3,0.8,-0.105,0
1011,2.7,0.7,0.232,0
1011.1,3.1,0.8,0.615,0
1011.2,3.5,0.7,1.015,0
1011.3,3.8,0.9,1.447,0.003
1011.4,3.9,1,1.894,0
1011.5,4.4,1.4,2.371,0
1011.6,5,1.6,2.835,0
1011.7,5.7,2.3,3.274,0
1011.8,6.4,2.6,3.657,0.01
1011.9,6.8,3.1,3.984,0
1012,7,3.6,4.29,0.003
1012.1,7.3,4.3,4.595,0
1012.2,8.1,5,4.873,0
1012.3,8.7,5.3,5.055,0
1012.4,9.2,5.6,5.168,-0.003
1012.5,9.4,5.7,5.235,-0.003
1012.6,9.5,5.9,5.28,0
1012.7,9.4,5.8,5.312,-0.003
1012.8,9.4,5.9,5.329,0.007
1012.9,9.3,5.9,5.347,-0.003
1013,9.2,5.8,5.35,-0.003
1013.09,9,5.8,5.35,-0.003
1013.19,8.8,5.7,5.354,-0.007
1013.29,8.6,5.8,5.354,-0.007
1013.39,8.4,5.6,5.35,-0.003
1013.49,8,5.6,5.35,-0.003
1013.59,7.8,5.5,5.34,-0.007
1013.69,7.4,5.4,5.329,-0.003
1013.79,7,5.5,5.322,0.007
1013.89,6.6,5.3,5.315,-0.003
1013.99,6.2,5.3,5.301,-0.003
1014.09,5.5,5.1,5.287,-0.003
1014.19,5.3,5,5.266,-0.003
1014.29,4.8,4.8,5.245,-0.003
1014.39,4.3,4.7,5.22,-0.003
1014.49,3.8,4.6,5.192,-0.003
1014.59,3.3,4.3,5.168,-0.003
1014.69,2.9,4.2,5.136,-0.003
1014.79,2.3,4.1,5.098,0.007
1014.89,2,3.7,5.062,-0.003
1014.99,1.4,3.6,5.017,-0.003
1015.09,0.8,3.5,4.975,0
1015.19,0.4,3.4,4.925,-0.003
1015.29,-0.1,3.1,4.876,-0.003
1015.39,-0.5,3,4.816,-0.007
1015.49,-1,2.8,4.753,-0.003
1015.59,-1.4,2.6,4.676,-0.003
1015.69,-1.8,2.4,4.595,-0.003
1015.79,-2.2,2.2,4.486,0
1015.89,-2.5,2,4.36,0
1015.99,-3,1.7,4.177,-0.003
1016.09,-3.5,1.4,3.928,0
1016.18,-3.9,1.2,3.647,0
1016.28,-4.2,1,3.359,0
1016.38,-4.5,0.8,3.035,-0.003
1016.48,-4.7,0.7,2.695,0
1016.58,-5,0.7,2.329,0
1016.68,-5.4,0.7,1.957,0
1016.78,-5.4,0.7,1.56,0
1016.88,-5.7,0.8,1.159,0
1016.98,-6,1,0.752,0
1017.08,-6.6,1.2,0.369,0
1017.18,-7,1.4,0.021,0
1017.28,-7.5,1.7,-0.292,0.003
1017.38,-7.7,1.9,-0.569,-0.003
1017.48,-7.6,2.3,-0.847,0
1017.58,-7.8,2.7,-1.124,0
1017.68,-8.6,3,-1.349,-0.003
1017.78,-9.1,3.1,-1.486,0
1017.88,-9.4,3.2,-1.563,0.003
1017.98,-9.5,3.2,-1.595,-0.003
1018.08,-9.3,3.3,-1.602,-0.003
1018.18,-9.1,3.2,-1.602,0
1018.28,-8.9,3.2,-1.605,-0.003
1018.38,-8.7,3.1,-1.598,-0.003
1018.48,-8.1,3.2,-1.598,-0.003
1018.58,-7.9,3.2,-1.591,0
1018.68,-7.5,3,-1.588,-0.003
1018.78,-7.2,3.1,-1.581,-0.003
1018.88,-6.7,3,-1.57,0.014
1018.98,-6.3,2.9,-1.556,0
1019.08,-5.8,2.8,-1.539,-0.003
1019.18,-5.4,2.7,-1.518,-0.003
1019.27,-4.8,2.6,-1.5,-0.003
1019.37,-4.5,2.6,-1.479,0
1019.47,-4,2.6,-1.447,-0.003
1019.57,-3.6,2.3,-1.416,-0.003
1019.67,-3.1,2.3,-1.37,0
1019.77,-2.5,2.1,-1.338,-0.003
1019.87,-2,2,-1.286,0.017
1019.97,-1.6,1.9,-1.237,-0.003
1020.07,-1.2,1.7,-1.177,0
1020.17,-0.7,1.6,-1.114,0
1020.27,-0.2,1.6,-1.047,0
1020.37,0.2,1.4,-0.973,0
1020.47,0.5,1.2,-0.882,0
1020.57,0.7,1.2,-0.769,0
1020.67,1,1,-0.639,0
1020.77,1.4,0.9,-0.464,0
1020.87,2.1,0.8,-0.218,0.01
1020.97,2.6,0.7,0.109,-0.003
1021.07,2.9,0.6,0.488,0
1021.17,3.2,0.7,0.885,0.003
1021.27,3.6,0.7,1.317,0
1021.37,3.8,0.9,1.757,0
1021.47,4.2,1.2,2.241,0
1021.57,4.7,1.5,2.712,0
1021.67,5.3,1.9,3.169,0
1021.77,6.2,2.5,3.576,-0.003
1021.87,6.7,3,3.938,-0.003
1021.97,7,3.5,4.237,-0.003
1022.07,7.3,4.1,4.553,0
1022.17,7.8,4.6,4.841,0
1022.27,8.6,5.3,5.062,0
1022.36,9.1,5.5,5.196,-0.003
1022.46,9.2,5.7,5.277,-0.003
1022.56,9.4,5.8,5.333,0
1022.66,9.4,5.9,5.368,-0.003
1022.76,9.4,5.9,5.393,-0.003
1022.86,9.4,5.9,5.414,-0.003
1022.96,9.4,5.9,5.424,-0.007
1023.06,9,5.8,5.424,-0.007
1023.16,8.9,5.8,5.428,-0.007
1023.26,8.6,5.8,5.428,-0.003
1023.36,8.4,5.6,5.428,-0.003
1023.46,8.1,5.6,5.424,-0.007
1023.56,7.9,5.6,5.421,-0.007
1023.66,7.5,5.6,5.414,-0.007
1023.76,7,5.4,5.403,-0.007
1023.86,6.7,5.4,5.396,-0.01
1023.96,6.3,5.3,5.382,0.007
1024.06,5.8,5.2,5.368,-0.007
1024.16,5.4,5,5.354,-0.007
1024.26,4.9,4.8,5.329,-0.003
1024.36,4.5,4.8,5.308,-0.003
1024.46,4,4.6,5.28,-0.003
1024.56,3.6,4.4,5.252,-0.003
1024.66,3.1,4.1,5.22,-0.003
1024.76,2.6,4.1,5.185,-0.003
1024.86,2,3.9,5.15,-0.007
1024.96,1.6,3.7,5.105,0.01
1025.06,1.1,3.6,5.062,-0.003
1025.16,0.5,3.3,5.01,-0.007
1025.26,0.1,3.2,4.964,-0.007
1025.35,-0.4,3,4.901,-0.007
1025.45,-0.8,2.8,4.841,0
1025.55,-1.3,2.7,4.771,-0.003
1025.65,-1.6,2.5,4.69,-0.003
1025.75,-2.2,2.2,4.592,-0.003
1025.85,-2.4,2,4.476,-0.003
1025.95,-2.9,1.8,4.311,0.01
1026.05,-3.3,1.5,4.082,0
1026.15,-3.8,1.2,3.812,-0.003
1026.25,-4.2,1,3.524,0
1026.35,-4.4,0.9,3.211,0
1026.45,-4.6,0.7,2.874,-0.003
1026.55,-4.9,0.7,2.512,0
1026.65,-5.2,0.6,2.136,0
1026.75,-5.4,0.7,1.75,0
1026.85,-5.6,0.7,1.346,0
1026.95,-5.9,0.9,0.924,0.01
1027.05,-6.3,1,0.523,0.003
1027.15,-6.9,1.3,0.148,-0.003
1027.25,-7.2,1.7,-0.179,0
1027.35,-7.6,1.9,-0.478,0
1027.45,-7.6,2.2,-0.752,0
1027.55,-7.8,2.5,-1.036,0
1027.65,-8.4,2.8,-1.286,0
1027.75,-8.9,3.1,-1.458,0
1027.85,-9.3,3.2,-1.549,0
1027.95,-9.4,3.2,-1.591,-0.003
1028.05,-9.3,3.2,-1.613,0
1028.15,-9.1,3.2,-1.616,0
1028.25,-8.9,3.2,-1.616,0
1028.35,-8.6,3.1,-1.616,-0.003
1028.44,-8.4,3.1,-1.616,0
1028.54,-8.1,3.1,-1.609,0
1028.64,-7.7,3.1,-1.602,0.003
1028.74,-7.3,2.9,-1.595,0
1028.84,-6.8,3,-1.584,-0.003
1028.94,-6.4,2.9,-1.577,-0.003
1029.04,-6,2.8,-1.56,0.003
1029.14,-5.5,2.8,-1.539,-0.003
1029.24,-5.1,2.7,-1.518,0
1029.34,-4.6,2.5,-1.493,0
1029.44,-4.2,2.5,-1.468,-0.003
1029.54,-3.6,2.4,-1.433,0
1029.64,-3.3,2.2,-1.398,0
1029.74,-2.7,2.2,-1.356,0
1029.84,-2.2,1.9,-1.31,0
1029.94,-1.7,1.9,-1.265,0
1030.04,-1.2,1.7,-1.209,0.014
1030.14,-0.8,1.7,-1.149,0
1030.24,-0.4,1.6,-1.086,0
1030.34,0,1.4,-1.012,0
1030.44,0.4,1.3,-0.92,-0.003
1030.54,0.6,1.2,-0.822,0
1030.64,1,1.1,-0.696,0
1030.74,1.2,1,-0.541,0
1030.84,1.9,0.8,-0.32,0.003
1030.94,2.4,0.7,0,0
1031.04,2.9,0.6,0.351,0.017
1031.14,3.1,0.6,0.741,0
1031.24,3.5,0.7,1.159,0
1031.34,3.7,0.8,1.609,0
1031.44,3.9,1.1,2.083,0.003
1031.53,4.5,1.3,2.572,0
1031.63,5.1,1.7,3.042,0
1031.73,5.8,2.2,3.481,0
1031.83,6.5,2.8,3.857,0
1031.93,7,3.3,4.188,-0.003
1032.03,7.1,3.8,4.507,0.014
1032.13,7.6,4.5,4.809,-0.003
1032.23,8.5,5,5.052,-0.003
1032.33,9,5.3,5.189,-0.003
1032.43,9.3,5.5,5.284,-0.003
1032.53,9.4,5.5,5.333,0
1032.63,9.5,5.7,5.375,0
1032.73,9.5,5.7,5.403,-0.007
1032.83,9.4,5.7,5.414,-0.003
1032.93,9.2,5.6,5.424,-0.003
1033.03,9.2,5.6,5.431,-0.003
1033.13,8.9,5.6,5.431,-0.007
1033.23,8.9,5.5,5.431,-0.007
1033.33,8.5,5.5,5.428,-0.003
1033.43,8.2,5.4,5.428,-0.007
1033.53,8,5.5,5.424,-0.007
1033.63,7.6,5.3,5.414,-0.007
1033.73,7.3,5.3,5.407,-0.003
1033.83,6.8,5.3,5.396,-0.007
1033.93,6.4,5.1,5.386,-0.007
1034.03,5.9,5,5.372,-0.007
1034.13,5.5,4.8,5.357,-0.003
1034.23,5,4.8,5.34,-0.007
1034.33,4.6,4.6,5.319,-0.007
1034.43,4.1,4.5,5.294,-0.007
1034.53,3.7,4.3,5.263,-0.003
1034.62,3.2,4.2,5.235,-0.003
1034.72,2.7,4,5.203,-0.003
1034.82,2.2,3.8,5.168,-0.007
1034.92,1.7,3.7,5.129,-0.003
1035.02,1.2,3.5,5.083,-0.01
1035.12,0.8,3.4,5.038,0
1035.22,0.2,3.1,4.989,-0.007
1035.32,-0.2,3,4.936,-0.003
1035.42,-0.7,2.8,4.873,-0.01
1035.52,-1.1,2.6,4.802,-0.003
1035.62,-1.5,2.5,4.732,-0.003
1035.72,-2,2.2,4.641,-0.007
1035.82,-2.4,2,4.528,-0.003
1035.92,-2.7,1.8,4.384,-0.003
1036.02,-3.1,1.5,4.177,0
1036.12,-3.6,1.3,3.91,0.014
1036.22,-4,1,3.629,0
1036.32,-4.3,0.8,3.33,0.003
1036.42,-4.5,0.7,2.997,0
1036.52,-4.8,0.6,2.635,0
1036.62,-5.1,0.6,2.266,0.003
1036.72,-5.4,0.6,1.883,0
1036.82,-5.5,0.6,1.483,0
1036.92,-5.7,0.8,1.064,0
1037.02,-6.1,1,0.653,0
1037.12,-6.7,1.2,0.267,0.014
1037.22,-7.1,1.5,-0.081,0
1037.32,-7.5,1.6,-0.39,0.003
1037.42,-7.5,2,-0.667,0
1037.52,-7.7,2.3,-0.952,0
1037.61,-8.1,2.8,-1.219,-0.003
1037.71,-8.7,2.9,-1.426,0
1037.81,-9.2,3.1,-1.542,0
1037.91,-9.4,3.1,-1.595,0
1038.01,-9.4,3.2,-1.616,0
1038.11,-9.3,3.1,-1.623,0.014
1038.21,-9,3.1,-1.63,0
1038.31,-8.7,3.1,-1.623,-0.003
1038.41,-8.5,3,-1.623,0.003
1038.51,-8.1,3,-1.623,0
1038.61,-7.8,3,-1.616,-0.003
1038.71,-7.5,3,-1.609,-0.003
1038.81,-7.1,2.9,-1.602,-0.003
1038.91,-6.6,2.9,-1.588,0
1039.01,-6.1,2.9,-1.574,0
1039.11,-5.7,2.7,-1.56,0.003
1039.21,-5.3,2.6,-1.539,0
1039.31,-4.8,2.4,-1.514,-0.003
1039.41,-4.3,2.5,-1.49,0
1039.51,-3.8,2.2,-1.458,-0.003
1039.61,-3.4,2.1,-1.426,0
1039.71,-2.9,2.1,-1.381,-0.003
1039.81,-2.5,2,-1.342,0
1039.91,-1.9,1.8,-1.286,-0.003
1040.01,-1.4,1.7,-1.237,0
1040.11,-0.9,1.6,-1.173,0
1040.21,-0.5,1.5,-1.117,-0.003
1040.31,-0.1,1.4,-1.043,0
1040.41,0.2,1.3,-0.963,-0.003
1040.51,0.5,1.2,-0.864,0
1040.61,0.9,1,-0.748,0
1040.7,1.2,1,-0.604,0
1040.8,1.7,0.7,-0.4,0.003
1040.9,2.3,0.7,-0.116,0
1041,2.6,0.6,0.228,0
1041.1,3,0.5,0.611,0.003
1041.2,3.4,0.6,1.022,0.017
1041.3,3.6,0.7,1.461,0
1041.4,3.9,0.8,1.936,0.003
1041.5,4.3,1.2,2.424,0
1041.6,4.9,1.5,2.909,0.003
1041.7,5.5,2,3.362,0.003
1041.8,6.3,2.5,3.766,0
1041.9,6.8,3.1,4.114,0
1042,7,3.5,4.423,0
1042.1,7.5,4.1,4.732,0
1042.2,8.2,4.7,4.996,0.014
1042.3,8.8,5.2,5.171,-0.003
1042.4,9.1,5.3,5.28,0
1042.5,9.4,5.5,5.347,-0.003
1042.6,9.4,5.5,5.393,-0.003
1042.7,9.4,5.5,5.421,-0.003
1042.8,9.4,5.6,5.442,-0.003
1042.9,9.3,5.6,5.452,0
1043,9.3,5.6,5.463,-0.007
1043.1,9,5.6,5.463,-0.007
1043.2,8.8,5.6,5.466,0.01
1043.3,8.6,5.4,5.463,-0.007
1043.4,8.4,5.4,5.459,0
1043.5,8.1,5.3,5.456,-0.003
1043.6,7.8,5.4,5.452,-0.003
1043.7,7.3,5.2,5.442,-0.007
1043.79,7,5.1,5.435,-0.007
1043.89,6.6,5,5.428,-0.003
1043.99,6.2,5,5.41,-0.003
1044.09,5.7,4.9,5.4,-0.003
1044.19,5.2,4.8,5.379,0.007
1044.29,4.7,4.7,5.357,-0.003
1044.39,4.4,4.4,5.333,-0.003
1044.49,3.8,4.3,5.308,0
1044.59,3.4,4.2,5.273,0
1044.69,2.9,4,5.242,-0.003
1044.79,2.3,3.7,5.21,-0.003
1044.89,1.9,3.6,5.171,-0.003
1044.99,1.4,3.4,5.126,-0.003
1045.09,0.9,3.3,5.08,-0.003
1045.19,0.5,3.1,5.027,0.003
1045.29,-0.1,3,4.975,-0.003
1045.39,-0.6,2.8,4.915,-0.003
1045.49,-1,2.6,4.855,-0.003
1045.59,-1.4,2.4,4.774,0
1045.69,-1.8,2.2,4.69,0
1045.79,-2.2,1.9,4.585,-0.003
1045.89,-2.6,1.8,4.451,-0.003
1045.99,-3,1.6,4.265,-0.003
1046.09,-3.5,1.3,4.012,0
1046.19,-4,1,3.738,0
1046.29,-4.2,0.8,3.446,0
1046.39,-4.4,0.7,3.12,-0.003
1046.49,-4.6,0.7,2.768,0
1046.59,-5.1,0.6,2.399,-0.003
1046.69,-5.2,0.5,2.024,0
1046.79,-5.4,0.6,1.623,0
1046.88,-5.6,0.7,1.212,0
1046.98,-6,0.9,0.794,0
1047.08,-6.5,1,0.393,0
1047.18,-6.9,1.3,0.028,-0.003
1047.28,-7.4,1.6,-0.299,0.014
1047.38,-7.5,1.8,-0.594,0
1047.48,-7.6,2.2,-0.882,0
1047.58,-7.8,2.6,-1.163,-0.003
1047.68,-8.6,2.9,-1.391,0
1047.78,-9.1,3,-1.535,0
1047.88,-9.5,3.1,-1.605,-0.003
1047.98,-9.5,3.1,-1.634,-0.003
1048.08,-9.3,3.1,-1.648,-0.003
1048.18,-9.1,3.1,-1.644,0
1048.28,-8.9,3.1,-1.651,0.01
1048.38,-8.6,3.1,-1.648,-0.003
1048.48,-8.3,3,-1.644,-0.003
1048.58,-7.8,3,-1.63,-0.003
1048.68,-7.6,2.9,-1.63,-0.003
1048.78,-7.1,2.9,-1.62,-0.003
1048.88,-6.8,2.8,-1.613,0
1048.98,-6.3,2.8,-1.602,-0.003
1049.08,-5.7,2.7,-1.581,0
1049.18,-5.4,2.6,-1.563,0
1049.28,-5,2.5,-1.542,0.014
1049.38,-4.4,2.4,-1.514,-0.003
1049.48,-3.9,2.4,-1.486,-0.003
1049.58,-3.6,2.2,-1.454,0
1049.68,-3.1,2.1,-1.416,-0.003
1049.78,-2.6,2,-1.374,-0.003
1049.87,-2.1,1.9,-1.328,-0.003
1049.97,-1.6,1.8,-1.272,0
1050.07,-1.1,1.6,-1.216,0
1050.17,-0.7,1.5,-1.156,-0.003
1050.27,-0.2,1.4,-1.086,0.01
1050.37,0.1,1.3,-1.012,-0.003
1050.47,0.4,1.3,-0.92,0
1050.57,0.7,1,-0.808,0
1050.67,1.1,0.9,-0.678,0
1050.77,1.4,0.7,-0.506,0
1050.87,2.1,0.7,-0.239,0
1050.97,2.5,0.6,0.084,0.003
1051.07,2.9,0.5,0.467,0
1051.17,3.2,0.5,0.868,0
1051.27,3.5,0.7,1.307,0.003
1051.37,3.8,0.7,1.76,0
1051.47,4.1,1,2.262,0.003
1051.57,4.7,1.3,2.747,-0.003
1051.67,5.5,1.7,3.211,0
1051.77,6.1,2.3,3.619,0
1051.87,6.7,2.8,3.98,0
1051.97,7.1,3.2,4.286,-0.003
1052.07,7.3,3.7,4.588,0
1052.17,7.6,4.3,4.887,-0.003
1052.27,8.4,4.9,5.122,-0.003
1052.37,9,5.2,5.284,-0.003
1052.47,9.1,5.5,5.379,-0.003
1052.57,9.4,5.7,5.452,-0.007
1052.67,9.4,5.6,5.491,-0.003
1052.77,9.4,5.7,5.523,-0.003
1052.87,9.3,5.7,5.544,-0.003
1052.96,9.4,5.8,5.554,-0.007
1053.06,9,5.7,5.561,-0.007
1053.16,8.8,5.6,5.565,-0.003
1053.26,8.6,5.6,5.565,-0.003
1053.36,8.5,5.5,5.561,0
1053.46,8.2,5.5,5.561,-0.007
1053.56,7.9,5.4,5.558,-0.003
1053.66,7.6,5.4,5.551,-0.003
1053.76,7,5.3,5.544,-0.003
1053.86,6.6,5.2,5.533,-0.003
1053.96,6.3,5.1,5.519,-0.003
1054.06,5.8,4.9,5.502,-0.003
1054.16,5.5,5,5.491,-0.007
1054.26,4.9,4.8,5.466,-0.003
1054.36,4.5,4.6,5.449,0.007
1054.46,3.9,4.4,5.414,-0.007
1054.56,3.5,4.3,5.386,-0.007
1054.66,3.1,4,5.357,-0.007
1054.76,2.6,3.9,5.319,0
1054.86,2.2,3.8,5.284,-0.007
1054.96,1.7,3.6,5.235,-0.003
1055.06,1.1,3.4,5.192,-0.007
1055.16,0.5,3.2,5.136,-0.01
1055.26,0.1,3.1,5.09,-0.003
1055.36,-0.4,2.8,5.027,0.01
1055.46,-0.7,2.7,4.961,-0.003
1055.56,-1.3,2.5,4.887,-0.003
1055.66,-1.7,2.2,4.802,-0.003
1055.76,-2.1,2.1,4.704,-0.003
1055.86,-2.5,1.9,4.578,-0.003
1055.96,-3,1.6,4.402,-0.003
1056.05,-3.3,1.3,4.163,-0.003
1056.15,-3.9,1.1,3.875,0
1056.25,-4,0.9,3.583,0
1056.35,-4.3,0.7,3.257,0.003
1056.45,-4.6,0.6,2.905,0
1056.55,-4.9,0.5,2.536,0
1056.65,-5.1,0.5,2.161,-0.003
1056.75,-5.4,0.5,1.767,0
1056.85,-5.4,0.6,1.36,0
1056.95,-5.8,0.7,0.934,-0.003
1057.05,-6.3,0.9,0.527,0
1057.15,-6.8,1.2,0.144,0
1057.25,-7.2,1.4,-0.197,-0.003
1057.35,-7.6,1.7,-0.499,0
1057.45,-7.6,1.9,-0.787,-0.003
1057.55,-7.8,2.4,-1.079,-0.003
1057.65,-8.4,2.8,-1.328,-0.003
1057.75,-9,3,-1.5,0
1057.85,-9.2,3.1,-1.595,0
1057.95,-9.4,3.1,-1.637,-0.003
1058.05,-9.3,3.1,-1.658,0
1058.15,-9.1,3.1,-1.658,0
1058.25,-9,3.1,-1.662,-0.003
1058.35,-8.7,3,-1.655,-0.003
1058.45,-8.3,3,-1.655,0
1058.55,-7.9,3,-1.651,-0.007
1058.65,-7.7,2.9,-1.648,-0.003
1058.75,-7.3,2.9,-1.637,-0.007
1058.85,-6.9,2.9,-1.627,0
1058.95,-6.4,2.8,-1.62,-0.003
1059.05,-6,2.8,-1.598,-0.003
1059.14,-5.5,2.6,-1.584,-0.003
1059.24,-5.1,2.5,-1.567,-0.003
1059.34,-4.5,2.5,-1.535,-0.003
1059.44,-4.2,2.3,-1.514,0.007
1059.54,-3.6,2.2,-1.476,0
1059.64,-3.3,2.1,-1.444,-0.003
1059.74,-2.7,2,-1.395,-0.003
1059.84,-2.2,1.9,-1.353,-0.007
1059.94,-1.7,1.7,-1.307,-0.003
1060.04,-1.3,1.6,-1.251,0
1060.14,-0.8,1.5,-1.191,-0.003
1060.24,-0.4,1.3,-1.124,0
1060.34,0.1,1.3,-1.05,-0.003
1060.44,0.3,1.2,-0.963,0.017
1060.54,0.7,1.1,-0.861,-0.003
1060.64,1.1,1,-0.738,0
1060.74,1.3,0.8,-0.576,0
1060.84,1.7,0.7,-0.358,0
1060.94,2.4,0.6,-0.032,0
1061.04,2.7,0.5,0.323,0.003
1061.14,3.1,0.5,0.72,0
1061.24,3.5,0.5,1.145,0.003
1061.34,3.7,0.6,1.595,0
1061.44,4,0.9,2.09,0.01
1061.54,4.4,1.1,2.582,0
1061.64,5.1,1.6,3.07,0
1061.74,5.8,2,3.513,-0.003
1061.84,6.5,2.5,3.9,0
1061.94,7,2.9,4.223,-0.003
1062.04,7.2,3.4,4.532,0
1062.13,7.4,4,4.834,-0.003
1062.23,8.2,4.7,5.115,-0.003
1062.33,8.8,5.1,5.294,-0.003
1062.43,9.2,5.5,5.421,0.003
1062.53,9.3,5.5,5.498,-0.007
1062.63,9.4,5.6,5.551,-0.003
1062.73,9.4,5.7,5.593,-0.007
1062.83,9.4,5.7,5.614,-0.003
1062.93,9.4,5.9,5.632,-0.007
1063.03,9.1,5.7,5.639,-0.003
1063.13,9,5.7,5.642,-0.007
1063.23,8.8,5.6,5.639,-0.01
1063.33,8.5,5.6,5.639,-0.007
1063.43,8.2,5.6,5.635,-0.007
1063.53,7.9,5.4,5.632,-0.003
1063.63,7.7,5.5,5.624,-0.007
1063.73,7.1,5.2,5.614,-0.003
1063.83,6.8,5.3,5.61,-0.007
1063.93,6.4,5.2,5.596,-0.007
1064.03,5.9,5,5.586,-0.003
1064.13,5.5,4.9,5.572,-0.007
1064.23,5,4.8,5.551,-0.007
1064.33,4.6,4.7,5.523,-0.003
1064.43,4.1,4.4,5.502,-0.003
1064.53,3.8,4.4,5.47,0.003
1064.63,3.2,4.1,5.438,-0.003
1064.73,2.8,3.9,5.403,0
1064.83,2.3,3.7,5.365,0
1064.93,1.7,3.5,5.322,-0.003
1065.03,1.3,3.4,5.28,-0.007
1065.13,0.8,3.2,5.228,-0.003
1065.22,0.3,3.1,5.175,-0.007
1065.32,-0.1,2.8,5.119,-0.003
1065.42,-0.6,2.6,5.048,-0.003
1065.52,-1.1,2.5,4.978,0.01
1065.62,-1.6,2.3,4.897,-0.003
1065.72,-1.9,2.2,4.799,0
1065.82,-2.4,1.9,4.679,-0.003
1065.92,-2.7,1.6,4.521,-0.003
1066.02,-3.3,1.3,4.297,-0.003
1066.12,-3.6,1.1,4.023,-0.003
1066.22,-3.9,0.8,3.734,0
1066.32,-4.2,0.7,3.418,0
1066.42,-4.5,0.7,3.074,-0.003
1066.52,-4.8,0.6,2.712,0.014
1066.62,-5.1,0.5,2.333,0
1066.72,-5.4,0.4,1.943,0
1066.82,-5.4,0.5,1.539,0
1066.92,-5.7,0.7,1.114,0
1067.02,-6,0.8,0.692,0
1067.12,-6.6,1.1,0.295,0
1067.22,-7,1.3,-0.063,-0.003
1067.32,-7.5,1.5,-0.383,0
1067.42,-7.5,1.8,-0.671,0
1067.52,-7.5,2.2,-0.966,0.01
1067.62,-8.1,2.6,-1.244,0
1067.72,-8.8,2.9,-1.454,-0.003
1067.82,-9.2,3,-1.577,0
1067.92,-9.4,3.1,-1.641,0
1068.02,-9.4,3.1,-1.662,-0.003
1068.12,-9.3,3.1,-1.669,-0.003
1068.22,-9,3.1,-1.672,-0.003
1068.31,-8.7,3,-1.672,0
1068.41,-8.4,3,-1.672,0
1068.51,-8.2,2.9,-1.665,-0.003
1068.61,-7.8,2.9,-1.658,-0.003
1068.71,-7.5,2.9,-1.655,-0.003
1068.81,-6.9,2.9,-1.644,0
1068.91,-6.6,2.8,-1.634,-0.003
1069.01,-6,2.7,-1.62,0
1069.11,-5.6,2.6,-1.602,-0.003
1069.21,-5.2,2.5,-1.584,0
1069.31,-4.8,2.5,-1.56,-0.003
1069.41,-4.3,2.4,-1.535,0
1069.51,-3.7,2.3,-1.497,-0.003
1069.61,-3.4,2.1,-1.468,0
1069.71,-2.8,2.1,-1.426,-0.003
1069.81,-2.5,1.9,-1.384,-0.003
1069.91,-2,1.8,-1.331,0
1070.01,-1.5,1.7,-1.275,0
1070.11,-0.9,1.5,-1.219,-0.003
1070.21,-0.5,1.3,-1.156,-0.003
1070.31,-0.1,1.3,-1.086,0
1070.41,0.2,1.2,-1.001,-0.003
1070.51,0.5,1.1,-0.903,-0.003
1070.61,0.8,1,-0.783,0.003
1070.71,1.2,0.8,-0.646,0
1070.81,1.6,0.7,-0.453,-0.003
1070.91,2.3,0.6,-0.148,0
1071.01,2.6,0.4,0.197,0
1071.11,3,0.4,0.597,-0.003
1071.21,3.3,0.4,1.012,-0.003
1071.31,3.7,0.6,1.458,0
1071.4,3.8,0.7,1.932,0
1071.5,4.2,1,2.435,0
1071.6,4.8,1.4,2.937,0.017
1071.7,5.4,1.8,3.404,0
1071.8,6.1,2.3,3.836,0
1071.9,6.7,2.9,4.202,0.003
1072,7,3.4,4.539,0
1072.1,7.2,4,4.869,0
1072.2,8,4.6,5.161,0
1072.3,8.7,5.1,5.354,-0.003
1072.4,9.1,5.3,5.473,0
1072.5,9.2,5.5,5.554,-0.003
1072.6,9.4,5.7,5.603,0.01
1072.7,9.4,5.6,5.642,-0.003
1072.8,9.4,5.7,5.667,-0.003
1072.9,9.3,5.7,5.681,-0.003
1073,9.1,5.6,5.688,-0.007
1073.1,9.1,5.5,5.695,-0.007
1073.2,8.8,5.6,5.691,-0.007
1073.3,8.5,5.5,5.691,-0.003
1073.4,8.3,5.5,5.691,-0.003
1073.5,8,5.3,5.688,-0.003
1073.6,7.8,5.5,5.677,0
1073.7,7.3,5.2,5.67,-0.003
1073.8,7,5.2,5.663,-0.003
1073.9,6.5,5.2,5.653,-0.007
1074,6.1,5,5.639,-0.007
1074.1,5.7,5,5.624,-0.007
1074.2,5.2,4.8,5.603,-0.007
1074.3,4.7,4.6,5.589,-0.007
1074.39,4.3,4.5,5.565,-0.003
1074.49,3.8,4.4,5.537,-0.003
1074.59,3.4,4.2,5.505,-0.003
1074.69,2.9,4,5.47,-0.003
1074.79,2.3,3.8,5.435,-0.007
1074.89,1.8,3.7,5.396,-0.003
1074.99,1.4,3.4,5.354,-0.003
1075.09,0.9,3.4,5.308,-0.003
1075.19,0.4,3.1,5.256,-0.003
1075.29,0,2.9,5.203,0
1075.39,-0.5,2.7,5.136,-0.003
1075.49,-1,2.5,5.076,-0.003
1075.59,-1.4,2.4,4.999,-0.003
1075.69,-1.8,2.2,4.911,-0.003
1075.79,-2.3,2,4.806,-0.003
1075.89,-2.8,1.8,4.676,0
1075.99,-3.2,1.5,4.49,0
1076.09,-3.5,1.2,4.254,-0.003
1076.19,-3.9,1,3.973,0
1076.29,-4.2,0.8,3.668,0
1076.39,-4.3,0.7,3.341,-0.003
1076.49,-4.5,0.6,2.979,0
1076.59,-4.8,0.4,2.593,0
1076.69,-5.1,0.4,2.199,0.017
1076.79,-5.3,0.4,1.792,0
1076.89,-5.5,0.6,1.367,0
1076.99,-5.7,0.7,0.934,0
1077.09,-6.3,1,0.509,0
1077.19,-6.9,1.1,0.123,0
1077.29,-7.3,1.3,-0.221,0
1077.39,-7.5,1.6,-0.52,0
1077.48,-7.6,2,-0.812,-0.003
1077.58,-7.7,2.4,-1.103,-0.003
1077.68,-8.4,2.7,-1.356,0.014
1077.78,-8.9,2.9,-1.528,0
1077.88,-9.3,3,-1.616,0
1077.98,-9.4,3,-1.658,0
1078.08,-9.2,3.1,-1.676,0
1078.18,-9.2,2.9,-1.679,-0.007
1078.28,-9,3,-1.679,-0.003
1078.38,-8.6,3,-1.676,-0.003
1078.48,-8.4,2.9,-1.676,0
1078.58,-7.8,3,-1.669,0
1078.68,-7.6,2.8,-1.665,0.01
1078.78,-7.1,2.8,-1.655,-0.003
1078.88,-6.8,2.8,-1.648,-0.003
1078.98,-6.3,2.7,-1.63,-0.007
1079.08,-5.8,2.6,-1.62,-0.003
1079.18,-5.4,2.5,-1.595,-0.003
1079.28,-4.9,2.5,-1.574,0
1079.38,-4.5,2.3,-1.553,-0.003
1079.48,-4,2.2,-1.521,-0.003
1079.58,-3.4,2.1,-1.486,-0.003
1079.68,-3,2,-1.451,0.01
1079.78,-2.5,1.9,-1.405,0
1079.88,-2.1,1.7,-1.363,-0.003
1079.98,-1.5,1.7,-1.31,-0.003
1080.08,-1.2,1.5,-1.254,0
1080.18,-0.7,1.5,-1.184,0
1080.28,-0.1,1.3,-1.117,0
1080.38,0,1.2,-1.04,0
1080.48,0.5,1,-0.945,0
1080.57,0.7,0.9,-0.84,-0.003
1080.67,1.1,0.9,-0.699,0
1080.77,1.4,0.7,-0.527,0
1080.87,2,0.6,-0.253,0
1080.97,2.5,0.5,0.088,0
1081.07,2.8,0.5,0.474,-0.003
1081.17,3.1,0.4,0.889,0
1081.27,3.5,0.5,1.328,0
1081.37,3.6,0.6,1.799,-0.003
1081.47,4,0.8,2.308,0
1081.57,4.5,1.2,2.81,0
1081.67,5.2,1.6,3.295,-0.003
1081.77,5.8,2.1,3.748,-0.003
1081.87,6.6,2.6,4.145,0
1081.97,7,3.2,4.497,0
1082.07,7.1,3.8,4.834,0
1082.17,7.7,4.4,5.147,-0.003
1082.27,8.5,5,5.393,0
1082.37,9,5.3,5.544,-0.003
1082.47,9.2,5.5,5.649,-0.003
1082.57,9.3,5.8,5.716,-0.003
1082.67,9.4,5.8,5.769,-0.003
1082.77,9.4,5.9,5.8,0.007
1082.87,9.4,5.9,5.821,-0.007
1082.97,9.3,5.9,5.839,-0.003
1083.07,9.1,5.8,5.842,-0.007
1083.17,9,5.9,5.849,-0.007
1083.27,8.6,5.8,5.846,-0.007
1083.37,8.4,5.8,5.849,-0.007
1083.47,8.2,5.6,5.842,-0.003
1083.57,7.9,5.6,5.835,-0.003
1083.66,7.5,5.5,5.828,-0.003
1083.76,7.1,5.5,5.825,0.007
1083.86,6.7,5.4,5.818,-0.007
1083.96,6.1,5.2,5.8,-0.007
1084.06,5.7,5.1,5.79,-0.007
1084.16,5.3,5,5.769,-0.003
1084.26,4.9,4.8,5.751,-0.007
1084.36,4.4,4.7,5.73,-0.003
1084.46,4,4.6,5.702,-0.007
1084.56,3.5,4.4,5.674,-0.003
1084.66,3,4.2,5.635,-0.007
1084.76,2.6,4.1,5.603,0.003
1084.86,2.1,3.8,5.561,-0.003
1084.96,1.7,3.6,5.519,-0.003
1085.06,1.1,3.5,5.47,-0.007
1085.16,0.7,3.2,5.417,-0.003
1085.26,0.2,3.2,5.365,-0.003
1085.36,-0.3,2.9,5.301,-0.007
1085.46,-0.8,2.7,5.235,-0.003
1085.56,-1.3,2.5,5.161,-0.003
1085.66,-1.7,2.2,5.069,-0.003
1085.76,-2.2,2.1,4.968,0.003
1085.86,-2.6,1.8,4.841,-0.003
1085.96,-3.1,1.6,4.676,0
1086.06,-3.5,1.3,4.455,-0.003
1086.16,-3.9,1,4.195,0
1086.26,-4,0.9,3.907,0
1086.36,-4.3,0.7,3.576,0
1086.46,-4.5,0.6,3.229,0
1086.56,-4.8,0.4,2.842,0
1086.65,-5,0.4,2.456,0
1086.75,-5.4,0.4,2.041,0
1086.85,-5.4,0.5,1.616,0.003
1086.95,-5.6,0.6,1.184,-0.003
1087.05,-6,0.8,0.745,0
1087.15,-6.5,1,0.337,0.003
1087.25,-7,1.1,-0.035,0.003
1087.35,-7.5,1.4,-0.358,0
1087.45,-7.6,1.7,-0.65,0
1087.55,-7.6,2.1,-0.945,-0.003
1087.65,-8,2.5,-1.23,0
1087.75,-8.7,2.8,-1.451,-0.003
1087.85,-9.1,2.9,-1.581,0.003
1087.95,-9.3,2.9,-1.644,-0.003
1088.05,-9.4,3,-1.665,0
1088.15,-9.1,2.9,-1.676,0
1088.25,-8.9,2.9,-1.679,0
1088.35,-8.8,2.9,-1.676,-0.003
1088.45,-8.2,2.9,-1.679,-0.003
1088.55,-8.1,2.8,-1.676,-0.003
1088.65,-7.8,2.8,-1.669,-0.003
1088.75,-7.2,2.8,-1.662,0
1088.85,-6.9,2.7,-1.655,0.014
1088.95,-6.4,2.6,-1.637,0
1089.05,-6,2.5,-1.627,0
1089.15,-5.5,2.5,-1.605,-0.003
1089.25,-5.1,2.4,-1.584,0
1089.35,-4.6,2.3,-1.563,-0.003
1089.45,-4.2,2.2,-1.532,0
1089.55,-3.6,2.2,-1.5,0
1089.65,-3.2,2,-1.472,-0.003
1089.74,-2.7,1.9,-1.426,-0.003
1089.84,-2.2,1.8,-1.381,0.014
1089.94,-1.8,1.6,-1.328,-0.003
1090.04,-1.3,1.6,-1.272,0
1090.14,-0.7,1.4,-1.209,-0.003
1090.24,-0.4,1.3,-1.145,-0.003
1090.34,0.1,1.2,-1.068,-0.003
1090.44,0.3,1,-0.984,-0.003
1090.54,0.8,0.9,-0.875,0
1090.64,1,0.8,-0.752,0
1090.74,1.3,0.7,-0.594,0
1090.84,1.8,0.6,-0.362,0.017
1090.94,2.4,0.4,-0.042,0.003
1091.04,2.7,0.4,0.337,0
1091.14,3.1,0.4,0.734,0
1091.24,3.4,0.4,1.173,0
1091.34,3.5,0.4,1.627,-0.003
1091.44,3.8,0.6,2.129,0
1091.54,4.4,1,2.638,0
1091.64,5,1.3,3.134,0
1091.74,5.5,1.8,3.576,0
1091.84,6.4,2.3,3.991,0.007
1091.94,6.7,2.8,4.339,-0.003
1092.04,7.3,3.3,4.669,0
1092.14,7.4,3.9,4.978,-0.003
1092.24,8,4.5,5.259,-0.003
1092.34,8.5,5,5.48,0
1092.44,9.1,5.3,5.632,-0.003
1092.54,9.2,5.6,5.73,-0.007
1092.64,9.4,5.7,5.797,-0.003
1092.74,9.4,5.8,5.839,-0.003
1092.83,9.4,5.8,5.87,-0.003
1092.93,9.3,5.8,5.884,-0.007
1093.03,9.1,5.9,5.895,-0.003
1093.13,9,5.8,5.899,-0.003
1093.23,8.8,5.7,5.899,-0.007
1093.33,8.5,5.5,5.902,-0.01
1093.43,8.3,5.6,5.895,-0.007
1093.53,7.9,5.4,5.891,-0.007
1093.63,7.7,5.5,5.884,-0.003
1093.73,7.2,5.4,5.881,-0.003
1093.83,6.8,5.3,5.867,-0.003
1093.93,6.4,5.2,5.86,0.007
1094.03,6,5.1,5.842,-0.007
1094.13,5.6,5,5.832,-0.003
1094.23,4.9,4.8,5.811,-0.003
1094.33,4.6,4.7,5.79,-0.003
1094.43,4.1,4.6,5.761,-0.003
1094.53,3.6,4.3,5.73,-0.003
1094.63,3.2,4.2,5.702,-0.007
1094.73,2.8,4,5.667,-0.003
1094.83,2.3,3.8,5.632,-0.003
1094.93,1.7,3.7,5.586,0.01
1095.03,1.3,3.4,5.544,-0.003
1095.13,0.8,3.2,5.487,-0.003
1095.23,0.3,3.1,5.438,-0.007
1095.33,-0.1,2.9,5.372,-0.003
1095.43,-0.6,2.6,5.305,-0.007
1095.53,-1,2.6,5.235,-0.003
1095.63,-1.6,2.2,5.147,-0.003
1095.73,-1.9,2.1,5.045,-0.003
1095.83,-2.4,1.8,4.918,-0.003
1095.92,-2.8,1.6,4.753,0.017
1096.02,-3.3,1.3,4.525,-0.003
1096.12,-3.7,1,4.272,-0.003
1096.22,-3.9,0.8,3.98,-0.003
1096.32,-4.1,0.7,3.647,0
1096.42,-4.3,0.6,3.295,-0.003
1096.52,-4.7,0.4,2.909,-0.003
1096.62,-4.9,0.4,2.519,-0.003
1096.72,-5.2,0.3,2.111,0
1096.82,-5.3,0.4,1.704,0
1096.92,-5.5,0.4,1.265,0.01
1097.02,-5.9,0.7,0.826,-0.003
1097.12,-6.5,0.9,0.408,0
1097.22,-6.9,1.1,0.035,0
1097.32,-7.5,1.3,-0.302,0
1097.42,-7.6,1.6,-0.601,0
1097.52,-7.5,2,-0.892,0
1097.62,-7.8,2.4,-1.18,-0.003
1097.72,-8.5,2.7,-1.416,0
1097.82,-9.1,2.8,-1.574,0
1097.92,-9.3,2.9,-1.655,0
1098.02,-9.3,3,-1.686,-0.003
1098.12,-9.3,2.9,-1.697,-0.003
1098.22,-9,3,-1.697,-0.003
1098.32,-8.8,2.8,-1.697,0
1098.42,-8.5,2.9,-1.697,0
1098.52,-8.1,2.8,-1.693,0
1098.62,-7.8,2.8,-1.69,0
1098.72,-7.5,2.8,-1.679,0
1098.82,-6.9,2.7,-1.672,-0.003
1098.91,-6.6,2.7,-1.658,-0.003
1099.01,-6,2.6,-1.651,0.003
1099.11,-5.7,2.5,-1.63,-0.003
1099.21,-5.2,2.5,-1.613,-0.003
1099.31,-4.8,2.4,-1.591,-0.003
1099.41,-4.3,2.2,-1.563,0
1099.51,-3.8,2.2,-1.528,0
1099.61,-3.3,2.1,-1.497,0
1099.71,-2.9,1.9,-1.454,0
1099.81,-2.4,1.8,-1.409,0
1099.91,-1.9,1.6,-1.363,0
1100.01,-1.5,1.6,-1.307,0.01
1100.11,-1,1.4,-1.251,0
1100.21,-0.5,1.2,-1.184,0
1100.31,-0.1,1.1,-1.107,0
1100.41,0.2,1,-1.029,0
1100.51,0.6,1,-0.92,0
1100.61,0.8,0.8,-0.808,0
1100.71,1.2,0.7,-0.657,0
1100.81,1.6,0.6,-0.453,-0.003
1100.91,2.3,0.5,-0.141,0
1101.01,2.6,0.3,0.214,0.01
1101.11,2.9,0.4,0.615,0
1101.21,3.3,0.4,1.043,0
1101.31,3.6,0.4,1.497,0
1101.41,3.7,0.5,1.981,0
1101.51,4.1,0.8,2.491,0
1101.61,4.8,1.3,3,-0.003
1101.71,5.4,1.6,3.467,-0.003
1101.81,6.1,2.1,3.903,0
1101.91,6.7,2.6,4.272,-0.003
1102,7.1,3.2,4.616,0.014
1102.1,7.3,3.6,4.929,0.003
1102.2,7.7,4.2,5.231,0
1102.3,8.3,4.8,5.484,-0.003
1102.4,8.8,5.3,5.663,0
1102.5,9.1,5.5,5.779,-0.003
1102.6,9.4,5.7,5.856,-0.003
1102.7,9.4,5.8,5.909,-0.003
1102.8,9.4,5.8,5.937,-0.007
1102.9,9.4,5.9,5.965,0
1103,9.1,5.9,5.972,0.007
1103.1,9,5.7,5.979,-0.007
1103.2,8.9,5.7,5.979,-0.003
1103.3,8.5,5.6,5.979,-0.007
1103.4,8.2,5.6,5.979,-0.003
1103.5,8,5.5,5.972,-0.007
1103.6,7.6,5.5,5.965,-0.003
1103.7,7.3,5.4,5.958,-0.003
1103.8,7,5.4,5.951,-0.003
1103.9,6.5,5.2,5.941,-0.007
1104,6.1,5.2,5.927,-0.003
1104.1,5.6,4.9,5.909,-0.007
1104.2,5.2,4.9,5.891,-0.003
1104.3,4.7,4.7,5.874,-0.007
1104.4,4.2,4.6,5.849,-0.007
1104.5,3.8,4.4,5.828,-0.003
1104.6,3.3,4.2,5.79,-0.003
1104.7,2.9,4.1,5.758,-0.007
1104.8,2.4,3.9,5.723,-0.007
1104.9,2,3.7,5.684,-0.003
1105,1.3,3.5,5.635,0
1105.09,1,3.4,5.586,-0.007
1105.19,0.4,3.2,5.533,-0.003
1105.29,0,3,5.48,-0.007
1105.39,-0.5,2.8,5.417,-0.003
1105.49,-0.9,2.6,5.34,-0.003
1105.59,-1.3,2.4,5.263,-0.003
1105.69,-1.8,2.1,5.168,-0.003
1105.79,-2.2,1.8,5.048,-0.003
1105.89,-2.7,1.6,4.894,-0.003
1105.99,-3.1,1.3,4.676,-0.003
1106.09,-3.5,1.1,4.43,0.014
1106.19,-3.8,0.9,4.142,-0.003
1106.29,-4,0.7,3.826,0
1106.39,-4.2,0.5,3.474,-0.003
1106.49,-4.5,0.4,3.102,0
1106.59,-4.8,0.4,2.698,-0.003
1106.69,-5.1,0.4,2.298,0
1106.79,-5.4,0.4,1.883,-0.003
1106.89,-5.4,0.5,1.458,0.003
1106.99,-5.7,0.6,1.008,-0.003
1107.09,-6.2,0.8,0.58,0.014
1107.19,-6.8,1,0.176,0
1107.29,-7.2,1.2,-0.179,0
1107.39,-7.6,1.5,-0.492,-0.003
1107.49,-7.5,1.9,-0.787,-0.003
1107.59,-7.6,2.2,-1.086,0
1107.69,-8.2,2.5,-1.353,0
1107.79,-8.9,2.8,-1.539,-0.003
1107.89,-9.3,2.8,-1.641,0
1107.99,-9.3,2.9,-1.679,0
1108.08,-9.4,2.9,-1.7,0.014
1108.18,-9.1,2.8,-1.707,-0.003
1108.28,-8.8,2.9,-1.707,-0.003
1108.38,-8.6,2.8,-1.704,0
1108.48,-8.2,2.8,-1.7,0
1108.58,-7.9,2.8,-1.7,-0.003
1108.68,-7.5,2.7,-1.69,0
1108.78,-7.2,2.7,-1.683,0
1108.88,-6.7,2.7,-1.672,-0.003
1108.98,-6.2,2.5,-1.658,-0.007
1109.08,-5.8,2.5,-1.644,0.003
1109.18,-5.3,2.5,-1.623,0
1109.28,-4.9,2.2,-1.602,-0.003
1109.38,-4.4,2.2,-1.574,0
1109.48,-3.9,2.2,-1.549,-0.003
1109.58,-3.5,2.1,-1.514,-0.003
1109.68,-3.1,1.8,-1.476,-0.003
1109.78,-2.5,1.8,-1.433,0
1109.88,-2,1.6,-1.388,0
1109.98,-1.5,1.6,-1.335,0
1110.08,-1.1,1.4,-1.275,0
1110.18,-0.7,1.3,-1.216,0
1110.28,-0.2,1.3,-1.142,-0.003
1110.38,0.1,1.1,-1.064,-0.003
1110.48,0.5,1,-0.966,0
1110.58,0.8,0.8,-0.861,-0.003
1110.68,1.1,0.8,-0.72,0
1110.78,1.4,0.6,-0.541,0
1110.88,2,0.4,-0.267,-0.003
1110.98,2.4,0.4,0.084,0.003
1111.08,2.8,0.3,0.471,0
1111.17,3.1,0.3,0.896,0.003
1111.27,3.4,0.3,1.349,0
1111.37,3.5,0.4,1.827,0
1111.47,4,0.7,2.347,0
1111.57,4.5,1,2.867,0
1111.67,4.9,1.4,3.373,0.003
1111.77,5.6,1.9,3.847,0
1111.87,6.4,2.5,4.272,-0.003
1111.97,6.8,3,4.641,-0.003
1112.07,7.3,3.6,4.989,0
1112.17,7.7,4.3,5.298,0.01
1112.27,8.3,4.9,5.568,-0.003
1112.37,8.9,5.2,5.744,-0.003
1112.47,9.3,5.6,5.853,-0.003
1112.57,9.4,5.6,5.916,-0.007
1112.67,9.5,5.8,5.969,-0.003
1112.77,9.4,5.8,5.997,-0.007
1112.87,9.4,5.8,6.014,-0.003
1112.97,9.2,5.7,6.025,-0.003
1113.07,9.1,5.7,6.028,-0.003
1113.17,8.9,5.7,6.032,0.01
1113.27,8.6,5.5,6.028,-0.007
1113.37,8.5,5.6,6.032,-0.007
1113.47,8.1,5.3,6.021,-0.003
1113.57,7.9,5.4,6.021,-0.003
1113.67,7.4,5.3,6.011,-0.003
1113.77,7.1,5.2,6.007,-0.003
1113.87,6.7,5.2,5.997,-0.007
1113.97,6.3,5,5.986,-0.003
1114.07,5.8,5,5.972,-0.003
1114.17,5.4,4.9,5.955,0.007
1114.26,4.9,4.8,5.934,-0.007
1114.36,4.4,4.6,5.913,-0.003
1114.46,3.9,4.4,5.888,-0.003
1114.56,3.5,4.2,5.86,-0.003
1114.66,3,4,5.825,-0.003
1114.76,2.6,4,5.79,-0.003
1114.86,2,3.7,5.751,-0.007
1114.96,1.6,3.5,5.712,-0.003
1115.06,1.1,3.4,5.663,-0.007
1115.16,0.6,3.2,5.614,0.01
1115.26,0.1,3.1,5.561,-0.007
1115.36,-0.4,2.8,5.502,-0.003
1115.46,-0.7,2.6,5.438,-0.003
1115.56,-1.3,2.5,5.357,-0.003
1115.66,-1.6,2.3,5.277,-0.003
1115.76,-2.1,2,5.171,-0.007
1115.86,-2.4,1.8,5.048,-0.003
1115.96,-3,1.5,4.869,-0.003
1116.06,-3.5,1.2,4.637,0
1116.16,-3.9,0.9,4.374,0
1116.26,-3.9,0.8,4.082,-0.003
1116.36,-4.2,0.7,3.745,-0.003
1116.46,-4.4,0.5,3.383,-0.003
1116.56,-4.7,0.4,2.993,-0.003
1116.66,-4.9,0.3,2.582,0
1116.76,-5.2,0.3,2.157,-0.003
1116.86,-5.4,0.4,1.732,-0.003
1116.96,-5.5,0.4,1.282,0
1117.06,-6,0.7,0.833,0
1117.16,-6.3,0.8,0.4,0
1117.26,-6.9,1,0.021,0.003
1117.35,-7.5,1.3,-0.323,0
1117.45,-7.6,1.7,-0.622,-0.003
1117.55,-7.5,1.9,-0.92,-0.003
1117.65,-7.8,2.2,-1.205,-0.003
1117.75,-8.4,2.6,-1.444,-0.007
1117.85,-9,2.8,-1.595,-0.003
1117.95,-9.3,2.8,-1.665,0
1118.05,-9.3,2.8,-1.697,-0.003
1118.15,-9.2,2.8,-1.707,-0.003
1118.25,-9,2.8,-1.711,0.014
1118.35,-8.6,2.8,-1.707,0
1118.45,-8.4,2.8,-1.707,-0.003
1118.55,-8,2.8,-1.704,-0.007
1118.65,-7.7,2.7,-1.697,0
1118.75,-7.2,2.7,-1.686,-0.003
1118.85,-6.9,2.7,-1.679,0
1118.95,-6.4,2.6,-1.669,-0.003
1119.05,-6,2.5,-1.651,-0.003
1119.15,-5.5,2.5,-1.637,-0.003
1119.25,-5.1,2.3,-1.616,0.01
1119.35,-4.5,2.2,-1.591,0
1119.45,-4.2,2.2,-1.563,-0.003
1119.55,-3.7,1.9,-1.532,0
1119.65,-3.3,1.9,-1.493,-0.003
1119.75,-2.7,1.8,-1.454,0
1119.85,-2.2,1.6,-1.409,-0.003
1119.95,-1.7,1.5,-1.356,0
1120.05,-1.3,1.4,-1.296,0
1120.15,-0.8,1.3,-1.233,0
1120.25,-0.4,1.2,-1.17,0.014
1120.34,0,1.1,-1.093,0
1120.44,0.3,1,-1.005,-0.003
1120.54,0.6,0.9,-0.899,0
1120.64,1,0.7,-0.773,0
1120.74,1.3,0.7,-0.611,0
1120.84,1.8,0.5,-0.362,-0.003
1120.94,2.4,0.3,-0.035,0
1121.04,2.7,0.3,0.348,0
1121.14,3,0.3,0.759,0
1121.24,3.4,0.3,1.201,0.01
1121.34,3.5,0.3,1.683,0
1121.44,3.7,0.6,2.199,0
1121.54,4.3,0.9,2.723,0
1121.64,4.9,1.2,3.236,0.003
1121.74,5.3,1.7,3.724,0
1121.84,6.1,2.2,4.177,0
1121.94,6.7,2.8,4.571,0
1122.04,7,3.3,4.925,-0.003
1122.14,7.4,4,5.252,-0.003
1122.24,7.9,4.6,5.54,0
1122.34,8.8,5.2,5.754,-0.003
1122.44,9.1,5.4,5.881,-0.003
1122.54,9.3,5.6,5.962,-0.003
1122.64,9.4,5.6,6.018,-0.003
1122.74,9.4,5.6,6.05,-0.003
1122.84,9.4,5.7,6.074,-0.003
1122.94,9.4,5.5,6.081,-0.007
1123.04,9.2,5.7,6.088,-0.003
1123.14,8.9,5.5,6.088,-0.007
1123.24,8.9,5.5,6.092,-0.003
1123.34,8.5,5.5,6.092,0
1123.43,8.3,5.5,6.085,-0.007
1123.53,7.9,5.4,6.081,-0.003
1123.63,7.6,5.3,6.074,-0.003
1123.73,7.3,5.2,6.067,-0.003
1123.83,6.8,5.2,6.06,-0.003
1123.93,6.4,5.1,6.046,-0.003
1124.03,5.9,4.9,6.032,-0.003
1124.13,5.5,4.9,6.018,-0.007
1124.23,5,4.8,5.997,-0.007
1124.33,4.6,4.6,5.979,0.007
1124.43,4.1,4.4,5.955,-0.003
1124.53,3.6,4.2,5.927,-0.007
1124.63,3.2,4.1,5.895,-0.003
1124.73,2.7,3.9,5.86,-0.003
1124.83,2.1,3.7,5.821,-0.003
1124.93,1.8,3.6,5.786,-0.003
1125.03,1.2,3.4,5.74,-0.007
1125.13,0.8,3.3,5.698,-0.003
1125.23,0.2,3.1,5.642,-0.007
1125.33,-0.1,2.8,5.586,0.014
1125.43,-0.7,2.7,5.523,-0.007
1125.53,-1.1,2.5,5.452,-0.003
1125.63,-1.5,2.2,5.372,-0.003
1125.73,-1.9,2.1,5.273,0
1125.83,-2.3,1.8,5.161,-0.003
1125.93,-2.8,1.6,4.996,-0.003
1126.03,-3.3,1.3,4.778,0
1126.13,-3.8,1,4.521,0
1126.23,-3.9,0.8,4.24,-0.003
1126.33,-4.2,0.6,3.921,0.007
1126.43,-4.3,0.4,3.562,0
1126.52,-4.5,0.4,3.179,0
1126.62,-4.8,0.3,2.768,-0.003
1126.72,-5.1,0.3,2.34,0
1126.82,-5.3,0.2,1.915,0
1126.92,-5.4,0.4,1.476,0
1127.02,-5.7,0.5,1.022,0
1127.12,-6.3,0.7,0.576,0.003
1127.22,-6.7,1,0.165,0
1127.32,-7.3,1.2,-0.2,0
1127.42,-7.5,1.5,-0.516,0
1127.52,-7.6,1.7,-0.815,0
1127.62,-7.6,2.1,-1.117,0.003
1127.72,-8.3,2.4,-1.381,0
1127.82,-8.9,2.7,-1.56,0
1127.92,-9.2,2.8,-1.658,0
1128.02,-9.4,2.9,-1.697,0
1128.12,-9.3,2.9,-1.718,-0.003
1128.22,-9,2.8,-1.714,0
1128.32,-8.7,2.8,-1.714,-0.003
1128.42,-8.4,2.8,-1.718,0
1128.52,-8.1,2.6,-1.714,-0.003
1128.62,-7.8,2.8,-1.707,-0.003
1128.72,-7.4,2.7,-1.7,-0.003
1128.82,-6.9,2.7,-1.693,0
1128.92,-6.6,2.5,-1.683,-0.003
1129.02,-6.1,2.5,-1.669,0
1129.12,-5.7,2.5,-1.651,-0.003
1129.22,-5.2,2.3,-1.634,0
1129.32,-4.8,2.2,-1.609,-0.003
1129.42,-4.3,2.2,-1.584,0.01
1129.52,-3.8,2.1,-1.549,-0.003
1129.61,-3.3,1.9,-1.518,-0.003
1129.71,-2.9,1.8,-1.476,0
1129.81,-2.3,1.7,-1.433,-0.003
1129.91,-1.9,1.6,-1.384,0
1130.01,-1.5,1.5,-1.328,0
1130.11,-0.9,1.3,-1.268,0
1130.21,-0.5,1.2,-1.205,0
1130.31,-0.1,1.1,-1.135,0
1130.41,0.2,1,-1.05,0.014
1130.51,0.6,0.9,-0.945,0.003
1130.61,0.8,0.8,-0.829,-0.003
1130.71,1.3,0.7,-0.675,0
1130.81,1.6,0.5,-0.471,0
1130.91,2.3,0.4,-0.155,-0.003
1131.01,2.6,0.3,0.207,0
1131.11,2.9,0.2,0.615,0.003
1131.21,3.2,0.2,1.047,0
1131.31,3.5,0.3,1.511,0
1131.41,3.6,0.5,2.017,0.014
1131.51,4.1,0.7,2.547,0
1131.61,4.6,1.1,3.07,0
1131.71,5.1,1.5,3.573,0
1131.81,5.8,2,4.044,0
1131.91,6.5,2.5,4.465,0
1132.01,7,3.1,4.838,0
1132.11,7.3,3.6,5.178,0.003
1132.21,7.6,4.3,5.491,0.003
1132.31,8.3,5,5.761,-0.003
1132.41,8.9,5.4,5.937,0.003
1132.51,9.2,5.6,6.039,-0.003
1132.6,9.4,5.6,6.109,-0.003
1132.7,9.4,5.8,6.144,-0.007
1132.8,9.4,5.8,6.169,-0.007
1132.9,9.3,5.7,6.183,-0.003
1133,9.2,5.8,6.197,-0.003
1133.1,9,5.6,6.197,-0.007
1133.2,8.8,5.6,6.201,-0.007
1133.3,8.5,5.6,6.197,-0.007
1133.4,8.4,5.5,6.194,-0.007
1133.5,7.9,5.5,6.194,-0.007
1133.6,7.7,5.3,6.187,-0.003
1133.7,7.3,5.4,6.18,-0.007
1133.8,6.9,5.3,6.169,-0.007
1133.9,6.5,5.3,6.162,-0.01
1134,6.1,5.2,6.148,-0.007
1134.1,5.6,5,6.13,-0.007
1134.2,5.2,4.9,6.113,-0.007
1134.3,4.7,4.7,6.095,-0.007
1134.4,4.4,4.7,6.078,-0.003
1134.5,3.7,4.4,6.046,0
1134.6,3.2,4.3,6.014,-0.007
1134.7,2.9,4.1,5.986,-0.003
1134.8,2.3,3.9,5.948,-0.003
1134.9,1.9,3.7,5.913,-0.007
1135,1.3,3.5,5.863,-0.003
1135.1,0.9,3.4,5.821,0
1135.2,0.4,3.1,5.772,-0.01
1135.3,-0.1,3,5.716,-0.007
1135.4,-0.6,2.8,5.656,-0.007
1135.5,-1,2.6,5.589,0.014
1135.6,-1.5,2.4,5.512,-0.003
1135.69,-1.8,2.2,5.421,-0.003
1135.79,-2.2,2,5.315,-0.003
1135.89,-2.7,1.7,5.175,-0.003
1135.99,-3.2,1.5,4.975,-0.003
1136.09,-3.6,1.2,4.729,-0.003
1136.19,-3.9,0.8,4.455,-0.003
1136.29,-4.1,0.7,4.156,-0.003
1136.39,-4.2,0.4,3.805,-0.003
1136.49,-4.5,0.4,3.418,0.014
1136.59,-4.7,0.3,3.011,0
1136.69,-4.9,0.3,2.586,0
1136.79,-5.1,0.2,2.15,-0.003
1136.89,-5.4,0.3,1.711,0
1136.99,-5.5,0.4,1.244,0
1137.09,-5.8,0.7,0.783,-0.003
1137.19,-6.5,0.7,0.344,-0.003
1137.29,-7,1,-0.042,0
1137.39,-7.5,1.3,-0.379,-0.003
1137.49,-7.6,1.6,-0.682,0.014
1137.59,-7.5,2,-0.991,-0.003
1137.69,-7.9,2.3,-1.272,0.003
1137.79,-8.6,2.6,-1.504,0
1137.89,-9,2.8,-1.63,0
1137.99,-9.3,2.8,-1.697,0
1138.09,-9.2,2.8,-1.718,-0.003
1138.19,-9.1,2.8,-1.725,-0.003
1138.29,-8.8,2.8,-1.725,-0.003
1138.39,-8.6,2.7,-1.725,0
1138.49,-8.3,2.7,-1.725,0.007
1138.59,-7.8,2.7,-1.718,0
1138.69,-7.5,2.6,-1.711,-0.003
1138.78,-7.1,2.6,-1.704,0
1138.88,-6.8,2.5,-1.697,-0.003
1138.98,-6.3,2.5,-1.683,0
1139.08,-5.9,2.4,-1.669,0
1139.18,-5.4,2.3,-1.651,0
1139.28,-4.9,2.3,-1.627,-0.003
1139.38,-4.5,2.1,-1.602,0
1139.48,-3.9,2.1,-1.57,0
1139.58,-3.5,1.9,-1.539,-0.003
1139.68,-3,1.9,-1.5,-0.003
1139.78,-2.5,1.7,-1.458,0
1139.88,-2,1.6,-1.412,-0.003
1139.98,-1.6,1.5,-1.36,0
1140.08,-1.1,1.3,-1.3,-0.003
1140.18,-0.7,1.2,-1.237,0
1140.28,-0.2,1.1,-1.163,0
1140.38,0.1,1,-1.089,0
1140.48,0.5,1,-0.991,0
1140.58,0.7,0.7,-0.885,0.003
1140.68,1.1,0.7,-0.741,0
1140.78,1.4,0.4,-0.552,0
1140.88,2.1,0.4,-0.263,0
1140.98,2.4,0.2,0.088,0
1141.08,2.8,0.2,0.485,0
1141.18,3.1,0.1,0.91,0
1141.28,3.4,0.2,1.363,0
1141.38,3.4,0.3,1.855,0
1141.48,3.9,0.5,2.385,0
1141.58,4.4,0.9,2.916,0.014
1141.68,4.9,1.3,3.436,-0.007
1141.78,5.5,1.8,3.935,0
1141.87,6.1,2.3,4.377,0
1141.97,6.7,2.9,4.771,-0.003
1142.07,7.3,3.5,5.126,0
1142.17,7.3,4.1,5.442,0
1142.27,8.1,4.9,5.758,0
1142.37,8.8,5.2,5.965,0
1142.47,9.2,5.5,6.088,0
1142.57,9.4,5.7,6.162,0.007
1142.67,9.6,5.8,6.204,-0.003
1142.77,9.4,5.9,6.236,-0.003
1142.87,9.4,5.7,6.25,-0.003
1142.97,9.3,5.8,6.264,-0.003
1143.07,9.1,5.7,6.264,-0.003
1143.17,8.9,5.6,6.264,-0.007
1143.27,8.7,5.5,6.264,-0.003
1143.37,8.5,5.5,6.264,-0.003
1143.47,8.1,5.5,6.257,-0.007
1143.57,7.8,5.5,6.253,0.003
1143.67,7.5,5.4,6.25,-0.003
1143.77,7,5.2,6.239,-0.007
1143.87,6.7,5.2,6.229,-0.003
1143.97,6.1,5.1,6.218,-0.003
1144.07,5.8,5,6.201,-0.007
1144.17,5.3,4.9,6.19,-0.007
1144.27,4.8,4.7,6.166,-0.007
1144.37,4.4,4.7,6.151,-0.007
1144.47,3.9,4.4,6.12,-0.007
1144.57,3.5,4.3,6.092,-0.003
1144.67,3.1,4,6.057,-0.003
1144.77,2.5,4,6.028,-0.003
1144.86,2,3.7,5.993,-0.007
1144.96,1.6,3.5,5.951,-0.007
1145.06,1.1,3.4,5.902,-0.007
1145.16,0.5,3.2,5.856,-0.007
1145.26,0.1,3,5.804,-0.007
1145.36,-0.4,2.8,5.747,-0.003
1145.46,-0.8,2.6,5.684,-0.007
1145.56,-1.2,2.5,5.61,-0.003
1145.66,-1.6,2.2,5.526,-0.003
1145.76,-2.1,2,5.424,-0.003
1145.86,-2.4,1.9,5.301,-0.003
1145.96,-2.9,1.6,5.122,-0.003
1146.06,-3.4,1.2,4.88,0
1146.16,-3.9,1,4.609,0
1146.26,-4,0.7,4.318,-0.003
1146.36,-4.2,0.5,3.98,0
1146.46,-4.4,0.4,3.604,0
1146.56,-4.6,0.3,3.207,-0.003
1146.66,-4.8,0.2,2.782,0.01
1146.76,-5.1,0.2,2.343,-0.003
1146.86,-5.4,0.2,1.901,0
1146.96,-5.4,0.4,1.447,0
1147.06,-5.7,0.4,0.977,0.003
1147.16,-6.3,0.7,0.52,-0.003
1147.26,-6.8,1,0.109,0.003
1147.36,-7.4,1.2,-0.256,-0.003
1147.46,-7.6,1.5,-0.569,0
1147.56,-7.5,1.7,-0.871,-0.003
1147.66,-7.7,2.3,-1.17,0.017
1147.76,-8.3,2.5,-1.433,-0.003
1147.86,-8.9,2.7,-1.598,0
1147.95,-9.2,2.9,-1.69,0
1148.05,-9.3,2.8,-1.725,-0.003
1148.15,-9.3,2.8,-1.735,-0.003
1148.25,-8.8,2.8,-1.739,0
1148.35,-8.7,2.8,-1.735,0
1148.45,-8.2,2.7,-1.735,0
1148.55,-8.1,2.7,-1.735,-0.003
1148.65,-7.8,2.6,-1.728,0.017
1148.75,-7.3,2.6,-1.718,0
1148.85,-6.9,2.5,-1.707,-0.003
1148.95,-6.5,2.6,-1.7,0
1149.05,-6,2.4,-1.683,0.003
1149.15,-5.6,2.3,-1.665,-0.003
1149.25,-5.1,2.3,-1.644,0
1149.35,-4.6,2.2,-1.62,-0.003
1149.45,-4.2,2.1,-1.591,0
1149.55,-3.7,1.9,-1.56,-0.003
1149.65,-3.1,1.8,-1.525,0.01
1149.75,-2.7,1.8,-1.479,0
1149.85,-2.3,1.6,-1.437,0
1149.95,-1.7,1.6,-1.384,0
1150.05,-1.3,1.3,-1.331,-0.003
1150.15,-0.8,1.2,-1.265,0
1150.25,-0.4,1.1,-1.198,-0.003
1150.35,0,1,-1.124,0
1150.45,0.3,0.9,-1.029,0
1150.55,0.7,0.8,-0.924,0
1150.65,0.9,0.7,-0.79,0.003
1150.75,1.3,0.5,-0.629,0
1150.85,1.8,0.4,-0.372,0
1150.95,2.4,0.3,-0.025,0
1151.04,2.7,0.1,0.351,0
1151.14,3,0.2,0.773,0
1151.24,3.3,0.1,1.219,0
1151.34,3.5,0.4,1.693,-0.003
1151.44,3.8,0.4,2.217,-0.003
1151.54,4.1,0.7,2.758,0
1151.64,4.6,1.1,3.285,0
1151.74,5.2,1.5,3.794,0
1151.84,5.8,2.1,4.261,0
1151.94,6.5,2.6,4.679,0
1152.04,7.1,3.2,5.048,-0.003
1152.14,7.2,3.7,5.379,0.003
1152.24,7.7,4.6,5.712,0
1152.34,8.5,5.1,5.969,-0.003
1152.44,9.1,5.5,6.127,-0.003
1152.54,9.2,5.5,6.204,-0.003
1152.64,9.5,5.8,6.26,-0.003
1152.74,9.4,5.7,6.288,0.007
1152.84,9.4,5.8,6.306,-0.007
1152.94,9.3,5.7,6.32,-0.003
1153.04,9.1,5.6,6.32,-0.007
1153.14,9,5.7,6.324,-0.003
1153.24,8.7,5.5,6.324,-0.003
1153.34,8.5,5.5,6.324,-0.007
1153.44,8.3,5.4,6.32,-0.007
1153.54,7.9,5.4,6.31,0
1153.64,7.5,5.4,6.31,0
1153.74,7.3,5.2,6.303,0.01
1153.84,6.7,5.2,6.288,-0.003
1153.94,6.4,5,6.278,-0.007
1154.04,6,5,6.267,-0.007
1154.13,5.4,4.9,6.25,-0.007
1154.23,5,4.7,6.229,-0.003
1154.33,4.5,4.6,6.211,-0.003
1154.43,4.1,4.5,6.187,-0.003
1154.53,3.7,4.3,6.158,-0.003
1154.63,3.1,4.1,6.127,-0.003
1154.73,2.7,4.1,6.095,0.007
1154.83,2.2,3.7,6.064,-0.007
1154.93,1.7,3.6,6.021,-0.007
1155.03,1.1,3.4,5.983,-0.007
1155.13,0.7,3.2,5.93,-0.003
1155.23,0.2,3.2,5.884,-0.003
1155.33,-0.2,2.9,5.828,-0.007
1155.43,-0.7,2.7,5.769,-0.007
1155.53,-1.2,2.5,5.698,0
1155.63,-1.7,2.4,5.621,-0.003
1155.73,-2,2.1,5.533,0.017
1155.83,-2.4,1.9,5.41,-0.003
1155.93,-2.7,1.6,5.259,0
1156.03,-3.2,1.3,5.031,-0.003
1156.13,-3.7,1,4.767,0
1156.23,-4,0.7,4.486,0
1156.33,-4.1,0.6,4.174,-0.003
1156.43,-4.2,0.4,3.805,0
1156.53,-4.5,0.2,3.408,0
1156.63,-4.7,0.3,2.983,-0.003
1156.73,-5,0.1,2.54,0
1156.83,-5.3,0.2,2.09,0
1156.93,-5.4,0.3,1.634,-0.003
1157.03,-5.6,0.4,1.166,-0.003
1157.13,-6,0.5,0.703,-0.003
1157.22,-6.6,0.8,0.267,0
1157.32,-7.2,1,-0.119,0
1157.42,-7.5,1.3,-0.45,0
1157.52,-7.6,1.6,-0.752,0
1157.62,-7.6,2,-1.054,0
1157.72,-8.1,2.3,-1.335,-0.003
1157.82,-8.7,2.6,-1.549,0.007
1157.92,-9.2,2.8,-1.672,-0.003
1158.02,-9.2,2.8,-1.714,0
1158.12,-9.3,2.7,-1.739,-0.003
1158.22,-9,2.8,-1.739,0
1158.32,-8.9,2.6,-1.739,0
1158.42,-8.3,2.7,-1.739,0
1158.52,-8,2.7,-1.739,-0.003
1158.62,-7.8,2.6,-1.732,0
1158.72,-7.4,2.6,-1.725,0
1158.82,-7,2.5,-1.718,0.01
1158.92,-6.5,2.5,-1.707,-0.003
1159.02,-6.1,2.3,-1.69,0
1159.12,-5.6,2.4,-1.672,-0.003
1159.22,-5.1,2.2,-1.655,0
1159.32,-4.7,2.2,-1.634,-0.003
1159.42,-4.2,2.1,-1.605,0
1159.52,-3.8,1.9,-1.577,0
1159.62,-3.3,1.8,-1.539,0
1159.72,-2.9,1.7,-1.504,0
1159.82,-2.3,1.6,-1.461,0.014
1159.92,-1.9,1.5,-1.409,0
1160.02,-1.4,1.3,-1.356,0
1160.12,-1,1.3,-1.289,0
1160.21,-0.7,1.2,-1.23,0
1160.31,-0.1,1,-1.149,0.003
1160.41,0.2,0.8,-1.068,0
1160.51,0.6,0.8,-0.963,-0.003
1160.61,0.8,0.7,-0.847,-0.003
1160.71,1.1,0.5,-0.696,0
1160.81,1.7,0.5,-0.464,0.014
1160.91,2.2,0.3,-0.144,-0.003
1161.01,2.6,0.2,0.225,-0.003
1161.11,2.9,0.1,0.636,0.003
1161.21,3.2,0.1,1.075,-0.003
1161.31,3.4,0.2,1.549,0
1161.41,3.5,0.3,2.062,-0.003
1161.51,4.1,0.6,2.603,0
1161.61,4.5,0.9,3.141,0
1161.71,5,1.3,3.664,0.003
1161.81,5.7,1.9,4.149,0.007
1161.91,6.2,2.4,4.599,0
1162.01,7,3,4.992,-0.003
1162.11,7.2,3.6,5.326,0
1162.21,7.5,4.2,5.667,0
1162.31,8.3,4.9,5.962,0
1162.41,8.9,5.3,6.144,-0.003
1162.51,9.2,5.5,6.239,-0.003
1162.61,9.4,5.5,6.306,-0.003
1162.71,9.4,5.6,6.338,-0.003
1162.81,9.4,5.6,6.359,-0.003
1162.91,9.4,5.6,6.369,-0.007
1163.01,9.2,5.6,6.376,-0.003
1163.11,9,5.5,6.38,-0.003
1163.21,8.8,5.5,6.383,-0.003
1163.3,8.6,5.5,6.38,-0.007
1163.4,8.3,5.4,6.38,-0.007
1163.5,8.1,5.4,6.373,-0.003
1163.6,7.7,5.3,6.366,-0.003
1163.7,7.3,5.2,6.359,-0.007
1163.8,6.9,5.1,6.352,-0.003
1163.9,6.5,5,6.338,-0.007
1164,6.1,4.9,6.327,-0.007
1164.1,5.5,4.8,6.31,-0.003
1164.2,5.2,4.7,6.295,-0.007
1164.3,4.6,4.5,6.271,-0.007
1164.4,4.2,4.4,6.25,-0.007
1164.5,3.8,4.2,6.222,-0.003
1164.6,3.2,4.1,6.197,-0.007
1164.7,2.9,4,6.166,-0.003
1164.8,2.3,3.7,6.127,-0.003
1164.9,1.8,3.7,6.095,0.007
1165,1.3,3.4,6.05,-0.007
1165.1,0.9,3.3,6.011,-0.003
1165.2,0.3,3.1,5.958,-0.003
1165.3,-0.1,3,5.902,-0.003
1165.4,-0.7,2.8,5.846,-0.003
1165.5,-1,2.5,5.783,-0.003
1165.6,-1.5,2.3,5.705,-0.003
1165.7,-1.9,2.1,5.621,0
1165.8,-2.3,1.9,5.516,0
1165.9,-2.7,1.7,5.379,0.014
1166,-3.1,1.3,5.178,-0.003
1166.1,-3.5,1,4.925,-0.003
1166.2,-4,0.8,4.644,0
1166.3,-4.1,0.6,4.339,0
1166.39,-4.2,0.4,3.994,0
1166.49,-4.4,0.4,3.611,0
1166.59,-4.6,0.1,3.197,0
1166.69,-4.8,0.2,2.758,0
1166.79,-5.1,0.1,2.305,0
1166.89,-5.3,0.2,1.851,0.014
1166.99,-5.4,0.4,1.384,-0.003
1167.09,-5.8,0.5,0.906,0
1167.19,-6.3,0.7,0.45,0
1167.29,-6.9,1,0.032,0.003
1167.39,-7.4,1.2,-0.327,0
1167.49,-7.6,1.5,-0.636,0
1167.59,-7.5,1.8,-0.945,0
1167.69,-7.7,2.1,-1.24,0
1167.79,-8.4,2.5,-1.486,-0.003
1167.89,-9,2.7,-1.641,0.007
1167.99,-9.3,2.7,-1.711,0
1168.09,-9.3,2.8,-1.735,-0.003
1168.19,-9.1,2.8,-1.746,-0.003
1168.29,-8.8,2.7,-1.75,0
1168.39,-8.6,2.6,-1.75,-0.003
1168.49,-8.3,2.6,-1.746,-0.003
1168.59,-8,2.6,-1.739,-0.003
1168.69,-7.6,2.5,-1.735,0
1168.79,-7.2,2.5,-1.728,-0.003
1168.89,-6.8,2.5,-1.718,-0.003
1168.99,-6.2,2.4,-1.704,0
1169.09,-5.8,2.3,-1.686,-0.003
1169.19,-5.3,2.2,-1.669,-0.003
1169.29,-4.8,2.2,-1.644,-0.003
1169.39,-4.4,2.1,-1.62,-0.003
1169.48,-4,1.9,-1.591,-0.003
1169.58,-3.4,1.8,-1.556,0
1169.68,-3,1.7,-1.518,-0.003
1169.78,-2.5,1.6,-1.479,0
1169.88,-2.1,1.5,-1.43,-0.003
1169.98,-1.6,1.3,-1.374,0.007
1170.08,-1.1,1.2,-1.321,-0.003
1170.18,-0.6,1.2,-1.254,-0.003
1170.28,-0.2,1,-1.184,0
1170.38,0.1,0.9,-1.103,0
1170.48,0.5,0.7,-1.005,0
1170.58,0.7,0.7,-0.889,-0.003
1170.68,1.1,0.6,-0.748,0
1170.78,1.4,0.4,-0.548,0
1170.88,2,0.3,-0.232,0
1170.98,2.3,0.2,0.116,0.014
1171.08,2.8,0.1,0.53,0.003
1171.18,3.1,0.1,0.949,0
1171.28,3.4,0.1,1.409,0
1171.38,3.4,0.2,1.904,0
1171.48,3.9,0.5,2.449,0
1171.58,4.4,0.7,2.983,0
1171.68,5,1.1,3.503,0
1171.78,5.6,1.5,3.991,0
1171.88,6.1,2.2,4.437,-0.003
1171.98,6.7,2.6,4.845,0.014
1172.08,7.3,3.2,5.185,-0.003
1172.18,7.3,3.7,5.516,0
1172.28,7.9,4.5,5.835,0
1172.38,8.7,5,6.088,-0.003
1172.47,9.1,5.3,6.232,-0.003
1172.57,9.4,5.5,6.306,-0.003
1172.67,9.5,5.6,6.355,-0.003
1172.77,9.5,5.5,6.376,-0.007
1172.87,9.5,5.5,6.394,-0.003
1172.97,9.3,5.5,6.397,0.007
1173.07,9.1,5.6,6.404,-0.007
1173.17,8.9,5.4,6.404,-0.007
1173.27,8.8,5.3,6.408,-0.007
1173.37,8.5,5.2,6.404,-0.003
1173.47,8.1,5.2,6.397,-0.003
1173.57,7.8,5.2,6.39,-0.003
1173.67,7.5,5.2,6.383,-0.003
1173.77,7.1,5.1,6.38,-0.003
1173.87,6.7,4.9,6.366,-0.003
1173.97,6.3,4.9,6.359,-0.003
1174.07,5.7,4.7,6.341,-0.007
1174.17,5.3,4.6,6.327,-0.003
1174.27,4.8,4.5,6.306,-0.007
1174.37,4.3,4.4,6.285,-0.003
1174.47,3.9,4.3,6.26,-0.01
1174.57,3.5,4.1,6.229,-0.003
1174.67,3,3.9,6.201,-0.003
1174.77,2.5,3.7,6.169,-0.003
1174.87,2,3.6,6.134,-0.003
1174.97,1.5,3.4,6.095,-0.007
1175.07,1.1,3.2,6.053,-0.003
1175.17,0.5,3.1,6.004,-0.007
1175.27,0.1,2.8,5.955,-0.007
1175.37,-0.4,2.7,5.899,-0.003
1175.47,-0.9,2.4,5.835,-0.003
1175.56,-1.3,2.4,5.761,-0.003
1175.66,-1.6,2.2,5.681,-0.003
1175.76,-2.1,1.9,5.582,-0.007
1175.86,-2.4,1.7,5.459,-0.003
1175.96,-2.8,1.4,5.273,-0.003
1176.06,-3.2,1.1,5.02,0.003
1176.16,-3.9,0.8,4.732,-0.003
1176.26,-4,0.7,4.437,-0.003
1176.36,-4.1,0.4,4.089,0
1176.46,-4.2,0.3,3.706,0
1176.56,-4.5,0.2,3.292,0
1176.66,-4.8,0.1,2.853,0.003
1176.76,-5.1,0.1,2.403,0
1176.86,-5.3,0.1,1.953,0
1176.96,-5.5,0.2,1.493,0
1177.06,-5.7,0.4,1.015,0.017
1177.16,-6.3,0.6,0.559,0.003
1177.26,-6.6,0.8,0.133,0
1177.36,-7.3,1.1,-0.242,0
1177.46,-7.5,1.3,-0.566,0
1177.56,-7.5,1.7,-0.871,0
1177.66,-7.8,2,-1.163,0
1177.76,-8.2,2.4,-1.43,0
1177.86,-8.8,2.6,-1.605,0
1177.96,-9.2,2.7,-1.707,0
1178.06,-9.3,2.8,-1.742,0.014
1178.16,-9.2,2.6,-1.757,0
1178.26,-8.9,2.7,-1.757,0
1178.36,-8.7,2.6,-1.757,0
1178.46,-8.3,2.7,-1.764,0
1178.56,-8,2.6,-1.757,0
1178.65,-7.7,2.5,-1.75,-0.003
1178.75,-7.4,2.5,-1.739,-0.003
1178.85,-6.9,2.5,-1.735,0
1178.95,-6.3,2.4,-1.725,0
1179.05,-6,2.3,-1.707,0.014
1179.15,-5.4,2.3,-1.693,0
1179.25,-5.1,2.1,-1.672,0
1179.35,-4.6,2.1,-1.644,0
1179.45,-4.3,2,-1.62,-0.003
1179.55,-3.7,1.9,-1.584,0
1179.65,-3.2,1.7,-1.546,0
1179.75,-2.8,1.6,-1.507,0
1179.85,-2.2,1.5,-1.458,-0.003
1179.95,-1.7,1.4,-1.409,0
1180.05,-1.3,1.2,-1.356,-0.003
1180.15,-0.8,1.1,-1.293,0
1180.25,-0.4,1,-1.226,0
1180.35,-0.1,0.9,-1.145,0
1180.45,0.2,0.8,-1.054,0
1180.55,0.7,0.7,-0.949,0
1180.65,0.9,0.6,-0.819,0
1180.75,1.4,0.5,-0.639,0
1180.85,1.9,0.3,-0.376,-0.003
1180.95,2.3,0.1,-0.032,0
1181.05,2.6,0,0.362,0
1181.15,3,0.1,0.783,0.003
1181.25,3.3,0.1,1.237,0
1181.35,3.4,0.3,1.725,0
1181.45,3.7,0.3,2.266,0
1181.55,4.1,0.7,2.814,0
1181.65,4.7,1,3.355,0
1181.74,5.3,1.3,3.854,0
1181.84,5.9,1.8,4.325,0
1181.94,6.5,2.4,4.753,0.003
1182.04,7.2,3,5.119,0
1182.14,7.3,3.4,5.431,0.01
1182.24,7.5,4.2,5.776,0
1182.34,8.2,4.8,6.067,-0.003
1182.44,9.1,5.3,6.246,-0.003
1182.54,9.3,5.3,6.345,-0.003
1182.64,9.5,5.4,6.394,-0.003
1182.74,9.4,5.5,6.418,-0.007
1182.84,9.5,5.5,6.44,-0.003
1182.94,9.4,5.5,6.45,-0.007
1183.04,9.1,5.4,6.447,-0.007
1183.14,9,5.4,6.45,0.007
1183.24,8.7,5.2,6.447,-0.007
1183.34,8.5,5.2,6.45,-0.01
1183.44,8.2,5.2,6.447,-0.007
1183.54,7.9,5.2,6.44,-0.003
1183.64,7.6,5.2,6.436,-0.007
1183.74,7.3,4.9,6.425,-0.007
1183.84,6.8,5,6.422,-0.003
1183.94,6.3,4.8,6.408,-0.003
1184.04,6,4.8,6.394,-0.007
1184.14,5.5,4.7,6.373,0.007
1184.24,5,4.5,6.359,-0.003
1184.34,4.5,4.4,6.341,-0.007
1184.44,4,4.2,6.313,-0.007
1184.54,3.7,4,6.285,-0.003
1184.64,3,3.9,6.257,-0.003
1184.73,2.7,3.7,6.225,-0.007
1184.83,2,3.6,6.19,-0.007
1184.93,1.7,3.4,6.155,-0.007
1185.03,1.1,3.2,6.109,-0.003
1185.13,0.7,3.1,6.071,0.003
1185.23,0.1,2.9,6.025,-0.007
1185.33,-0.3,2.7,5.969,-0.003
1185.43,-0.8,2.7,5.909,-0.007
1185.53,-1.2,2.4,5.842,-0.003
1185.63,-1.6,2.2,5.761,-0.003
1185.73,-2,2.1,5.674,-0.007
1185.83,-2.3,1.8,5.561,0
1185.93,-2.7,1.6,5.414,-0.003
1186.03,-3.1,1.2,5.185,-0.003
1186.13,-3.6,0.9,4.901,-0.003
1186.23,-3.9,0.7,4.599,-0.007
1186.33,-4.1,0.5,4.275,-0.003
1186.43,-4.2,0.3,3.903,-0.003
1186.53,-4.4,0.2,3.492,-0.003
1186.63,-4.7,0.1,3.063,-0.003
1186.73,-4.9,0.1,2.614,-0.003
1186.83,-5.2,0.1,2.164,0
1186.93,-5.4,0.1,1.704,-0.003
1187.03,-5.5,0.4,1.23,0
1187.13,-6,0.4,0.752,0
1187.23,-6.4,0.7,0.313,0
1187.33,-7.1,1,-0.091,0
1187.43,-7.5,1.2,-0.425,0
1187.53,-7.7,1.5,-0.734,0.003
1187.63,-7.6,1.9,-1.033,0
1187.73,-7.9,2.1,-1.321,0
1187.82,-8.5,2.4,-1.546,0
1187.92,-9.1,2.6,-1.672,0
1188.02,-9.2,2.6,-1.735,-0.003
1188.12,-9.3,2.7,-1.757,0
1188.22,-9.1,2.6,-1.764,0.01
1188.32,-8.7,2.6,-1.76,0
1188.42,-8.5,2.5,-1.76,0
1188.52,-8.1,2.6,-1.76,-0.003
1188.62,-7.8,2.5,-1.753,0
1188.72,-7.5,2.4,-1.746,-0.003
1188.82,-7.1,2.5,-1.739,-0.003
1188.92,-6.6,2.3,-1.728,-0.003
1189.02,-6,2.3,-1.714,-0.003
1189.12,-5.7,2.2,-1.7,-0.003
1189.22,-5.1,2.2,-1.679,0.021
1189.32,-4.8,2.1,-1.658,0
1189.42,-4.3,1.8,-1.634,0
1189.52,-3.8,1.8,-1.598,0
1189.62,-3.3,1.7,-1.563,0
1189.72,-2.8,1.6,-1.521,0
1189.82,-2.5,1.5,-1.483,0
1189.92,-1.9,1.4,-1.433,0
1190.02,-1.5,1.3,-1.381,-0.003
1190.12,-1,1.2,-1.317,0
1190.22,-0.7,1,-1.251,0.014
1190.32,-0.2,0.9,-1.173,0
1190.42,0.1,0.8,-1.086,0
1190.52,0.5,0.7,-0.98,-0.003
1190.62,0.8,0.6,-0.861,0
1190.72,1.2,0.4,-0.706,0
1190.82,1.6,0.3,-0.467,-0.003
1190.91,2.2,0.2,-0.13,-0.003
1191.01,2.6,0,0.249,0
1191.11,2.9,0,0.664,0.003
1191.21,3.2,0.1,1.1,0.007
1191.31,3.5,0.1,1.581,0
1191.41,3.4,0.2,2.097,0.003
1191.51,4,0.4,2.659,0
1191.61,4.4,0.7,3.204,0
1191.71,4.9,1.3,3.741,0
1191.81,5.5,1.6,4.244,-0.003
1191.91,6.2,2.2,4.711,0
1192.01,7,2.8,5.098,0
1192.11,7.3,3.4,5.435,0
1192.21,7.5,4,5.761,0
1192.31,8.2,4.7,6.05,-0.003
1192.41,8.9,5,6.239,-0.003
1192.51,9.2,5.3,6.338,-0.003
1192.61,9.5,5.3,6.401,-0.003
1192.71,9.4,5.3,6.432,-0.003
1192.81,9.5,5.4,6.454,-0.003
1192.91,9.4,5.3,6.464,-0.003
1193.01,9.2,5.3,6.468,-0.003
1193.11,9.1,5.3,6.468,-0.003
1193.21,8.9,5.2,6.468,-0.003
1193.31,8.6,5.2,6.468,0
1193.41,8.4,5.2,6.464,-0.007
1193.51,8,5.1,6.457,-0.007
1193.61,7.7,4.9,6.45,-0.003
1193.71,7.4,4.9,6.443,-0.003
1193.81,6.9,4.9,6.44,-0.007
1193.91,6.6,4.8,6.429,-0.007
1193.93,6.4,4.7,6.422,-0.003