Time (min),Shear Stress (psf),Vertical Effective Stress (psf),Shear Strain (decimal),Vertical Strain (decimal)
8.1433667e-06,-10.4427,2610.68,0,0
0.0016612467,39.6823,2606.5,0.00023,-4e-05
0.0033225,98.1615,2606.5,0.00094,-0.00012
0.0049837333,160.818,2612.77,0.00187,-0.00012
0.0066449833,221.386,2623.21,0.00288,-8e-05
0.0083062333,277.776,2621.12,0.00398,-0.00012
0.0099674833,340.433,2621.12,0.00515,-0.00012
0.011628733,396.823,2625.3,0.00624,-0.00012
0.013289983,455.302,2627.39,0.00741,-0.00012
0.014951217,507.516,2627.39,0.0085,-0.00012
0.016612467,561.818,2631.56,0.00967,-0.00012
0.018273667,611.943,2637.83,0.01092,-0.00012
0.019935,659.98,2635.74,0.01205,-0.00012
0.021596167,705.928,2642.01,0.01325,-0.00015
0.0232575,747.699,2648.27,0.01442,-0.00015
0.024918667,789.469,2654.54,0.01555,-0.00019
0.02658,827.063,2660.8,0.01665,-0.00015
0.028241167,858.391,2667.07,0.0177,-0.00023
0.0299025,887.631,2669.16,0.01867,-0.00023
0.031563667,914.782,2673.34,0.01961,-0.00023
0.033225,939.845,2679.6,0.02058,-0.00023
0.034886167,958.641,2681.69,0.02136,-0.00012
0.0365475,973.261,2685.87,0.0221,-0.00023
0.038208667,985.792,2690.04,0.0228,-0.00027
0.03987,994.147,2692.13,0.02335,-0.00027
0.041531167,996.235,2690.04,0.02374,-0.00027
0.0431925,998.324,2694.22,0.02409,-0.00027
0.044853667,996.235,2696.31,0.02429,-0.00023
0.046514833,985.792,2696.31,0.02433,-0.00027
0.048176167,973.261,2696.31,0.02436,-0.00027
0.049837333,956.553,2698.4,0.02433,-0.00027
0.051498667,939.845,2700.49,0.02433,-0.00012
0.053159833,912.693,2696.31,0.02413,-0.00023
0.054821167,889.72,2696.31,0.02394,-0.00027
0.056482333,858.391,2700.49,0.02374,-0.00027
0.058143667,824.975,2696.31,0.02339,-0.00027
0.059804833,789.469,2692.13,0.023,-0.00023
0.061466167,751.876,2696.31,0.02253,-0.00027
0.063127333,710.105,2696.31,0.02195,-0.00023
0.064788667,664.157,2687.96,0.02128,-0.00019
0.066449833,614.032,2687.96,0.0205,-0.00019
0.068111167,563.907,2690.04,0.01976,-4e-05
0.069772333,513.782,2685.87,0.01887,-0.00019
0.071433667,457.391,2681.69,0.01785,-0.00019
0.073094833,401,2677.51,0.0168,-0.00019
0.074756167,344.61,2679.6,0.01567,-0.00019
0.076417333,279.865,2675.42,0.01442,-0.00019
0.078078667,221.386,2673.34,0.01318,-0.00015
0.079739833,158.729,2673.34,0.01185,-0.00015
0.081401167,100.25,2671.25,0.01041,-0.00015
0.083062333,35.5052,2669.16,0.00893,-0.00019
0.084723667,-25.0625,2669.16,0.00733,-0.00012
0.086384833,-91.8959,2671.25,0.00557,-0.00015
0.088046167,-154.552,2673.34,0.00394,-0.00019
0.089707333,-217.209,2677.51,0.00242,-0.00015
0.091368667,-277.776,2681.69,0.00078,-0.00015
0.093029833,-340.433,2683.78,-0.00078,-0.00015
0.094691167,-401,2685.87,-0.00238,-0.00012
0.096352333,-455.302,2694.22,-0.0039,-0.00015
0.0980135,-509.605,2702.58,-0.0055,-0.00015
0.099674833,-561.818,2702.58,-0.00709,-0.00012
0.101336,-618.209,2710.93,-0.00881,-0.00015
0.10299733,-662.068,2721.37,-0.01037,-0.00012
0.1046585,-710.105,2725.55,-0.01201,-0.00019
0.10631983,-751.876,2729.73,-0.01353,-0.00019
0.107981,-793.647,2733.9,-0.01509,-0.00015
0.10964233,-827.063,2740.17,-0.01657,-0.00015
0.1113035,-864.657,2740.17,-0.01805,-0.00019
0.11296483,-895.985,2744.35,-0.01949,-0.00015
0.114626,-923.136,2748.52,-0.0207,-0.00015
0.11628733,-950.287,2750.61,-0.02175,-0.00019
0.1179485,-971.173,2748.52,-0.02269,-0.00015
0.11960983,-985.792,2754.79,-0.02347,-0.00015
0.121271,-1000.41,2754.79,-0.02421,-0.00019
0.12293233,-1008.77,2750.61,-0.02464,-0.00019
0.1245935,-1012.94,2752.7,-0.02514,-0.00019
0.12625483,-1012.94,2752.7,-0.02546,-0.00019
0.127916,-1012.94,2750.61,-0.02561,-0.00019
0.12957733,-1002.5,2746.43,-0.02569,-0.00023
0.1312385,-994.147,2746.43,-0.02573,-0.00019
0.13289983,-981.615,2742.26,-0.02573,-0.00019
0.134561,-964.907,2740.17,-0.02557,-0.00019
0.13622233,-939.845,2738.08,-0.02546,-0.00012
0.1378835,-914.782,2733.9,-0.02534,-0.00019
0.13954483,-883.454,2727.64,-0.02499,-0.00019
0.141206,-852.126,2723.46,-0.02464,-0.00019
0.14286717,-814.532,2719.28,-0.02425,-0.00019
0.1445285,-776.938,2708.84,-0.0237,-0.00019
0.14618967,-735.167,2700.49,-0.02316,-0.00015
0.147851,-691.308,2696.31,-0.02249,-0.00015
0.14951217,-643.271,2687.96,-0.02179,-0.00015
0.1511735,-593.146,2677.51,-0.02097,-0.00019
0.15283467,-540.933,2673.34,-0.02004,-0.00012
0.154496,-486.631,2669.16,-0.01898,-0.00019
0.15615717,-430.24,2658.72,-0.01785,-0.00019
0.1578185,-371.761,2652.45,-0.01657,-0.00015
0.15947967,-315.37,2650.36,-0.01524,-0.00019
0.161141,-250.625,2648.27,-0.01376,-0.00019
0.16280217,-190.057,2639.92,-0.01228,-0.00015
0.1644635,-125.313,2633.65,-0.01072,-0.00019
0.16612467,-62.6563,2631.56,-0.00912,-0.00019
0.16778667,0,2623.21,-0.00748,-0.00012
0.16944667,60.5678,2619.03,-0.00573,-4e-05
0.17110833,125.313,2619.03,-0.00382,-0.00015
0.17277,187.969,2619.03,-0.00191,-0.00012
0.17443167,250.625,2616.94,-8e-05,-0.00012
0.17609167,311.193,2616.94,0.00179,-0.00012
0.17775333,371.761,2621.12,0.00366,-0.00015
0.179415,428.151,2625.3,0.00554,-0.00012
0.18107667,484.542,2625.3,0.00721,-0.00012
0.18273667,540.933,2629.48,0.00893,-0.00019
0.18439833,595.235,2633.65,0.01056,-0.00015
0.18606,643.271,2639.92,0.01216,-0.00012
0.18772167,687.131,2637.83,0.01364,-0.00015
0.18938167,730.99,2646.18,0.01513,-0.00019
0.19104333,774.85,2656.63,0.01653,-0.00019
0.192705,812.443,2656.63,0.01781,-0.00019
0.19436667,845.86,2656.63,0.01898,-0.00019
0.19602667,877.188,2662.89,0.02008,-0.00019
0.19768833,906.428,2669.16,0.02109,-0.00019
0.19935,931.49,2667.07,0.02206,-0.00023
0.20101167,952.376,2667.07,0.02284,-0.00027
0.20267167,971.173,2673.34,0.02358,-0.00023
0.20433333,983.704,2675.42,0.02421,-0.00023
0.205995,992.058,2675.42,0.02475,-0.00027
0.20765667,996.235,2675.42,0.02518,-0.00027
0.20931667,998.324,2679.6,0.02542,-0.00023
0.21097833,994.147,2677.51,0.02561,-0.00027
0.21264,989.97,2677.51,0.02569,-0.00031
0.21430167,979.527,2675.42,0.02573,-0.00027
0.21596167,964.907,2681.69,0.02569,-0.00023
0.21762333,946.11,2677.51,0.02565,-0.00027
0.219285,923.136,2671.25,0.02549,-0.00027
0.22094667,902.251,2675.42,0.0253,-0.00019
0.22260667,873.011,2675.42,0.02507,-0.00027
0.22426833,839.594,2669.16,0.02479,-0.00027
0.22593,804.089,2671.25,0.02436,-0.00027
0.22759167,766.495,2671.25,0.0239,-0.00023
0.22925167,728.902,2664.98,0.02331,-0.00023
0.23091333,682.954,2662.89,0.02265,-0.00023
0.232575,632.829,2662.89,0.02191,-0.00023
0.23423667,584.792,2658.72,0.02113,-0.00019
0.23589667,532.579,2654.54,0.02019,-0.00019
0.23755833,476.188,2656.63,0.01918,-4e-05
0.23922,421.886,2652.45,0.01809,-0.00015
0.24088,365.495,2644.1,0.017,-0.00015
0.24254167,302.839,2646.18,0.01571,-0.00015
0.24420333,244.36,2644.1,0.01438,-0.00012
0.245865,181.703,2639.92,0.01294,-0.00012
0.247525,121.136,2635.74,0.01146,-0.00015
0.24918667,58.4792,2633.65,0.00986,-0.00015
0.25084833,0,2633.65,0.00819,-0.00015
0.25251,-62.6563,2629.48,0.00628,-0.00012
0.25417,-127.401,2633.65,0.00433,-4e-05
0.25583167,-190.057,2633.65,0.00242,-0.00015
0.25749333,-252.714,2637.83,0.00051,-0.00012
0.259155,-313.282,2639.92,-0.00136,-0.00015
0.260815,-371.761,2646.18,-0.00316,-0.00012
0.26247667,-430.24,2652.45,-0.00507,-0.00015
0.26413833,-486.631,2658.72,-0.0069,-0.00012
0.2658,-543.021,2669.16,-0.00877,-0.00015
0.26746,-593.146,2675.42,-0.01049,-0.00015
0.26912167,-645.36,2677.51,-0.01216,-0.00012
0.27078333,-691.308,2683.78,-0.01384,-4e-05
0.272445,-735.167,2694.22,-0.01552,-0.00015
0.274105,-779.027,2698.4,-0.01711,-0.00015
0.27576667,-816.62,2702.58,-0.01859,-0.00012
0.27742833,-854.214,2710.93,-0.02,-0.00015
0.27909,-887.631,2715.11,-0.02128,-0.00015
0.28075,-918.959,2715.11,-0.0223,-0.00019
0.28241167,-944.022,2719.28,-0.02331,-0.00015
0.28407333,-964.907,2723.46,-0.02409,-0.00015
0.285735,-981.615,2719.28,-0.02471,-0.00015
0.287395,-998.324,2721.37,-0.02534,-0.00015
0.28905667,-1006.68,2725.55,-0.02585,-0.00015
0.29071833,-1015.03,2723.46,-0.02624,-0.00019
0.29238,-1017.12,2721.37,-0.02651,-0.00015
0.29404,-1015.03,2721.37,-0.0267,-0.00019
0.29570167,-1008.77,2721.37,-0.02678,-0.00019
0.29736333,-1000.41,2717.19,-0.02682,-0.00019
0.299025,-985.792,2715.11,-0.02678,-0.00012
0.300685,-969.084,2713.02,-0.0267,-0.00015
0.30234667,-950.287,2710.93,-0.02655,-0.00019
0.30400833,-923.136,2706.75,-0.02639,-0.00015
0.30567,-891.808,2702.58,-0.02616,-0.00015
0.30733,-862.568,2694.22,-0.02577,-0.00019
0.30899167,-827.063,2685.87,-0.0253,-0.00015
0.31065333,-789.469,2681.69,-0.02483,-0.00019
0.312315,-747.699,2675.42,-0.02429,-0.00019
0.313975,-703.839,2664.98,-0.02366,-0.00019
0.31563667,-657.891,2656.63,-0.02292,-0.00015
0.31729833,-607.766,2652.45,-0.0221,-0.00015
0.31896,-555.553,2646.18,-0.02121,-0.00012
0.32062,-503.339,2633.65,-0.02023,-0.00015
0.32228167,-446.948,2629.48,-0.01914,-8e-05
0.32394333,-388.469,2627.39,-0.01789,-0.00019
0.325605,-332.078,2619.03,-0.01653,-0.00019
0.327265,-269.422,2612.77,-0.01505,-0.00015
0.32892667,-208.854,2612.77,-0.01345,-0.00012
0.33058833,-146.198,2604.41,-0.01189,-0.00015
0.33225,-83.5417,2593.97,-0.01025,-0.00012
0.33391,-20.8854,2589.79,-0.00854,-0.00012
0.33557167,39.6823,2587.71,-0.00671,-0.00012
0.33723333,102.339,2583.53,-0.00468,-0.00015
0.338895,167.083,2583.53,-0.00265,-8e-05
0.340555,229.74,2587.71,-0.00066,-0.00012
0.34221667,290.308,2583.53,0.00133,-0.00012
0.34387833,350.875,2581.44,0.00327,-8e-05
0.34554,409.355,2585.62,0.00518,-0.00012
0.3472,467.834,2593.97,0.00713,-8e-05
0.34886167,520.047,2596.06,0.00893,-0.00012
0.35052333,574.349,2596.06,0.01068,-0.00012
0.352185,624.474,2604.41,0.01232,-0.00012
0.353845,674.6,2612.77,0.01399,-8e-05
0.35550667,718.459,2608.59,0.01548,-4e-05
0.35716833,760.23,2614.86,0.01696,-0.00015
0.35883,799.912,2625.3,0.01832,-0.00015
0.36049,837.506,2629.48,0.01961,-0.00015
0.36215167,868.834,2625.3,0.0207,-0.00019
0.36381333,898.074,2633.65,0.02179,-0.00023
0.365475,925.225,2639.92,0.02273,-0.00015
0.367135,946.11,2637.83,0.02355,-0.00019
0.36879667,962.819,2639.92,0.02429,-0.00023
0.37045833,979.527,2648.27,0.02487,-0.00019
0.37212,989.97,2644.1,0.02538,-0.00012
0.37378,996.235,2642.01,0.02577,-0.00023
0.37544167,998.324,2644.1,0.02608,-0.00019
0.37710333,996.235,2644.1,0.02624,-0.00023
0.378765,992.058,2644.1,0.02639,-0.00023
0.380425,981.615,2646.18,0.02635,-0.00023
0.38208667,971.173,2648.27,0.02639,-0.00019
0.38374833,952.376,2644.1,0.02635,-0.00023
0.38541,931.49,2642.01,0.02624,-0.00027
0.38707,906.428,2644.1,0.02604,-0.00023
0.38873167,881.365,2644.1,0.02581,-0.00023
0.39039333,850.037,2637.83,0.02553,-0.00023
0.392055,816.62,2635.74,0.02518,-0.00023
0.393715,779.027,2639.92,0.02464,-0.00019
0.39537667,743.521,2635.74,0.02417,-0.00023
0.39703833,697.574,2627.39,0.02355,-0.00019
0.3987,651.626,2631.56,0.02277,-0.00019
0.40036,599.412,2631.56,0.02203,-0.00019
0.40202167,549.287,2621.12,0.02113,-0.00019
0.40368333,494.985,2616.94,0.02008,-0.00015
0.405345,440.683,2621.12,0.0191,-0.00015
0.407005,384.292,2614.86,0.01785,-0.00012
0.40866667,323.724,2608.59,0.01657,-0.00012
0.41032833,265.245,2608.59,0.01524,-0.00012
0.41199,204.677,2606.5,0.0138,-0.00015
0.41365,142.021,2602.33,0.01236,-0.00012
0.41531167,81.4532,2600.24,0.01068,-0.00012
0.41697333,18.7969,2596.06,0.009,-8e-05
0.418635,-41.7709,2593.97,0.00709,-0.00012
0.420295,-104.427,2593.97,0.00503,-8e-05
0.42195667,-169.172,2596.06,0.003,-0.00012
0.42361833,-231.828,2600.24,0.00101,0
0.42528,-292.396,2600.24,-0.00097,-0.00012
0.42694,-350.875,2606.5,-0.00288,-8e-05
0.42860167,-413.532,2612.77,-0.00479,-8e-05
0.43026333,-467.834,2621.12,-0.00674,-8e-05
0.431925,-524.224,2627.39,-0.00873,-8e-05
0.433585,-578.527,2639.92,-0.01053,-0.00012
0.43524667,-628.652,2642.01,-0.01236,-0.00012
0.43690833,-676.688,2646.18,-0.01407,-8e-05
0.43857,-722.636,2658.72,-0.01579,-0.00012
0.44023,-764.407,2664.98,-0.01739,0
0.44189167,-806.178,2667.07,-0.01902,-0.00015
0.44355333,-843.772,2675.42,-0.02043,-8e-05
0.445215,-877.188,2679.6,-0.02175,-0.00012
0.446875,-908.516,2683.78,-0.02277,-8e-05
0.44853667,-937.756,2683.78,-0.02378,-0.00012
0.45019833,-958.641,2690.04,-0.0246,-0.00012
0.45186,-979.527,2690.04,-0.02526,-8e-05
0.45352,-994.147,2690.04,-0.02592,-0.00012
0.45518167,-1006.68,2692.13,-0.02647,-8e-05
0.45684333,-1012.94,2694.22,-0.02678,-4e-05
0.458505,-1019.21,2690.04,-0.02709,-8e-05
0.460165,-1015.03,2687.96,-0.02733,-0.00012
0.46182667,-1010.86,2687.96,-0.02737,-0.00012
0.46348833,-1002.5,2685.87,-0.02744,-0.00012
0.46515,-992.058,2683.78,-0.02737,-0.00012
0.46681,-975.35,2681.69,-0.02737,-0.00012
0.46847167,-954.464,2679.6,-0.02721,-0.00012
0.47013333,-931.49,2673.34,-0.02709,-0.00012
0.47179333,-904.339,2673.34,-0.02678,-0.00015
0.473455,-873.011,2664.98,-0.02647,-4e-05
0.47511667,-839.594,2658.72,-0.02608,-0.00015
0.47677833,-802.001,2650.36,-0.02561,-0.00012
0.47843833,-764.407,2644.1,-0.02499,-0.00015
0.4801,-722.636,2635.74,-0.0244,-0.00012
0.48176167,-674.6,2627.39,-0.02378,-0.00015
0.48342333,-624.474,2619.03,-0.02292,-0.00015
0.48508333,-574.349,2614.86,-0.02206,-0.00015
0.486745,-522.136,2606.5,-0.02113,-0.00015
0.48840667,-463.657,2598.15,-0.02,-0.00015
0.49006833,-411.443,2593.97,-0.01883,-0.00012
0.49172833,-350.875,2587.71,-0.01746,-0.00012
0.49339,-292.396,2581.44,-0.01606,-0.00012
0.49505167,-229.74,2579.35,-0.01442,-0.00012
0.49671333,-167.083,2571,-0.01283,-0.00015
0.49837333,-104.427,2564.73,-0.01119,-0.00012
0.500035,-41.7709,2558.47,-0.00939,-0.00012
0.50169667,20.8854,2552.2,-0.00748,-8e-05
0.50335833,81.4532,2548.02,-0.0055,-8e-05
0.50501833,144.109,2550.11,-0.00343,-8e-05
0.50668,208.854,2550.11,-0.00136,-4e-05
0.50834167,267.334,2548.02,0.00066,-4e-05
0.51000333,329.99,2550.11,0.00273,-8e-05
0.51166333,390.558,2554.29,0.00476,-4e-05
0.513325,446.948,2556.38,0.0067,-4e-05
0.51498667,501.25,2560.55,0.00858,-8e-05
0.51664833,557.641,2564.73,0.01049,-4e-05
0.51830833,607.766,2566.82,0.01216,-8e-05
0.51997,657.891,2568.91,0.01388,-0.00012
0.52163167,703.839,2577.26,0.01548,-8e-05
0.52329333,747.699,2581.44,0.017,-0.00012
0.52495333,785.292,2583.53,0.01844,-4e-05
0.526615,824.975,2587.71,0.0198,-0.00012
0.52827667,860.48,2596.06,0.02097,-0.00015
0.52993833,889.72,2596.06,0.0221,-0.00012
0.53159833,916.871,2598.15,0.02304,-0.00012
0.53326,939.845,2606.5,0.02394,-0.00019
0.53492167,958.641,2608.59,0.02464,-0.00019
0.53658333,977.438,2606.5,0.0253,-0.00015
0.53824333,987.881,2612.77,0.02581,-0.00015
0.539905,996.235,2614.86,0.0262,-0.00015
0.54156667,1000.41,2610.68,0.02651,-8e-05
0.54322833,998.324,2610.68,0.02674,-0.00019
0.54488833,996.235,2614.86,0.02682,-0.00019
0.54655,989.97,2614.86,0.02686,-0.00015
0.54821167,975.35,2608.59,0.02686,-0.00019
0.54987333,958.641,2612.77,0.02682,-0.00019
0.55153333,939.845,2612.77,0.02674,-0.00019
0.553195,916.871,2608.59,0.02655,-0.00019
0.55485667,889.72,2606.5,0.02631,-0.00015
0.55651833,860.48,2610.68,0.02608,-0.00015
0.55817833,829.152,2608.59,0.02573,-4e-05
0.55984,791.558,2600.24,0.02526,-0.00019
0.56150167,753.964,2600.24,0.02479,-0.00015
0.56316333,712.193,2600.24,0.02417,-0.00012
0.56482333,666.245,2593.97,0.02351,-0.00015
0.566485,614.032,2587.71,0.02269,-0.00012
0.56814667,565.995,2591.88,0.02183,-0.00012
0.56980833,513.782,2587.71,0.02086,-0.00012
0.57146833,459.48,2581.44,0.0198,-8e-05
0.57313,401,2577.26,0.01863,-0.00012
0.57479167,346.698,2579.35,0.01743,-4e-05
0.57645333,286.13,2575.17,0.01598,-8e-05
0.57811333,225.563,2568.91,0.01458,-4e-05
0.579775,160.818,2568.91,0.0131,-8e-05
0.58143667,102.339,2568.91,0.01146,-8e-05
0.58309833,39.6823,2560.55,0.00978,-8e-05
0.58475833,-18.7969,2560.55,0.00791,-8e-05
0.58642,-79.3647,2560.55,0.00581,-8e-05
0.58808167,-146.198,2560.55,0.0037,-4e-05
0.58974333,-210.943,2562.64,0.00164,-8e-05
0.59140333,-271.511,2568.91,-0.00039,-8e-05
0.593065,-332.078,2568.91,-0.00238,-4e-05
0.59472667,-390.558,2575.17,-0.00437,-4e-05
0.59638833,-446.948,2585.62,-0.00647,-4e-05
0.59804833,-503.339,2591.88,-0.00838,-4e-05
0.59971,-559.73,2598.15,-0.01033,-8e-05
0.60137167,-611.943,2606.5,-0.0122,-8e-05
0.60303333,-659.98,2612.77,-0.01392,-8e-05
0.60469333,-705.928,2619.03,-0.01571,-8e-05
0.606355,-747.699,2625.3,-0.01739,-8e-05
0.60801667,-793.647,2631.56,-0.0191,-8e-05
0.60967833,-831.24,2637.83,-0.02058,0
0.61133833,-866.746,2644.1,-0.02191,-4e-05
0.613,-900.162,2644.1,-0.02308,-8e-05
0.61466167,-929.402,2650.36,-0.02401,-0.00012
0.61632333,-952.376,2656.63,-0.02487,-8e-05
0.61798333,-973.261,2656.63,-0.02561,-8e-05
0.619645,-992.058,2656.63,-0.02627,-8e-05
0.62130667,-1002.5,2660.8,-0.02678,-8e-05
0.62296833,-1010.86,2660.8,-0.02717,-0.00012
0.62462833,-1017.12,2656.63,-0.02756,-0.00012
0.62629,-1015.03,2658.72,-0.02772,4e-05
0.62795167,-1012.94,2656.63,-0.02787,-8e-05
0.62961333,-1006.68,2652.45,-0.02795,-8e-05
0.63127333,-994.147,2650.36,-0.02791,-8e-05
0.632935,-981.615,2652.45,-0.02787,-0.00012
0.63459667,-962.819,2646.18,-0.02776,-8e-05
0.63625833,-937.756,2644.1,-0.0276,-8e-05
0.63791833,-912.693,2639.92,-0.02737,-0.00012
0.63958,-883.454,2633.65,-0.02705,-4e-05
0.64124167,-852.126,2627.39,-0.0267,-0.00012
0.64290333,-816.62,2621.12,-0.02627,4e-05
0.64456333,-776.938,2614.86,-0.02569,-0.00012
0.646225,-735.167,2602.33,-0.0251,-4e-05
0.64788667,-691.308,2596.06,-0.0244,-8e-05
0.64954833,-641.183,2587.71,-0.02366,-8e-05
0.65120833,-591.058,2581.44,-0.0228,-8e-05
0.65287,-538.844,2571,-0.02179,-0.00012
0.65453167,-484.542,2568.91,-0.02082,-0.00012
0.65619333,-428.151,2564.73,-0.01961,-8e-05
0.65785333,-369.672,2556.38,-0.01836,-8e-05
0.659515,-315.37,2550.11,-0.01692,0
0.66117667,-248.537,2550.11,-0.01532,-8e-05
0.66283833,-190.057,2541.76,-0.01368,-0.00012
0.66449833,-127.401,2531.31,-0.01197,-4e-05
0.66616,-64.7448,2527.14,-0.01025,-8e-05
0.66782167,-2.08854,2525.05,-0.00834,-8e-05
0.66948333,58.4792,2514.61,-0.00639,-8e-05
0.67114333,125.313,2514.61,-0.00421,-4e-05
0.672805,185.88,2516.69,-0.00207,-4e-05
0.67446667,248.537,2512.52,0,-4e-05
0.67612833,309.104,2510.43,0.00214,-4e-05
0.67778833,371.761,2516.69,0.00421,0
0.67945,430.24,2520.87,0.00628,-4e-05
0.68111167,484.542,2522.96,0.00819,0
0.68277333,538.844,2527.14,0.0101,0
0.68443333,591.058,2535.49,0.01189,0
0.686095,641.183,2535.49,0.01364,-4e-05
0.68775667,687.131,2537.58,0.01524,0
0.68941833,735.167,2545.93,0.01688,-4e-05
0.69107833,772.761,2554.29,0.0184,-8e-05
0.69274,812.443,2554.29,0.0198,-4e-05
0.69440167,847.949,2560.55,0.02105,-8e-05
0.69606333,879.277,2566.82,0.02222,-0.00012
0.69772333,908.516,2568.91,0.02323,-8e-05
0.699385,933.579,2568.91,0.02413,-0.00012
0.70104667,954.464,2575.17,0.02491,-0.00015
0.70270667,971.173,2575.17,0.02549,-0.00012
0.70436833,981.615,2575.17,0.02612,-0.00012
0.70603,992.058,2579.35,0.02651,-0.00012
0.70769167,998.324,2581.44,0.02686,-0.00015
0.70935167,998.324,2575.17,0.02709,-0.00015
0.71101333,996.235,2579.35,0.02721,-8e-05
0.712675,989.97,2581.44,0.02725,-0.00012
0.71433667,977.438,2579.35,0.02729,-0.00015
0.71599833,964.907,2577.26,0.02729,-0.00015
0.71765833,946.11,2581.44,0.02721,-0.00012
0.71932,925.225,2581.44,0.02705,-0.00015
0.72098167,900.162,2575.17,0.02682,-0.00015
0.72264167,870.923,2575.17,0.02655,-0.00012
0.72430333,839.594,2577.26,0.02627,-0.00012
0.725965,806.178,2571,0.02581,-0.00012
0.72762667,766.495,2568.91,0.0253,-4e-05
0.72928667,726.813,2568.91,0.02475,-0.00012
0.73094833,682.954,2564.73,0.02409,-0.00012
0.73261,630.74,2560.55,0.02331,-8e-05
0.73427167,582.704,2558.47,0.02249,-8e-05
0.73593167,532.579,2556.38,0.02156,-8e-05
0.73759333,476.188,2550.11,0.0205,-4e-05
0.739255,421.886,2548.02,0.01937,-8e-05
0.74091667,365.495,2545.93,0.01817,-4e-05
0.74257667,304.927,2541.76,0.01676,-4e-05
0.74423833,246.448,2537.58,0.01528,8e-05
0.7459,183.792,2537.58,0.01376,-4e-05
0.74756167,123.224,2535.49,0.01224,-4e-05
0.74922167,58.4792,2529.23,0.01053,-4e-05
0.75088333,0,2525.05,0.00869,0
0.752545,-60.5678,2527.14,0.00663,-4e-05
0.75420667,-125.313,2527.14,0.00444,0
0.75586667,-187.969,2525.05,0.00242,0
0.75752833,-252.714,2531.31,0.00031,-4e-05
0.75919,-313.282,2535.49,-0.00175,-4e-05
0.76085167,-369.672,2539.67,-0.00374,4e-05
0.76251167,-428.151,2548.02,-0.00585,-4e-05
0.76417333,-484.542,2558.47,-0.00787,-4e-05
0.765835,-538.844,2562.64,-0.00986,-4e-05
0.76749667,-593.146,2571,-0.01177,-4e-05
0.76915667,-643.271,2577.26,-0.01364,-4e-05
0.77081833,-691.308,2583.53,-0.01548,0
0.77248,-735.167,2587.71,-0.01723,0
0.77414167,-776.938,2598.15,-0.01895,0
0.77580167,-818.709,2606.5,-0.0205,0
0.77746333,-854.214,2610.68,-0.02187,-4e-05
0.779125,-889.72,2612.77,-0.02308,-4e-05
0.78078667,-918.959,2619.03,-0.02417,-8e-05
0.78244667,-944.022,2621.12,-0.02507,-8e-05
0.78410833,-969.084,2623.21,-0.02585,-8e-05
0.78577,-985.792,2627.39,-0.02651,-8e-05
0.78743167,-1000.41,2629.48,-0.02701,-4e-05
0.78909167,-1008.77,2629.48,-0.02744,-4e-05
0.79075333,-1015.03,2625.3,-0.02783,-4e-05
0.792415,-1017.12,2625.3,-0.02811,-4e-05
0.79407667,-1015.03,2625.3,-0.02818,-4e-05
0.79573667,-1008.77,2623.21,-0.0283,-4e-05
0.79739833,-1000.41,2621.12,-0.0283,-8e-05
0.79906,-987.881,2621.12,-0.0283,-4e-05
0.80072167,-969.084,2616.94,-0.02818,-4e-05
0.80238167,-948.199,2612.77,-0.02799,-4e-05
0.80404333,-923.136,2610.68,-0.02783,-4e-05
0.805705,-893.897,2606.5,-0.02752,-4e-05
0.80736667,-862.568,2596.06,-0.02717,-8e-05
0.80902667,-827.063,2589.79,-0.02678,-4e-05
0.81068833,-789.469,2585.62,-0.02624,-4e-05
0.81235,-745.61,2577.26,-0.02565,4e-05
0.81401167,-705.928,2566.82,-0.02503,-4e-05
0.81567167,-653.714,2562.64,-0.02425,-4e-05
0.81733333,-605.678,2552.2,-0.02343,-4e-05
0.818995,-555.553,2543.85,-0.02249,-4e-05
0.82065667,-501.25,2535.49,-0.02148,-4e-05
0.82231667,-444.86,2533.4,-0.02031,0
0.82397833,-392.646,2525.05,-0.01902,-4e-05
0.82564,-329.99,2520.87,-0.01766,-4e-05
0.82730167,-269.422,2518.78,-0.01618,0
0.82896167,-208.854,2514.61,-0.01446,4e-05
0.83062333,-148.287,2497.9,-0.01286,0
0.832285,-85.6303,2497.9,-0.01103,-4e-05
0.83394667,-20.8854,2495.81,-0.00912,0
0.83560667,37.5938,2485.37,-0.00717,0
0.83726833,102.339,2481.19,-0.00503,0
0.83893,164.995,2485.37,-0.00285,0
0.84059167,229.74,2483.28,-0.0007,0
0.84225167,286.13,2481.19,0.00144,0
0.84391333,346.698,2485.37,0.00359,4e-05
0.845575,405.177,2491.63,0.00569,4e-05
0.84723667,463.657,2487.46,0.00772,4e-05
0.84889667,520.047,2493.72,0.00967,0
0.85055833,574.349,2499.99,0.01154,4e-05
0.85222,624.474,2502.08,0.01333,0
0.85388167,672.511,2504.16,0.01501,4e-05
0.85554167,718.459,2512.52,0.01661,0
0.85720333,760.23,2520.87,0.01824,-4e-05
0.858865,797.824,2520.87,0.01969,-4e-05
0.86052667,837.506,2525.05,0.02105,-8e-05
0.86218667,870.923,2533.4,0.02226,-4e-05
0.86384833,900.162,2537.58,0.02331,-8e-05
0.86551,927.313,2537.58,0.02425,-8e-05
0.86717167,948.199,2543.85,0.02507,-8e-05
0.86883167,964.907,2545.93,0.02569,-8e-05
0.87049333,979.527,2545.93,0.02627,-4e-05
0.872155,989.97,2545.93,0.02674,-8e-05
0.87381667,996.235,2550.11,0.02713,-0.00015
0.87547667,1000.41,2548.02,0.0274,-0.00012
0.87713833,996.235,2548.02,0.02752,-0.00012
0.8788,992.058,2550.11,0.0276,-8e-05
0.88046167,983.704,2550.11,0.0276,-0.00012
0.88212167,969.084,2545.93,0.02756,-0.00015
0.88378333,952.376,2548.02,0.02756,-0.00012
0.885445,933.579,2550.11,0.02744,-8e-05
0.88710667,906.428,2545.93,0.02721,-0.00012
0.88876667,879.277,2543.85,0.02698,-0.00012
0.89042833,850.037,2543.85,0.0267,-0.00012
0.89209,816.62,2543.85,0.02631,-8e-05
0.89375167,779.027,2537.58,0.02581,-8e-05
0.89541167,741.433,2537.58,0.0253,-4e-05
0.89707333,697.574,2537.58,0.02464,-4e-05
0.898735,649.537,2531.31,0.0239,-4e-05
0.90039667,599.412,2525.05,0.02312,-8e-05
0.90205667,551.375,2527.14,0.02222,-4e-05
0.90371833,494.985,2522.96,0.02117,-4e-05
0.90538,440.683,2520.87,0.02008,0
0.90704167,384.292,2516.69,0.01883,0
0.90870167,325.813,2512.52,0.01746,0
0.91036333,265.245,2506.25,0.01606,0
0.912025,204.677,2504.16,0.01454,0
0.91368667,142.021,2504.16,0.0129,0.00012
0.91534667,81.4532,2497.9,0.01127,0
0.91700833,18.7969,2495.81,0.00939,4e-05
0.91867,-41.7709,2493.72,0.00733,4e-05
0.92033167,-102.339,2495.81,0.00522,4e-05
0.92199167,-167.083,2495.81,0.003,0
0.92365333,-231.828,2499.99,0.00086,4e-05
0.925315,-290.308,2502.08,-0.00121,4e-05
0.92697667,-350.875,2506.25,-0.00327,4e-05
0.92863667,-409.355,2514.61,-0.00542,4e-05
0.93029833,-465.745,2525.05,-0.00748,0.00015
0.93196,-524.224,2529.23,-0.00959,4e-05
0.93362167,-578.527,2537.58,-0.01146,0
0.93528167,-628.652,2543.85,-0.01337,0
0.93694333,-672.511,2550.11,-0.0152,0
0.938605,-720.547,2558.47,-0.017,0
0.94026667,-762.318,2568.91,-0.01875,-4e-05
0.94192667,-804.089,2571,-0.02039,4e-05
0.94358833,-845.86,2577.26,-0.02183,0
0.94525,-877.188,2585.62,-0.02312,0
0.94691167,-908.516,2587.71,-0.02425,8e-05
0.94857167,-937.756,2587.71,-0.02522,-4e-05
0.95023333,-958.641,2593.97,-0.02592,0
0.951895,-979.527,2596.06,-0.02663,0
0.953555,-994.147,2596.06,-0.02717,-4e-05
0.95521667,-1006.68,2596.06,-0.02768,0
0.95687833,-1012.94,2600.24,-0.02811,-4e-05
0.95854,-1017.12,2598.15,-0.02838,-4e-05
0.9602,-1017.12,2596.06,-0.02857,0
0.96186167,-1010.86,2596.06,-0.02861,-4e-05
0.96352333,-1002.5,2596.06,-0.02865,4e-05
0.965185,-994.147,2589.79,-0.02865,-4e-05
0.966845,-973.261,2589.79,-0.02857,-4e-05
0.96850667,-956.553,2587.71,-0.02842,-4e-05
0.97016833,-931.49,2583.53,-0.02822,0
0.97183,-904.339,2577.26,-0.02799,-4e-05
0.97349,-873.011,2573.09,-0.02768,-4e-05
0.97515167,-839.594,2564.73,-0.02725,0
0.97681333,-802.001,2556.38,-0.02674,0
0.978475,-762.318,2550.11,-0.02616,0
0.980135,-720.547,2539.67,-0.02557,0
0.98179667,-674.6,2531.31,-0.02483,0
0.98345833,-626.563,2522.96,-0.02401,-4e-05
0.98512,-574.349,2518.78,-0.02312,0
0.98678,-520.047,2512.52,-0.0221,0
0.98844167,-465.745,2499.99,-0.02101,0
0.99010333,-409.355,2495.81,-0.01976,0
0.991765,-348.787,2495.81,-0.0184,-4e-05
0.993425,-292.396,2485.37,-0.01696,0
0.99508667,-227.651,2483.28,-0.01528,0
0.99674833,-167.083,2481.19,-0.01357,0
0.99841,-104.427,2470.75,-0.01177,4e-05
1.00007,-43.8594,2462.39,-0.00998,0
1.0017317,20.8854,2460.3,-0.00799,4e-05
1.0033933,81.4532,2458.22,-0.00589,0
1.005055,144.109,2449.86,-0.00363,4e-05
1.006715,208.854,2454.04,-0.0014,4e-05
1.0083767,269.422,2456.13,0.00074,4e-05
1.0100383,327.901,2451.95,0.00292,8e-05
1.0117,386.381,2456.13,0.00511,4e-05
1.01336,444.86,2460.3,0.00717,8e-05
1.0150217,501.25,2464.48,0.00916,0.00019
1.0166833,557.641,2466.57,0.01107,4e-05
1.018345,605.678,2472.84,0.0129,4e-05
1.020005,655.803,2477.01,0.01466,8e-05
1.0216667,703.839,2479.1,0.01633,0
1.0233283,747.699,2483.28,0.01797,0
1.02499,785.292,2493.72,0.01949,0
1.02665,822.886,2495.81,0.02093,0
1.0283117,858.391,2499.99,0.02214,0
1.0299733,891.808,2504.16,0.02323,-4e-05
1.031635,918.959,2508.34,0.02425,8e-05
1.033295,939.845,2508.34,0.0251,0
1.0349567,958.641,2510.43,0.02581,-4e-05
1.0366183,975.35,2516.69,0.02643,-4e-05
1.03828,985.792,2518.78,0.02698,-8e-05
1.03994,996.235,2516.69,0.0274,-4e-05
1.0416017,998.324,2516.69,0.0276,-4e-05
1.0432633,1000.41,2522.96,0.02783,-8e-05
1.044925,992.058,2518.78,0.02791,-8e-05
1.046585,987.881,2522.96,0.02787,-8e-05
1.0482467,975.35,2522.96,0.02795,8e-05
1.0499083,958.641,2518.78,0.02783,-8e-05
1.05157,937.756,2516.69,0.02776,-4e-05
1.05323,916.871,2518.78,0.0276,-8e-05
1.0548917,889.72,2516.69,0.02733,-4e-05
1.0565533,860.48,2512.52,0.02709,-4e-05
1.058215,829.152,2512.52,0.0267,-4e-05
1.059875,791.558,2512.52,0.02627,-4e-05
1.0615367,753.964,2506.25,0.02573,-4e-05
1.0631983,710.105,2504.16,0.02514,-4e-05
1.06486,662.068,2504.16,0.0244,0
1.06652,614.032,2499.99,0.02362,0
1.0681817,565.995,2495.81,0.02273,0
1.0698433,513.782,2493.72,0.02175,4e-05
1.071505,457.391,2489.54,0.02066,0
1.073165,401,2485.37,0.01941,4e-05
1.0748267,344.61,2485.37,0.01817,4e-05
1.0764883,286.13,2481.19,0.01672,4e-05
1.07815,223.474,2477.01,0.01524,4e-05
1.07981,162.906,2474.92,0.01364,4e-05
1.0814717,102.339,2474.92,0.01197,4e-05
1.0831333,39.6823,2468.66,0.01017,4e-05
1.084795,-18.7969,2466.57,0.00819,0
1.086455,-81.4532,2468.66,0.006,4e-05
1.0881167,-146.198,2468.66,0.00378,4e-05
1.0897783,-208.854,2468.66,0.00164,8e-05
1.09144,-271.511,2470.75,-0.00051,8e-05
1.0931,-332.078,2477.01,-0.00261,8e-05
1.0947617,-388.469,2483.28,-0.00476,8e-05
1.0964233,-446.948,2489.54,-0.0069,8e-05
1.098085,-501.25,2497.9,-0.00904,8e-05
1.099745,-559.73,2506.25,-0.01103,0.00012
1.1014067,-611.943,2510.43,-0.01298,8e-05
1.1030683,-659.98,2516.69,-0.01477,4e-05
1.10473,-705.928,2529.23,-0.01668,4e-05
1.10639,-749.787,2535.49,-0.01844,0
1.1080517,-793.647,2539.67,-0.02011,4e-05
1.1097133,-831.24,2548.02,-0.02164,4e-05
1.111375,-868.834,2552.2,-0.02304,4e-05
1.113035,-900.162,2556.38,-0.02413,4e-05
1.1146967,-929.402,2562.64,-0.02514,4e-05
1.1163583,-952.376,2568.91,-0.026,0.00012
1.11802,-973.261,2568.91,-0.02678,4e-05
1.11968,-989.97,2568.91,-0.02737,4e-05
1.1213417,-1004.59,2571,-0.02787,0
1.1230033,-1010.86,2571,-0.02826,4e-05
1.124665,-1019.21,2568.91,-0.02861,0
1.126325,-1017.12,2571,-0.02877,-4e-05
1.1279867,-1015.03,2568.91,-0.02889,0
1.1296483,-1004.59,2566.82,-0.02892,0
1.13131,-998.324,2562.64,-0.02892,4e-05
1.13297,-981.615,2564.73,-0.02892,0.00012
1.1346317,-962.819,2558.47,-0.02881,4e-05
1.1362933,-939.845,2554.29,-0.02861,4e-05
1.137955,-914.782,2550.11,-0.02838,0
1.139615,-883.454,2545.93,-0.02807,0
1.1412767,-852.126,2537.58,-0.02764,0
1.1429383,-814.532,2531.31,-0.02717,4e-05
1.1446,-776.938,2525.05,-0.02666,4e-05
1.14626,-735.167,2514.61,-0.02608,0
1.1479217,-689.219,2506.25,-0.02538,4e-05
1.1495833,-641.183,2502.08,-0.0246,8e-05
1.151245,-591.058,2493.72,-0.0237,4e-05
1.152905,-538.844,2481.19,-0.02277,4e-05
1.1545667,-484.542,2481.19,-0.02167,4e-05
1.1562283,-430.24,2474.92,-0.02043,0
1.15789,-371.761,2466.57,-0.01906,4e-05
1.15955,-313.282,2460.3,-0.01766,4e-05
1.1612117,-250.625,2460.3,-0.01606,4e-05
1.1628733,-190.057,2449.86,-0.01435,4e-05
1.164535,-125.313,2441.51,-0.01259,8e-05
1.166195,-64.7448,2439.42,-0.01072,8e-05
1.1678567,0,2435.24,-0.00873,8e-05
1.1695183,58.4792,2424.8,-0.00674,4e-05
1.17118,123.224,2422.71,-0.00448,8e-05
1.17284,185.88,2424.8,-0.00222,8e-05
1.1745017,248.537,2424.8,8e-05,0.00012
1.1761633,307.016,2420.62,0.00222,0.00012
1.1778233,367.584,2426.89,0.00448,8e-05
1.179485,428.151,2431.06,0.00663,0.00012
1.1811467,484.542,2435.24,0.00865,8e-05
1.1828083,536.756,2435.24,0.0106,8e-05
1.1844683,591.058,2441.51,0.01251,8e-05
1.18613,641.183,2447.77,0.01431,8e-05
1.1877917,687.131,2449.86,0.01602,8e-05
1.1894533,730.99,2458.22,0.01766,4e-05
1.191115,772.761,2466.57,0.01926,4e-05
1.192775,812.443,2466.57,0.0207,4e-05
1.1944367,847.949,2470.75,0.02206,4e-05
1.1960983,881.365,2477.01,0.02319,0
1.1977583,908.516,2481.19,0.02425,4e-05
1.19942,931.49,2481.19,0.0251,0
1.2010817,952.376,2487.46,0.02588,0.00012
1.2027433,971.173,2489.54,0.02655,0
1.2044033,983.704,2487.46,0.02705,0
1.206065,992.058,2487.46,0.02744,-4e-05
1.2077267,998.324,2491.63,0.02779,-4e-05
1.2093883,1000.41,2493.72,0.02803,-4e-05
1.2110483,996.235,2489.54,0.02815,0
1.21271,987.881,2491.63,0.02818,0
1.2143717,977.438,2493.72,0.02815,-4e-05
1.2160333,964.907,2489.54,0.02815,-4e-05
1.2176933,946.11,2489.54,0.02811,0
1.219355,925.225,2491.63,0.02787,0
1.2210167,898.074,2489.54,0.02768,-4e-05
1.2226783,870.923,2483.28,0.02744,0
1.2243383,837.506,2485.37,0.02709,0
1.226,804.089,2487.46,0.0267,-4e-05
1.2276617,766.495,2481.19,0.0262,0
1.2293233,726.813,2477.01,0.02561,0
1.2309833,680.865,2479.1,0.02491,0
1.232645,632.829,2474.92,0.02413,0
1.2343067,580.615,2468.66,0.02327,0.00015
1.2359683,532.579,2466.57,0.02234,4e-05
1.2376283,476.188,2468.66,0.02125,8e-05
1.23929,421.886,2460.3,0.02011,4e-05
1.2409517,363.407,2456.13,0.01879,8e-05
1.2426133,302.839,2456.13,0.01735,8e-05
1.2442733,242.271,2451.95,0.0159,8e-05
1.245935,181.703,2445.68,0.01431,8e-05
1.2475967,121.136,2445.68,0.01267,8e-05
1.2492583,58.4792,2443.6,0.01088,8e-05
1.2509183,0,2437.33,0.009,0.00019
1.25258,-62.6563,2435.24,0.00674,8e-05
1.2542417,-125.313,2439.42,0.00452,0.00012
1.2559033,-187.969,2441.51,0.00234,0.00012
1.2575633,-250.625,2441.51,0.00019,0.00012
1.259225,-313.282,2447.77,-0.00199,0.00012
1.2608867,-369.672,2456.13,-0.00413,8e-05
1.2625483,-428.151,2460.3,-0.00632,8e-05
1.2642083,-484.542,2468.66,-0.0085,0.00012
1.26587,-540.933,2477.01,-0.01056,8e-05
1.2675317,-595.235,2483.28,-0.01251,0.00012
1.2691933,-645.36,2487.46,-0.01442,0.00012
1.2708533,-689.219,2499.99,-0.01629,8e-05
1.272515,-735.167,2506.25,-0.01809,8e-05
1.2741767,-776.938,2510.43,-0.0198,0.00012
1.2758383,-816.62,2518.78,-0.0214,8e-05
1.2774983,-854.214,2527.14,-0.0228,8e-05
1.27916,-889.72,2531.31,-0.02409,8e-05
1.2808217,-918.959,2531.31,-0.02518,8e-05
1.2824833,-944.022,2537.58,-0.02608,8e-05
1.2841433,-966.996,2539.67,-0.02682,8e-05
1.285805,-983.704,2541.76,-0.02744,8e-05
1.2874667,-1000.41,2543.85,-0.02799,4e-05
1.2891283,-1008.77,2545.93,-0.02842,4e-05
1.2907883,-1015.03,2543.85,-0.02877,4e-05
1.29245,-1019.21,2539.67,-0.029,8e-05
1.2941117,-1015.03,2541.76,-0.02916,4e-05
1.2957733,-1006.68,2539.67,-0.0292,8e-05
1.2974333,-1000.41,2537.58,-0.02924,8e-05
1.299095,-987.881,2537.58,-0.02916,8e-05
1.3007567,-969.084,2533.4,-0.02908,4e-05
1.3024183,-948.199,2531.31,-0.02892,0.00015
1.3040783,-923.136,2525.05,-0.02877,4e-05
1.30574,-893.897,2520.87,-0.02842,8e-05
1.3074017,-864.657,2512.52,-0.02807,4e-05
1.3090633,-827.063,2508.34,-0.02764,4e-05
1.3107233,-789.469,2499.99,-0.02705,4e-05
1.312385,-747.699,2491.63,-0.02655,4e-05
1.3140467,-703.839,2483.28,-0.02588,4e-05
1.3157083,-655.803,2479.1,-0.02507,4e-05
1.3173683,-607.766,2468.66,-0.02425,4e-05
1.31903,-555.553,2462.39,-0.02331,0.00012
1.3206917,-503.339,2456.13,-0.0223,4e-05
1.3223533,-444.86,2449.86,-0.02105,4e-05
1.3240133,-388.469,2441.51,-0.01973,8e-05
1.325675,-332.078,2435.24,-0.01836,8e-05
1.3273367,-269.422,2435.24,-0.0168,4e-05
1.3289983,-208.854,2431.06,-0.01509,8e-05
1.3306583,-146.198,2420.62,-0.01337,8e-05
1.33232,-85.6303,2414.36,-0.01154,8e-05
1.3339817,-22.974,2410.18,-0.00959,8e-05
1.3356433,37.5938,2401.82,-0.00748,0.00019
1.3373033,100.25,2395.56,-0.00534,0.00012
1.338965,162.906,2395.56,-0.003,0.00012
1.3406267,229.74,2397.65,-0.0007,0.00012
1.3422883,286.13,2393.47,0.00144,0.00012
1.3439483,346.698,2397.65,0.0037,0.00012
1.34561,405.177,2401.82,0.00596,0.00012
1.3472717,463.657,2401.82,0.00807,0.00012
1.3489333,520.047,2408.09,0.01002,0.00012
1.3505933,574.349,2416.44,0.01208,0.00012
1.352255,624.474,2418.53,0.01388,0.00015
1.3539167,672.511,2420.62,0.01559,0.00012
1.3555783,718.459,2428.98,0.01735,8e-05
1.3572383,760.23,2435.24,0.01895,0.00012
1.3589,799.912,2439.42,0.02047,8e-05
1.3605617,837.506,2445.68,0.02191,4e-05
1.3622233,870.923,2451.95,0.02312,4e-05
1.3638833,900.162,2451.95,0.02425,4e-05
1.365545,927.313,2456.13,0.0251,0
1.3672067,950.287,2460.3,0.02596,4e-05
1.3688683,964.907,2462.39,0.02659,4e-05
1.3705283,979.527,2462.39,0.02709,0
1.37219,989.97,2464.48,0.0276,0
1.3738517,996.235,2468.66,0.02799,4e-05
1.3755133,998.324,2468.66,0.02818,-4e-05
1.3771733,998.324,2466.57,0.02834,0
1.378835,994.147,2468.66,0.02842,-4e-05
1.3804967,981.615,2468.66,0.02838,0
1.3821583,971.173,2466.57,0.02846,4e-05
1.3838183,950.287,2464.48,0.02838,0
1.38548,933.579,2466.57,0.02822,0
1.3871417,906.428,2464.48,0.02803,4e-05
1.3888033,879.277,2462.39,0.02772,4e-05
1.3904633,850.037,2462.39,0.02752,0
1.392125,816.62,2462.39,0.02709,0
1.3937867,779.027,2454.04,0.02659,0
1.3954483,741.433,2456.13,0.026,4e-05
1.3971083,699.662,2456.13,0.02538,4e-05
1.39877,647.448,2447.77,0.02468,4e-05
1.4004317,597.323,2443.6,0.02382,8e-05
1.4020917,549.287,2445.68,0.02288,4e-05
1.4037533,492.896,2437.33,0.02183,0.00019
1.405415,440.683,2433.15,0.0207,8e-05
1.4070767,384.292,2431.06,0.01941,8e-05
1.4087383,327.901,2431.06,0.01805,8e-05
1.4103983,265.245,2424.8,0.01657,8e-05
1.41206,204.677,2422.71,0.01497,8e-05
1.4137217,142.021,2420.62,0.01337,0.00012
1.4153833,81.4532,2418.53,0.01162,0.00012
1.4170433,18.7969,2412.27,0.00975,0.00012
1.418705,-39.6823,2412.27,0.00756,0.00012
1.4203667,-104.427,2416.44,0.0053,0.00019
1.4220267,-167.083,2414.36,0.00308,0.00012
1.4236883,-227.651,2416.44,0.0009,0.00012
1.42535,-292.396,2420.62,-0.00133,0.00012
1.4270117,-350.875,2428.98,-0.00351,0.00012
1.4286733,-409.355,2435.24,-0.00573,0.00012
1.4303333,-465.745,2443.6,-0.00791,8e-05
1.431995,-524.224,2451.95,-0.01002,0.00012
1.4336567,-576.438,2456.13,-0.01201,0.00012
1.4353167,-628.652,2460.3,-0.01399,0.00012
1.4369783,-674.6,2472.84,-0.01579,0.00023
1.43864,-722.636,2479.1,-0.0177,8e-05
1.4403017,-764.407,2483.28,-0.01949,0.00012
1.4419617,-806.178,2489.54,-0.02117,0.00012
1.4436233,-843.772,2497.9,-0.02265,0.00012
1.445285,-879.277,2499.99,-0.02397,0.00012
1.4469467,-908.516,2508.34,-0.02503,0.00012
1.4486067,-937.756,2512.52,-0.02604,0.00012
1.4502683,-958.641,2514.61,-0.02678,8e-05
1.45193,-979.527,2514.61,-0.02748,8e-05
1.4535917,-994.147,2516.69,-0.02803,0.00015
1.4552517,-1006.68,2518.78,-0.02857,8e-05
1.4569133,-1012.94,2520.87,-0.02889,8e-05
1.458575,-1019.21,2518.78,-0.0292,8e-05
1.4602367,-1015.03,2518.78,-0.02935,8e-05
1.4618967,-1012.94,2518.78,-0.02947,0.00012
1.4635583,-1002.5,2512.52,-0.02951,8e-05
1.46522,-992.058,2512.52,-0.02943,0.00012
1.4668817,-975.35,2512.52,-0.02939,0.00012
1.4685417,-956.553,2506.25,-0.02924,8e-05
1.4702033,-929.402,2504.16,-0.029,0.00012
1.471865,-904.339,2497.9,-0.02881,8e-05
1.4735267,-875.1,2493.72,-0.02846,0.00012
1.4751867,-839.594,2487.46,-0.02807,8e-05
1.4768483,-802.001,2479.1,-0.02748,8e-05
1.47851,-762.318,2470.75,-0.02694,8e-05
1.4801717,-722.636,2464.48,-0.02635,8e-05
1.4818317,-672.511,2456.13,-0.02553,8e-05
1.4834933,-624.474,2445.68,-0.02475,8e-05
1.485155,-574.349,2437.33,-0.02382,0.00012
1.4868167,-517.959,2435.24,-0.0228,8e-05
1.4884767,-465.745,2424.8,-0.02167,0.00015
1.4901383,-411.443,2418.53,-0.02043,8e-05
1.4918,-350.875,2416.44,-0.01895,0.00012
1.4934617,-290.308,2412.27,-0.01746,8e-05
1.4951217,-227.651,2403.91,-0.01587,8e-05
1.4967833,-167.083,2399.74,-0.01407,0.00012
1.498445,-104.427,2393.47,-0.0122,0.00012
1.5001067,-41.7709,2385.12,-0.01029,0.00012
1.5017667,18.7969,2380.94,-0.00823,0.00012
1.5034283,79.3647,2374.67,-0.00612,0.00012
1.50509,142.021,2370.5,-0.00374,0.00027
1.5067517,206.766,2368.41,-0.00148,0.00015
1.5084117,267.334,2370.5,0.00078,0.00015
1.5100733,327.901,2372.59,0.00312,0.00015
1.511735,386.381,2372.59,0.00534,0.00019
1.5133967,444.86,2376.76,0.00756,0.00015
1.5150567,503.339,2383.03,0.00959,0.00019
1.5167183,557.641,2385.12,0.01162,0.00015
1.51838,607.766,2387.21,0.01349,0.00015
1.5200417,655.803,2395.56,0.01524,0.00015
1.5217017,701.751,2403.91,0.017,0.00023
1.5233633,745.61,2403.91,0.01871,0.00012
1.525025,785.292,2410.18,0.02023,0.00012
1.5266867,824.975,2420.62,0.02179,8e-05
1.5283467,858.391,2422.71,0.023,0.00012
1.5300083,889.72,2426.89,0.02417,8e-05
1.53167,914.782,2433.15,0.02507,8e-05
1.5333317,939.845,2433.15,0.02596,8e-05
1.5349917,958.641,2435.24,0.02662,8e-05
1.5366533,977.438,2443.6,0.02729,8e-05
1.538315,987.881,2441.51,0.02772,0.00015
1.5399767,996.235,2439.42,0.02807,4e-05
1.5416367,1000.41,2443.6,0.02838,4e-05
1.5432983,998.324,2443.6,0.02857,4e-05
1.54496,994.147,2439.42,0.02865,0
1.5466217,985.792,2443.6,0.02865,4e-05
1.5482817,975.35,2443.6,0.02865,4e-05
1.5499433,958.641,2443.6,0.02861,4e-05
1.551605,937.756,2441.51,0.0285,4e-05
1.5532667,916.871,2443.6,0.0283,4e-05
1.5549267,889.72,2439.42,0.02807,4e-05
1.5565883,860.48,2435.24,0.02776,4e-05
1.55825,827.063,2435.24,0.02744,4e-05
1.5599117,791.558,2435.24,0.02701,4e-05
1.5615717,751.876,2431.06,0.02643,8e-05
1.5632333,710.105,2426.89,0.02585,8e-05
1.564895,662.068,2426.89,0.0251,8e-05
1.5665567,611.943,2424.8,0.02429,8e-05
1.5682167,563.907,2418.53,0.02339,8e-05
1.5698783,511.693,2416.44,0.02241,8e-05
1.57154,459.48,2416.44,0.02128,8e-05
1.5732017,403.089,2408.09,0.02004,0.00012
1.5748617,344.61,2403.91,0.01867,0.00015
1.5765233,284.042,2403.91,0.01723,0.00012
1.578185,225.563,2399.74,0.01571,0.00015
1.5798467,160.818,2393.47,0.01403,0.00015
1.5815067,102.339,2393.47,0.01228,0.00012
1.5831683,39.6823,2389.29,0.01049,0.00012
1.58483,-18.7969,2385.12,0.00842,0.00015
1.5864917,-83.5417,2387.21,0.00612,0.00015
1.5881517,-146.198,2391.38,0.00386,0.00015
1.5898133,-208.854,2389.29,0.0016,0.00023
1.591475,-271.511,2391.38,-0.00062,0.00012
1.5931367,-329.99,2399.74,-0.00281,0.00015
1.5947967,-388.469,2403.91,-0.00499,0.00015
1.5964583,-446.948,2414.36,-0.00729,0.00012
1.59812,-503.339,2422.71,-0.00951,0.00019
1.5997817,-559.73,2428.98,-0.01154,0.00012
1.6014417,-611.943,2435.24,-0.01349,0.00015
1.6031033,-659.98,2443.6,-0.01544,0.00015
1.604765,-705.928,2454.04,-0.01731,0.00015
1.6064267,-749.787,2458.22,-0.0191,0.00031
1.6080867,-791.558,2464.48,-0.02082,0.00012
1.6097483,-831.24,2472.84,-0.02241,0.00012
1.61141,-868.834,2479.1,-0.02378,0.00012
1.6130717,-900.162,2481.19,-0.02495,0.00015
1.6147317,-929.402,2483.28,-0.02604,0.00015
1.6163933,-952.376,2489.54,-0.02682,0.00015
1.618055,-973.261,2491.63,-0.02752,0.00012
1.6197167,-992.058,2491.63,-0.02815,0.00015
1.6213767,-1004.59,2493.72,-0.02869,0.00012
1.6230383,-1012.94,2497.9,-0.02904,0.00027
1.6247,-1017.12,2493.72,-0.02935,0.00012
1.62636,-1017.12,2493.72,-0.02959,0.00012
1.6280217,-1012.94,2493.72,-0.02967,0.00012
1.6296833,-1006.68,2491.63,-0.02967,0.00015
1.631345,-996.235,2485.37,-0.0297,0.00012
1.6330067,-979.527,2485.37,-0.02967,0.00015
1.6346667,-962.819,2485.37,-0.02951,0.00012
1.6363283,-937.756,2481.19,-0.02935,8e-05
1.63799,-914.782,2477.01,-0.02912,0.00012
1.6396517,-883.454,2470.75,-0.02877,0.00023
1.6413117,-852.126,2462.39,-0.02838,0.00012
1.6429733,-814.532,2456.13,-0.02791,0.00012
1.644635,-776.938,2449.86,-0.02737,0.00012
1.646295,-733.079,2439.42,-0.02678,0.00012
1.6479567,-691.308,2433.15,-0.02612,0.00012
1.6496183,-641.183,2426.89,-0.02526,0.00012
1.65128,-591.058,2418.53,-0.02436,8e-05
1.6529417,-538.844,2412.27,-0.02347,0.00012
1.6546017,-482.454,2403.91,-0.02226,0.00012
1.6562633,-428.151,2397.65,-0.02105,0.00012
1.657925,-369.672,2391.38,-0.01965,0.00012
1.659585,-313.282,2385.12,-0.0182,0.00015
1.6612467,-250.625,2383.03,-0.01657,0.00015
1.6629083,-190.057,2378.85,-0.01485,0.00015
1.66457,-127.401,2366.32,-0.01302,0.00015
1.66623,-62.6563,2362.14,-0.01111,0.00012
1.6679,-2.08854,2362.14,-0.00908,0.00019
1.66955,58.4792,2351.7,-0.00694,0.00015
1.6712167,121.136,2343.35,-0.00464,0.00012
1.6728833,185.88,2347.52,-0.00226,0.00019
1.6745333,248.537,2349.61,0,0.00019
1.6762,307.016,2343.35,0.00226,0.00015
1.6778667,367.584,2349.61,0.0046,0.00019
1.6795167,428.151,2353.79,0.00682,0.00023
1.6811833,484.542,2353.79,0.00897,0.00023
1.68285,538.844,2357.97,0.01099,0.00019
1.6845,591.058,2366.32,0.01298,0.00019
1.6861667,641.183,2368.41,0.01481,0.00015
1.6878333,687.131,2372.59,0.01653,0.00015
1.6894833,730.99,2383.03,0.01828,0.00015
1.69115,772.761,2387.21,0.01988,0.00027
1.6928167,812.443,2389.29,0.02144,0.00012
1.6944667,847.949,2395.56,0.0228,0.00012
1.6961333,879.277,2403.91,0.02394,0.00012
1.6978,908.516,2403.91,0.02499,0.00012
1.69945,933.579,2408.09,0.02585,8e-05
1.7011167,954.464,2414.36,0.02666,8e-05
1.7027833,971.173,2416.44,0.02725,0.00012
1.7044333,983.704,2416.44,0.02779,4e-05
1.7061,989.97,2418.53,0.02822,8e-05
1.7077667,998.324,2422.71,0.0285,0.00015
1.7094167,998.324,2422.71,0.02873,8e-05
1.7110833,996.235,2418.53,0.02885,8e-05
1.71275,987.881,2420.62,0.02889,8e-05
1.7144,977.438,2422.71,0.02889,8e-05
1.7160667,962.819,2416.44,0.02885,8e-05
1.7177333,946.11,2416.44,0.02877,8e-05
1.7193833,923.136,2420.62,0.02861,4e-05
1.72105,898.074,2416.44,0.02838,4e-05
1.7227167,870.923,2414.36,0.02811,4e-05
1.7243667,839.594,2414.36,0.02783,0.00019
1.7260333,804.089,2410.18,0.02737,0.00012
1.7277,762.318,2406,0.02682,8e-05
1.72935,724.725,2406,0.0262,0.00012
1.7310167,680.865,2403.91,0.02553,0.00012
1.7326833,630.74,2397.65,0.02475,0.00012
1.73435,580.615,2395.56,0.0239,0.00012
1.736,528.401,2395.56,0.02288,0.00012
1.7376667,476.188,2389.29,0.02187,0.00019
1.7393333,419.797,2385.12,0.02066,0.00015
1.7409833,365.495,2385.12,0.0193,0.00027
1.74265,302.839,2380.94,0.01785,0.00019
1.7443167,244.36,2376.76,0.01637,0.00019
1.7459667,181.703,2372.59,0.01474,0.00019
1.7476333,119.047,2372.59,0.01302,0.00015
1.7493,60.5678,2366.32,0.01127,0.00019
1.75095,0,2364.23,0.0092,0.00019
1.7526167,-60.5678,2362.14,0.00694,0.00019
1.7542833,-125.313,2366.32,0.0046,0.00019
1.7559333,-187.969,2364.23,0.00238,0.00019
1.7576,-248.537,2368.41,0.00012,0.00023
1.7592667,-313.282,2374.67,-0.00218,0.00015
1.7609167,-367.584,2380.94,-0.00433,0.00015
1.7625833,-428.151,2387.21,-0.00667,0.00019
1.76425,-484.542,2397.65,-0.00893,0.00015
1.7659,-540.933,2406,-0.01103,0.00015
1.7675667,-593.146,2410.18,-0.01294,0.00019
1.7692333,-643.271,2416.44,-0.01497,0.00015
1.7708833,-691.308,2428.98,-0.01688,0.00019
1.77255,-735.167,2433.15,-0.01867,0.00012
1.7742167,-776.938,2439.42,-0.02047,0.00015
1.7758667,-820.798,2449.86,-0.0221,0.00019
1.7775333,-856.303,2456.13,-0.02355,0.00015
1.7792,-889.72,2458.22,-0.02479,0.00015
1.78085,-918.959,2460.3,-0.02585,0.00015
1.7825167,-946.11,2466.57,-0.02678,0.00015
1.7841833,-969.084,2468.66,-0.02752,0.00015
1.7858333,-985.792,2470.75,-0.02822,0.00012
1.7875,-998.324,2474.92,-0.02877,0.00012
1.7891667,-1008.77,2477.01,-0.02916,0.00015
1.7908167,-1015.03,2474.92,-0.02951,0.00012
1.7924833,-1019.21,2472.84,-0.02974,0.00027
1.79415,-1019.21,2474.92,-0.0299,0.00015
1.7958,-1010.86,2470.75,-0.02994,0.00015
1.7974667,-1000.41,2466.57,-0.02994,0.00015
1.7991333,-987.881,2468.66,-0.0299,0.00012
1.8008,-964.907,2466.57,-0.02978,0.00015
1.80245,-948.199,2458.22,-0.02963,0.00015
1.8041167,-923.136,2456.13,-0.02943,0.00012
1.8057833,-893.897,2454.04,-0.02912,0.00012
1.8074333,-862.568,2445.68,-0.02877,0.00012
1.8091,-827.063,2437.33,-0.02834,0.00031
1.8107667,-789.469,2431.06,-0.02776,0.00015
1.8124167,-747.699,2422.71,-0.02717,0.00015
1.8140833,-703.839,2412.27,-0.02655,0.00015
1.81575,-655.803,2406,-0.02577,0.00012
1.8174,-605.678,2399.74,-0.02487,0.00012
1.8190667,-555.553,2391.38,-0.0239,0.00015
1.8207333,-503.339,2383.03,-0.02284,0.00015
1.8223833,-444.86,2380.94,-0.02164,0.00015
1.82405,-388.469,2372.59,-0.02031,0.00015
1.8257167,-329.99,2366.32,-0.01883,0.00023
1.8273667,-269.422,2360.05,-0.01727,0.00019
1.8290333,-208.854,2357.97,-0.01555,0.00015
1.8307,-146.198,2347.52,-0.01376,0.00015
1.83235,-83.5417,2343.35,-0.01185,0.00019
1.8340167,-20.8854,2339.17,-0.00982,0.00019
1.8356833,39.6823,2334.99,-0.00768,0.00015
1.8373333,100.25,2322.46,-0.0055,0.00019
1.839,164.995,2320.37,-0.00308,0.00019
1.8406667,227.651,2326.64,-0.00078,0.00023
1.8423167,288.219,2322.46,0.00156,0.00027
1.8439833,346.698,2322.46,0.0039,0.00019
1.84565,407.266,2328.73,0.0062,0.00023
1.8473,465.745,2334.99,0.00842,0.00023
1.8489667,520.047,2332.9,0.01045,0.00023
1.8506333,574.349,2341.26,0.01247,0.00023
1.8522833,624.474,2347.52,0.01435,0.00023
1.85395,672.511,2351.7,0.01618,0.00023
1.8556167,714.282,2355.88,0.01789,0.00015
1.8572667,760.23,2364.23,0.01961,0.00019
1.8589333,797.824,2368.41,0.02117,0.00012
1.8606,835.417,2368.41,0.02257,0.00015
1.86225,870.923,2376.76,0.02378,0.00012
1.8639167,902.251,2385.12,0.02491,0.00012
1.8655833,927.313,2387.21,0.02585,0.00012
1.86725,948.199,2387.21,0.02659,8e-05
1.8689,964.907,2393.47,0.02729,0.00012
1.8705667,981.615,2397.65,0.02783,0.00012
1.8722333,989.97,2393.47,0.02826,0.00012
1.8738833,996.235,2399.74,0.02865,0.00012
1.87555,998.324,2399.74,0.02889,8e-05
1.8772167,998.324,2397.65,0.02904,0.00015
1.8788667,994.147,2397.65,0.02904,0.00012
1.8805333,983.704,2397.65,0.02908,8e-05
1.8822,969.084,2397.65,0.02904,8e-05
1.88385,954.464,2397.65,0.029,8e-05
1.8855167,929.402,2397.65,0.02885,8e-05
1.8871833,908.516,2395.56,0.02869,0.00012
1.8888333,877.188,2393.47,0.02838,8e-05
1.8905,847.949,2391.38,0.02811,0.00012
1.8921667,814.532,2391.38,0.02772,8e-05
1.8938167,779.027,2389.29,0.02721,0.00015
1.8954833,737.256,2385.12,0.02666,0.00012
1.89715,695.485,2380.94,0.026,0.00012
1.8988,647.448,2378.85,0.02522,0.00012
1.9004667,597.323,2372.59,0.02436,0.00012
1.9021333,547.198,2372.59,0.02347,0.00015
1.9037833,494.985,2370.5,0.02241,0.00015
1.90545,440.683,2366.32,0.02128,0.00019
1.9071167,384.292,2360.05,0.01996,0.00019
1.9087667,323.724,2360.05,0.01856,0.00019
1.9104333,263.156,2355.88,0.01704,0.00031
1.9121,204.677,2351.7,0.0154,0.00023
1.91375,142.021,2351.7,0.01372,0.00023
1.9154167,81.4532,2347.52,0.01197,0.00019
1.9170833,20.8854,2341.26,0.00998,0.00023
1.9187333,-41.7709,2341.26,0.00772,0.00027
1.9204,-104.427,2343.35,0.00546,0.00019
1.9220667,-167.083,2341.26,0.00316,0.00023
1.9237167,-229.74,2347.52,0.00086,0.00023
1.9253833,-292.396,2351.7,-0.00144,0.00023
1.92705,-350.875,2355.88,-0.00366,0.00035
1.9287,-407.266,2364.23,-0.006,0.00019
1.9303667,-467.834,2372.59,-0.00823,0.00019
1.9320333,-524.224,2378.85,-0.01045,0.00019
1.9336833,-578.527,2387.21,-0.01247,0.00023
1.93535,-628.652,2393.47,-0.01446,0.00023
1.9370167,-676.688,2401.82,-0.01637,0.00023
1.9386833,-722.636,2406,-0.01832,0.00023
1.9403333,-766.495,2416.44,-0.02004,0.00019
1.942,-808.266,2422.71,-0.02175,0.00015
1.9436667,-845.86,2431.06,-0.02327,0.00019
1.9453167,-879.277,2437.33,-0.0246,0.00019
1.9469833,-910.605,2441.51,-0.02577,0.00019
1.94865,-937.756,2443.6,-0.0267,0.00019
1.9503,-960.73,2447.77,-0.02744,0.00019
1.9519667,-981.615,2447.77,-0.02818,0.00015
1.9536333,-994.147,2449.86,-0.02873,0.00019
1.9552833,-1006.68,2451.95,-0.02924,0.00015
1.95695,-1012.94,2454.04,-0.02963,0.00015
1.9586167,-1019.21,2454.04,-0.0299,0.00015
1.9602667,-1015.03,2454.04,-0.03006,0.00015
1.9619333,-1012.94,2447.77,-0.03009,0.00015
1.9636,-1002.5,2447.77,-0.03013,0.00015
1.96525,-992.058,2445.68,-0.03013,0.00015
1.9669167,-977.438,2443.6,-0.03006,0.00015
1.9685833,-956.553,2441.51,-0.0299,0.00015
1.9702333,-929.402,2435.24,-0.02967,0.00015
1.9719,-902.251,2431.06,-0.02943,0.00019
1.9735667,-875.1,2426.89,-0.02908,0.00015
1.9752167,-839.594,2420.62,-0.02865,0.00015
1.9768833,-802.001,2410.18,-0.02811,0.00015
1.97855,-764.407,2403.91,-0.02764,0.00019
1.9802,-720.547,2393.47,-0.02698,0.00015
1.9818667,-672.511,2389.29,-0.0262,0.00019
1.9835333,-624.474,2378.85,-0.02534,0.00012
1.9851833,-574.349,2370.5,-0.02444,0.00015
1.98685,-520.047,2366.32,-0.02343,0.00015
1.9885167,-463.657,2360.05,-0.02218,0.00015
1.9901667,-409.355,2349.61,-0.02093,0.00019
1.9918333,-350.875,2347.52,-0.01953,0.00019
1.9935,-290.308,2341.26,-0.01793,0.00019
1.99515,-229.74,2337.08,-0.01629,0.00031
1.9968167,-167.083,2330.81,-0.01454,0.00019
1.9984833,-104.427,2324.55,-0.01259,0.00019
2.0001333,-43.8594,2318.28,-0.0106,0.00019
2.0018,18.7969,2309.93,-0.00854,0.00023
2.0034667,81.4532,2303.66,-0.00635,0.00023
2.0051333,144.109,2301.57,-0.00394,0.00023
2.0067833,204.677,2299.49,-0.00152,0.00027
2.00845,267.334,2297.4,0.00074,0.00027
2.0101167,327.901,2303.66,0.00308,0.00027
2.0117667,388.469,2305.75,0.00546,0.00035
2.0134333,444.86,2303.66,0.00772,0.00027
2.0151,501.25,2312.02,0.00982,0.00027
2.01675,555.553,2316.19,0.01197,0.00027
2.0184167,605.678,2318.28,0.01384,0.00023
2.0200833,655.803,2324.55,0.01567,0.00023
2.0217333,701.751,2334.99,0.01746,0.00019
2.0234,745.61,2339.17,0.01922,0.00023
2.0250667,785.292,2341.26,0.02082,0.00015
2.0267167,822.886,2349.61,0.02234,0.00015
2.0283833,858.391,2357.97,0.02358,0.00023
2.03005,889.72,2357.97,0.02475,0.00015
2.0317,916.871,2360.05,0.02569,0.00015
2.0333667,941.933,2370.5,0.02659,0.00012
2.0350333,958.641,2372.59,0.02729,0.00012
2.0366833,977.438,2370.5,0.02787,0.00012
2.03835,987.881,2372.59,0.02834,0.00015
2.0400167,996.235,2376.76,0.02881,0.00012
2.0416667,996.235,2374.67,0.029,0.00012
2.0433333,1000.41,2376.76,0.02924,0.00015
2.045,994.147,2378.85,0.02931,0.00012
2.04665,985.792,2376.76,0.02931,8e-05
2.0483167,977.438,2374.67,0.02931,0.00012
2.0499833,958.641,2378.85,0.02924,0.00012
2.0516333,939.845,2376.76,0.02912,0.00012
2.0533,916.871,2372.59,0.02896,8e-05
2.0549667,889.72,2372.59,0.02869,8e-05
2.0566167,860.48,2372.59,0.02842,0.00012
2.0582833,827.063,2368.41,0.02807,0.00015
2.05995,789.469,2366.32,0.02756,0.00015
2.0616,751.876,2366.32,0.02701,0.00015
2.0632667,710.105,2362.14,0.02643,0.00012
2.0649333,662.068,2355.88,0.02569,0.00015
2.0665833,611.943,2355.88,0.02487,0.00015
2.06825,563.907,2351.7,0.02397,0.00015
2.0699167,511.693,2345.43,0.02292,0.00015
2.0715833,457.391,2345.43,0.02183,0.00019
2.0732333,401,2343.35,0.02054,0.00019
2.0749,342.521,2337.08,0.01914,0.00023
2.0765667,284.042,2332.9,0.01762,0.00023
2.0782167,223.474,2332.9,0.01614,0.00023
2.0798833,160.818,2328.73,0.01442,0.00031
2.08155,100.25,2324.55,0.01263,0.00019
2.0832,37.5938,2322.46,0.01072,0.00023
2.0848667,-16.7083,2320.37,0.00858,0.00023
2.0865333,-81.4532,2318.28,0.00624,0.00023
2.0881833,-144.109,2320.37,0.00394,0.00027
2.08985,-208.854,2322.46,0.00164,0.00023
2.0915167,-271.511,2326.64,-0.00066,0.00023
2.0931667,-329.99,2332.9,-0.00296,0.00023
2.0948333,-388.469,2341.26,-0.00526,0.00023
2.0965,-449.037,2349.61,-0.0076,0.00031
2.09815,-505.428,2355.88,-0.00982,0.00023
2.0998167,-561.818,2362.14,-0.01189,0.00023
2.1014833,-609.855,2370.5,-0.01396,0.00023
2.1031333,-659.98,2376.76,-0.0159,0.00023
2.1048,-708.016,2385.12,-0.01781,0.00023
2.1064667,-751.876,2395.56,-0.01965,0.00023
2.1081167,-793.647,2397.65,-0.02136,0.00023
2.1097833,-833.329,2403.91,-0.023,0.00019
2.11145,-866.746,2414.36,-0.0244,0.00019
2.1131,-900.162,2420.62,-0.02561,0.00031
2.1147667,-931.49,2420.62,-0.02663,0.00023
2.1164333,-954.464,2424.8,-0.02744,0.00019
2.1180833,-975.35,2426.89,-0.02818,0.00023
2.11975,-989.97,2428.98,-0.02877,0.00019
2.1214167,-1004.59,2431.06,-0.02931,0.00019
2.1230667,-1010.86,2433.15,-0.0297,0.00019
2.1247333,-1019.21,2431.06,-0.03002,0.00019
2.1264,-1019.21,2433.15,-0.03017,0.00019
2.12805,-1015.03,2428.98,-0.03025,0.00019
2.1297167,-1006.68,2428.98,-0.03037,0.00027
2.1313833,-994.147,2424.8,-0.03033,0.00019
2.1330333,-981.615,2424.8,-0.03025,0.00015
2.1347,-962.819,2420.62,-0.03013,0.00019
2.1363667,-937.756,2416.44,-0.02998,0.00019
2.1380167,-914.782,2412.27,-0.0297,0.00023
2.1396833,-883.454,2408.09,-0.02939,0.00019
2.14135,-852.126,2399.74,-0.029,0.00019
2.1430167,-814.532,2395.56,-0.02854,0.00019
2.1446667,-776.938,2385.12,-0.02795,0.00019
2.1463333,-733.079,2378.85,-0.02733,0.00019
2.148,-689.219,2368.41,-0.02663,0.00019
2.14965,-641.183,2360.05,-0.02585,0.00019
2.1513167,-591.058,2353.79,-0.02491,0.00019
2.1529833,-538.844,2349.61,-0.02394,0.00019
2.1546333,-482.454,2341.26,-0.02277,0.00019
2.1563,-428.151,2334.99,-0.02156,0.00019
2.1579667,-369.672,2326.64,-0.02015,0.00023
2.1596167,-311.193,2320.37,-0.01863,0.00023
2.1612833,-252.714,2320.37,-0.017,0.00023
2.16295,-190.057,2312.02,-0.01524,0.00023
2.1646,-127.401,2305.75,-0.01337,0.00027
2.1662667,-64.7448,2299.49,-0.01142,0.00023
2.1679333,0,2293.22,-0.00932,0.00027
2.1695833,58.4792,2282.78,-0.00717,0.00027
2.17125,121.136,2280.69,-0.00476,0.00027
2.1729167,183.792,2278.6,-0.00234,0.00027
2.1745667,248.537,2278.6,4e-05,0.00023
2.1762333,307.016,2278.6,0.00238,0.00027
2.1779,367.584,2280.69,0.00476,0.00027
2.17955,428.151,2284.87,0.00702,0.00031
2.1812167,482.454,2289.04,0.00924,0.00035
2.1828833,536.756,2291.13,0.01138,0.00027
2.1845333,593.146,2297.4,0.01333,0.00027
2.1862,641.183,2303.66,0.01524,0.00023
2.1878667,687.131,2305.75,0.01704,0.00027
2.1895167,730.99,2316.19,0.01879,0.00023
2.1911833,772.761,2322.46,0.02039,0.00023
2.19285,812.443,2326.64,0.02203,0.00019
2.1945,847.949,2334.99,0.02343,0.00019
2.1961667,881.365,2341.26,0.02456,0.00019
2.1978333,908.516,2341.26,0.02561,0.00027
2.1994833,931.49,2343.35,0.02651,0.00015
2.20115,954.464,2351.7,0.02729,0.00015
2.2028167,971.173,2349.61,0.02787,0.00015
2.2044667,983.704,2351.7,0.02838,0.00019
2.2061333,994.147,2357.97,0.02885,0.00015
2.2078,996.235,2353.79,0.02912,0.00019
2.2094667,998.324,2355.88,0.02931,0.00012
2.2111167,996.235,2357.97,0.02943,0.00015
2.2127833,989.97,2357.97,0.02951,0.00012
2.21445,979.527,2357.97,0.02951,0.00023
2.2161,964.907,2357.97,0.02943,0.00015
2.2177667,944.022,2355.88,0.02939,0.00015
2.2194333,923.136,2355.88,0.02924,0.00015
2.2210833,895.985,2353.79,0.029,0.00015
2.22275,873.011,2351.7,0.02869,0.00015
2.2244167,835.417,2351.7,0.02838,0.00015
2.2260667,804.089,2347.52,0.02799,0.00019
2.2277333,766.495,2345.43,0.0274,0.00015
2.2294,724.725,2343.35,0.02682,0.00015
2.23105,676.688,2341.26,0.02612,0.00023
2.2327167,630.74,2334.99,0.0253,0.00019
2.2343833,580.615,2332.9,0.0244,0.00019
2.2360333,528.401,2330.81,0.02343,0.00023
2.2377,476.188,2324.55,0.02238,0.00023
2.2393667,419.797,2322.46,0.02117,0.00023
2.2410167,363.407,2320.37,0.01976,0.00027
2.2426833,302.839,2316.19,0.01832,0.00023
2.24435,242.271,2309.93,0.01672,0.00027
2.246,181.703,2309.93,0.01509,0.00023
2.2476667,119.047,2307.84,0.01333,0.00027
2.2493333,58.4792,2303.66,0.01146,0.00027
2.2509833,0,2299.49,0.00936,0.00027
2.25265,-62.6563,2297.4,0.00709,0.00027
2.2543167,-125.313,2297.4,0.00476,0.00027
2.2559667,-187.969,2301.57,0.00242,0.00027
2.2576333,-250.625,2305.75,8e-05,0.00023
2.2593,-313.282,2309.93,-0.00226,0.00027
2.26095,-369.672,2316.19,-0.00452,0.00027
2.2626167,-428.151,2328.73,-0.0069,0.00023
2.2642833,-486.631,2334.99,-0.00908,0.00031
2.2659333,-543.021,2341.26,-0.0113,0.00027
2.2676,-593.146,2347.52,-0.01333,0.00027
2.2692667,-645.36,2357.97,-0.01532,0.00027
2.2709167,-691.308,2360.05,-0.01723,0.00023
2.2725833,-737.256,2368.41,-0.01918,0.00023
2.27425,-779.027,2378.85,-0.02093,0.00027
2.2759167,-820.798,2385.12,-0.02257,0.00027
2.2775667,-856.303,2389.29,-0.02405,0.00023
2.2792333,-889.72,2397.65,-0.02538,0.00023
2.2809,-921.048,2401.82,-0.02643,0.00027
2.28255,-946.11,2403.91,-0.02737,0.00035
2.2842167,-969.084,2406,-0.02818,0.00027
2.2858833,-985.792,2410.18,-0.02873,0.00019
2.2875333,-998.324,2414.36,-0.02931,0.00023
2.2892,-1008.77,2410.18,-0.02978,0.00023
2.2908667,-1019.21,2412.27,-0.03009,0.00019
2.2925167,-1019.21,2412.27,-0.03037,0.00023
2.2941833,-1017.12,2410.18,-0.03048,0.00019
2.29585,-1010.86,2408.09,-0.03048,0.00019
2.2975,-1000.41,2408.09,-0.03052,0.00023
2.2991667,-987.881,2403.91,-0.03052,0.00035
2.3008333,-969.084,2399.74,-0.03037,0.00019
2.3024833,-948.199,2399.74,-0.03021,0.00019
2.30415,-921.048,2393.47,-0.02998,0.00023
2.3058167,-895.985,2387.21,-0.0297,0.00019
2.3074667,-860.48,2383.03,-0.02931,0.00023
2.3091333,-827.063,2376.76,-0.02889,0.00019
2.3108,-789.469,2366.32,-0.02834,0.00023
2.31245,-747.699,2360.05,-0.02772,0.00019
2.3141167,-703.839,2353.79,-0.02709,0.00023
2.3157833,-653.714,2343.35,-0.02627,0.00031
2.3174333,-607.766,2334.99,-0.02546,0.00019
2.3191,-555.553,2328.73,-0.0244,0.00023
2.3207667,-499.162,2322.46,-0.02335,0.00023
2.3224167,-444.86,2314.11,-0.0221,0.00027
2.3240833,-390.558,2307.84,-0.02074,0.00027
2.32575,-329.99,2305.75,-0.01926,0.00027
2.3274,-269.422,2299.49,-0.01766,0.00027
2.3290667,-208.854,2293.22,-0.01594,0.00027
2.3307333,-148.287,2291.13,-0.01411,0.00027
2.3323833,-83.5417,2284.87,-0.01212,0.00031
2.33405,-22.974,2272.34,-0.0101,0.00027
2.3357167,39.6823,2268.16,-0.00787,0.00023
2.3373667,102.339,2263.98,-0.00557,0.00027
2.3390333,162.906,2257.72,-0.00316,0.00027
2.3407,225.563,2257.72,-0.00074,0.00027
2.3423667,288.219,2259.8,0.00164,0.00027
2.3440167,346.698,2259.8,0.00402,0.00031
2.3456833,405.177,2259.8,0.00635,0.00027
2.34735,463.657,2268.16,0.00858,0.00031
2.349,520.047,2272.34,0.01076,0.00031
2.3506667,572.261,2272.34,0.01283,0.00031
2.3523333,624.474,2280.69,0.01474,0.00027
2.3539833,674.6,2286.96,0.01661,0.00031
2.35565,714.282,2291.13,0.01832,0.00027
2.3573167,760.23,2297.4,0.02008,0.00023
2.3589667,799.912,2305.75,0.02171,0.00027
2.3606333,837.506,2309.93,0.02319,0.00023
2.3623,870.923,2314.11,0.0244,0.00019
2.36395,902.251,2322.46,0.02553,0.00023
2.3656167,927.313,2322.46,0.02647,0.00023
2.3672833,948.199,2326.64,0.02725,0.00027
2.3689333,964.907,2332.9,0.02787,0.00019
2.3706,981.615,2332.9,0.02846,0.00019
2.3722667,992.058,2332.9,0.02892,0.00015
2.3739167,996.235,2337.08,0.02928,0.00019
2.3755833,998.324,2339.17,0.02951,0.00015
2.37725,996.235,2334.99,0.02959,0.00015
2.3789,992.058,2334.99,0.0297,0.00015
2.3805667,983.704,2337.08,0.02967,0.00015
2.3822333,969.084,2334.99,0.02967,0.00019
2.3838833,948.199,2334.99,0.02959,0.00023
2.38555,929.402,2334.99,0.02943,0.00019
2.3872167,906.428,2334.99,0.02924,0.00019
2.3888667,877.188,2328.73,0.029,0.00015
2.3905333,847.949,2330.81,0.02869,0.00015
2.3922,816.62,2328.73,0.0283,0.00019
2.39385,776.938,2324.55,0.02776,0.00019
2.3955167,737.256,2322.46,0.02725,0.00019
2.3971833,695.485,2320.37,0.02655,0.00019
2.3988333,647.448,2320.37,0.02577,0.00023
2.4005,595.235,2314.11,0.02491,0.00031
2.4021667,547.198,2309.93,0.02394,0.00023
2.4038167,492.896,2309.93,0.02288,0.00027
2.4054833,438.594,2303.66,0.02171,0.00027
2.40715,382.203,2299.49,0.02035,0.00023
2.4088,323.724,2299.49,0.01895,0.00031
2.4104667,263.156,2293.22,0.01739,0.00027
2.4121333,202.589,2289.04,0.01579,0.00031
2.4138,142.021,2289.04,0.01399,0.00031
2.41545,81.4532,2284.87,0.0122,0.00031
2.4171167,18.7969,2280.69,0.01017,0.00035
2.4187833,-41.7709,2278.6,0.00787,0.00027
2.4204333,-104.427,2280.69,0.0055,0.00031
2.4221,-167.083,2280.69,0.0032,0.00031
2.4237667,-229.74,2284.87,0.00082,0.00031
2.4254167,-292.396,2291.13,-0.00152,0.00031
2.4270833,-348.787,2297.4,-0.00382,0.00035
2.42875,-409.355,2303.66,-0.00624,0.00027
2.4304,-467.834,2312.02,-0.00854,0.00031
2.4320667,-524.224,2320.37,-0.01076,0.00027
2.4337333,-576.438,2324.55,-0.01286,0.00031
2.4353833,-628.652,2332.9,-0.01489,0.00027
2.43705,-676.688,2341.26,-0.01688,0.00027
2.4387167,-724.725,2349.61,-0.01879,0.00027
2.4403667,-766.495,2353.79,-0.02058,0.00031
2.4420333,-808.266,2362.14,-0.02234,0.00027
2.4437,-845.86,2372.59,-0.02382,0.00027
2.44535,-881.365,2376.76,-0.02518,0.00027
2.4470167,-910.605,2378.85,-0.02631,0.00023
2.4486833,-939.845,2383.03,-0.02733,0.00023
2.4503333,-962.819,2391.38,-0.02811,0.00023
2.452,-981.615,2391.38,-0.02881,0.00023
2.4536667,-996.235,2391.38,-0.02939,0.00023
2.4553167,-1008.77,2395.56,-0.02986,0.00023
2.4569833,-1012.94,2395.56,-0.03017,0.00023
2.45865,-1019.21,2393.47,-0.03048,0.00023
2.4603,-1019.21,2393.47,-0.03068,0.00023
2.4619667,-1012.94,2391.38,-0.03064,0.00023
2.4636333,-1002.5,2389.29,-0.03068,0.00027
2.4652833,-992.058,2389.29,-0.03068,0.00023
2.46695,-977.438,2387.21,-0.0306,0.00027
2.4686167,-952.376,2383.03,-0.03045,0.00035
2.4702667,-931.49,2378.85,-0.03029,0.00027
2.4719333,-902.251,2376.76,-0.02994,0.00019
2.4736,-870.923,2368.41,-0.02967,0.00023
2.47525,-839.594,2360.05,-0.0292,0.00027
2.4769167,-802.001,2353.79,-0.02873,0.00023
2.4785833,-762.318,2347.52,-0.02811,0.00027
2.48025,-718.459,2334.99,-0.02748,0.00027
2.4819,-672.511,2328.73,-0.02674,0.00023
2.4835667,-622.386,2320.37,-0.02588,0.00027
2.4852333,-572.261,2316.19,-0.02495,0.00035
2.4868833,-520.047,2305.75,-0.0239,0.00027
2.48855,-465.745,2301.57,-0.02277,0.00027
2.4902167,-409.355,2297.4,-0.02136,0.00027
2.4918667,-348.787,2286.96,-0.01988,0.00027
2.4935333,-290.308,2280.69,-0.01836,0.00027
2.4952,-227.651,2282.78,-0.01668,0.00027
2.49685,-167.083,2274.42,-0.01481,0.00027
2.4985167,-104.427,2266.07,-0.0129,0.00027
2.5001833,-43.8594,2261.89,-0.01088,0.00027
2.5018333,20.8854,2255.63,-0.00865,0.00043
2.5035,81.4532,2243.1,-0.00647,0.00031
2.5051667,144.109,2238.92,-0.00402,0.00031
2.5068167,206.766,2241.01,-0.0016,0.00031
2.5084833,267.334,2238.92,0.00082,0.00035
2.51015,327.901,2238.92,0.0032,0.00031
2.5118,388.469,2245.18,0.00565,0.00035
2.5134667,444.86,2247.27,0.00795,0.00031
2.5151333,501.25,2249.36,0.0101,0.00031
2.5167833,555.553,2255.63,0.01224,0.00031
2.51845,609.855,2263.98,0.01423,0.00043
2.5201167,655.803,2266.07,0.0161,0.00031
2.5217667,701.751,2272.34,0.01789,0.00031
2.5234333,747.699,2280.69,0.01969,0.00031
2.5251,785.292,2284.87,0.02132,0.00027
2.52675,822.886,2289.04,0.02288,0.00023
2.5284167,860.48,2297.4,0.02421,0.00027
2.5300833,891.808,2303.66,0.0253,0.00023
2.5317333,916.871,2303.66,0.02627,0.00023
2.5334,939.845,2307.84,0.02717,0.00027
2.5350667,962.819,2314.11,0.02787,0.00023
2.5367167,975.35,2314.11,0.02846,0.00019
2.5383833,987.881,2316.19,0.02896,0.00019
2.54005,996.235,2320.37,0.02935,0.00023
2.5417,998.324,2320.37,0.02963,0.00019
2.5433667,996.235,2318.28,0.02978,0.00019
2.5450333,994.147,2318.28,0.02986,0.00019
2.5466833,987.881,2320.37,0.02986,0.00019
2.54835,973.261,2318.28,0.02986,0.00019
2.5500167,956.553,2320.37,0.02982,0.00019
2.5516833,939.845,2318.28,0.0297,0.00019
2.5533333,914.782,2316.19,0.02951,0.00023
2.555,889.72,2316.19,0.02931,0.00019
2.5566667,860.48,2316.19,0.029,0.00019
2.5583167,827.063,2314.11,0.02861,0.00019
2.5599833,791.558,2309.93,0.02815,0.00023
2.56165,751.876,2307.84,0.02756,0.00019
2.5633,710.105,2303.66,0.02694,0.00023
2.5649667,662.068,2299.49,0.0262,0.00023
2.5666333,614.032,2297.4,0.02538,0.00027
2.5682833,563.907,2297.4,0.02444,0.00023
2.56995,509.605,2291.13,0.02339,0.00031
2.5716167,457.391,2284.87,0.0223,0.00027
2.5732667,401,2284.87,0.02093,0.00031
2.5749333,342.521,2282.78,0.01957,0.00031
2.5766,281.953,2274.42,0.01805,0.00031
2.57825,223.474,2272.34,0.01649,0.00031
2.5799167,160.818,2270.25,0.01474,0.00027
2.5815833,100.25,2268.16,0.01294,0.00031
2.5832333,37.5938,2263.98,0.01099,0.00031
2.5849,-18.7969,2261.89,0.00877,0.00031
2.5865667,-83.5417,2259.8,0.00632,0.00039
2.5882167,-146.198,2259.8,0.00398,0.00031
2.5898833,-210.943,2266.07,0.0016,0.00027
2.59155,-271.511,2270.25,-0.00074,0.00031
2.5932,-334.167,2272.34,-0.00316,0.00027
2.5948667,-388.469,2284.87,-0.0055,0.00031
2.5965333,-449.037,2291.13,-0.00791,0.00035
2.5981833,-505.428,2299.49,-0.0101,0.00035
2.59985,-561.818,2305.75,-0.01228,0.00031
2.6015167,-611.943,2312.02,-0.01435,0.00035
2.6031667,-659.98,2322.46,-0.01637,0.00039
2.6048333,-705.928,2326.64,-0.01828,0.00027
2.6065,-751.876,2334.99,-0.02015,0.00031
2.60815,-793.647,2347.52,-0.02199,0.00027
2.6098167,-831.24,2349.61,-0.02347,0.00031
2.6114833,-866.746,2353.79,-0.02491,0.00031
2.6131333,-902.251,2362.14,-0.02616,0.00027
2.6148,-929.402,2366.32,-0.02717,0.00031
2.6164667,-956.553,2370.5,-0.02807,0.00027
2.6181333,-975.35,2370.5,-0.02873,0.00027
2.6197833,-992.058,2374.67,-0.02939,0.00031
2.62145,-1006.68,2374.67,-0.02994,0.00023
2.6231167,-1012.94,2376.76,-0.03025,0.00027
2.6247667,-1019.21,2378.85,-0.0306,0.00027
2.6264333,-1017.12,2376.76,-0.03076,0.00027
2.6281,-1017.12,2372.59,-0.03087,0.00027
2.62975,-1006.68,2372.59,-0.03087,0.00023
2.6314167,-996.235,2372.59,-0.03087,0.00023
2.6330833,-981.615,2370.5,-0.03084,0.00027
2.6347333,-960.73,2366.32,-0.03068,0.00023
2.6364,-939.845,2362.14,-0.03048,0.00027
2.6380667,-912.693,2357.97,-0.03025,0.00027
2.6397167,-881.365,2353.79,-0.02994,0.00027
2.6413833,-852.126,2347.52,-0.02955,0.00019
2.64305,-812.443,2339.17,-0.02904,0.00027
2.6447,-776.938,2330.81,-0.0285,0.00027
2.6463667,-730.99,2322.46,-0.02787,0.00023
2.6480333,-687.131,2314.11,-0.02717,0.00023
2.6496833,-639.094,2303.66,-0.02639,0.00031
2.65135,-591.058,2297.4,-0.02546,0.00027
2.6530167,-536.756,2291.13,-0.0244,0.00027
2.6546667,-482.454,2284.87,-0.02323,0.00031
2.6563333,-428.151,2276.51,-0.02203,0.00027
2.658,-369.672,2272.34,-0.02058,0.00027
2.65965,-309.104,2268.16,-0.01902,0.00027
2.6613167,-248.537,2263.98,-0.01739,0.00031
2.6629833,-190.057,2257.72,-0.01559,0.00027
2.6646333,-125.313,2253.54,-0.01368,0.00027
2.6663,-64.7448,2247.27,-0.01166,0.00031
2.6679667,0,2236.83,-0.00951,0.00031
2.6696167,62.6563,2230.56,-0.00733,0.00031
2.6712833,123.224,2224.3,-0.00487,0.00039
2.67295,183.792,2220.12,-0.00242,0.00035
2.6746,248.537,2222.21,4e-05,0.00035
2.6762667,307.016,2224.3,0.00246,0.00031
2.6779333,367.584,2224.3,0.00487,0.00035
2.6795833,428.151,2224.3,0.00725,0.00031
2.68125,484.542,2232.65,0.00951,0.00035
2.6829167,536.756,2234.74,0.01166,0.00035
2.6845833,593.146,2238.92,0.01372,0.00035
2.6862333,641.183,2245.18,0.01563,0.00031
2.6879,687.131,2253.54,0.01746,0.00043
2.6895667,733.079,2259.8,0.01922,0.00031
2.6912167,772.761,2263.98,0.02093,0.00027
2.6928833,812.443,2272.34,0.02257,0.00031
2.69455,847.949,2278.6,0.02394,0.00027
2.6962,881.365,2278.6,0.0251,0.00027
2.6978667,910.605,2289.04,0.02612,0.00027
2.6995333,933.579,2293.22,0.02709,0.00023
2.7011833,954.464,2291.13,0.02783,0.00023
2.70285,971.173,2295.31,0.02846,0.00023
2.7045167,983.704,2301.57,0.029,0.00031
2.7061667,992.058,2299.49,0.02939,0.00023
2.7078333,998.324,2301.57,0.0297,0.00019
2.7095,998.324,2303.66,0.0299,0.00023
2.71115,996.235,2303.66,0.02998,0.00023
2.7128167,987.881,2299.49,0.03006,0.00019
2.7144833,977.438,2301.57,0.03006,0.00023
2.7161333,964.907,2303.66,0.02998,0.00023
2.7178,944.022,2299.49,0.0299,0.00019
2.7194667,921.048,2297.4,0.02974,0.00023
2.7211167,898.074,2299.49,0.02955,0.00023
2.7227833,870.923,2295.31,0.02924,0.00019
2.72445,837.506,2293.22,0.02892,0.00023
2.7261,804.089,2293.22,0.02846,0.00027
2.7277667,764.407,2286.96,0.02791,0.00023
2.7294333,724.725,2284.87,0.02733,0.00023
2.7310833,678.777,2282.78,0.02662,0.00027
2.73275,630.74,2282.78,0.02585,0.00027
2.7344167,582.704,2276.51,0.02495,0.00023
2.7360667,532.579,2272.34,0.02394,0.00027
2.7377333,476.188,2270.25,0.02284,0.00027
2.7394,419.797,2266.07,0.0216,0.00027
2.74105,363.407,2263.98,0.02019,0.00027
2.7427167,302.839,2259.8,0.01867,0.00031
2.7443833,242.271,2257.72,0.01707,0.00035
2.7460333,179.615,2253.54,0.0154,0.00031
2.7477,121.136,2251.45,0.0136,0.00031
2.7493667,60.5678,2247.27,0.01169,0.00035
2.7510333,0,2243.1,0.00959,0.00035
2.7526833,-62.6563,2243.1,0.00717,0.00035
2.75435,-125.313,2245.18,0.00479,0.00031
2.7560167,-190.057,2245.18,0.00242,0.00039
2.7576667,-250.625,2249.36,4e-05,0.00035
2.7593333,-313.282,2255.63,-0.00234,0.00031
2.761,-367.584,2259.8,-0.00476,0.00031
2.76265,-428.151,2270.25,-0.00717,0.00035
2.7643167,-488.719,2280.69,-0.00947,0.00035
2.7659833,-543.021,2284.87,-0.01169,0.00035
2.7676333,-595.235,2291.13,-0.01376,0.00035
2.7693,-647.448,2297.4,-0.01583,0.00031
2.7709667,-691.308,2309.93,-0.01781,0.00031
2.7726167,-737.256,2316.19,-0.01969,0.00039
2.7742833,-781.115,2322.46,-0.02148,0.00031
2.77595,-820.798,2330.81,-0.02316,0.00031
2.7776,-856.303,2332.9,-0.02464,0.00031
2.7792667,-889.72,2341.26,-0.02592,0.00031
2.7809333,-918.959,2349.61,-0.02705,0.00027
2.7825833,-946.11,2351.7,-0.02791,0.00031
2.78425,-969.084,2353.79,-0.02869,0.00031
2.7859167,-987.881,2357.97,-0.02939,0.00031
2.7875667,-1000.41,2360.05,-0.03002,0.00027
2.7892333,-1010.86,2360.05,-0.03041,0.00039
2.7909,-1015.03,2357.97,-0.03064,0.00031
2.79255,-1017.12,2360.05,-0.03087,0.00027
2.7942167,-1017.12,2357.97,-0.03103,0.00023
2.7958833,-1012.94,2353.79,-0.03107,0.00031
2.7975333,-1000.41,2353.79,-0.03107,0.00031
2.7992,-987.881,2355.88,-0.03099,0.00023
2.8008667,-969.084,2349.61,-0.03091,0.00027
2.8025167,-948.199,2345.43,-0.03076,0.00031
2.8041833,-921.048,2341.26,-0.03056,0.00031
2.80585,-893.897,2339.17,-0.03021,0.00039
2.8075,-864.657,2328.73,-0.02986,0.00027
2.8091667,-827.063,2324.55,-0.02939,0.00031
2.8108333,-789.469,2316.19,-0.02889,0.00027
2.8124833,-747.699,2305.75,-0.02826,0.00031
2.81415,-703.839,2299.49,-0.02756,0.00031
2.8158167,-653.714,2293.22,-0.02678,0.00027
2.8174833,-605.678,2284.87,-0.02588,0.00027
2.8191333,-555.553,2274.42,-0.02491,0.00031
2.8208,-501.25,2270.25,-0.02378,0.00023
2.8224667,-444.86,2263.98,-0.02249,0.00031
2.8241167,-388.469,2255.63,-0.02121,0.00031
2.8257833,-327.901,2251.45,-0.01969,0.00031
2.82745,-267.334,2247.27,-0.01801,0.00027
2.8291,-208.854,2241.01,-0.01626,0.00031
2.8307667,-146.198,2234.74,-0.01442,0.00031
2.8324333,-85.6303,2228.48,-0.01247,0.00031
2.8340833,-20.8854,2224.3,-0.01025,0.00031
2.83575,39.6823,2215.94,-0.00811,0.00035
2.8374167,102.339,2207.59,-0.00581,0.00035
2.8390667,164.995,2205.5,-0.00327,0.00035
2.8407333,227.651,2207.59,-0.00078,0.00035
2.8424,286.13,2203.41,0.00164,0.00035
2.84405,346.698,2205.5,0.00409,0.00035
2.8457167,405.177,2209.68,0.00651,0.00043
2.8473833,465.745,2209.68,0.00885,0.00035
2.8490333,517.959,2213.86,0.01099,0.00035
2.8507,574.349,2224.3,0.01314,0.00035
2.8523667,624.474,2226.39,0.01509,0.00035
2.8540167,672.511,2228.48,0.01696,0.00031
2.8556833,718.459,2241.01,0.01875,0.00031
2.85735,760.23,2247.27,0.0205,0.00043
2.859,797.824,2247.27,0.02214,0.00031
2.8606667,835.417,2255.63,0.02366,0.00031
2.8623333,868.834,2263.98,0.02491,0.00027
2.8639833,902.251,2268.16,0.02604,0.00023
2.86565,925.225,2270.25,0.02694,0.00027
2.8673167,948.199,2276.51,0.02776,0.00027
2.8689667,966.996,2278.6,0.02842,0.00023
2.8706333,979.527,2278.6,0.029,0.00023
2.8723,989.97,2282.78,0.02943,0.00023
2.87395,996.235,2286.96,0.02982,0.00035
2.8756167,998.324,2284.87,0.02998,0.00027
2.8772833,998.324,2284.87,0.03017,0.00023
2.8789333,989.97,2284.87,0.03021,0.00023
2.8806,983.704,2284.87,0.03021,0.00023
2.8822667,966.996,2282.78,0.03017,0.00023
2.8839167,952.376,2284.87,0.03013,0.00023
2.8855833,929.402,2284.87,0.02998,0.00027
2.88725,906.428,2280.69,0.02974,0.00027
2.8889167,879.277,2278.6,0.02951,0.00023
2.8905667,847.949,2278.6,0.02916,0.00035
2.8922333,812.443,2276.51,0.02873,0.00023
2.8939,776.938,2270.25,0.02826,0.00019
2.89555,737.256,2268.16,0.02772,0.00027
2.8972167,693.396,2270.25,0.02701,0.00027
2.8988833,645.36,2266.07,0.0262,0.00027
2.9005333,593.146,2257.72,0.02534,0.00027
2.9022,545.11,2257.72,0.02444,0.00027
2.9038667,494.985,2253.54,0.02331,0.00031
2.9055167,438.594,2249.36,0.02218,0.00035
2.9071833,380.115,2247.27,0.02082,0.00039
2.90885,323.724,2245.18,0.01934,0.00031
2.9105,261.068,2238.92,0.01778,0.00031
2.9121667,204.677,2236.83,0.01606,0.00035
2.9138333,139.932,2234.74,0.01431,0.00035
2.9154833,81.4532,2232.65,0.01247,0.00035
2.91715,18.7969,2226.39,0.01037,0.00035
2.9188167,-41.7709,2224.3,0.00807,0.00035
2.9204667,-104.427,2228.48,0.00561,0.00031
2.9221333,-169.172,2228.48,0.00324,0.00035
2.9238,-231.828,2232.65,0.00086,0.00039
2.92545,-292.396,2236.83,-0.0016,0.00035
2.9271167,-350.875,2243.1,-0.00398,0.00035
2.9287833,-407.266,2251.45,-0.00643,0.00035
2.9304333,-465.745,2261.89,-0.00873,0.00031
2.9321,-524.224,2266.07,-0.01107,0.00031
2.9337667,-578.527,2272.34,-0.01322,0.00031
2.9354167,-628.652,2282.78,-0.01524,0.00035
2.9370833,-676.688,2289.04,-0.01723,0.00035
2.93875,-722.636,2293.22,-0.01922,0.00039
2.9404,-766.495,2303.66,-0.02105,0.00035
2.9420667,-808.266,2312.02,-0.02277,0.00035
2.9437333,-845.86,2316.19,-0.02429,0.00035
2.9453833,-881.365,2322.46,-0.02565,0.00031
2.94705,-912.693,2332.9,-0.02686,0.00035
2.9487167,-937.756,2334.99,-0.02779,0.00027
2.9503667,-962.819,2334.99,-0.02861,0.00031
2.9520333,-981.615,2339.17,-0.02931,0.00031
2.9537,-996.235,2341.26,-0.02994,0.00031
2.9553667,-1006.68,2341.26,-0.03041,0.00031
2.9570167,-1012.94,2343.35,-0.03076,0.00031
2.9586833,-1019.21,2345.43,-0.03099,0.00035
2.96035,-1017.12,2341.26,-0.03115,0.00031
2.962,-1008.77,2341.26,-0.03119,0.00031
2.9636667,-1004.59,2337.08,-0.03122,0.00031
2.9653333,-992.058,2337.08,-0.03119,0.00031
2.9669833,-973.261,2334.99,-0.03107,0.00031
2.96865,-956.553,2332.9,-0.03099,0.00031
2.9703167,-927.313,2324.55,-0.0308,0.00031
2.9719667,-902.251,2322.46,-0.03052,0.00031
2.9736333,-873.011,2318.28,-0.03017,0.00031
2.9753,-839.594,2312.02,-0.0297,0.00039
2.97695,-802.001,2301.57,-0.02924,0.00035
2.9786167,-762.318,2295.31,-0.02865,0.00035
2.9802833,-718.459,2286.96,-0.02799,0.00031
2.9819333,-672.511,2278.6,-0.02717,0.00031
2.9836,-624.474,2270.25,-0.02635,0.00031
2.9852667,-572.261,2263.98,-0.02534,0.00031
2.9869167,-517.959,2255.63,-0.02433,0.00031
2.9885833,-465.745,2249.36,-0.02316,0.00031
2.99025,-409.355,2243.1,-0.02179,0.00031
2.9919,-350.875,2236.83,-0.02027,0.00039
2.9935667,-290.308,2230.56,-0.01875,0.00031
2.9952333,-227.651,2232.65,-0.017,0.00031
2.9968833,-167.083,2220.12,-0.01516,0.00031
2.99855,-106.516,2213.86,-0.01322,0.00031
3.0002167,-41.7709,2209.68,-0.01111,0.00031
3.0018667,18.7969,2203.41,-0.00889,0.00035
3.0035333,81.4532,2192.97,-0.00667,0.00035
3.0052,144.109,2186.7,-0.00409,0.00035
3.00685,206.766,2190.88,-0.0016,0.00039
3.0085167,267.334,2184.62,0.00086,0.00043
3.0101833,327.901,2184.62,0.00331,0.00039
3.0118333,388.469,2190.88,0.00581,0.00035
3.0135,444.86,2192.97,0.00819,0.00035
3.0151667,501.25,2195.06,0.01041,0.00039
3.0168167,555.553,2201.32,0.01259,0.00039
3.0184833,607.766,2207.59,0.01458,0.00039
3.02015,657.891,2209.68,0.01657,0.00035
3.0218167,703.839,2218.03,0.01836,0.00035
3.0234667,745.61,2228.48,0.02011,0.00031
3.0251333,785.292,2232.65,0.02179,0.00031
3.0268,824.975,2236.83,0.02339,0.00027
3.02845,860.48,2247.27,0.02471,0.00031
3.0301167,891.808,2251.45,0.02588,0.00027
3.0317833,916.871,2251.45,0.02682,0.00027
3.0334333,939.845,2253.54,0.02768,0.00027
3.0351,958.641,2259.8,0.02842,0.00027
3.0367667,977.438,2263.98,0.029,0.00027
3.0384167,987.881,2263.98,0.02947,0.00023
3.0400833,996.235,2266.07,0.0299,0.00027
3.04175,998.324,2268.16,0.03013,0.00023
3.0434,998.324,2266.07,0.03029,0.00027
3.0450667,994.147,2266.07,0.03041,0.00027
3.0467333,983.704,2270.25,0.03041,0.00023
3.0483833,971.173,2270.25,0.03037,0.00023
3.05005,958.641,2268.16,0.03033,0.00023
3.0517167,937.756,2266.07,0.03021,0.00027
3.0533667,914.782,2266.07,0.02998,0.00027
3.0550333,887.631,2266.07,0.02978,0.00027
3.0567,860.48,2263.98,0.02951,0.00023
3.05835,827.063,2263.98,0.02912,0.00023
3.0600167,791.558,2259.8,0.02857,0.00035
3.0616833,751.876,2253.54,0.02807,0.00027
3.0633333,712.193,2253.54,0.0274,0.00027
3.065,662.068,2247.27,0.02666,0.00031
3.0666667,611.943,2243.1,0.02581,0.00027
3.0683167,563.907,2241.01,0.02491,0.00031
3.0699833,511.693,2241.01,0.02386,0.00027
3.07165,457.391,2234.74,0.02269,0.00035
3.0733,401,2230.56,0.0214,0.00035
3.0749667,340.433,2228.48,0.01996,0.00035
3.0766333,279.865,2226.39,0.01836,0.00046
3.0782833,221.386,2220.12,0.01676,0.00031
3.07995,160.818,2218.03,0.01501,0.00035
3.0816167,98.1615,2215.94,0.01318,0.00039
3.0832667,37.5938,2211.77,0.01119,0.00035
3.0849333,-20.8854,2209.68,0.00897,0.00039
3.0866,-85.6303,2207.59,0.00651,0.00035
3.0882667,-148.287,2209.68,0.00405,0.00039
3.0899167,-210.943,2213.86,0.00164,0.00035
3.0915833,-271.511,2215.94,-0.00078,0.00039
3.09325,-332.078,2222.21,-0.00324,0.00046
3.0949,-388.469,2234.74,-0.00569,0.00035
3.0965667,-449.037,2241.01,-0.00807,0.00035
3.0982333,-505.428,2247.27,-0.01037,0.00035
3.0998833,-559.73,2257.72,-0.01259,0.00035
3.10155,-611.943,2261.89,-0.0147,0.00035
3.1032167,-659.98,2266.07,-0.01676,0.00031
3.1048667,-708.016,2276.51,-0.01867,0.00035
3.1065333,-751.876,2284.87,-0.02058,0.00035
3.1082,-795.735,2291.13,-0.02234,0.00031
3.10985,-833.329,2297.4,-0.02394,0.00039
3.1115167,-868.834,2309.93,-0.02542,0.00035
3.1131833,-902.251,2314.11,-0.02663,0.00035
3.1148333,-931.49,2314.11,-0.02764,0.00031
3.1165,-954.464,2320.37,-0.02854,0.00035
3.1181667,-975.35,2322.46,-0.02928,0.00031
3.1198167,-992.058,2324.55,-0.0299,0.00031
3.1214833,-1006.68,2324.55,-0.03041,0.00035
3.12315,-1012.94,2328.73,-0.0308,0.00035
3.1248,-1017.12,2328.73,-0.03107,0.00031
3.1264667,-1017.12,2324.55,-0.03126,0.00031
3.1281333,-1012.94,2322.46,-0.03134,0.00031
3.1297833,-1006.68,2322.46,-0.03138,0.00031
3.13145,-998.324,2320.37,-0.03138,0.00027
3.1331167,-981.615,2318.28,-0.0313,0.00031
3.1347667,-962.819,2314.11,-0.03119,0.00031
3.1364333,-937.756,2312.02,-0.03099,0.00031
3.1381,-914.782,2307.84,-0.0308,0.00031
3.13975,-881.365,2301.57,-0.03041,0.00035
3.1414167,-852.126,2295.31,-0.02998,0.00031
3.1430833,-812.443,2284.87,-0.02955,0.00035
3.1447333,-774.85,2280.69,-0.02896,0.00035
3.1464,-733.079,2272.34,-0.02834,0.00027
3.1480667,-689.219,2263.98,-0.02764,0.00027
3.1497167,-639.094,2253.54,-0.02678,0.00031
3.1513833,-586.881,2249.36,-0.02585,0.00031
3.15305,-536.756,2243.1,-0.02479,0.00035
3.1547,-482.454,2232.65,-0.02366,0.00031
3.1563667,-426.063,2230.56,-0.02234,0.00035
3.1580333,-367.584,2226.39,-0.02089,0.00035
3.1597,-309.104,2218.03,-0.01941,0.00035
3.16135,-248.537,2213.86,-0.0177,0.00043
3.1630167,-187.969,2209.68,-0.01587,0.00035
3.1646833,-123.224,2201.32,-0.01396,0.00035
3.1663333,-64.7448,2190.88,-0.01193,0.00035
3.168,0,2188.79,-0.00975,0.00039
3.1696667,62.6563,2182.53,-0.00745,0.00039
3.1713167,121.136,2172.09,-0.00499,0.00039
3.1729833,183.792,2167.91,-0.00249,0.00039
3.17465,246.448,2170,4e-05,0.00039
3.1763,307.016,2170,0.00249,0.00039
3.1779667,365.495,2170,0.00499,0.0005
3.1796333,426.063,2174.17,0.00745,0.00039
3.1812833,484.542,2182.53,0.00971,0.00039
3.18295,538.844,2182.53,0.01197,0.00043
3.1846167,593.146,2188.79,0.01403,0.00039
3.1862667,643.271,2195.06,0.01594,0.00039
3.1879333,689.219,2199.24,0.01781,0.00035
3.1896,730.99,2205.5,0.01961,0.00035
3.19125,774.85,2213.86,0.02136,0.00035
3.1929167,814.532,2220.12,0.023,0.00035
3.1945833,847.949,2226.39,0.0244,0.00039
3.1962333,881.365,2232.65,0.02557,0.00031
3.1979,908.516,2234.74,0.0267,0.00031
3.1995667,933.579,2241.01,0.02756,0.00031
3.2012167,956.553,2245.18,0.02834,0.00031
3.2028833,971.173,2247.27,0.02892,0.00027
3.20455,983.704,2245.18,0.02947,0.00027
3.2062,989.97,2251.45,0.0299,0.00027
3.2078667,998.324,2251.45,0.03021,0.00027
3.2095333,998.324,2249.36,0.03041,0.00023
3.2111833,994.147,2251.45,0.03048,0.00027
3.21285,987.881,2251.45,0.03052,0.00023
3.2145167,977.438,2249.36,0.03052,0.00023
3.2161667,962.819,2251.45,0.03048,0.00023
3.2178333,946.11,2251.45,0.03045,0.00023
3.2195,921.048,2247.27,0.03025,0.00023
3.22115,895.985,2247.27,0.03002,0.00023
3.2228167,868.834,2247.27,0.02974,0.00027
3.2244833,835.417,2243.1,0.02939,0.00027
3.22615,802.001,2241.01,0.02892,0.00027
3.2278,764.407,2238.92,0.02842,0.00027
3.2294667,724.725,2234.74,0.02783,0.00027
3.2311333,676.688,2234.74,0.02701,0.00027
3.2327833,630.74,2230.56,0.02624,0.00031
3.23445,580.615,2226.39,0.02538,0.00031
3.2361167,528.401,2222.21,0.0244,0.00027
3.2377667,476.188,2220.12,0.02323,0.00031
3.2394333,419.797,2215.94,0.02199,0.00039
3.2411,363.407,2213.86,0.02054,0.00035
3.24275,302.839,2207.59,0.01902,0.00039
3.2444167,242.271,2205.5,0.01743,0.00035
3.2460833,179.615,2203.41,0.01567,0.00046
3.2477333,119.047,2197.15,0.01388,0.00039
3.2494,60.5678,2197.15,0.01193,0.00039
3.2510667,0,2190.88,0.00978,0.00039
3.2527167,-62.6563,2190.88,0.00729,0.00035
3.2543833,-125.313,2192.97,0.00487,0.00039
3.25605,-190.057,2195.06,0.00242,0.00039
3.2577,-250.625,2195.06,-4e-05,0.00043
3.2593667,-313.282,2203.41,-0.00249,0.00039
3.2610333,-369.672,2215.94,-0.00487,0.00039
3.2626833,-432.328,2222.21,-0.00737,0.0005
3.26435,-486.631,2228.48,-0.00971,0.00035
3.2660167,-543.021,2236.83,-0.01197,0.00039
3.2676667,-595.235,2241.01,-0.01407,0.00039
3.2693333,-645.36,2245.18,-0.01618,0.00039
3.271,-691.308,2257.72,-0.01817,0.00035
3.27265,-739.344,2266.07,-0.02011,0.00039
3.2743167,-781.115,2272.34,-0.02191,0.00035
3.2759833,-820.798,2278.6,-0.02362,0.00039
3.2776333,-856.303,2289.04,-0.02507,0.00039
3.2793,-893.897,2295.31,-0.02643,0.00043
3.2809667,-921.048,2297.4,-0.02752,0.00035
3.2826167,-948.199,2303.66,-0.02842,0.00035
3.2842833,-969.084,2307.84,-0.0292,0.00035
3.28595,-987.881,2307.84,-0.0299,0.00035
3.2876,-1000.41,2309.93,-0.03041,0.00039
3.2892667,-1012.94,2312.02,-0.03084,0.00035
3.2909333,-1017.12,2309.93,-0.03119,0.00031
3.2925833,-1019.21,2309.93,-0.03138,0.00035
3.29425,-1012.94,2309.93,-0.0315,0.00035
3.2959167,-1012.94,2309.93,-0.03154,0.00043
3.2975833,-1000.41,2305.75,-0.03158,0.00035
3.2992333,-985.792,2303.66,-0.0315,0.00031
3.3009,-969.084,2301.57,-0.03138,0.00031
3.3025667,-946.11,2297.4,-0.03119,0.00035
3.3042167,-921.048,2291.13,-0.03099,0.00035
3.3058833,-893.897,2289.04,-0.03072,0.00035
3.30755,-860.48,2284.87,-0.03033,0.00031
3.3092,-827.063,2274.42,-0.02986,0.00031
3.3108667,-789.469,2266.07,-0.02935,0.00031
3.3125333,-745.61,2259.8,-0.02873,0.00035
3.3141833,-703.839,2249.36,-0.02803,0.00035
3.31585,-655.803,2241.01,-0.02721,0.00031
3.3175167,-605.678,2236.83,-0.02631,0.00031
3.3191667,-551.375,2228.48,-0.02526,0.00035
3.3208333,-499.162,2220.12,-0.02425,0.00035
3.3225,-442.771,2215.94,-0.02288,0.00031
3.32415,-386.381,2209.68,-0.02148,0.00031
3.3258167,-327.901,2203.41,-0.02,0.00035
3.3274833,-267.334,2199.24,-0.01836,0.00035
3.3291333,-204.677,2195.06,-0.01661,0.00035
3.3308,-146.198,2188.79,-0.01474,0.00035
3.3324667,-81.4532,2180.44,-0.01263,0.00035
3.3341167,-22.974,2174.17,-0.01056,0.00039
3.3357833,41.7709,2167.91,-0.00826,0.00039
3.33745,102.339,2159.55,-0.00589,0.00039
3.3391,162.906,2153.29,-0.00331,0.00043
3.3407667,227.651,2153.29,-0.00082,0.00043
3.3424333,286.13,2151.2,0.00168,0.00043
3.3440833,346.698,2151.2,0.00421,0.00043
3.34575,405.177,2155.38,0.00667,0.00043
3.3474167,463.657,2163.73,0.00904,0.00054
3.3490667,520.047,2163.73,0.0113,0.00039
3.3507333,574.349,2167.91,0.01341,0.00039
3.3524,624.474,2176.26,0.01544,0.00039
3.35405,674.6,2182.53,0.01735,0.00043
3.3557167,716.37,2184.62,0.01918,0.00039
3.3573833,760.23,2195.06,0.02093,0.00039
3.3590333,799.912,2201.32,0.02261,0.00035
3.3607,837.506,2209.68,0.02413,0.00035
3.3623667,870.923,2209.68,0.02542,0.00035
3.3640333,902.251,2220.12,0.02647,0.00039
3.3656833,927.313,2222.21,0.02744,0.00031
3.36735,948.199,2226.39,0.02826,0.00027
3.3690167,966.996,2228.48,0.02892,0.00031
3.3706667,981.615,2232.65,0.02955,0.00031
3.3723333,989.97,2234.74,0.02998,0.00027
3.374,998.324,2234.74,0.03029,0.00027
3.37565,998.324,2232.65,0.03052,0.00027
3.3773167,998.324,2238.92,0.03068,0.00031
3.3789833,992.058,2238.92,0.03072,0.00031
3.3806333,979.527,2234.74,0.03068,0.00035
3.3823,971.173,2236.83,0.03064,0.00031
3.3839667,954.464,2236.83,0.0306,0.00031
3.3856167,931.49,2234.74,0.03048,0.00027
3.3872833,906.428,2232.65,0.03025,0.00031
3.38895,877.188,2232.65,0.02998,0.00031
3.3906,845.86,2228.48,0.0297,0.00031
3.3922667,812.443,2228.48,0.02928,0.00027
3.3939333,776.938,2224.3,0.02873,0.00031
3.3955833,739.344,2222.21,0.02815,0.00035
3.39725,693.396,2218.03,0.02748,0.00035
3.3989167,645.36,2215.94,0.02666,0.00035
3.4005667,593.146,2211.77,0.02581,0.00035
3.4022333,545.11,2207.59,0.02483,0.00035
3.4039,490.808,2203.41,0.02374,0.00039
3.40555,438.594,2203.41,0.02253,0.00039
3.4072167,382.203,2199.24,0.02121,0.00039
3.4088833,321.636,2197.15,0.01973,0.00043
3.4105333,261.068,2192.97,0.01809,0.00039
3.4122,198.412,2184.62,0.01637,0.00039
3.4138667,137.844,2184.62,0.01458,0.00043
3.4155167,79.3647,2182.53,0.01271,0.00043
3.4171833,18.7969,2176.26,0.01056,0.00043
3.41885,-41.7709,2178.35,0.00823,0.00043
3.4205,-106.516,2176.26,0.00573,0.00039
3.4221667,-169.172,2180.44,0.00324,0.00043
3.4238333,-229.74,2182.53,0.00082,0.00043
3.4254833,-290.308,2186.7,-0.00164,0.00043
3.42715,-350.875,2195.06,-0.00409,0.00039
3.4288167,-409.355,2203.41,-0.00659,0.00039
3.4304833,-467.834,2209.68,-0.009,0.00043
3.4321333,-524.224,2220.12,-0.0113,0.00043
3.4338,-580.615,2226.39,-0.01353,0.00039
3.4354667,-628.652,2230.56,-0.01559,0.00039
3.4371167,-678.777,2238.92,-0.01766,0.00039
3.4387833,-722.636,2249.36,-0.01961,0.00039
3.44045,-766.495,2255.63,-0.02144,0.00039
3.4421,-810.355,2263.98,-0.02323,0.00039
3.4437667,-845.86,2270.25,-0.02475,0.00035
3.4454333,-881.365,2272.34,-0.02612,0.00035
3.4470833,-910.605,2280.69,-0.02729,0.00039
3.44875,-939.845,2289.04,-0.0283,0.00046
3.4504167,-962.819,2289.04,-0.02912,0.00035
3.4520667,-981.615,2291.13,-0.02986,0.00039
3.4537333,-994.147,2297.4,-0.03037,0.00035
3.4554,-1006.68,2295.31,-0.03084,0.00039
3.45705,-1012.94,2293.22,-0.03122,0.00035
3.4587167,-1019.21,2295.31,-0.0315,0.00035
3.4603833,-1019.21,2295.31,-0.03158,0.00035
3.4620333,-1012.94,2293.22,-0.03169,0.00035
3.4637,-1004.59,2291.13,-0.03169,0.00035
3.4653667,-989.97,2291.13,-0.03169,0.00043
3.4670167,-975.35,2286.96,-0.03158,0.00035
3.4686833,-954.464,2284.87,-0.03142,0.00035
3.47035,-927.313,2280.69,-0.03126,0.00035
3.472,-902.251,2276.51,-0.03095,0.00031
3.4736667,-870.923,2268.16,-0.0306,0.00035
3.4753333,-839.594,2261.89,-0.03017,0.00031
3.4769833,-799.912,2257.72,-0.02967,0.00035
3.47865,-760.23,2247.27,-0.02908,0.00035
3.4803167,-718.459,2238.92,-0.02842,0.00035
3.4819667,-672.511,2234.74,-0.02764,0.00043
3.4836333,-622.386,2224.3,-0.02678,0.00035
3.4853,-570.172,2213.86,-0.02581,0.00039
3.48695,-520.047,2207.59,-0.02475,0.00035
3.4886167,-461.568,2207.59,-0.02351,0.00035
3.4902833,-407.266,2197.15,-0.02218,0.00039
3.4919333,-348.787,2188.79,-0.02062,0.00039
3.4936,-290.308,2188.79,-0.0191,0.00039
3.4952667,-229.74,2182.53,-0.01727,0.00039
3.4969333,-167.083,2172.09,-0.01548,0.00035
3.4985833,-104.427,2170,-0.01349,0.00043
3.50025,-41.7709,2163.73,-0.01134,0.00035
3.5019167,22.974,2157.47,-0.00904,0.00043
3.5035667,81.4532,2147.02,-0.00678,0.00039
3.5052333,142.021,2140.76,-0.00425,0.00039
3.5069,204.677,2138.67,-0.00164,0.00039
3.50855,269.422,2138.67,0.0009,0.00043
3.5102167,327.901,2134.49,0.00339,0.00043
3.5118833,386.381,2138.67,0.00593,0.00043
3.5135333,444.86,2144.93,0.00838,0.00043
3.5152,501.25,2147.02,0.01064,0.00043
3.5168667,557.641,2153.29,0.01279,0.00046
3.5185167,607.766,2159.55,0.01489,0.00043
3.5201833,655.803,2163.73,0.0168,0.00043
3.52185,703.839,2170,0.01863,0.00039
3.5235,747.699,2178.35,0.02047,0.00039
3.5251667,785.292,2184.62,0.02218,0.00039
3.5268333,827.063,2188.79,0.02374,0.00039
3.5284833,860.48,2197.15,0.0251,0.00035
3.53015,891.808,2205.5,0.02627,0.00039
3.5318167,918.959,2203.41,0.02733,0.00039
3.5334667,941.933,2209.68,0.02815,0.00039
3.5351333,960.73,2215.94,0.02885,0.00031
3.5368,977.438,2215.94,0.02947,0.00031
3.53845,985.792,2218.03,0.02994,0.00031
3.5401167,996.235,2222.21,0.03033,0.00031
3.5417833,998.324,2224.3,0.03064,0.00031
3.5434333,998.324,2220.12,0.03076,0.00031
3.5451,994.147,2222.21,0.03084,0.00031
3.5467667,985.792,2224.3,0.03084,0.00027
3.5484167,973.261,2220.12,0.03084,0.00031
3.5500833,956.553,2222.21,0.03084,0.00035
3.55175,937.756,2222.21,0.03072,0.00027
3.5534,914.782,2220.12,0.03048,0.00031
3.5550667,887.631,2215.94,0.03021,0.00031
3.5567333,860.48,2213.86,0.02998,0.00027
3.5583833,824.975,2213.86,0.02955,0.00031
3.56005,791.558,2209.68,0.02908,0.00031
3.5617167,751.876,2207.59,0.02854,0.00027
3.5633667,710.105,2203.41,0.02787,0.00035
3.5650333,662.068,2203.41,0.02709,0.00035
3.5667,611.943,2197.15,0.02624,0.00043
3.5683667,563.907,2192.97,0.02534,0.00035
3.5700167,507.516,2192.97,0.02421,0.00035
3.5716833,457.391,2186.7,0.02312,0.00039
3.57335,398.912,2182.53,0.02179,0.00039
3.575,342.521,2182.53,0.02031,0.00039
3.5766667,281.953,2178.35,0.01871,0.00039
3.5783333,223.474,2172.09,0.01707,0.00043
3.5799833,158.729,2170,0.01528,0.00043
3.58165,100.25,2170,0.01341,0.00043
3.5833167,37.5938,2165.82,0.01138,0.0005
3.5849667,-20.8854,2159.55,0.00908,0.00039
3.5866333,-85.6303,2159.55,0.00651,0.00039
3.5883,-148.287,2165.82,0.00409,0.00046
3.58995,-210.943,2165.82,0.0016,0.00039
3.5916167,-271.511,2167.91,-0.00086,0.00043
3.5932833,-332.078,2176.26,-0.00327,0.00035
3.5949333,-388.469,2184.62,-0.00577,0.00043
3.5966,-449.037,2192.97,-0.00826,0.00046
3.5982667,-505.428,2201.32,-0.01068,0.00043
3.5999167,-559.73,2207.59,-0.01283,0.00046
3.6015833,-609.855,2213.86,-0.01501,0.00043
3.60325,-659.98,2222.21,-0.01707,0.00043
3.6049,-710.105,2234.74,-0.01906,0.00039
3.6065667,-753.964,2238.92,-0.02093,0.00039
3.6082333,-795.735,2245.18,-0.02273,0.00039
3.6098833,-833.329,2255.63,-0.02436,0.00039
3.61155,-870.923,2261.89,-0.02588,0.00039
3.6132167,-902.251,2266.07,-0.02713,0.00039
3.6148667,-931.49,2272.34,-0.02815,0.00039
3.6165333,-956.553,2278.6,-0.029,0.00035
3.6182,-975.35,2274.42,-0.02978,0.00039
3.61985,-994.147,2278.6,-0.03041,0.00035
3.6215167,-1006.68,2282.78,-0.03091,0.00039
3.6231833,-1012.94,2282.78,-0.03122,0.00039
3.6248333,-1019.21,2280.69,-0.03158,0.00039
3.6265,-1019.21,2280.69,-0.03177,0.00039
3.6281667,-1012.94,2278.6,-0.03177,0.00035
3.6298167,-1006.68,2278.6,-0.03185,0.00035
3.6314833,-994.147,2274.42,-0.03185,0.00039
3.63315,-981.615,2274.42,-0.03177,0.00039
3.6348167,-962.819,2272.34,-0.03165,0.00039
3.6364667,-937.756,2266.07,-0.03154,0.00039
3.6381333,-914.782,2263.98,-0.03122,0.00035
3.6398,-883.454,2259.8,-0.03087,0.00039
3.64145,-852.126,2249.36,-0.03048,0.00035
3.6431167,-812.443,2243.1,-0.02998,0.00035
3.6447833,-772.761,2236.83,-0.02943,0.00035
3.6464333,-730.99,2226.39,-0.02877,0.00039
3.6481,-687.131,2218.03,-0.02803,0.00035
3.6497667,-639.094,2209.68,-0.02717,0.00039
3.6514167,-588.969,2205.5,-0.02624,0.00046
3.6530833,-536.756,2197.15,-0.02526,0.00035
3.65475,-482.454,2190.88,-0.02405,0.00035
3.6564,-426.063,2184.62,-0.02269,0.00039
3.6580667,-367.584,2178.35,-0.02125,0.00039
3.6597333,-309.104,2174.17,-0.01973,0.00035
3.6613833,-246.448,2170,-0.01801,0.00039
3.66305,-185.88,2165.82,-0.01622,0.00039
3.6647167,-125.313,2155.38,-0.01427,0.00039
3.6663667,-62.6563,2151.2,-0.01212,0.00039
3.6680333,0,2147.02,-0.0099,0.00054
3.6697,60.5678,2136.58,-0.0076,0.00043
3.67135,121.136,2128.23,-0.00518,0.00043
3.6730167,185.88,2121.96,-0.00253,0.00043
3.6746833,248.537,2121.96,4e-05,0.00043
3.6763333,304.927,2119.87,0.00257,0.00043
3.678,367.584,2126.14,0.00515,0.00046
3.6796667,426.063,2126.14,0.0076,0.00043
3.6813167,484.542,2132.4,0.01002,0.00043
3.6829833,538.844,2136.58,0.01224,0.00046
3.68465,591.058,2140.76,0.01423,0.00054
3.6863,641.183,2144.93,0.01622,0.00043
3.6879667,689.219,2155.38,0.0182,0.00039
3.6896333,730.99,2161.64,0.02,0.00043
3.6912833,774.85,2165.82,0.02175,0.00039
3.69295,814.532,2172.09,0.02335,0.00039
3.6946167,850.037,2182.53,0.02487,0.00039
3.6962667,881.365,2182.53,0.02604,0.00039
3.6979333,908.516,2188.79,0.02709,0.00035
3.6996,933.579,2197.15,0.02807,0.00035
3.7012667,954.464,2199.24,0.02881,0.00035
3.7029167,971.173,2197.15,0.02939,0.00035
3.7045833,983.704,2205.5,0.02998,0.00035
3.70625,989.97,2205.5,0.03041,0.00035
3.7079,996.235,2203.41,0.03068,0.00035
3.7095667,996.235,2209.68,0.03087,0.00031
3.7112333,994.147,2209.68,0.03095,0.00031
3.7128833,989.97,2209.68,0.03107,0.00031
3.71455,977.438,2207.59,0.03099,0.00031
3.7162167,964.907,2207.59,0.03099,0.00035
3.7178667,944.022,2207.59,0.03091,0.00031
3.7195333,921.048,2203.41,0.03072,0.00031
3.7212,895.985,2203.41,0.03052,0.00031
3.72285,868.834,2203.41,0.03021,0.00031
3.7245167,835.417,2199.24,0.02982,0.00031
3.7261833,802.001,2197.15,0.02939,0.00035
3.7278333,764.407,2195.06,0.02892,0.00027
3.7295,724.725,2192.97,0.02822,0.00035
3.7311667,676.688,2186.7,0.02748,0.00035
3.7328167,628.652,2184.62,0.0267,0.00035
3.7344833,580.615,2184.62,0.02581,0.00035
3.73615,528.401,2178.35,0.02475,0.00046
3.7378,474.099,2172.09,0.02362,0.00039
3.7394667,421.886,2172.09,0.02245,0.00039
3.7411333,361.318,2170,0.02093,0.00043
3.7427833,302.839,2163.73,0.01941,0.00043
3.74445,242.271,2161.64,0.01778,0.00043
3.7461167,179.615,2159.55,0.01598,0.00043
3.7477667,119.047,2153.29,0.01411,0.00043
3.7494333,58.4792,2153.29,0.01216,0.00043
3.7511,0,2147.02,0.00994,0.00043
3.75275,-62.6563,2149.11,0.00748,0.00054
3.7544167,-127.401,2144.93,0.00495,0.00043
3.7560833,-190.057,2151.2,0.00246,0.00046
3.7577333,-250.625,2155.38,0,0.00043
3.7594,-313.282,2157.47,-0.00246,0.00043
3.7610667,-369.672,2165.82,-0.00495,0.00046
3.7627167,-430.24,2178.35,-0.00748,0.00046
3.7643833,-488.719,2184.62,-0.00994,0.00043
3.76605,-545.11,2188.79,-0.01216,0.00043
3.7677167,-595.235,2195.06,-0.01438,0.00046
3.7693667,-647.448,2205.5,-0.01657,0.0005
3.7710333,-695.485,2209.68,-0.01852,0.00043
3.7727,-741.433,2220.12,-0.02039,0.00043
3.77435,-781.115,2230.56,-0.02222,0.00043
3.7760167,-820.798,2236.83,-0.0239,0.00043
3.7776833,-858.391,2241.01,-0.02542,0.00043
3.7793333,-889.72,2249.36,-0.02678,0.00039
3.781,-923.136,2257.72,-0.02787,0.00043
3.7826667,-948.199,2255.63,-0.02877,0.00043
3.7843167,-969.084,2261.89,-0.02963,0.00039
3.7859833,-987.881,2266.07,-0.03029,0.00043
3.78765,-1000.41,2261.89,-0.03084,0.00039
3.7893,-1012.94,2263.98,-0.03126,0.00043
3.7909667,-1017.12,2268.16,-0.03161,0.00039
3.7926333,-1019.21,2266.07,-0.03181,0.00039
3.7942833,-1015.03,2263.98,-0.03193,0.00039
3.79595,-1008.77,2261.89,-0.03197,0.00043
3.7976167,-1000.41,2259.8,-0.03197,0.00039
3.7992667,-987.881,2257.72,-0.03193,0.00043
3.8009333,-969.084,2255.63,-0.03185,0.00039
3.8026,-946.11,2253.54,-0.03165,0.00035
3.80425,-921.048,2247.27,-0.0315,0.00039
3.8059167,-893.897,2243.1,-0.03119,0.00039
3.8075833,-860.48,2236.83,-0.03076,0.00039
3.8092333,-827.063,2228.48,-0.03029,0.00035
3.8109,-789.469,2220.12,-0.02974,0.00039
3.8125667,-747.699,2213.86,-0.02912,0.00039
3.8142167,-703.839,2207.59,-0.02846,0.00039
3.8158833,-653.714,2197.15,-0.02764,0.00039
3.81755,-605.678,2190.88,-0.02674,0.00039
3.8192,-555.553,2186.7,-0.02569,0.00035
3.8208667,-499.162,2178.35,-0.0246,0.00039
3.8225333,-444.86,2170,-0.02331,0.00039
3.8241833,-386.381,2165.82,-0.02187,0.00035
3.82585,-325.813,2163.73,-0.02035,0.00039
3.8275167,-267.334,2155.38,-0.01867,0.00039
3.8291667,-206.766,2149.11,-0.01696,0.00039
3.8308333,-144.109,2147.02,-0.01497,0.00043
3.8325,-81.4532,2136.58,-0.0129,0.00043
3.83415,-20.8854,2130.31,-0.01076,0.00043
3.8358167,39.6823,2126.14,-0.00842,0.00043
3.8374833,100.25,2119.87,-0.006,0.0005
3.83915,162.906,2105.25,-0.00343,0.00043
3.8408,229.74,2105.25,-0.00078,0.00046
3.8424667,288.219,2109.43,0.00175,0.00046
3.8441333,346.698,2107.34,0.00433,0.00046
3.8457833,407.266,2107.34,0.00686,0.00043
3.84745,463.657,2115.69,0.0092,0.00046
3.8491167,520.047,2117.78,0.0115,0.00046
3.8507667,574.349,2124.05,0.01372,0.00046
3.8524333,624.474,2132.4,0.01575,0.00046
3.8541,674.6,2138.67,0.01766,0.00054
3.85575,718.459,2142.85,0.01949,0.00043
3.8574167,760.23,2151.2,0.02136,0.00043
3.8590833,797.824,2155.38,0.023,0.00043
3.8607333,837.506,2163.73,0.02452,0.00039
3.8624,870.923,2167.91,0.02585,0.00035
3.8640667,902.251,2174.17,0.02698,0.00039
3.8657167,927.313,2182.53,0.02791,0.00039
3.8673833,948.199,2180.44,0.02869,0.00039
3.86905,964.907,2184.62,0.02939,0.00035
3.8707,981.615,2190.88,0.02998,0.00043
3.8723667,989.97,2188.79,0.03045,0.00035
3.8740333,996.235,2192.97,0.03076,0.00031
3.8756833,1000.41,2195.06,0.03099,0.00031
3.87735,998.324,2195.06,0.03111,0.00031
3.8790167,994.147,2190.88,0.03122,0.00031
3.8806667,981.615,2195.06,0.03119,0.00035
3.8823333,969.084,2192.97,0.03115,0.00031
3.884,952.376,2192.97,0.03111,0.00031
3.88565,929.402,2195.06,0.03099,0.00035
3.8873167,904.339,2192.97,0.03072,0.00039
3.8889833,879.277,2188.79,0.03045,0.00031
3.8906333,847.949,2186.7,0.03017,0.00031
3.8923,812.443,2182.53,0.02974,0.00035
3.8939667,774.85,2180.44,0.0292,0.00035
3.8956167,735.167,2176.26,0.02865,0.00035
3.8972833,693.396,2176.26,0.02795,0.00035
3.89895,645.36,2170,0.02713,0.00039
3.9006,595.235,2167.91,0.02627,0.00039
3.9022667,545.11,2165.82,0.02522,0.00043
3.9039333,490.808,2159.55,0.02417,0.00039
3.9056,438.594,2157.47,0.02296,0.00039
3.90725,382.203,2157.47,0.0216,0.00039
3.9089167,321.636,2151.2,0.02,0.00043
3.9105833,261.068,2144.93,0.0184,0.00046
3.9122333,198.412,2144.93,0.01672,0.00046
3.9139,139.932,2142.85,0.01485,0.00043
3.9155667,79.3647,2138.67,0.0129,0.00046
3.9172167,18.7969,2132.4,0.0108,0.00043
3.9188833,-39.6823,2132.4,0.00838,0.00043
3.92055,-104.427,2134.49,0.00585,0.00046
3.9222,-169.172,2132.4,0.00335,0.00046
3.9238667,-231.828,2136.58,0.00082,0.00043
3.9255333,-290.308,2144.93,-0.00168,0.00046
3.9271833,-350.875,2149.11,-0.00413,0.00046
3.92885,-411.443,2159.55,-0.00671,0.00046
3.9305167,-467.834,2170,-0.00916,0.00043
3.9321667,-524.224,2174.17,-0.0115,0.00043
3.9338333,-578.527,2176.26,-0.01372,0.00043
3.9355,-628.652,2188.79,-0.0159,0.00046
3.93715,-676.688,2197.15,-0.01797,0.00043
3.9388167,-722.636,2203.41,-0.01996,0.0005
3.9404833,-766.495,2209.68,-0.02179,0.00046
3.9421333,-808.266,2222.21,-0.02358,0.00043
3.9438,-845.86,2228.48,-0.0251,0.00043
3.9454667,-881.365,2232.65,-0.02659,0.00043
3.9471167,-912.693,2238.92,-0.02776,0.00039
3.9487833,-939.845,2245.18,-0.02873,0.00039
3.95045,-962.819,2247.27,-0.02963,0.00039
3.9521,-981.615,2247.27,-0.03029,0.00039
3.9537667,-996.235,2253.54,-0.03087,0.00039
3.9554333,-1008.77,2251.45,-0.03134,0.00039
3.9570833,-1015.03,2251.45,-0.03169,0.00043
3.95875,-1019.21,2253.54,-0.03193,0.00035
3.9604167,-1017.12,2251.45,-0.03204,0.00039
3.9620667,-1012.94,2247.27,-0.03212,0.00039
3.9637333,-1002.5,2247.27,-0.03212,0.00035
3.9654,-992.058,2247.27,-0.03212,0.00035
3.96705,-973.261,2245.18,-0.032,0.00039
3.9687167,-954.464,2241.01,-0.03185,0.00035
3.9703833,-929.402,2236.83,-0.03169,0.00043
3.97205,-900.162,2234.74,-0.03138,0.0005
3.9737,-870.923,2226.39,-0.03103,0.00035
3.9753667,-839.594,2220.12,-0.03064,0.00043
3.9770333,-802.001,2213.86,-0.03009,0.00043
3.9786833,-760.23,2205.5,-0.02951,0.00043
3.98035,-718.459,2195.06,-0.02881,0.00039
3.9820167,-668.334,2190.88,-0.02799,0.00039
3.9836667,-622.386,2182.53,-0.02713,0.00039
3.9853333,-572.261,2172.09,-0.0262,0.00043
3.987,-517.959,2167.91,-0.0251,0.00039
3.98865,-461.568,2163.73,-0.02382,0.00043
3.9903167,-409.355,2153.29,-0.02245,0.00043
3.9919833,-348.787,2147.02,-0.02101,0.00043
3.9936333,-290.308,2147.02,-0.01937,0.00039
3.9953,-227.651,2138.67,-0.01758,0.00043
3.9969667,-167.083,2130.31,-0.01575,0.00043
3.9986167,-104.427,2128.23,-0.01372,0.00043
4.0002833,-41.7709,2121.96,-0.0115,0.00046
4.00195,20.8854,2113.61,-0.00928,0.00043
4.0036,81.4532,2105.25,-0.00694,0.00043
4.0052667,142.021,2096.9,-0.00429,0.00046
4.0069333,204.677,2088.54,-0.00168,0.00046
4.0085833,267.334,2092.72,0.00086,0.00046
4.01025,327.901,2094.81,0.00343,0.00046
4.0119167,388.469,2094.81,0.00608,0.00046
4.0135667,446.948,2096.9,0.00854,0.0005
4.0152333,503.339,2103.16,0.01084,0.00046
4.0169,557.641,2109.43,0.01306,0.00046
4.01855,609.855,2113.61,0.01516,0.00046
4.0202167,657.891,2117.78,0.01711,0.00043
4.0218833,705.928,2130.31,0.01902,0.00046
4.0235333,745.61,2134.49,0.02086,0.00046
4.0252,787.381,2138.67,0.02257,0.00043
4.0268667,824.975,2147.02,0.02413,0.00039
4.0285167,860.48,2155.38,0.02557,0.00039
4.0301833,891.808,2157.47,0.02674,0.00039
4.03185,916.871,2159.55,0.02772,0.00035
4.0335,941.933,2170,0.02865,0.00035
4.0351667,958.641,2172.09,0.02931,0.00035
4.0368333,977.438,2170,0.02994,0.00035
4.0384833,987.881,2176.26,0.03045,0.00031
4.04015,994.147,2182.53,0.0308,0.00046
4.0418167,998.324,2178.35,0.03107,0.00035
4.0434833,996.235,2180.44,0.03126,0.00035
4.0451333,992.058,2180.44,0.03134,0.00031
4.0468,985.792,2180.44,0.03138,0.00031
4.0484667,973.261,2178.35,0.03134,0.00031
4.0501167,956.553,2182.53,0.03126,0.00035
4.0517833,935.667,2178.35,0.03115,0.00035
4.05345,914.782,2176.26,0.03095,0.00031
4.0551,887.631,2176.26,0.03072,0.00031
4.0567667,860.48,2178.35,0.03045,0.00046
4.0584333,824.975,2172.09,0.03002,0.00031
4.0600833,789.469,2167.91,0.02955,0.00035
4.06175,749.787,2165.82,0.029,0.00035
4.0634167,710.105,2163.73,0.02834,0.00039
4.0650667,662.068,2157.47,0.02752,0.00035
4.0667333,611.943,2155.38,0.0267,0.00039
4.0684,561.818,2151.2,0.02577,0.00039
4.07005,509.605,2149.11,0.02468,0.00043
4.0717167,455.302,2142.85,0.02347,0.00043
4.0733833,401,2144.93,0.02214,0.00054
4.0750333,340.433,2138.67,0.0207,0.00046
4.0767,281.953,2132.4,0.0191,0.00046
4.0783667,221.386,2132.4,0.01743,0.00046
4.0800167,160.818,2130.31,0.01555,0.00046
4.0816833,100.25,2124.05,0.01364,0.00046
4.08335,37.5938,2119.87,0.01158,0.00043
4.085,-20.8854,2119.87,0.00928,0.0005
4.0866667,-85.6303,2119.87,0.0067,0.00046
4.0883333,-148.287,2119.87,0.00421,0.00046
4.0899833,-210.943,2121.96,0.00168,0.00046
4.09165,-271.511,2126.14,-0.00082,0.0005
4.0933167,-332.078,2132.4,-0.00339,0.00046
4.0949667,-388.469,2140.76,-0.00589,0.0005
4.0966333,-449.037,2151.2,-0.00842,0.00046
4.0983,-505.428,2157.47,-0.01084,0.00046
4.09995,-561.818,2161.64,-0.0131,0.00046
4.1016167,-609.855,2170,-0.01532,0.00046
4.1032833,-659.98,2178.35,-0.01739,0.00046
4.1049333,-710.105,2184.62,-0.01941,0.00046
4.1066,-753.964,2192.97,-0.02136,0.00046
4.1082667,-795.735,2205.5,-0.02312,0.00046
4.1099333,-833.329,2207.59,-0.02475,0.00043
4.1115833,-870.923,2215.94,-0.02624,0.00043
4.11325,-902.251,2226.39,-0.02748,0.00043
4.1149167,-931.49,2230.56,-0.02857,0.00039
4.1165667,-956.553,2234.74,-0.02943,0.00046
4.1182333,-975.35,2236.83,-0.03017,0.00043
4.1199,-992.058,2234.74,-0.03084,0.00043
4.12155,-1006.68,2236.83,-0.03134,0.00043
4.1232167,-1012.94,2238.92,-0.03177,0.00039
4.1248833,-1019.21,2238.92,-0.032,0.00046
4.1265333,-1019.21,2236.83,-0.03212,0.00043
4.1282,-1017.12,2236.83,-0.03224,0.00043
4.1298667,-1006.68,2234.74,-0.03228,0.00043
4.1315167,-996.235,2232.65,-0.03228,0.00039
4.1331833,-979.527,2230.56,-0.0322,0.00039
4.13485,-962.819,2226.39,-0.03208,0.00039
4.1365,-937.756,2226.39,-0.03185,0.00039
4.1381667,-912.693,2220.12,-0.03165,0.00043
4.1398333,-881.365,2215.94,-0.0313,0.00043
4.1414833,-847.949,2209.68,-0.03091,0.0005
4.14315,-812.443,2201.32,-0.03037,0.00043
4.1448167,-774.85,2195.06,-0.02986,0.00043
4.1464667,-730.99,2184.62,-0.0292,0.00043
4.1481333,-687.131,2178.35,-0.02842,0.00039
4.1498,-637.006,2172.09,-0.02756,0.00039
4.15145,-586.881,2165.82,-0.02666,0.00043
4.1531167,-534.667,2159.55,-0.02557,0.00043
4.1547833,-480.365,2149.11,-0.0244,0.00039
4.1564333,-423.974,2144.93,-0.02304,0.00043
4.1581,-365.495,2140.76,-0.02156,0.0005
4.1597667,-307.016,2130.31,-0.02,0.00043
4.1614167,-248.537,2128.23,-0.01836,0.00043
4.1630833,-185.88,2121.96,-0.01649,0.00043
4.16475,-125.313,2111.52,-0.01446,0.00046
4.1664,-60.5678,2107.34,-0.01236,0.00046
4.1680667,0,2105.25,-0.0101,0.0005
4.1697333,62.6563,2094.81,-0.00772,0.00043
4.1713833,121.136,2082.28,-0.00526,0.00046
4.17305,185.88,2080.19,-0.00253,0.00046
4.1747167,248.537,2082.28,4e-05,0.00058
4.1763833,307.016,2076.01,0.00265,0.00046
4.1780333,367.584,2080.19,0.00526,0.00046
4.1797,428.151,2082.28,0.00784,0.0005
4.1813667,484.542,2086.45,0.01017,0.00046
4.1830167,538.844,2090.63,0.01247,0.0005
4.1846833,593.146,2096.9,0.01462,0.00046
4.18635,641.183,2105.25,0.01665,0.00046
4.188,689.219,2109.43,0.01852,0.00046
4.1896667,730.99,2115.69,0.02039,0.00046
4.1913333,772.761,2126.14,0.02218,0.00043
4.1929833,812.443,2132.4,0.02378,0.00043
4.19465,850.037,2134.49,0.0253,0.00039
4.1963167,881.365,2144.93,0.02647,0.00039
4.1979667,912.693,2151.2,0.0276,0.00039
4.1996333,935.667,2151.2,0.02854,0.00039
4.2013,956.553,2155.38,0.02928,0.00039
4.20295,971.173,2161.64,0.0299,0.00039
4.2046167,985.792,2161.64,0.03048,0.00035
4.2062833,994.147,2161.64,0.03087,0.00035
4.2079333,996.235,2167.91,0.03119,0.00035
4.2096,996.235,2167.91,0.03134,0.00035
4.2112667,996.235,2165.82,0.03146,0.00035
4.2129167,987.881,2163.73,0.0315,0.00035
4.2145833,977.438,2170,0.03146,0.00035
4.21625,964.907,2165.82,0.03146,0.00035
4.2179,944.022,2163.73,0.0313,0.00031
4.2195667,921.048,2167.91,0.03119,0.00035
4.2212333,895.985,2161.64,0.03095,0.00035
4.2228833,866.746,2159.55,0.03068,0.00035
4.22455,835.417,2159.55,0.03029,0.00035
4.2262167,802.001,2159.55,0.02986,0.00046
4.2278667,760.23,2151.2,0.02931,0.00035
4.2295333,722.636,2147.02,0.02869,0.00035
4.2312,676.688,2144.93,0.02791,0.00035
4.23285,630.74,2144.93,0.02713,0.00039
4.2345167,576.438,2136.58,0.0262,0.00039
4.2361833,526.313,2134.49,0.02522,0.00039
4.2378333,476.188,2132.4,0.02405,0.00043
4.2395,417.709,2132.4,0.02273,0.00043
4.2411667,359.229,2124.05,0.02128,0.00043
4.2428333,302.839,2126.14,0.01973,0.0005
4.2444833,242.271,2119.87,0.01805,0.00046
4.24615,179.615,2113.61,0.01629,0.00046
4.2478167,119.047,2111.52,0.01442,0.00046
4.2494667,58.4792,2109.43,0.0124,0.00046
4.2511333,0,2101.07,0.0101,0.0005
4.2528,-62.6563,2103.16,0.00756,0.0005
4.25445,-127.401,2107.34,0.00503,0.00046
4.2561167,-190.057,2107.34,0.00249,0.00046
4.2577833,-252.714,2109.43,-4e-05,0.0005
4.2594333,-315.37,2119.87,-0.00257,0.00058
4.2611,-369.672,2128.23,-0.00507,0.00046
4.2627667,-430.24,2132.4,-0.00768,0.00046
4.2644167,-488.719,2140.76,-0.01017,0.00054
4.2660833,-543.021,2151.2,-0.01244,0.00046
4.26775,-597.323,2155.38,-0.01466,0.00046
4.2694,-645.36,2161.64,-0.0168,0.00043
4.2710667,-695.485,2172.09,-0.01891,0.00046
4.2727333,-741.433,2180.44,-0.02086,0.00043
4.2743833,-781.115,2186.7,-0.02265,0.00046
4.27605,-822.886,2197.15,-0.02436,0.00046
4.2777167,-858.391,2203.41,-0.02588,0.00046
4.2793667,-893.897,2209.68,-0.02721,0.00046
4.2810333,-921.048,2213.86,-0.02838,0.00043
4.2827,-948.199,2220.12,-0.02931,0.00043
4.28435,-969.084,2222.21,-0.03009,0.00043
4.2860167,-987.881,2224.3,-0.03072,0.00039
4.2876833,-1000.41,2226.39,-0.0313,0.00039
4.2893333,-1010.86,2228.48,-0.03173,0.00043
4.291,-1017.12,2228.48,-0.03208,0.00043
4.2926667,-1019.21,2224.3,-0.03228,0.00039
4.2943167,-1019.21,2226.39,-0.03239,0.00043
4.2959833,-1008.77,2224.3,-0.03243,0.00039
4.29765,-1000.41,2220.12,-0.03247,0.00039
4.2993,-985.792,2220.12,-0.03236,0.00039
4.3009667,-969.084,2220.12,-0.03228,0.00043
4.3026333,-946.11,2211.77,-0.03208,0.00043
4.3042833,-918.959,2209.68,-0.03185,0.00039
4.30595,-891.808,2205.5,-0.03158,0.00043
4.3076167,-860.48,2197.15,-0.03119,0.00043
4.3092667,-827.063,2190.88,-0.03072,0.00046
4.3109333,-787.381,2182.53,-0.03021,0.00043
4.3126,-747.699,2176.26,-0.02955,0.00043
4.3142667,-703.839,2165.82,-0.02885,0.00043
4.3159167,-655.803,2157.47,-0.02803,0.00043
4.3175833,-603.589,2153.29,-0.02709,0.00039
4.31925,-553.464,2144.93,-0.02612,0.00043
4.3209,-499.162,2138.67,-0.02499,0.00039
4.3225667,-442.771,2134.49,-0.02362,0.00043
4.3242333,-386.381,2128.23,-0.02222,0.00039
4.3258833,-325.813,2121.96,-0.02066,0.00043
4.32755,-265.245,2117.78,-0.01898,0.0005
4.3292167,-204.677,2113.61,-0.01715,0.00046
4.3308667,-148.287,2103.16,-0.01528,0.00043
4.3325333,-83.5417,2096.9,-0.01318,0.00043
4.3342,-18.7969,2092.72,-0.01088,0.00043
4.33585,43.8594,2086.45,-0.00854,0.00043
4.3375167,104.427,2076.01,-0.00616,0.00043
4.3391833,162.906,2069.75,-0.00347,0.0005
4.3408333,229.74,2067.66,-0.00082,0.00043
4.3425,288.219,2063.48,0.00179,0.00046
4.3441667,348.787,2069.75,0.0044,0.00058
4.3458167,407.266,2069.75,0.00702,0.00046
4.3474833,465.745,2071.84,0.00943,0.0005
4.34915,520.047,2080.19,0.01177,0.0005
4.3508,574.349,2082.28,0.01399,0.0005
4.3524667,624.474,2086.45,0.01602,0.00046
4.3541333,674.6,2096.9,0.01805,0.00046
4.3557833,718.459,2105.25,0.01988,0.00046
4.35745,760.23,2107.34,0.02171,0.00043
4.3591167,799.912,2117.78,0.02339,0.00043
4.3607667,837.506,2126.14,0.02495,0.00054
4.3624333,868.834,2128.23,0.0262,0.00039
4.3641,902.251,2132.4,0.02737,0.00043
4.36575,927.313,2138.67,0.02838,0.00039
4.3674167,950.287,2144.93,0.0292,0.00039
4.3690833,964.907,2144.93,0.02986,0.00039
4.3707333,981.615,2147.02,0.03045,0.00039
4.3724,989.97,2149.11,0.03087,0.00035
4.3740667,996.235,2153.29,0.03122,0.00039
4.3757167,998.324,2151.2,0.0315,0.00035
4.3773833,998.324,2155.38,0.03158,0.00043
4.37905,992.058,2155.38,0.03161,0.00035
4.3807,981.615,2153.29,0.03165,0.00035
4.3823667,969.084,2153.29,0.03161,0.00035
4.3840333,952.376,2155.38,0.03158,0.00035
4.3857,927.313,2153.29,0.03138,0.00035
4.38735,906.428,2149.11,0.03119,0.00035
4.3890167,877.188,2151.2,0.03091,0.00035
4.3906833,847.949,2147.02,0.0306,0.00035
4.3923333,814.532,2142.85,0.03013,0.00039
4.394,774.85,2142.85,0.02963,0.00035
4.3956667,735.167,2138.67,0.02908,0.00039
4.3973167,693.396,2134.49,0.02834,0.00031
4.3989833,643.271,2130.31,0.02756,0.00039
4.40065,593.146,2128.23,0.02662,0.00043
4.4023,543.021,2119.87,0.02565,0.00039
4.4039667,488.719,2119.87,0.02452,0.00043
4.4056333,436.506,2119.87,0.02331,0.00046
4.4072833,380.115,2113.61,0.02191,0.00043
4.40895,321.636,2107.34,0.02035,0.0005
4.4106167,261.068,2107.34,0.01871,0.00046
4.4122667,200.5,2105.25,0.01692,0.0005
4.4139333,139.932,2098.99,0.01513,0.00046
4.4156,77.2761,2094.81,0.0131,0.00046
4.41725,18.7969,2092.72,0.01099,0.00046
4.4189167,-41.7709,2092.72,0.0085,0.0005
4.4205833,-104.427,2092.72,0.00589,0.00043
4.4222333,-169.172,2092.72,0.00339,0.0005
4.4239,-229.74,2096.9,0.00086,0.00046
4.4255667,-290.308,2101.07,-0.00175,0.0005
4.4272167,-350.875,2107.34,-0.00429,0.00046
4.4288833,-409.355,2121.96,-0.0069,0.00062
4.43055,-467.834,2126.14,-0.00939,0.00046
4.4322,-524.224,2130.31,-0.01177,0.00046
4.4338667,-580.615,2140.76,-0.01407,0.0005
4.4355333,-628.652,2149.11,-0.01622,0.0005
4.4371833,-678.777,2155.38,-0.01832,0.00046
4.43885,-726.813,2163.73,-0.02031,0.00046
4.4405167,-766.495,2174.17,-0.02218,0.00046
4.4421667,-808.266,2182.53,-0.02394,0.00046
4.4438333,-845.86,2186.7,-0.02553,0.00046
4.4455,-883.454,2197.15,-0.02698,0.00054
4.44715,-912.693,2203.41,-0.02818,0.00039
4.4488167,-939.845,2203.41,-0.02912,0.00043
4.4504833,-962.819,2207.59,-0.02994,0.00046
4.45215,-981.615,2209.68,-0.03068,0.00046
4.4538,-998.324,2211.77,-0.03126,0.00046
4.4554667,-1008.77,2211.77,-0.03169,0.00043
4.4571333,-1015.03,2213.86,-0.03212,0.00046
4.4587833,-1019.21,2215.94,-0.03236,0.00046
4.46045,-1019.21,2209.68,-0.03239,0.00043
4.4621167,-1012.94,2209.68,-0.03251,0.00046
4.4637667,-1004.59,2209.68,-0.03251,0.00043
4.4654333,-992.058,2207.59,-0.03247,0.00043
4.4671,-975.35,2203.41,-0.03239,0.00043
4.46875,-952.376,2199.24,-0.03228,0.00043
4.4704167,-929.402,2197.15,-0.03208,0.00043
4.4720833,-902.251,2190.88,-0.03181,0.00039
4.4737333,-870.923,2184.62,-0.03146,0.00043
4.4754,-835.417,2180.44,-0.03099,0.00039
4.4770667,-802.001,2170,-0.03052,0.00043
4.4787167,-760.23,2165.82,-0.0299,0.00043
4.4803833,-716.37,2157.47,-0.02924,0.00043
4.48205,-670.422,2149.11,-0.02842,0.00039
4.4837,-622.386,2140.76,-0.02752,0.00043
4.4853667,-568.084,2136.58,-0.02651,0.00043
4.4870333,-517.959,2130.31,-0.02549,0.00043
4.4886833,-463.657,2121.96,-0.02417,0.00043
4.49035,-407.266,2117.78,-0.0228,0.00043
4.4920167,-346.698,2111.52,-0.02128,0.00043
4.4936667,-290.308,2105.25,-0.01965,0.00039
4.4953333,-227.651,2101.07,-0.01789,0.00043
4.497,-167.083,2094.81,-0.01602,0.00043
4.49865,-104.427,2086.45,-0.01392,0.00046
4.5003167,-43.8594,2080.19,-0.01169,0.00043
4.5019833,22.974,2076.01,-0.00936,0.00046
4.5036333,81.4532,2067.66,-0.00698,0.00043
4.5053,142.021,2057.22,-0.00441,0.00046
4.5069667,204.677,2053.04,-0.00164,0.00046
4.5086167,269.422,2057.22,0.00097,0.00046
4.5102833,325.813,2053.04,0.00351,0.00046
4.51195,388.469,2050.95,0.00624,0.0005
4.5136,444.86,2061.39,0.00873,0.00054
4.5152667,503.339,2063.48,0.01111,0.0005
4.5169333,557.641,2067.66,0.01333,0.0005
4.5186,609.855,2076.01,0.01544,0.0005
4.52025,659.98,2082.28,0.0175,0.00046
4.5219167,705.928,2088.54,0.01934,0.00046
4.5235833,747.699,2094.81,0.02121,0.00046
4.5252333,787.381,2101.07,0.023,0.00046
4.5269,824.975,2107.34,0.02468,0.00043
4.5285667,860.48,2115.69,0.026,0.00043
4.5302167,891.808,2119.87,0.02721,0.0005
4.5318833,918.959,2124.05,0.02826,0.00035
4.53355,941.933,2130.31,0.02908,0.00043
4.5352,960.73,2132.4,0.02982,0.00039
4.5368667,977.438,2132.4,0.03045,0.00039
4.5385333,987.881,2138.67,0.03095,0.00039
4.5401833,996.235,2140.76,0.0313,0.00035
4.54185,996.235,2138.67,0.03154,0.00039
4.5435167,998.324,2140.76,0.03173,0.00035
4.5451667,994.147,2144.93,0.03181,0.00035
4.5468333,983.704,2142.85,0.03185,0.00043
4.5485,973.261,2136.58,0.03177,0.00035
4.55015,958.641,2142.85,0.03173,0.00031
4.5518167,935.667,2140.76,0.03161,0.00035
4.5534833,914.782,2136.58,0.03142,0.00035
4.5551333,887.631,2136.58,0.03111,0.00035
4.5568,858.391,2136.58,0.03087,0.00035
4.5584667,824.975,2132.4,0.03045,0.00039
4.5601167,791.558,2128.23,0.02998,0.00039
4.5617833,747.699,2126.14,0.02935,0.00039
4.56345,708.016,2126.14,0.02873,0.00046
4.5651,659.98,2117.78,0.02795,0.00039
4.5667667,611.943,2117.78,0.02709,0.00043
4.5684333,561.818,2113.61,0.02608,0.00043
4.5700833,509.605,2107.34,0.02503,0.00043
4.57175,455.302,2105.25,0.02382,0.00043
4.5734167,396.823,2105.25,0.02249,0.00043
4.5750667,340.433,2096.9,0.02097,0.0005
4.5767333,279.865,2094.81,0.01937,0.0005
4.5784,221.386,2092.72,0.01766,0.0005
4.58005,158.729,2088.54,0.01587,0.0005
4.5817167,98.1615,2082.28,0.01388,0.0005
4.5833833,37.5938,2082.28,0.01173,0.00046
4.58505,-20.8854,2080.19,0.00943,0.0005
4.5867,-85.6303,2078.1,0.00682,0.0005
4.5883667,-148.287,2080.19,0.00421,0.00046
4.5900333,-210.943,2080.19,0.00168,0.00046
4.5916833,-271.511,2084.37,-0.0009,0.00054
4.59335,-332.078,2094.81,-0.00347,0.00046
4.5950167,-390.558,2105.25,-0.00608,0.0005
4.5966667,-451.125,2111.52,-0.00862,0.00046
4.5983333,-507.516,2117.78,-0.01107,0.00046
4.6,-561.818,2126.14,-0.01337,0.0005
4.60165,-611.943,2132.4,-0.01555,0.00046
4.6033167,-662.068,2138.67,-0.01774,0.00046
4.6049833,-710.105,2147.02,-0.01976,0.0005
4.6066333,-753.964,2157.47,-0.02167,0.00046
4.6083,-795.735,2163.73,-0.02347,0.0005
4.6099667,-833.329,2172.09,-0.02514,0.00046
4.6116167,-870.923,2178.35,-0.02663,0.00046
4.6132833,-902.251,2186.7,-0.02791,0.00046
4.61495,-929.402,2190.88,-0.02896,0.00054
4.6166,-956.553,2195.06,-0.0299,0.00043
4.6182667,-975.35,2197.15,-0.0306,0.00043
4.6199333,-994.147,2197.15,-0.03122,0.00046
4.6215833,-1006.68,2199.24,-0.03173,0.00043
4.62325,-1012.94,2201.32,-0.03212,0.00046
4.6249167,-1019.21,2201.32,-0.03236,0.00043
4.6265667,-1019.21,2199.24,-0.03255,0.00043
4.6282333,-1015.03,2199.24,-0.03259,0.00046
4.6299,-1006.68,2197.15,-0.03263,0.00046
4.63155,-998.324,2195.06,-0.03263,0.00054
4.6332167,-981.615,2190.88,-0.03259,0.00043
4.6348833,-960.73,2188.79,-0.03243,0.00039
4.6365333,-939.845,2182.53,-0.03228,0.00046
4.6382,-912.693,2182.53,-0.03204,0.00043
4.6398667,-883.454,2176.26,-0.03173,0.00043
4.6415167,-850.037,2167.91,-0.0313,0.00043
4.6431833,-810.355,2163.73,-0.03076,0.00043
4.64485,-774.85,2157.47,-0.03021,0.00043
4.6465,-730.99,2147.02,-0.02955,0.00043
4.6481667,-685.042,2142.85,-0.02881,0.00046
4.6498333,-634.917,2134.49,-0.02795,0.00043
4.6515,-586.881,2124.05,-0.02698,0.00043
4.65315,-534.667,2119.87,-0.02596,0.00046
4.6548167,-480.365,2113.61,-0.02475,0.00043
4.6564833,-426.063,2107.34,-0.02339,0.00043
4.6581333,-367.584,2101.07,-0.02187,0.00043
4.6598,-307.016,2096.9,-0.02027,0.00046
4.6614667,-246.448,2090.63,-0.01859,0.00046
4.6631167,-183.792,2084.37,-0.01668,0.0005
4.6647833,-123.224,2080.19,-0.01474,0.00058
4.66645,-62.6563,2071.84,-0.01255,0.00043
4.6681,0,2065.57,-0.01021,0.00043
4.6697667,62.6563,2059.3,-0.00784,0.00046
4.6714333,123.224,2048.86,-0.00534,0.0005
4.6730833,185.88,2038.42,-0.00261,0.00046
4.67475,246.448,2040.51,8e-05,0.0005
4.6764167,304.927,2040.51,0.00269,0.0005
4.6780667,367.584,2038.42,0.00534,0.0005
4.6797333,426.063,2042.6,0.00795,0.00046
4.6814,482.454,2048.86,0.01041,0.0005
4.68305,538.844,2053.04,0.01263,0.0005
4.6847167,593.146,2057.22,0.01489,0.0005
4.6863833,643.271,2067.66,0.01688,0.00046
4.6880333,689.219,2076.01,0.01883,0.00046
4.6897,733.079,2078.1,0.0207,0.00046
4.6913667,774.85,2082.28,0.02253,0.00046
4.6930167,814.532,2092.72,0.02421,0.00046
4.6946833,847.949,2101.07,0.02569,0.00043
4.69635,881.365,2103.16,0.02694,0.00039
4.698,910.605,2109.43,0.02803,0.00039
4.6996667,933.579,2115.69,0.02889,0.00043
4.7013333,954.464,2119.87,0.0297,0.00039
4.7029833,971.173,2119.87,0.03033,0.00039
4.70465,983.704,2126.14,0.03084,0.00035
4.7063167,994.147,2128.23,0.0313,0.00035
4.7079667,1000.41,2128.23,0.03161,0.00035
4.7096333,998.324,2132.4,0.03177,0.00039
4.7113,996.235,2128.23,0.03185,0.00039
4.71295,989.97,2126.14,0.03189,0.00035
4.7146167,977.438,2128.23,0.03189,0.00039
4.7162833,962.819,2132.4,0.03189,0.00043
4.71795,941.933,2126.14,0.03177,0.00035
4.7196,921.048,2128.23,0.03161,0.00039
4.7212667,895.985,2126.14,0.03138,0.00039
4.7229333,866.746,2121.96,0.03111,0.00039
4.7245833,835.417,2119.87,0.03072,0.00039
4.72625,802.001,2117.78,0.03025,0.00043
4.7279167,760.23,2115.69,0.02967,0.00035
4.7295667,722.636,2109.43,0.02908,0.00043
4.7312333,674.6,2107.34,0.02834,0.00043
4.7329,626.563,2107.34,0.02748,0.0005
4.73455,576.438,2098.99,0.02655,0.00039
4.7362167,526.313,2096.9,0.02553,0.00043
4.7378833,474.099,2094.81,0.02436,0.00043
4.7395333,417.709,2090.63,0.02308,0.00046
4.7412,359.229,2086.45,0.02164,0.00046
4.7428667,302.839,2084.37,0.02,0.0005
4.7445167,242.271,2082.28,0.01832,0.0005
4.7461833,179.615,2076.01,0.01653,0.00043
4.74785,119.047,2073.92,0.01458,0.0005
4.7495,56.3907,2069.75,0.01255,0.00058
4.7511667,-2.08854,2065.57,0.01025,0.00046
4.7528333,-60.5678,2065.57,0.00768,0.0005
4.7544833,-127.401,2067.66,0.00511,0.0005
4.75615,-187.969,2069.75,0.00253,0.0005
4.7578167,-252.714,2073.92,-8e-05,0.0005
4.7594667,-313.282,2080.19,-0.00269,0.00046
4.7611333,-371.761,2086.45,-0.00526,0.0005
4.7628,-432.328,2094.81,-0.00787,0.00046
4.76445,-488.719,2105.25,-0.01037,0.0005
4.7661167,-545.11,2109.43,-0.01271,0.0005
4.7677833,-597.323,2113.61,-0.01497,0.0005
4.7694333,-649.537,2124.05,-0.01719,0.0005
4.7711,-693.396,2132.4,-0.01922,0.00046
4.7727667,-741.433,2140.76,-0.02117,0.00046
4.7744167,-783.204,2149.11,-0.02304,0.00046
4.7760833,-822.886,2157.47,-0.02475,0.00046
4.77775,-858.391,2163.73,-0.02631,0.00046
4.7794,-891.808,2172.09,-0.02768,0.00046
4.7810667,-921.048,2176.26,-0.02877,0.00043
4.7827333,-952.376,2178.35,-0.0297,0.00043
4.7844,-969.084,2182.53,-0.03052,0.00046
4.78605,-987.881,2186.7,-0.03119,0.00046
4.7877167,-1000.41,2186.7,-0.03173,0.00043
4.7893833,-1010.86,2184.62,-0.0322,0.00043
4.7910333,-1017.12,2188.79,-0.03243,0.00046
4.7927,-1019.21,2188.79,-0.03259,0.00043
4.7943667,-1017.12,2184.62,-0.03275,0.00043
4.7960167,-1012.94,2182.53,-0.03278,0.00043
4.7976833,-998.324,2184.62,-0.03286,0.00039
4.79935,-987.881,2180.44,-0.03271,0.00043
4.801,-969.084,2176.26,-0.03271,0.00046
4.8026667,-946.11,2176.26,-0.03243,0.00043
4.8043333,-918.959,2170,-0.03228,0.00043
4.8059833,-895.985,2163.73,-0.03197,0.00039
4.80765,-860.48,2159.55,-0.03161,0.00043
4.8093167,-822.886,2153.29,-0.03115,0.00043
4.8109667,-789.469,2142.85,-0.03056,0.00043
4.8126333,-745.61,2136.58,-0.02994,0.00043
4.8143,-703.839,2130.31,-0.02928,0.00043
4.81595,-653.714,2119.87,-0.02838,0.00043
4.8176167,-605.678,2113.61,-0.02744,0.0005
4.8192833,-553.464,2107.34,-0.02647,0.00046
4.8209333,-499.162,2101.07,-0.0253,0.00043
4.8226,-442.771,2094.81,-0.02397,0.00043
4.8242667,-386.381,2090.63,-0.02253,0.00046
4.8259167,-325.813,2084.37,-0.02093,0.00046
4.8275833,-267.334,2078.1,-0.01926,0.00046
4.82925,-204.677,2076.01,-0.01743,0.00046
4.8309,-144.109,2069.75,-0.01548,0.00046
4.8325667,-81.4532,2061.39,-0.01333,0.00046
4.8342333,-20.8854,2055.13,-0.01107,0.00054
4.8358833,43.8594,2050.95,-0.00869,0.00046
4.83755,102.339,2042.6,-0.00624,0.00046
4.8392167,164.995,2030.06,-0.00355,0.0005
4.8408667,227.651,2027.98,-0.00086,0.0005
4.8425333,288.219,2027.98,0.00179,0.0005
4.8442,346.698,2025.89,0.00452,0.0005
4.84585,407.266,2027.98,0.00713,0.00054
4.8475167,465.745,2036.33,0.00963,0.0005
4.8491833,520.047,2038.42,0.01201,0.00054
4.8508333,576.438,2042.6,0.01419,0.00062
4.8525,626.563,2050.95,0.01633,0.00046
4.8541667,674.6,2059.3,0.01832,0.00046
4.8558333,718.459,2063.48,0.02019,0.00046
4.8574833,760.23,2071.84,0.02206,0.00046
4.85915,799.912,2080.19,0.02382,0.00046
4.8608167,837.506,2082.28,0.02534,0.00046
4.8624667,870.923,2086.45,0.02662,0.00046
4.8641333,900.162,2096.9,0.02779,0.00043
4.8658,927.313,2101.07,0.02881,0.00043
4.86745,952.376,2103.16,0.02963,0.00043
4.8691167,964.907,2107.34,0.03029,0.00043
4.8707833,979.527,2113.61,0.03091,0.00039
4.8724333,989.97,2111.52,0.0313,0.00031
4.8741,996.235,2113.61,0.03169,0.00039
4.8757667,998.324,2117.78,0.03189,0.00035
4.8774167,996.235,2117.78,0.03204,0.00039
4.8790833,989.97,2113.61,0.03212,0.00035
4.88075,979.527,2113.61,0.03208,0.00035
4.8824,966.996,2115.69,0.03208,0.00035
4.8840667,952.376,2113.61,0.032,0.00039
4.8857333,929.402,2111.52,0.03181,0.00035
4.8873833,904.339,2113.61,0.03161,0.00035
4.88905,873.011,2111.52,0.03134,0.00035
4.8907167,845.86,2107.34,0.03099,0.00039
4.8923667,812.443,2105.25,0.03056,0.00039
4.8940333,776.938,2105.25,0.03006,0.00039
4.8957,735.167,2096.9,0.02943,0.00039
4.89735,691.308,2094.81,0.02873,0.00039
4.8990167,643.271,2094.81,0.02795,0.00043
4.9006833,595.235,2088.54,0.02701,0.00046
4.9023333,545.11,2082.28,0.026,0.00043
4.904,488.719,2082.28,0.02491,0.00043
4.9056667,434.417,2082.28,0.02362,0.00046
4.9073167,378.026,2076.01,0.02226,0.00046
4.9089833,321.636,2073.92,0.02074,0.00046
4.91065,258.979,2069.75,0.01898,0.00046
4.9123,198.412,2063.48,0.01727,0.0005
4.9139667,135.755,2061.39,0.01532,0.00046
4.9156333,77.2761,2059.3,0.01333,0.0005
4.9172833,18.7969,2055.13,0.01111,0.0005
4.91895,-43.8594,2048.86,0.00865,0.00066
4.9206167,-106.516,2053.04,0.00596,0.00046
4.9222833,-169.172,2057.22,0.00343,0.00046
4.9239333,-233.917,2057.22,0.00082,0.0005
4.9256,-294.485,2063.48,-0.00179,0.0005
4.9272667,-350.875,2071.84,-0.00441,0.00046
4.9289167,-409.355,2082.28,-0.00702,0.00046
4.9305833,-469.922,2088.54,-0.00959,0.00054
4.93225,-526.313,2094.81,-0.01205,0.0005
4.9339,-580.615,2101.07,-0.01431,0.00046
4.9355667,-630.74,2107.34,-0.01657,0.00062
4.9372333,-680.865,2113.61,-0.01867,0.0005
4.9388833,-724.725,2126.14,-0.02066,0.0005
4.94055,-768.584,2132.4,-0.02249,0.0005
4.9422167,-808.266,2140.76,-0.02429,0.00046
4.9438667,-845.86,2151.2,-0.02588,0.00046
4.9455333,-883.454,2157.47,-0.02737,0.00046
4.9472,-912.693,2159.55,-0.0285,0.00043
4.94885,-939.845,2165.82,-0.02963,0.00043
4.9505167,-962.819,2170,-0.03041,0.00046
4.9521833,-983.704,2170,-0.03111,0.0005
4.9538333,-998.324,2172.09,-0.03173,0.00043
4.9555,-1010.86,2174.17,-0.03216,0.00043
4.9571667,-1017.12,2176.26,-0.03243,0.00039
4.9588167,-1019.21,2174.17,-0.03275,0.00043
4.9604833,-1017.12,2174.17,-0.03286,0.00039
4.96215,-1012.94,2172.09,-0.03294,0.00043
4.9638,-1004.59,2170,-0.0329,0.00043
4.9654667,-992.058,2170,-0.0329,0.00046
4.9671333,-973.261,2167.91,-0.03286,0.00039
4.9687833,-954.464,2163.73,-0.03271,0.00043
4.97045,-927.313,2159.55,-0.03239,0.00039
4.9721167,-902.251,2153.29,-0.03216,0.00043
4.9737667,-870.923,2151.2,-0.03189,0.00046
4.9754333,-837.506,2142.85,-0.03142,0.00039
4.9771,-797.824,2136.58,-0.03087,0.00046
4.97875,-758.141,2130.31,-0.03025,0.00043
4.9804167,-716.37,2121.96,-0.02959,0.00046
4.9820833,-670.422,2113.61,-0.02877,0.00043
4.9837333,-620.297,2105.25,-0.02791,0.00046
4.9854,-570.172,2098.99,-0.02694,0.00043
4.9870667,-515.87,2090.63,-0.02577,0.00046
4.9887167,-463.657,2084.37,-0.02456,0.00046
4.9903833,-405.177,2082.28,-0.02312,0.00043
4.99205,-346.698,2076.01,-0.0216,0.00046
4.9937167,-286.13,2067.66,-0.01992,0.00046
4.9953667,-225.563,2067.66,-0.01813,0.00046
4.9970333,-167.083,2059.3,-0.01622,0.00046
4.9987,-102.339,2050.95,-0.01411,0.0005
5.00035,-41.7709,2046.77,-0.01193,0.00046
5.0020167,22.974,2042.6,-0.00947,0.00046
5.0036833,83.5417,2030.06,-0.00709,0.00054
5.0053333,144.109,2019.62,-0.00448,0.00054
5.007,206.766,2017.53,-0.00172,0.0005
5.0086667,269.422,2015.44,0.00097,0.0005
5.0103167,327.901,2013.36,0.00366,0.0005
5.0119833,390.558,2017.53,0.00635,0.0005
5.01365,446.948,2021.71,0.00893,0.0005
5.0153,503.339,2023.8,0.01134,0.0005
5.0169667,559.73,2030.06,0.0136,0.0005
5.0186333,611.943,2038.42,0.01579,0.0005
5.0202833,657.891,2042.6,0.01778,0.00058
5.02195,705.928,2048.86,0.01969,0.00046
5.0236167,747.699,2057.22,0.02156,0.00046
5.0252667,789.469,2067.66,0.02339,0.00046
5.0269333,827.063,2069.75,0.02499,0.00043
5.0286,860.48,2076.01,0.02635,0.00043
5.03025,891.808,2082.28,0.02756,0.00043
5.0319167,921.048,2088.54,0.02861,0.00046
5.0335833,944.022,2088.54,0.02951,0.00043
5.0352333,960.73,2092.72,0.03021,0.00043
5.0369,977.438,2098.99,0.03084,0.0005
5.0385667,987.881,2101.07,0.03134,0.00039
5.0402167,996.235,2103.16,0.03169,0.00039
5.0418833,998.324,2105.25,0.032,0.00039
5.04355,998.324,2105.25,0.03212,0.00039
5.0452,989.97,2103.16,0.03224,0.00039
5.0468667,983.704,2105.25,0.0322,0.00039
5.0485333,971.173,2101.07,0.0322,0.00039
5.0501833,956.553,2103.16,0.03216,0.00039
5.05185,935.667,2105.25,0.032,0.00039
5.0535167,914.782,2101.07,0.03185,0.00046
5.0551667,885.542,2096.9,0.03154,0.00039
5.0568333,856.303,2098.99,0.0313,0.00035
5.0585,822.886,2094.81,0.03087,0.00039
5.0601667,789.469,2092.72,0.03041,0.00039
5.0618167,749.787,2088.54,0.02982,0.00039
5.0634833,708.016,2084.37,0.02916,0.00043
5.06515,659.98,2082.28,0.02834,0.00043
5.0668,611.943,2078.1,0.02748,0.00043
5.0684667,559.73,2078.1,0.02651,0.00039
5.0701333,509.605,2071.84,0.02542,0.00046
5.0717833,455.302,2069.75,0.02421,0.00046
5.07345,398.912,2067.66,0.02288,0.00046
5.0751167,340.433,2063.48,0.02128,0.00046
5.0767667,279.865,2057.22,0.01969,0.00046
5.0784333,221.386,2055.13,0.01793,0.0005
5.0801,156.641,2050.95,0.0161,0.0005
5.08175,98.1615,2046.77,0.01407,0.00046
5.0834167,37.5938,2042.6,0.01193,0.0005
5.0850833,-25.0625,2042.6,0.00955,0.00046
5.0867333,-87.7188,2040.51,0.00686,0.00054
5.0884,-148.287,2042.6,0.00429,0.0005
5.0900667,-213.031,2044.68,0.00168,0.0005
5.0917167,-271.511,2050.95,-0.00094,0.0005
5.0933833,-334.167,2055.13,-0.00359,0.0005
5.09505,-392.646,2067.66,-0.0062,0.0005
5.0967,-453.214,2076.01,-0.00885,0.0005
5.0983667,-505.428,2080.19,-0.0113,0.0005
5.1000333,-563.907,2086.45,-0.01368,0.0005
5.1016833,-614.032,2094.81,-0.0159,0.00054
5.10335,-664.157,2098.99,-0.01809,0.0005
5.1050167,-710.105,2109.43,-0.02015,0.00058
5.1066667,-756.053,2119.87,-0.02203,0.00046
5.1083333,-795.735,2126.14,-0.02382,0.00046
5.11,-833.329,2134.49,-0.02549,0.00046
5.11165,-870.923,2142.85,-0.02701,0.0005
5.1133167,-904.339,2149.11,-0.0283,0.00046
5.1149833,-931.49,2151.2,-0.02939,0.00046
5.1166333,-958.641,2155.38,-0.03025,0.00043
5.1183,-977.438,2161.64,-0.03103,0.00043
5.1199667,-992.058,2161.64,-0.03165,0.00046
5.1216167,-1006.68,2163.73,-0.0322,0.0005
5.1232833,-1012.94,2161.64,-0.03251,0.00046
5.12495,-1019.21,2163.73,-0.03282,0.00046
5.1266,-1019.21,2159.55,-0.03302,0.00046
5.1282667,-1015.03,2159.55,-0.03306,0.00046
5.1299333,-1006.68,2157.47,-0.0331,0.00043
5.1316,-994.147,2157.47,-0.03306,0.0005
5.13325,-981.615,2153.29,-0.03302,0.00046
5.1349167,-962.819,2153.29,-0.03286,0.00046
5.1365833,-937.756,2149.11,-0.03263,0.00046
5.1382333,-914.782,2144.93,-0.03243,0.0005
5.1399,-883.454,2138.67,-0.03216,0.00043
5.1415667,-847.949,2132.4,-0.03173,0.00046
5.1432167,-812.443,2126.14,-0.03119,0.00046
5.1448833,-772.761,2119.87,-0.03064,0.00043
5.14655,-728.902,2109.43,-0.02994,0.00046
5.1482,-685.042,2101.07,-0.0292,0.00043
5.1498667,-637.006,2094.81,-0.02834,0.00046
5.1515333,-586.881,2088.54,-0.02737,0.00046
5.1531833,-532.579,2082.28,-0.02627,0.00046
5.15485,-480.365,2076.01,-0.02507,0.0005
5.1565167,-421.886,2069.75,-0.02374,0.00046
5.1581667,-365.495,2067.66,-0.02218,0.00046
5.1598333,-307.016,2059.3,-0.02058,0.00046
5.1615,-244.36,2055.13,-0.01883,0.00043
5.16315,-185.88,2048.86,-0.01696,0.0005
5.1648167,-123.224,2042.6,-0.01493,0.0005
5.1664833,-60.5678,2034.24,-0.01271,0.00046
5.1681333,0,2030.06,-0.01037,0.0005
5.1698,62.6563,2023.8,-0.00795,0.0005
5.1714667,125.313,2013.36,-0.00538,0.00054
5.1731167,183.792,2002.91,-0.00269,0.0005
5.1747833,248.537,2002.91,8e-05,0.00054
5.17645,304.927,1998.74,0.00277,0.00054
5.1781,367.584,2000.82,0.0055,0.00054
5.1797667,428.151,2005,0.00819,0.00054
5.1814333,484.542,2009.18,0.0106,0.0005
5.1830833,538.844,2013.36,0.0129,0.0005
5.18475,593.146,2023.8,0.01516,0.0005
5.1864167,641.183,2027.98,0.01723,0.0005
5.1880667,689.219,2034.24,0.01918,0.00046
5.1897333,730.99,2042.6,0.02109,0.0005
5.1914,774.85,2050.95,0.02296,0.00046
5.19305,812.443,2053.04,0.02456,0.00046
5.1947167,850.037,2061.39,0.02612,0.00043
5.1963833,881.365,2069.75,0.02733,0.00043
5.19805,910.605,2073.92,0.02842,0.00043
5.1997,935.667,2078.1,0.02939,0.00043
5.2013667,956.553,2082.28,0.03013,0.00043
5.2030333,973.261,2084.37,0.0308,0.00043
5.2046833,983.704,2086.45,0.03134,0.00039
5.20635,992.058,2090.63,0.03177,0.0005
5.2080167,998.324,2094.81,0.03208,0.00039
5.2096667,998.324,2092.72,0.03224,0.00039
5.2113333,996.235,2092.72,0.03236,0.00039
5.213,987.881,2092.72,0.03239,0.00039
5.21465,977.438,2092.72,0.03236,0.00043
5.2163167,962.819,2090.63,0.03232,0.00039
5.2179833,944.022,2092.72,0.03228,0.00039
5.2196333,921.048,2090.63,0.03204,0.00039
5.2213,893.897,2086.45,0.03181,0.00039
5.2229667,866.746,2086.45,0.0315,0.00046
5.2246167,835.417,2082.28,0.03119,0.00043
5.2262833,799.912,2082.28,0.03072,0.00043
5.22795,760.23,2076.01,0.03013,0.00035
5.2296,722.636,2076.01,0.02951,0.00043
5.2312667,674.6,2071.84,0.02877,0.00043
5.2329333,626.563,2065.57,0.02791,0.00043
5.2345833,576.438,2063.48,0.02698,0.00043
5.23625,526.313,2063.48,0.02592,0.00046
5.2379167,469.922,2057.22,0.02475,0.00043
5.2395667,417.709,2053.04,0.02343,0.00066
5.2412333,359.229,2050.95,0.02199,0.00043
5.2429,300.75,2048.86,0.02039,0.0005
5.24455,240.182,2040.51,0.01863,0.00046
5.2462167,179.615,2038.42,0.0168,0.0005
5.2478833,119.047,2038.42,0.01485,0.0005
5.2495333,58.4792,2032.15,0.01279,0.00054
5.2512,-2.08854,2027.98,0.01041,0.0005
5.2528667,-62.6563,2030.06,0.00784,0.0005
5.2545167,-129.49,2032.15,0.00518,0.00046
5.2561833,-192.146,2030.06,0.00257,0.00058
5.25785,-252.714,2036.33,-4e-05,0.0005
5.2595,-313.282,2042.6,-0.00265,0.00054
5.2611667,-369.672,2050.95,-0.00534,0.0005
5.2628333,-430.24,2057.22,-0.00799,0.00054
5.2645,-490.808,2067.66,-0.01056,0.0005
5.26615,-545.11,2076.01,-0.01294,0.00054
5.2678167,-597.323,2078.1,-0.0152,0.0005
5.2694833,-647.448,2084.37,-0.01746,0.00046
5.2711333,-695.485,2096.9,-0.01953,0.00046
5.2728,-741.433,2103.16,-0.02152,0.0005
5.2744667,-783.204,2107.34,-0.02335,0.00046
5.2761167,-822.886,2119.87,-0.0251,0.0005
5.2777833,-858.391,2130.31,-0.02666,0.00046
5.27945,-893.897,2132.4,-0.02799,0.00043
5.2811,-923.136,2138.67,-0.02908,0.00046
5.2827667,-950.287,2144.93,-0.03006,0.00046
5.2844333,-969.084,2144.93,-0.03091,0.00046
5.2860833,-987.881,2144.93,-0.03154,0.00046
5.28775,-1002.5,2153.29,-0.03204,0.00046
5.2894167,-1012.94,2151.2,-0.03247,0.00046
5.2910667,-1017.12,2149.11,-0.03275,0.0005
5.2927333,-1019.21,2149.11,-0.03302,0.00046
5.2944,-1017.12,2149.11,-0.03314,0.00046
5.29605,-1008.77,2144.93,-0.03317,0.00043
5.2977167,-1000.41,2142.85,-0.03317,0.00046
5.2993833,-987.881,2144.93,-0.03314,0.00043
5.3010333,-969.084,2138.67,-0.03306,0.00043
5.3027,-944.022,2134.49,-0.03282,0.00043
5.3043667,-921.048,2132.4,-0.03267,0.00046
5.3060167,-891.808,2128.23,-0.03232,0.00046
5.3076833,-860.48,2119.87,-0.03193,0.00054
5.30935,-824.975,2115.69,-0.03154,0.00046
5.311,-785.292,2107.34,-0.03095,0.00046
5.3126667,-745.61,2101.07,-0.03033,0.00043
5.3143333,-699.662,2090.63,-0.02963,0.00046
5.3159833,-653.714,2086.45,-0.02877,0.00046
5.31765,-605.678,2082.28,-0.02783,0.00046
5.3193167,-551.375,2073.92,-0.02678,0.00043
5.3209667,-499.162,2067.66,-0.02561,0.00043
5.3226333,-442.771,2063.48,-0.02425,0.00043
5.3243,-386.381,2055.13,-0.02284,0.00054
5.32595,-325.813,2046.77,-0.02125,0.00046
5.3276167,-265.245,2044.68,-0.01949,0.00046
5.3292833,-202.589,2040.51,-0.0177,0.00046
5.33095,-144.109,2030.06,-0.01575,0.0005
5.3326,-81.4532,2023.8,-0.01357,0.0005
5.3342667,-18.7969,2019.62,-0.01123,0.00046
5.3359333,41.7709,2013.36,-0.00881,0.0005
5.3375833,102.339,2000.82,-0.00635,0.0005
5.33925,164.995,1994.56,-0.00355,0.0005
5.3409167,229.74,1992.47,-0.00082,0.00062
5.3425667,288.219,1988.29,0.00191,0.00054
5.3442333,348.787,1986.2,0.0046,0.0005
5.3459,407.266,1992.47,0.00725,0.00054
5.34755,465.745,1992.47,0.00982,0.00054
5.3492167,522.136,2000.82,0.01224,0.00054
5.3508833,576.438,2009.18,0.01454,0.00054
5.3525333,626.563,2017.53,0.01661,0.0005
5.3542,674.6,2017.53,0.01859,0.0005
5.3558667,718.459,2025.89,0.02047,0.00046
5.3575167,760.23,2036.33,0.02245,0.0005
5.3591833,799.912,2044.68,0.02421,0.00046
5.36085,837.506,2046.77,0.02569,0.00046
5.3625,870.923,2055.13,0.02705,0.00046
5.3641667,902.251,2063.48,0.02826,0.00039
5.3658333,927.313,2061.39,0.0292,0.00043
5.3674833,950.287,2069.75,0.03002,0.00039
5.36915,966.996,2076.01,0.03072,0.00039
5.3708167,981.615,2076.01,0.0313,0.00039
5.3724667,989.97,2076.01,0.03177,0.00039
5.3741333,996.235,2080.19,0.03212,0.00043
5.3758,998.324,2080.19,0.03236,0.00039
5.37745,996.235,2078.1,0.03247,0.00039
5.3791167,989.97,2078.1,0.03255,0.00039
5.3807833,981.615,2080.19,0.03255,0.00039
5.3824333,966.996,2080.19,0.03251,0.00039
5.3841,952.376,2080.19,0.03247,0.00039
5.3857667,929.402,2080.19,0.03232,0.00039
5.3874167,906.428,2078.1,0.03208,0.00035
5.3890833,875.1,2073.92,0.03177,0.00035
5.39075,845.86,2073.92,0.0315,0.00039
5.3924,810.355,2073.92,0.03103,0.00046
5.3940667,774.85,2065.57,0.03045,0.00043
5.3957333,735.167,2061.39,0.0299,0.00039
5.3974,691.308,2061.39,0.02916,0.00039
5.39905,643.271,2057.22,0.0283,0.00043
5.4007167,593.146,2050.95,0.0274,0.00043
5.4023833,543.021,2050.95,0.02643,0.00046
5.4040333,488.719,2048.86,0.02526,0.00046
5.4057,436.506,2040.51,0.02401,0.00046
5.4073667,378.026,2038.42,0.02261,0.00046
5.4090167,319.547,2036.33,0.02101,0.00066
5.4106833,258.979,2030.06,0.0193,0.0005
5.41235,198.412,2025.89,0.0175,0.0005
5.414,135.755,2023.8,0.01559,0.0005
5.4156667,79.3647,2019.62,0.01357,0.0005
5.4173333,16.7083,2013.36,0.0113,0.00054
5.4189833,-43.8594,2017.53,0.00873,0.0005
5.42065,-108.604,2017.53,0.00604,0.0005
5.4223167,-169.172,2017.53,0.00351,0.0005
5.4239667,-233.917,2021.71,0.00082,0.0005
5.4256333,-290.308,2027.98,-0.00183,0.00062
5.4273,-352.964,2034.24,-0.00444,0.00054
5.42895,-409.355,2042.6,-0.00713,0.0005
5.4306167,-469.922,2053.04,-0.00975,0.0005
5.4322833,-524.224,2061.39,-0.0122,0.0005
5.4339333,-580.615,2063.48,-0.01454,0.00046
5.4356,-628.652,2071.84,-0.01684,0.00054
5.4372667,-678.777,2082.28,-0.01895,0.00054
5.4389167,-726.813,2088.54,-0.02097,0.0005
5.4405833,-770.673,2094.81,-0.02284,0.00054
5.44225,-808.266,2107.34,-0.02468,0.00062
5.4439,-845.86,2113.61,-0.02627,0.00046
5.4455667,-883.454,2115.69,-0.02772,0.0005
5.4472333,-914.782,2126.14,-0.02896,0.00046
5.4488833,-941.933,2132.4,-0.02994,0.0005
5.45055,-962.819,2132.4,-0.0308,0.0005
5.4522167,-983.704,2134.49,-0.03154,0.0005
5.4538667,-996.235,2138.67,-0.03208,0.0005
5.4555333,-1010.86,2138.67,-0.03251,0.00046
5.4572,-1017.12,2138.67,-0.03286,0.00046
5.45885,-1019.21,2138.67,-0.0331,0.00046
5.4605167,-1019.21,2138.67,-0.03333,0.00046
5.4621833,-1012.94,2134.49,-0.03333,0.00046
5.46385,-1002.5,2134.49,-0.03329,0.00043
5.4655,-989.97,2134.49,-0.03333,0.00046
5.4671667,-975.35,2130.31,-0.03321,0.00043
5.4688333,-952.376,2128.23,-0.03306,0.00039
5.4704833,-927.313,2126.14,-0.03286,0.00043
5.47215,-900.162,2119.87,-0.03251,0.00043
5.4738167,-870.923,2111.52,-0.03224,0.00046
5.4754667,-835.417,2107.34,-0.03177,0.00046
5.4771333,-795.735,2098.99,-0.03126,0.00043
5.4788,-760.23,2092.72,-0.03068,0.00046
5.48045,-714.282,2086.45,-0.02994,0.00043
5.4821167,-666.245,2080.19,-0.02912,0.00046
5.4837833,-620.297,2071.84,-0.02822,0.00043
5.4854333,-570.172,2065.57,-0.02725,0.00046
5.4871,-513.782,2061.39,-0.02612,0.00046
5.4887667,-459.48,2053.04,-0.02483,0.00046
5.4904167,-407.266,2044.68,-0.02347,0.00046
5.4920833,-344.61,2042.6,-0.02183,0.00046
5.49375,-286.13,2038.42,-0.02019,0.00054
5.4954,-223.474,2027.98,-0.01836,0.00043
5.4970667,-164.995,2019.62,-0.01645,0.0005
5.4987333,-102.339,2015.44,-0.01431,0.0005
5.5003833,-41.7709,2009.18,-0.01205,0.0005
5.50205,20.8854,2002.91,-0.00963,0.00046
5.5037167,83.5417,1998.74,-0.00717,0.0005
5.5053667,146.198,1986.2,-0.00448,0.00054
5.5070333,206.766,1977.85,-0.00175,0.0005
5.5087,269.422,1977.85,0.00094,0.00054
5.51035,327.901,1977.85,0.0037,0.00062
5.5120167,388.469,1977.85,0.00647,0.00054
5.5136833,446.948,1982.03,0.00904,0.00054
5.5153333,505.428,1988.29,0.0115,0.00054
5.517,559.73,1992.47,0.01384,0.00054
5.5186667,609.855,2000.82,0.01602,0.0005
5.5203167,659.98,2007.09,0.01805,0.0005
5.5219833,703.839,2015.44,0.02004,0.0005
5.52365,745.61,2017.53,0.02195,0.0005
5.5253,789.469,2025.89,0.0237,0.00046
5.5269667,829.152,2038.42,0.02538,0.00058
5.5286333,862.568,2044.68,0.02678,0.00043
5.5302833,891.808,2046.77,0.02799,0.00043
5.53195,918.959,2053.04,0.02904,0.00043
5.5336167,944.022,2061.39,0.02994,0.00043
5.5352833,960.73,2061.39,0.03064,0.00043
5.5369333,977.438,2061.39,0.03126,0.00043
5.5386,987.881,2069.75,0.03177,0.00039
5.5402667,996.235,2069.75,0.03212,0.00043
5.5419167,998.324,2067.66,0.03243,0.00039
5.5435833,998.324,2071.84,0.03259,0.00046
5.54525,989.97,2071.84,0.03271,0.00039
5.5469,983.704,2067.66,0.03271,0.00039
5.5485667,971.173,2067.66,0.03267,0.00039
5.5502333,954.464,2069.75,0.03263,0.00039
5.5518833,933.579,2069.75,0.03251,0.00039
5.55355,912.693,2067.66,0.03232,0.00039
5.5552167,885.542,2067.66,0.03204,0.00035
5.5568667,854.214,2063.48,0.03173,0.00039
5.5585333,822.886,2059.3,0.03126,0.00035
5.5602,787.381,2057.22,0.03084,0.00039
5.56185,747.699,2055.13,0.03017,0.00039
5.5635167,705.928,2050.95,0.02955,0.00039
5.5651833,659.98,2044.68,0.02873,0.00039
5.5668333,609.855,2044.68,0.02787,0.00043
5.5685,561.818,2042.6,0.02694,0.00046
5.5701667,507.516,2036.33,0.02577,0.00046
5.5718167,453.214,2032.15,0.02452,0.00046
5.5734833,396.823,2032.15,0.02316,0.00046
5.57515,340.433,2025.89,0.02164,0.00046
5.5768,279.865,2019.62,0.01996,0.00054
5.5784667,219.297,2017.53,0.01824,0.0005
5.5801333,156.641,2013.36,0.01633,0.0005
5.5817833,98.1615,2009.18,0.01431,0.00054
5.58345,35.5052,2005,0.01212,0.0005
5.5851167,-20.8854,2005,0.00967,0.0005
5.5867667,-87.7188,2005,0.00698,0.00054
5.5884333,-150.375,2007.09,0.00437,0.00054
5.5901,-210.943,2011.27,0.00172,0.00054
5.59175,-273.599,2011.27,-0.00094,0.00054
5.5934167,-332.078,2019.62,-0.00363,0.0005
5.5950833,-392.646,2032.15,-0.00632,0.00066
5.5967333,-451.125,2040.51,-0.00897,0.0005
5.5984,-507.516,2042.6,-0.01146,0.0005
5.6000667,-563.907,2053.04,-0.01384,0.0005
5.6017333,-614.032,2061.39,-0.01618,0.0005
5.6033833,-664.157,2065.57,-0.0184,0.00046
5.60505,-710.105,2076.01,-0.02039,0.0005
5.6067167,-756.053,2084.37,-0.02234,0.0005
5.6083667,-795.735,2092.72,-0.02417,0.0005
5.6100333,-835.417,2096.9,-0.02588,0.0005
5.6117,-870.923,2107.34,-0.02737,0.00062
5.61335,-902.251,2115.69,-0.02869,0.00046
5.6150167,-933.579,2115.69,-0.0297,0.0005
5.6166833,-956.553,2119.87,-0.03064,0.00046
5.6183333,-975.35,2128.23,-0.03142,0.00046
5.62,-992.058,2126.14,-0.03204,0.00043
5.6216667,-1004.59,2126.14,-0.03255,0.0005
5.6233167,-1015.03,2130.31,-0.03298,0.00046
5.6249833,-1019.21,2132.4,-0.03317,0.0005
5.62665,-1019.21,2126.14,-0.03337,0.00046
5.6283,-1015.03,2126.14,-0.03345,0.00054
5.6299667,-1006.68,2124.05,-0.03352,0.00046
5.6316333,-994.147,2121.96,-0.03345,0.00046
5.6332833,-981.615,2119.87,-0.03341,0.00046
5.63495,-956.553,2115.69,-0.03325,0.00046
5.6366167,-937.756,2115.69,-0.03302,0.00043
5.6382667,-912.693,2107.34,-0.03286,0.00046
5.6399333,-883.454,2105.25,-0.03247,0.0005
5.6416,-850.037,2098.99,-0.03212,0.00046
5.64325,-814.532,2088.54,-0.03158,0.00046
5.6449167,-772.761,2084.37,-0.03099,0.0005
5.6465833,-728.902,2078.1,-0.03037,0.00046
5.6482333,-685.042,2069.75,-0.02955,0.00046
5.6499,-634.917,2063.48,-0.02869,0.00046
5.6515667,-584.792,2059.3,-0.02764,0.00043
5.6532167,-532.579,2050.95,-0.02663,0.0005
5.6548833,-480.365,2044.68,-0.02538,0.00043
5.65655,-421.886,2038.42,-0.02401,0.00046
5.6582,-365.495,2032.15,-0.02245,0.00046
5.6598667,-304.927,2025.89,-0.02086,0.00046
5.6615333,-246.448,2025.89,-0.0191,0.00046
5.6631833,-181.703,2019.62,-0.01715,0.00046
5.66485,-123.224,2005,-0.01513,0.0005
5.6665167,-60.5678,1998.74,-0.0129,0.0005
5.6681667,2.08854,1996.65,-0.01049,0.00046
5.6698333,62.6563,1990.38,-0.00807,0.0005
5.6715,123.224,1977.85,-0.00554,0.0005
5.6731667,185.88,1969.5,-0.00269,0.0005
5.6748167,248.537,1969.5,0.00012,0.0005
5.6764833,307.016,1963.23,0.00285,0.00054
5.67815,365.495,1963.23,0.00557,0.00054
5.6798,428.151,1971.58,0.00826,0.00054
5.6814667,484.542,1975.76,0.01084,0.00054
5.6831333,540.933,1975.76,0.01318,0.0005
5.6847833,593.146,1984.12,0.01536,0.00054
5.68645,643.271,1996.65,0.0175,0.0005
5.6881167,691.308,1998.74,0.01949,0.00046
5.6897667,733.079,2000.82,0.02136,0.0005
5.6914333,774.85,2013.36,0.02319,0.0005
5.6931,814.532,2023.8,0.02495,0.00046
5.69475,852.126,2023.8,0.02643,0.00046
5.6964167,879.277,2025.89,0.02768,0.00054
5.6980833,910.605,2038.42,0.02881,0.00043
5.6997333,933.579,2044.68,0.02974,0.00046
5.7014,956.553,2042.6,0.03056,0.00043
5.7030667,971.173,2044.68,0.03122,0.00035
5.7047167,983.704,2053.04,0.03177,0.00043
5.7063833,992.058,2057.22,0.03216,0.00039
5.70805,996.235,2048.86,0.03247,0.00039
5.7097,996.235,2050.95,0.03267,0.00035
5.7113667,996.235,2057.22,0.03278,0.00039
5.7130333,987.881,2057.22,0.03278,0.00054
5.7146833,975.35,2048.86,0.03275,0.00035
5.71635,958.641,2048.86,0.03275,0.00039
5.7180167,944.022,2055.13,0.03271,0.00035
5.7196667,918.959,2050.95,0.03247,0.00035
5.7213333,895.985,2046.77,0.03228,0.00039
5.723,864.657,2044.68,0.03197,0.00039
5.72465,833.329,2046.77,0.03165,0.00039
5.7263167,797.824,2042.6,0.03111,0.00039
5.7279833,760.23,2032.15,0.03056,0.00043
5.7296333,720.547,2032.15,0.0299,0.00054
5.7313,674.6,2034.24,0.02916,0.00043
5.7329667,624.474,2027.98,0.02834,0.00043
5.7346167,574.349,2017.53,0.02733,0.00043
5.7362833,524.224,2019.62,0.02631,0.00046
5.73795,469.922,2021.71,0.0251,0.00043
5.7396167,415.62,2009.18,0.02378,0.00046
5.7412667,359.229,2005,0.0223,0.00046
5.7429333,298.662,2007.09,0.0207,0.0005
5.7446,238.094,2005,0.01891,0.0005
5.74625,177.526,1996.65,0.01711,0.0005
5.7479167,116.958,1990.38,0.01505,0.0005
5.7495833,56.3907,1992.47,0.01294,0.0005
5.7512333,-2.08854,1992.47,0.01056,0.0005
5.7529,-66.8334,1982.03,0.00791,0.00054
5.7545667,-129.49,1986.2,0.00522,0.0005
5.7562167,-192.146,1992.47,0.00253,0.00054
5.7578833,-252.714,1992.47,-0.00012,0.0005
5.75955,-315.37,1994.56,-0.00281,0.0005
5.7612,-373.849,2009.18,-0.0055,0.0005
5.7628667,-432.328,2021.71,-0.00823,0.0005
5.7645333,-488.719,2019.62,-0.01072,0.0005
5.7661833,-545.11,2025.89,-0.01322,0.00046
5.76785,-597.323,2038.42,-0.01555,0.0005
5.7695167,-649.537,2048.86,-0.01774,0.00046
5.7711667,-697.574,2048.86,-0.01988,0.0005
5.7728333,-741.433,2055.13,-0.02187,0.00046
5.7745,-783.204,2069.75,-0.0237,0.00046
5.77615,-824.975,2080.19,-0.02546,0.0005
5.7778167,-858.391,2078.1,-0.02701,0.00046
5.7794833,-895.985,2082.28,-0.02842,0.00046
5.7811333,-923.136,2094.81,-0.02959,0.00054
5.7828,-950.287,2101.07,-0.03052,0.00046
5.7844667,-971.173,2094.81,-0.0313,0.00046
5.7861167,-987.881,2094.81,-0.032,0.00046
5.7877833,-1000.41,2103.16,-0.03247,0.00046
5.78945,-1010.86,2103.16,-0.03298,0.00043
5.7911,-1017.12,2098.99,-0.03325,0.00046
5.7927667,-1019.21,2098.99,-0.03349,0.00046
5.7944333,-1015.03,2101.07,-0.0336,0.00046
5.7960833,-1010.86,2101.07,-0.03364,0.00043
5.79775,-998.324,2094.81,-0.03364,0.0005
5.7994167,-987.881,2092.72,-0.0336,0.00046
5.8010667,-966.996,2092.72,-0.03349,0.00046
5.8027333,-944.022,2088.54,-0.03325,0.00046
5.8044,-918.959,2082.28,-0.03306,0.00043
5.80605,-891.808,2080.19,-0.03275,0.00043
5.8077167,-858.391,2073.92,-0.03232,0.00046
5.8093833,-824.975,2067.66,-0.03193,0.00043
5.81105,-785.292,2059.3,-0.03138,0.00043
5.8127,-743.521,2055.13,-0.03064,0.00043
5.8143667,-699.662,2048.86,-0.02998,0.00054
5.8160333,-651.626,2040.51,-0.02912,0.00046
5.8176833,-605.678,2030.06,-0.02818,0.00043
5.81935,-551.375,2025.89,-0.02709,0.00046
5.8210167,-497.073,2023.8,-0.02596,0.00046
5.8226667,-442.771,2013.36,-0.0246,0.00043
5.8243333,-386.381,2005,-0.02316,0.00043
5.826,-323.724,2005,-0.02148,0.00046
5.82765,-265.245,2002.91,-0.01976,0.00046
5.8293167,-204.677,1990.38,-0.01789,0.00046
5.8309833,-144.109,1982.03,-0.01594,0.0005
5.8326333,-79.3647,1979.94,-0.01368,0.0005
5.8343,-18.7969,1975.76,-0.01138,0.00043
5.8359667,43.8594,1965.32,-0.00889,0.00046
5.8376167,104.427,1954.88,-0.00639,0.00046
5.8392833,167.083,1946.52,-0.00363,0.0005
5.84095,229.74,1946.52,-0.00082,0.00046
5.8426,290.308,1938.17,0.00199,0.0005
5.8442667,346.698,1936.08,0.00468,0.00054
5.8459333,409.355,1942.35,0.00745,0.00054
5.8475833,467.834,1948.61,0.01006,0.00054
5.84925,522.136,1946.52,0.01247,0.0005
5.8509167,576.438,1952.79,0.01474,0.0005
5.8525667,628.652,1965.32,0.01696,0.0005
5.8542333,674.6,1971.58,0.01895,0.0005
5.8559,718.459,1969.5,0.02089,0.00046
5.85755,760.23,1979.94,0.0228,0.00046
5.8592167,802.001,1994.56,0.02456,0.00046
5.8608833,839.594,2000.82,0.02616,0.00043
5.8625333,870.923,2000.82,0.02748,0.00043
5.8642,902.251,2007.09,0.02861,0.00043
5.8658667,927.313,2017.53,0.02963,0.00039
5.8675167,948.199,2019.62,0.03048,0.00039
5.8691833,964.907,2015.44,0.03115,0.00039
5.87085,981.615,2023.8,0.03177,0.00039
5.8725,992.058,2030.06,0.03224,0.00039
5.8741667,996.235,2032.15,0.03259,0.00039
5.8758333,996.235,2023.8,0.03278,0.00035
5.8775,996.235,2027.98,0.03294,0.00035
5.87915,989.97,2032.15,0.03298,0.00035
5.8808167,983.704,2032.15,0.03302,0.00039
5.8824833,966.996,2023.8,0.03294,0.00043
5.8841333,948.199,2025.89,0.0329,0.00035
5.8858,927.313,2025.89,0.03275,0.00035
5.8874667,904.339,2025.89,0.03255,0.00035
5.8891167,875.1,2015.44,0.03224,0.00035
5.8907833,847.949,2017.53,0.03193,0.00039
5.89245,810.355,2017.53,0.0315,0.00035
5.8941,774.85,2013.36,0.03091,0.00035
5.8957667,735.167,2009.18,0.03033,0.00035
5.8974333,693.396,2007.09,0.02959,0.00039
5.8990833,643.271,2005,0.02877,0.0005
5.90075,593.146,1998.74,0.02779,0.00039
5.9024167,545.11,1994.56,0.02682,0.00043
5.9040667,488.719,1994.56,0.02561,0.00043
5.9057333,434.417,1988.29,0.02436,0.00046
5.9074,378.026,1984.12,0.02292,0.00046
5.90905,319.547,1979.94,0.0214,0.00046
5.9107167,256.891,1979.94,0.01961,0.00046
5.9123833,198.412,1973.67,0.01778,0.00046
5.9140333,135.755,1967.41,0.01583,0.00046
5.9157,75.1876,1967.41,0.0138,0.00058
5.9173667,16.7083,1963.23,0.01142,0.0005
5.9190167,-43.8594,1961.14,0.00885,0.0005
5.9206833,-110.693,1963.23,0.00616,0.00046
5.92235,-171.261,1965.32,0.00355,0.00046
5.924,-231.828,1969.5,0.00086,0.00043
5.9256667,-292.396,1975.76,-0.00191,0.00046
5.9273333,-350.875,1982.03,-0.0046,0.00046
5.9289833,-411.443,1994.56,-0.00733,0.00046
5.93065,-469.922,2002.91,-0.00998,0.00046
5.9323167,-528.401,2007.09,-0.01244,0.00058
5.9339667,-580.615,2009.18,-0.01481,0.00046
5.9356333,-630.74,2019.62,-0.01711,0.00046
5.9373,-678.777,2032.15,-0.01926,0.00046
5.93895,-726.813,2032.15,-0.02128,0.00046
5.9406167,-770.673,2042.6,-0.02323,0.00043
5.9422833,-810.355,2055.13,-0.02507,0.00046
5.94395,-850.037,2065.57,-0.0267,0.00043
5.9456,-883.454,2069.75,-0.02807,0.00043
5.9472667,-914.782,2071.84,-0.02935,0.00043
5.9489333,-941.933,2080.19,-0.03037,0.00046
5.9505833,-964.907,2082.28,-0.03119,0.00046
5.95225,-983.704,2082.28,-0.03189,0.00043
5.9539167,-998.324,2082.28,-0.03247,0.00043
5.9555667,-1008.77,2086.45,-0.03294,0.00043
5.9572333,-1017.12,2086.45,-0.03333,0.00043
5.9589,-1019.21,2086.45,-0.03364,0.00046
5.96055,-1019.21,2082.28,-0.03372,0.00039
5.9622167,-1012.94,2082.28,-0.0338,0.00043
5.9638833,-1000.41,2082.28,-0.03376,0.00039
5.9655333,-989.97,2080.19,-0.03376,0.00043
5.9672,-975.35,2078.1,-0.03368,0.00043
5.9688667,-954.464,2071.84,-0.03352,0.00039
5.9705167,-927.313,2071.84,-0.03333,0.00039
5.9721833,-902.251,2063.48,-0.03302,0.00039
5.97385,-870.923,2059.3,-0.03267,0.00039
5.9755,-835.417,2055.13,-0.0322,0.00039
5.9771667,-797.824,2050.95,-0.03161,0.00039
5.9788333,-760.23,2040.51,-0.03107,0.00043
5.9804833,-714.282,2032.15,-0.03037,0.00039
5.98215,-666.245,2025.89,-0.02955,0.00039
5.9838167,-618.209,2025.89,-0.02865,0.00046
5.9854667,-568.084,2015.44,-0.0276,0.00043
5.9871333,-517.959,2007.09,-0.02655,0.00043
5.9888,-461.568,2000.82,-0.02522,0.00039
5.99045,-405.177,1994.56,-0.02374,0.00043
5.9921167,-342.521,1994.56,-0.02214,0.00043
5.9937833,-284.042,1984.12,-0.02047,0.00043
5.9954333,-223.474,1977.85,-0.01863,0.00043
5.9971,-162.906,1973.67,-0.01668,0.00043
5.9987667,-102.339,1965.32,-0.01454,0.00046
6.0004167,-41.7709,1954.88,-0.01232,0.00054
6.0020833,20.8854,1952.79,-0.00986,0.00046
6.00375,85.6303,1948.61,-0.00725,0.00043
6.0054,146.198,1936.08,-0.00456,0.00046
6.0070667,206.766,1923.55,-0.00175,0.0005
6.0087333,271.511,1925.64,0.00105,0.00046
6.0104,327.901,1925.64,0.00378,0.0005
6.01205,388.469,1923.55,0.00659,0.0005
6.0137167,444.86,1925.64,0.0092,0.0005
6.0153833,503.339,1938.17,0.01177,0.0005
6.0170333,559.73,1944.43,0.01411,0.00058
6.0187,611.943,1944.43,0.01629,0.00046
6.0203667,662.068,1948.61,0.01836,0.0005
6.0220167,705.928,1963.23,0.02039,0.00046
6.0236833,747.699,1973.67,0.0223,0.00043
6.02535,789.469,1973.67,0.02409,0.00043
6.027,827.063,1979.94,0.02577,0.00043
6.0286667,862.568,1992.47,0.02713,0.00043
6.0303333,893.897,1998.74,0.02842,0.00043
6.0319833,921.048,2000.82,0.02951,0.00035
6.03365,941.933,2005,0.03037,0.00043
6.0353167,962.819,2011.27,0.03115,0.00039
6.0369667,975.35,2013.36,0.03177,0.00035
6.0386333,989.97,2011.27,0.03232,0.00035
6.0403,996.235,2019.62,0.03271,0.00035
6.04195,998.324,2019.62,0.03294,0.00031
6.0436167,998.324,2019.62,0.03314,0.00031
6.0452833,992.058,2017.53,0.03317,0.00035
6.0469333,985.792,2019.62,0.03325,0.00039
6.0486,975.35,2019.62,0.03317,0.00031
6.0502667,952.376,2015.44,0.0331,0.00031
6.0519167,935.667,2015.44,0.03298,0.00031
6.0535833,908.516,2017.53,0.03278,0.00031
6.05525,883.454,2013.36,0.03251,0.00031
6.0569,856.303,2009.18,0.0322,0.00031
6.0585667,820.798,2007.09,0.03185,0.00035
6.0602333,789.469,2007.09,0.03134,0.00035
6.0618833,747.699,2000.82,0.03072,0.00035
6.06355,708.016,1996.65,0.03002,0.00039
6.0652167,655.803,1992.47,0.0292,0.00039
6.0668667,611.943,1992.47,0.02834,0.00043
6.0685333,559.73,1986.2,0.02729,0.00043
6.0702,507.516,1977.85,0.02616,0.00039
6.07185,451.125,1979.94,0.02491,0.00043
6.0735167,396.823,1977.85,0.02355,0.00043
6.0751833,338.344,1971.58,0.02199,0.00043
6.07685,279.865,1967.41,0.02031,0.00046
6.0785,217.209,1963.23,0.01856,0.0005
6.0801667,154.552,1959.05,0.01661,0.00046
6.0818333,96.073,1954.88,0.01454,0.00046
6.0834833,35.5052,1950.7,0.01232,0.00046
6.08515,-25.0625,1952.79,0.00978,0.00058
6.0868167,-85.6303,1954.88,0.00709,0.00046
6.0884667,-150.375,1954.88,0.00444,0.00043
6.0901333,-213.031,1956.97,0.00172,0.00043
6.0918,-273.599,1963.23,-0.00101,0.00046
6.09345,-334.167,1971.58,-0.0037,0.00046
6.0951167,-390.558,1979.94,-0.00647,0.00046
6.0967833,-451.125,1986.2,-0.0092,0.00046
6.0984333,-509.605,1994.56,-0.01169,0.00046
6.1001,-561.818,2000.82,-0.01411,0.00043
6.1017667,-616.12,2007.09,-0.01649,0.0005
6.1034167,-666.245,2013.36,-0.01867,0.00046
6.1050833,-712.193,2025.89,-0.02078,0.00046
6.10675,-758.141,2034.24,-0.02273,0.00043
6.1084,-797.824,2040.51,-0.02452,0.00043
6.1100667,-835.417,2048.86,-0.02627,0.00043
6.1117333,-870.923,2059.3,-0.02779,0.00046
6.1133833,-904.339,2065.57,-0.02908,0.00039
6.11505,-931.49,2065.57,-0.03017,0.00043
6.1167167,-956.553,2069.75,-0.03111,0.00039
6.1183667,-975.35,2076.01,-0.03181,0.0005
6.1200333,-994.147,2073.92,-0.03239,0.00043
6.1217,-1006.68,2073.92,-0.03298,0.00039
6.12335,-1012.94,2076.01,-0.03337,0.00043
6.1250167,-1019.21,2078.1,-0.03368,0.00039
6.1266833,-1017.12,2076.01,-0.03384,0.00039
6.1283333,-1012.94,2071.84,-0.03391,0.00039
6.13,-1006.68,2071.84,-0.03395,0.00039
6.1316667,-996.235,2071.84,-0.03395,0.00039
6.1333167,-979.527,2069.75,-0.03388,0.00039
6.1349833,-960.73,2065.57,-0.03368,0.00043
6.13665,-935.667,2063.48,-0.03352,0.00039
6.1383,-910.605,2057.22,-0.03329,0.00039
6.1399667,-883.454,2050.95,-0.03294,0.00039
6.1416333,-847.949,2044.68,-0.03247,0.00039
6.1433,-812.443,2042.6,-0.032,0.00039
6.14495,-772.761,2034.24,-0.03142,0.00039
6.1466167,-728.902,2023.8,-0.0308,0.00039
6.1482833,-685.042,2019.62,-0.02994,0.00039
6.1499333,-634.917,2013.36,-0.02908,0.00043
6.1516,-586.881,2005,-0.02811,0.00035
6.1532667,-532.579,1998.74,-0.02698,0.00043
6.1549167,-478.276,1994.56,-0.02577,0.00043
6.1565833,-421.886,1988.29,-0.02436,0.00043
6.15825,-363.407,1982.03,-0.0228,0.00043
6.1599,-302.839,1975.76,-0.02117,0.00043
6.1615667,-244.36,1969.5,-0.01941,0.00039
6.1632333,-183.792,1967.41,-0.01746,0.00043
6.1648833,-123.224,1959.05,-0.01532,0.00043
6.16655,-58.4792,1948.61,-0.01314,0.00043
6.1682167,2.08854,1942.35,-0.01068,0.00046
6.1698667,66.8334,1940.26,-0.00819,0.00054
6.1715333,125.313,1927.73,-0.00554,0.00046
6.1732,185.88,1915.19,-0.00273,0.00043
6.17485,250.625,1915.19,0.00012,0.0005
6.1765167,311.193,1915.19,0.00292,0.0005
6.1781833,369.672,1913.11,0.00573,0.00046
6.1798333,426.063,1913.11,0.00834,0.0005
6.1815,486.631,1919.37,0.01095,0.0005
6.1831667,540.933,1925.64,0.01337,0.00046
6.1848167,593.146,1929.81,0.01563,0.0005
6.1864833,643.271,1940.26,0.01778,0.00058
6.18815,693.396,1950.7,0.0198,0.00046
6.1898,730.99,1954.88,0.02171,0.00043
6.1914667,774.85,1963.23,0.02362,0.00039
6.1931333,812.443,1971.58,0.02534,0.00039
6.1947833,852.126,1979.94,0.0269,0.00039
6.19645,881.365,1982.03,0.02818,0.00039
6.1981167,912.693,1990.38,0.02931,0.00039
6.1997667,933.579,1994.56,0.03025,0.00039
6.2014333,956.553,2000.82,0.03107,0.00035
6.2031,971.173,2000.82,0.03169,0.00046
6.20475,987.881,2005,0.03228,0.00035
6.2064167,994.147,2009.18,0.03271,0.00035
6.2080833,1000.41,2011.27,0.03302,0.00031
6.20975,998.324,2007.09,0.03314,0.00035
6.2114,996.235,2009.18,0.03325,0.00035
6.2130667,987.881,2011.27,0.03329,0.00035
6.2147333,977.438,2011.27,0.03329,0.00035
6.2163833,960.73,2009.18,0.03325,0.00031
6.21805,944.022,2007.09,0.03317,0.00035
6.2197167,921.048,2007.09,0.03294,0.00046
6.2213667,893.897,2007.09,0.03275,0.00035
6.2230333,866.746,1998.74,0.03243,0.00031
6.2247,835.417,1998.74,0.03208,0.00035
6.22635,799.912,2000.82,0.03161,0.00031
6.2280167,760.23,1994.56,0.03103,0.00035
6.2296833,720.547,1986.2,0.03041,0.00039
6.2313333,672.511,1984.12,0.02959,0.00039
6.233,624.474,1984.12,0.02873,0.00039
6.2346667,574.349,1975.76,0.02779,0.00039
6.2363167,526.313,1973.67,0.0267,0.00043
6.2379833,469.922,1969.5,0.02549,0.00039
6.23965,415.62,1963.23,0.02421,0.00043
6.2413,357.141,1963.23,0.02269,0.00043
6.2429667,300.75,1961.14,0.02101,0.00046
6.2446333,238.094,1952.79,0.01926,0.00046
6.2462833,175.438,1950.7,0.01739,0.00046
6.24795,116.958,1948.61,0.01536,0.00043
6.2496167,56.3907,1944.43,0.01322,0.00043
6.2512667,-4.17709,1936.08,0.01072,0.00046
6.2529333,-64.7448,1942.35,0.00811,0.00046
6.2546,-127.401,1944.43,0.00534,0.00046
6.25625,-190.057,1944.43,0.00265,0.00046
6.2579167,-252.714,1948.61,-0.00012,0.00046
6.2595833,-313.282,1956.97,-0.00281,0.00046
6.2612333,-371.761,1969.5,-0.00561,0.00046
6.2629,-432.328,1975.76,-0.00834,0.00046
6.2645667,-490.808,1982.03,-0.01099,0.00046
6.2662167,-547.198,1990.38,-0.01341,0.00046
6.2678833,-595.235,1994.56,-0.01575,0.00046
6.26955,-647.448,2000.82,-0.01805,0.00043
6.2712,-697.574,2013.36,-0.02019,0.0005
6.2728667,-741.433,2019.62,-0.02218,0.00043
6.2745333,-785.292,2023.8,-0.02409,0.00043
6.2761833,-827.063,2036.33,-0.02588,0.00043
6.27785,-860.48,2046.77,-0.0274,0.00043
6.2795167,-893.897,2048.86,-0.02881,0.00039
6.2811833,-925.225,2055.13,-0.02998,0.00043
6.2828333,-950.287,2061.39,-0.03095,0.00039
6.2845,-971.173,2061.39,-0.03173,0.00039
6.2861667,-989.97,2065.57,-0.03243,0.00039
6.2878167,-1000.41,2069.75,-0.03294,0.0005
6.2894833,-1012.94,2069.75,-0.03341,0.00035
6.29115,-1017.12,2065.57,-0.03372,0.00039
6.2928,-1019.21,2065.57,-0.03391,0.00039
6.2944667,-1017.12,2067.66,-0.03403,0.00039
6.2961333,-1008.77,2061.39,-0.03407,0.00039
6.2977833,-998.324,2061.39,-0.03407,0.00039
6.29945,-987.881,2061.39,-0.03399,0.00035
6.3011167,-966.996,2057.22,-0.03388,0.00039
6.3027667,-944.022,2055.13,-0.03372,0.00035
6.3044333,-918.959,2050.95,-0.03356,0.0005
6.3061,-889.72,2046.77,-0.03317,0.00039
6.30775,-856.303,2040.51,-0.03275,0.00039
6.3094167,-820.798,2032.15,-0.03232,0.00039
6.3110833,-783.204,2027.98,-0.03177,0.00035
6.3127333,-745.61,2021.71,-0.03111,0.00039
6.3144,-697.574,2013.36,-0.03037,0.00039
6.3160667,-653.714,2007.09,-0.02951,0.00039
6.3177167,-603.589,2000.82,-0.02857,0.00039
6.3193833,-549.287,1992.47,-0.02748,0.00039
6.32105,-499.162,1986.2,-0.02631,0.00046
6.3227,-440.683,1979.94,-0.02495,0.00039
6.3243667,-382.203,1973.67,-0.02343,0.00039
6.3260333,-325.813,1969.5,-0.02183,0.00039
6.3276833,-265.245,1963.23,-0.02008,0.00039
6.32935,-202.589,1956.97,-0.01817,0.00043
6.3310167,-142.021,1946.52,-0.01614,0.00039
6.3326667,-79.3647,1940.26,-0.01392,0.00039
6.3343333,-18.7969,1936.08,-0.01154,0.00043
6.336,43.8594,1929.81,-0.00908,0.00046
6.33765,104.427,1919.37,-0.00651,0.00043
6.3393167,167.083,1911.02,-0.0037,0.00046
6.3409833,229.74,1904.75,-0.00082,0.00043
6.3426333,288.219,1898.49,0.00195,0.00046
6.3443,346.698,1898.49,0.00476,0.00046
6.3459667,409.355,1904.75,0.0076,0.0005
6.3476333,465.745,1908.93,0.01021,0.0005
6.3492833,522.136,1913.11,0.01271,0.00046
6.35095,576.438,1921.46,0.01501,0.00039
6.3526167,628.652,1929.81,0.01723,0.00046
6.3542667,674.6,1931.9,0.01926,0.00043
6.3559333,720.547,1942.35,0.02125,0.00043
6.3576,762.318,1954.88,0.02316,0.00043
6.35925,799.912,1956.97,0.02491,0.00039
6.3609167,839.594,1965.32,0.02651,0.00039
6.3625833,873.011,1973.67,0.02787,0.00035
6.3642333,902.251,1977.85,0.02904,0.00039
6.3659,927.313,1984.12,0.03006,0.00039
6.3675667,948.199,1988.29,0.03095,0.00035
6.3692167,966.996,1992.47,0.03165,0.00039
6.3708833,981.615,1992.47,0.03228,0.00031
6.37255,989.97,1998.74,0.03275,0.00039
6.3742,996.235,2000.82,0.03306,0.00035
6.3758667,998.324,1998.74,0.03325,0.00031
6.3775333,996.235,1998.74,0.03341,0.00027
6.3791833,989.97,2000.82,0.03349,0.00031
6.38085,979.527,1998.74,0.03341,0.00031
6.3825167,964.907,1994.56,0.03341,0.00031
6.3841667,952.376,1998.74,0.03337,0.00031
6.3858333,927.313,1998.74,0.03317,0.00031
6.3875,902.251,1992.47,0.03298,0.00031
6.38915,875.1,1992.47,0.03271,0.00043
6.3908167,847.949,1994.56,0.03239,0.00035
6.3924833,810.355,1988.29,0.03193,0.00031
6.3941333,774.85,1982.03,0.03142,0.00035
6.3958,735.167,1977.85,0.03076,0.00035
6.3974667,691.308,1977.85,0.03002,0.00035
6.3991167,641.183,1971.58,0.0292,0.00031
6.4007833,593.146,1967.41,0.02822,0.00035
6.40245,543.021,1965.32,0.02721,0.00039
6.4041,488.719,1963.23,0.02604,0.00039
6.4057667,434.417,1956.97,0.02471,0.0005
6.4074333,375.938,1950.7,0.02327,0.00043
6.4090833,319.547,1950.7,0.02167,0.00043
6.41075,258.979,1944.43,0.01996,0.00043
6.4124167,198.412,1938.17,0.01813,0.00043
6.4140667,135.755,1936.08,0.0161,0.00043
6.4157333,75.1876,1933.99,0.01399,0.00043
6.4174,14.6198,1925.64,0.01166,0.00043
6.4190667,-41.7709,1929.81,0.00904,0.00043
6.4207167,-108.604,1931.9,0.00628,0.00043
6.4223833,-173.349,1933.99,0.00355,0.00054
6.42405,-233.917,1933.99,0.00082,0.00043
6.4257,-294.485,1940.26,-0.00191,0.00046
6.4273667,-352.964,1950.7,-0.00464,0.00046
6.4290333,-411.443,1963.23,-0.00745,0.00046
6.4306833,-469.922,1969.5,-0.0101,0.00043
6.43235,-526.313,1973.67,-0.01259,0.00046
6.4340167,-580.615,1977.85,-0.01509,0.00046
6.4356667,-630.74,1988.29,-0.01739,0.00043
6.4373333,-680.865,1994.56,-0.01957,0.00039
6.439,-726.813,2000.82,-0.02164,0.00043
6.44065,-770.673,2013.36,-0.02358,0.00043
6.4423167,-810.355,2023.8,-0.02538,0.00043
6.4439833,-847.949,2030.06,-0.02701,0.00043
6.4456333,-883.454,2034.24,-0.0285,0.00039
6.4473,-914.782,2044.68,-0.02974,0.00039
6.4489667,-939.845,2046.77,-0.03076,0.00043
6.4506167,-964.907,2046.77,-0.03161,0.00043
6.4522833,-981.615,2050.95,-0.03239,0.00043
6.45395,-998.324,2057.22,-0.03286,0.00039
6.4556,-1008.77,2057.22,-0.03341,0.00039
6.4572667,-1015.03,2050.95,-0.03376,0.00039
6.4589333,-1019.21,2050.95,-0.03399,0.00039
6.4605833,-1017.12,2055.13,-0.03411,0.00039
6.46225,-1012.94,2050.95,-0.03419,0.00035
6.4639167,-1002.5,2050.95,-0.03419,0.00035
6.4655667,-989.97,2048.86,-0.03419,0.00035
6.4672333,-971.173,2044.68,-0.03407,0.00039
6.4689,-952.376,2042.6,-0.03391,0.00039
6.47055,-927.313,2038.42,-0.03372,0.00039
6.4722167,-902.251,2034.24,-0.03341,0.00039
6.4738833,-868.834,2032.15,-0.03306,0.00046
6.4755333,-837.506,2023.8,-0.03263,0.00035
6.4772,-797.824,2015.44,-0.03204,0.00039
6.4788667,-758.141,2009.18,-0.0315,0.00039
6.4805167,-712.193,2005,-0.03076,0.00039
6.4821833,-668.334,1994.56,-0.02994,0.00039
6.48385,-618.209,1988.29,-0.029,0.00043
6.4855167,-568.084,1982.03,-0.02795,0.00039
6.4871667,-511.693,1977.85,-0.02682,0.00039
6.4888333,-461.568,1967.41,-0.02553,0.00039
6.4905,-403.089,1963.23,-0.02409,0.0005
6.49215,-344.61,1956.97,-0.02249,0.00039
6.4938167,-281.953,1952.79,-0.02078,0.00043
6.4954833,-223.474,1942.35,-0.01895,0.00043
6.4971333,-162.906,1936.08,-0.01692,0.00043
6.4988,-102.339,1929.81,-0.01474,0.00043
6.5004667,-39.6823,1921.46,-0.01244,0.00043
6.5021167,22.974,1917.28,-0.00994,0.00046
6.5037833,83.5417,1911.02,-0.00737,0.00043
6.50545,146.198,1904.75,-0.00464,0.00046
6.5071,206.766,1888.04,-0.00183,0.00054
6.5087667,267.334,1883.87,0.00105,0.00046
6.5104333,327.901,1883.87,0.0039,0.00046
6.5120833,388.469,1883.87,0.0067,0.00046
6.51375,446.948,1885.95,0.00939,0.00046
6.5154167,503.339,1890.13,0.01193,0.00046
6.5170667,559.73,1898.49,0.01438,0.00043
6.5187333,611.943,1904.75,0.01661,0.00043
6.5204,657.891,1911.02,0.01867,0.00043
6.52205,708.016,1917.28,0.02074,0.00043
6.5237167,747.699,1927.73,0.02265,0.00046
6.5253833,789.469,1933.99,0.02444,0.00043
6.5270333,827.063,1940.26,0.02616,0.00035
6.5287,862.568,1950.7,0.02756,0.00035
6.5303667,891.808,1956.97,0.02877,0.00035
6.5320167,921.048,1961.14,0.0299,0.00031
6.5336833,944.022,1965.32,0.03076,0.00035
6.53535,960.73,1969.5,0.03158,0.00035
6.537,977.438,1971.58,0.03224,0.00035
6.5386667,989.97,1975.76,0.03275,0.00035
6.5403333,996.235,1975.76,0.0331,0.00035
6.5419833,998.324,1979.94,0.03337,0.00031
6.54365,996.235,1979.94,0.03349,0.00031
6.5453167,992.058,1979.94,0.0336,0.00031
6.5469667,983.704,1977.85,0.0336,0.00031
6.5486333,971.173,1975.76,0.03356,0.00031
6.5503,956.553,1975.76,0.03352,0.00031
6.55195,935.667,1975.76,0.03337,0.00027
6.5536167,910.605,1971.58,0.03321,0.00031
6.5552833,883.454,1971.58,0.03294,0.00031
6.55695,858.391,1971.58,0.03267,0.00031
6.5586,822.886,1965.32,0.03224,0.00035
6.5602667,787.381,1961.14,0.03173,0.00031
6.5619333,747.699,1961.14,0.03111,0.00031
6.5635833,705.928,1956.97,0.03045,0.00031
6.56525,655.803,1950.7,0.02963,0.00031
6.5669167,609.855,1946.52,0.02873,0.00035
6.5685667,559.73,1942.35,0.02772,0.00031
6.5702333,507.516,1940.26,0.02655,0.00035
6.5719,451.125,1933.99,0.02534,0.00035
6.57355,396.823,1931.9,0.02394,0.00039
6.5752167,336.255,1927.73,0.02238,0.0005
6.5768833,277.776,1923.55,0.02062,0.00043
6.5785333,217.209,1917.28,0.01887,0.00039
6.5802,156.641,1911.02,0.01692,0.00043
6.5818667,93.9845,1911.02,0.01477,0.00043
6.5835167,35.5052,1906.84,0.01251,0.00039
6.5851833,-25.0625,1904.75,0.01006,0.00043
6.58685,-85.6303,1908.93,0.00721,0.00046
6.5885,-148.287,1911.02,0.00452,0.00043
6.5901667,-215.12,1911.02,0.00179,0.00043
6.5918333,-277.776,1915.19,-0.00101,0.00058
6.5934833,-332.078,1925.64,-0.00378,0.00043
6.59515,-390.558,1936.08,-0.00651,0.00043
6.5968167,-451.125,1942.35,-0.00936,0.00043
6.5984667,-509.605,1948.61,-0.01189,0.00043
6.6001333,-563.907,1954.88,-0.01435,0.00039
6.6018,-614.032,1959.05,-0.01672,0.00039
6.60345,-666.245,1969.5,-0.01895,0.00039
6.6051167,-710.105,1979.94,-0.02097,0.00043
6.6067833,-756.053,1986.2,-0.023,0.00043
6.6084333,-795.735,1992.47,-0.02483,0.0005
6.6101,-837.506,1998.74,-0.02655,0.00039
6.6117667,-873.011,2009.18,-0.02807,0.00039
6.6134167,-904.339,2013.36,-0.02947,0.00039
6.6150833,-933.579,2017.53,-0.03056,0.00039
6.61675,-956.553,2023.8,-0.03146,0.00039
6.6184,-975.35,2025.89,-0.03224,0.00039
6.6200667,-992.058,2023.8,-0.03286,0.00035
6.6217333,-1004.59,2025.89,-0.03333,0.00031
6.6234,-1012.94,2027.98,-0.03372,0.00039
6.62505,-1019.21,2025.89,-0.03403,0.00039
6.6267167,-1019.21,2025.89,-0.03423,0.00031
6.6283833,-1012.94,2025.89,-0.0343,0.00035
6.6300333,-1008.77,2021.71,-0.0343,0.00035
6.6317,-994.147,2019.62,-0.03438,0.00035
6.6333667,-979.527,2019.62,-0.03427,0.00035
6.6350167,-958.641,2015.44,-0.03411,0.00035
6.6366833,-935.667,2013.36,-0.03391,0.00035
6.63835,-908.516,2009.18,-0.03364,0.00035
6.64,-879.277,2007.09,-0.03329,0.00035
6.6416667,-850.037,1996.65,-0.0329,0.00035
6.6433333,-810.355,1992.47,-0.03239,0.00031
6.6449833,-772.761,1986.2,-0.03181,0.00035
6.64665,-728.902,1979.94,-0.03115,0.00035
6.6483167,-685.042,1971.58,-0.03041,0.00035
6.6499667,-634.917,1965.32,-0.02943,0.00027
6.6516333,-586.881,1956.97,-0.0285,0.00031
6.6533,-532.579,1948.61,-0.02737,0.00035
6.65495,-478.276,1944.43,-0.02616,0.00035
6.6566167,-419.797,1940.26,-0.02464,0.00035
6.6582833,-363.407,1931.9,-0.02312,0.00035
6.6599333,-304.927,1923.55,-0.02148,0.00039
6.6616,-240.182,1921.46,-0.01965,0.00035
6.6632667,-183.792,1913.11,-0.0177,0.00035
6.6649167,-123.224,1900.57,-0.01563,0.00035
6.6665833,-58.4792,1898.49,-0.01333,0.00035
6.66825,2.08854,1896.4,-0.01084,0.00039
6.6699,66.8334,1888.04,-0.0083,0.00039
6.6715667,125.313,1879.69,-0.00565,0.00039
6.6732333,185.88,1869.25,-0.00277,0.00039
6.6748833,250.625,1862.98,0.00012,0.00039
6.67655,309.104,1860.89,0.00292,0.0005
6.6782167,369.672,1858.8,0.00581,0.00043
6.6798667,428.151,1862.98,0.00858,0.00043
6.6815333,486.631,1865.07,0.01119,0.00043
6.6832,540.933,1873.42,0.01368,0.00039
6.68485,595.235,1881.78,0.01598,0.00043
6.6865167,643.271,1888.04,0.01813,0.00043
6.6881833,691.308,1894.31,0.02015,0.00039
6.68985,735.167,1904.75,0.02214,0.00039
6.6915,774.85,1913.11,0.02401,0.00035
6.6931667,814.532,1917.28,0.02573,0.00043
6.6948333,850.037,1925.64,0.02729,0.00035
6.6964833,883.454,1936.08,0.02861,0.00031
6.69815,910.605,1938.17,0.0297,0.00031
6.6998167,933.579,1942.35,0.03068,0.00027
6.7014667,956.553,1950.7,0.03154,0.00031
6.7031333,971.173,1952.79,0.03216,0.00031
6.7048,985.792,1952.79,0.03275,0.00027
6.70645,994.147,1956.97,0.03314,0.00027
6.7081167,1000.41,1959.05,0.03345,0.00027
6.7097833,998.324,1956.97,0.03364,0.00035
6.7114333,996.235,1956.97,0.03372,0.00027
6.7131,987.881,1959.05,0.03376,0.00031
6.7147667,977.438,1956.97,0.03376,0.00023
6.7164167,960.73,1956.97,0.03372,0.00023
6.7180833,946.11,1956.97,0.03364,0.00023
6.71975,921.048,1956.97,0.03345,0.00027
6.7214,893.897,1950.7,0.03321,0.00027
6.7230667,864.657,1948.61,0.0329,0.00027
6.7247333,835.417,1948.61,0.03255,0.00027
6.7263833,797.824,1944.43,0.03208,0.00027
6.72805,760.23,1940.26,0.03154,0.00027
6.7297167,720.547,1938.17,0.03087,0.00031
6.7313667,670.422,1931.9,0.03006,0.00031
6.7330333,624.474,1927.73,0.0292,0.00031
6.7347,576.438,1925.64,0.02822,0.00031
6.73635,524.224,1921.46,0.02713,0.00035
6.7380167,469.922,1917.28,0.02588,0.00031
6.7396833,415.62,1913.11,0.02456,0.00035
6.7413333,357.141,1906.84,0.02304,0.00035
6.743,298.662,1904.75,0.0214,0.00039
6.7446667,236.005,1898.49,0.01957,0.00039
6.7463167,177.526,1892.22,0.01766,0.00039
6.7479833,116.958,1892.22,0.01563,0.00039
6.74965,56.3907,1885.95,0.01345,0.00039
6.7513,-4.17709,1881.78,0.01092,0.00039
6.7529667,-64.7448,1885.95,0.00823,0.00039
6.7546333,-129.49,1888.04,0.00546,0.00035
6.7563,-192.146,1890.13,0.00273,0.00039
6.75795,-252.714,1894.31,-8e-05,0.00035
6.7596167,-313.282,1904.75,-0.00285,0.00039
6.7612833,-371.761,1913.11,-0.00569,0.00046
6.7629333,-432.328,1919.37,-0.00846,0.00039
6.7646,-490.808,1923.55,-0.01111,0.00039
6.7662667,-545.11,1931.9,-0.01364,0.00039
6.7679167,-599.412,1936.08,-0.01602,0.00039
6.7695833,-649.537,1942.35,-0.01832,0.00039
6.77125,-697.574,1954.88,-0.0205,0.00035
6.7729,-741.433,1959.05,-0.02249,0.00035
6.7745667,-785.292,1967.41,-0.0244,0.00035
6.7762333,-827.063,1977.85,-0.0262,0.00035
6.7778833,-860.48,1986.2,-0.02776,0.00043
6.77955,-895.985,1990.38,-0.0292,0.00035
6.7812167,-925.225,1994.56,-0.03041,0.00035
6.7828667,-950.287,1998.74,-0.03134,0.00031
6.7845333,-971.173,2002.91,-0.03216,0.00031
6.7862,-989.97,2000.82,-0.03286,0.00031
6.78785,-1000.41,2005,-0.03333,0.00035
6.7895167,-1012.94,2007.09,-0.03376,0.00031
6.7911833,-1017.12,2002.91,-0.03407,0.00035
6.7928333,-1019.21,2002.91,-0.0343,0.00031
6.7945,-1015.03,2005,-0.03438,0.00039
6.7961667,-1008.77,2002.91,-0.0345,0.00027
6.7978167,-998.324,2000.82,-0.03446,0.00031
6.7994833,-987.881,2000.82,-0.03438,0.00035
6.80115,-964.907,1996.65,-0.03427,0.00031
6.8028,-944.022,1992.47,-0.03407,0.00027
6.8044667,-921.048,1990.38,-0.03391,0.00031
6.8061333,-889.72,1986.2,-0.03364,0.00035
6.8077833,-856.303,1982.03,-0.03317,0.00031
6.80945,-820.798,1975.76,-0.03271,0.00027
6.8111167,-783.204,1969.5,-0.03216,0.00039
6.8127667,-743.521,1961.14,-0.03154,0.00031
6.8144333,-699.662,1956.97,-0.0308,0.00031
6.8161,-651.626,1948.61,-0.02986,0.00031
6.81775,-601.501,1940.26,-0.02896,0.00031
6.8194167,-549.287,1931.9,-0.02791,0.00031
6.8210833,-497.073,1929.81,-0.02666,0.00027
6.82275,-442.771,1919.37,-0.02534,0.00031
6.8244,-386.381,1911.02,-0.02378,0.00031
6.8260667,-321.636,1908.93,-0.02214,0.00031
6.8277333,-263.156,1902.66,-0.02035,0.00031
6.8293833,-204.677,1894.31,-0.01848,0.00031
6.83105,-142.021,1885.95,-0.01645,0.00031
6.8327167,-79.3647,1881.78,-0.01415,0.00031
6.8343667,-18.7969,1873.42,-0.01177,0.00031
6.8360333,43.8594,1869.25,-0.0092,0.00031
6.8377,106.516,1862.98,-0.00659,0.00035
6.83935,167.083,1850.45,-0.00374,0.00035
6.8410167,229.74,1840.01,-0.0009,0.00035
6.8426833,290.308,1840.01,0.00199,0.00035
6.8443333,348.787,1842.1,0.00487,0.00035
6.846,409.355,1840.01,0.00776,0.00039
6.8476667,467.834,1844.18,0.01037,0.00039
6.8493167,526.313,1850.45,0.01294,0.00035
6.8509833,576.438,1854.63,0.01532,0.00039
6.85265,626.563,1860.89,0.0175,0.00035
6.8543,674.6,1871.33,0.01961,0.00031
6.8559667,720.547,1879.69,0.02164,0.00035
6.8576333,762.318,1888.04,0.02355,0.00031
6.8592833,802.001,1896.4,0.02534,0.00031
6.86095,839.594,1904.75,0.02698,0.00031
6.8626167,873.011,1911.02,0.02826,0.00039
6.8642667,902.251,1913.11,0.02951,0.00031
6.8659333,927.313,1921.46,0.03052,0.00027
6.8676,950.287,1929.81,0.03142,0.00027
6.86925,966.996,1929.81,0.03212,0.00023
6.8709167,981.615,1929.81,0.03275,0.00027
6.8725833,989.97,1933.99,0.03317,0.00023
6.8742333,996.235,1938.17,0.03356,0.00027
6.8759,998.324,1938.17,0.03376,0.00023
6.8775667,996.235,1938.17,0.03395,0.00027
6.8792167,987.881,1940.26,0.03395,0.00027
6.8808833,981.615,1936.08,0.03403,0.00019
6.88255,964.907,1936.08,0.03399,0.00019
6.8842,950.287,1938.17,0.03384,0.00023
6.8858667,927.313,1931.9,0.03364,0.00023
6.8875333,902.251,1929.81,0.03349,0.00023
6.8892,875.1,1931.9,0.03321,0.00019
6.89085,847.949,1927.73,0.0329,0.00023
6.8925167,810.355,1923.55,0.03247,0.00023
6.8941833,774.85,1919.37,0.03197,0.00023
6.8958333,735.167,1917.28,0.03126,0.00035
6.8975,693.396,1911.02,0.03056,0.00027
6.8991667,639.094,1904.75,0.0297,0.00023
6.9008167,593.146,1904.75,0.02877,0.00027
6.9024833,540.933,1898.49,0.02772,0.00027
6.90415,488.719,1894.31,0.02651,0.00027
6.9058,432.328,1892.22,0.02518,0.00027
6.9074667,375.938,1888.04,0.0237,0.00031
6.9091333,317.459,1883.87,0.02214,0.00031
6.9107833,256.891,1875.51,0.02031,0.00031
6.91245,198.412,1873.42,0.01848,0.00043
6.9141167,133.667,1867.16,0.01641,0.00031
6.9157667,75.1876,1865.07,0.01427,0.00031
6.9174333,14.6198,1860.89,0.01189,0.00031
6.9191,-43.8594,1865.07,0.00924,0.00035
6.92075,-110.693,1865.07,0.00643,0.00035
6.9224167,-173.349,1867.16,0.00366,0.00031
6.9240833,-233.917,1873.42,0.00086,0.00031
6.9257333,-294.485,1879.69,-0.00191,0.00039
6.9274,-352.964,1890.13,-0.00472,0.00035
6.9290667,-413.532,1898.49,-0.0076,0.00035
6.9307167,-472.011,1904.75,-0.01033,0.00031
6.9323833,-528.401,1906.84,-0.01286,0.00035
6.93405,-580.615,1913.11,-0.01536,0.00027
6.9357,-632.829,1923.55,-0.01766,0.00031
6.9373667,-682.954,1929.81,-0.01988,0.00035
6.9390333,-726.813,1940.26,-0.02195,0.00031
6.9406833,-772.761,1948.61,-0.0239,0.00027
6.94235,-810.355,1956.97,-0.02573,0.00031
6.9440167,-847.949,1963.23,-0.0274,0.00027
6.9456667,-883.454,1971.58,-0.02889,0.00027
6.9473333,-914.782,1973.67,-0.03017,0.00031
6.949,-939.845,1979.94,-0.03119,0.00031
6.95065,-962.819,1984.12,-0.03208,0.00027
6.9523167,-983.704,1984.12,-0.03282,0.00027
6.9539833,-998.324,1988.29,-0.03341,0.00027
6.95565,-1008.77,1988.29,-0.03391,0.00027
6.9573,-1017.12,1988.29,-0.03423,0.00027
6.9589667,-1019.21,1988.29,-0.0345,0.00031
6.9606333,-1019.21,1986.2,-0.03466,0.00031
6.9622833,-1015.03,1986.2,-0.03466,0.00027
6.96395,-1002.5,1986.2,-0.03466,0.00035
6.9656167,-992.058,1982.03,-0.03466,0.00027
6.9672667,-975.35,1979.94,-0.03454,0.00031
6.9689333,-950.287,1975.76,-0.03438,0.00023
6.9706,-927.313,1973.67,-0.03419,0.00027
6.97225,-900.162,1967.41,-0.03391,0.00027
6.9739167,-870.923,1965.32,-0.03352,0.00027
6.9755833,-835.417,1961.14,-0.0331,0.00023
6.9772333,-795.735,1954.88,-0.03251,0.00031
6.9789,-756.053,1946.52,-0.03185,0.00023
6.9805667,-714.282,1940.26,-0.03122,0.00039
6.9822167,-666.245,1933.99,-0.03041,0.00027
6.9838833,-618.209,1927.73,-0.02943,0.00027
6.98555,-565.995,1919.37,-0.02834,0.00027
6.9872,-513.782,1911.02,-0.02725,0.00023
6.9888667,-459.48,1904.75,-0.02592,0.00027
6.9905333,-401,1900.57,-0.0244,0.00027
6.9921833,-344.61,1892.22,-0.0228,0.00027
6.99385,-284.042,1888.04,-0.02109,0.00027
6.9955167,-221.386,1881.78,-0.01926,0.00027
6.9971667,-160.818,1875.51,-0.01723,0.00039
6.9988333,-100.25,1865.07,-0.01505,0.00027
7.0005,-41.7709,1858.8,-0.01267,0.00023
7.00215,25.0625,1856.72,-0.0101,0.00027
7.0038167,85.6303,1850.45,-0.00752,0.00027
7.0054833,146.198,1835.83,-0.00476,0.00031
7.0071333,206.766,1827.48,-0.00183,0.00031
7.0088,269.422,1827.48,0.00109,0.00035
7.0104667,327.901,1823.3,0.00394,0.00031
7.0121167,390.558,1819.12,0.00686,0.00031
7.0137833,446.948,1825.39,0.00955,0.00039
7.01545,507.516,1835.83,0.01224,0.00035
7.0171,559.73,1837.92,0.01466,0.00031
7.0187667,611.943,1842.1,0.01692,0.00031
7.0204333,662.068,1854.63,0.0191,0.00031
7.0220833,703.839,1862.98,0.02109,0.00027
7.02375,747.699,1867.16,0.02308,0.00023
7.0254167,789.469,1875.51,0.02495,0.00027
7.0270833,829.152,1885.95,0.02662,0.00027
7.0287333,860.48,1890.13,0.02807,0.00027
7.0304,891.808,1892.22,0.02935,0.00023
7.0320667,921.048,1902.66,0.03045,0.00023
7.0337167,941.933,1908.93,0.03138,0.00019
7.0353833,960.73,1908.93,0.03212,0.00023
7.03705,977.438,1913.11,0.03275,0.00019
7.0387,989.97,1917.28,0.03325,0.00019
7.0403667,994.147,1917.28,0.03364,0.00019
7.0420333,998.324,1915.19,0.03391,0.00019
7.0436833,998.324,1917.28,0.03407,0.00019
7.04535,992.058,1921.46,0.03415,0.00019
7.0470167,983.704,1917.28,0.03419,0.00019
7.0486667,971.173,1917.28,0.03415,0.00023
7.0503333,954.464,1919.37,0.03411,0.00015
7.052,933.579,1917.28,0.03395,0.00015
7.05365,912.693,1913.11,0.03376,0.00015
7.0553167,883.454,1915.19,0.03349,0.00019
7.0569833,854.214,1911.02,0.03321,0.00015
7.0586333,820.798,1906.84,0.03278,0.00019
7.0603,785.292,1904.75,0.03228,0.00019
7.0619667,747.699,1900.57,0.03173,0.00015
7.0636167,705.928,1894.31,0.03099,0.00023
7.0652833,655.803,1890.13,0.03017,0.00031
7.06695,609.855,1885.95,0.02928,0.00023
7.0686,557.641,1879.69,0.02822,0.00027
7.0702667,507.516,1873.42,0.02705,0.00023
7.0719333,451.125,1873.42,0.02577,0.00023
7.0735833,396.823,1871.33,0.0244,0.00023
7.07525,336.255,1862.98,0.02277,0.00027
7.0769167,277.776,1860.89,0.02109,0.00027
7.0785667,217.209,1854.63,0.01922,0.00027
7.0802333,154.552,1850.45,0.01727,0.00031
7.0819,96.073,1848.36,0.01505,0.00043
7.08355,35.5052,1842.1,0.01279,0.00031
7.0852167,-25.0625,1844.18,0.01021,0.00027
7.0868833,-87.7188,1848.36,0.00741,0.00027
7.0885333,-150.375,1846.27,0.00464,0.00031
7.0902,-213.031,1848.36,0.00191,0.00023
7.0918667,-273.599,1854.63,-0.00097,0.00031
7.0935333,-334.167,1865.07,-0.00378,0.00031
7.0951833,-392.646,1875.51,-0.00667,0.00031
7.09685,-455.302,1883.87,-0.00947,0.00031
7.0985167,-507.516,1890.13,-0.01208,0.00039
7.1001667,-565.995,1892.22,-0.01462,0.00031
7.1018333,-616.12,1898.49,-0.017,0.00027
7.1035,-666.245,1908.93,-0.0193,0.00027
7.10515,-714.282,1919.37,-0.02136,0.00027
7.1068167,-758.141,1923.55,-0.02335,0.00027
7.1084833,-797.824,1933.99,-0.02526,0.00027
7.1101333,-837.506,1940.26,-0.02698,0.00027
7.1118,-870.923,1948.61,-0.0285,0.00023
7.1134667,-904.339,1954.88,-0.0299,0.00023
7.1151167,-933.579,1961.14,-0.03099,0.00027
7.1167833,-958.641,1963.23,-0.03197,0.00023
7.11845,-977.438,1963.23,-0.03275,0.00023
7.1201,-994.147,1965.32,-0.03333,0.00023
7.1217667,-1006.68,1967.41,-0.03384,0.00019
7.1234333,-1017.12,1967.41,-0.0343,0.00023
7.1250833,-1019.21,1969.5,-0.03458,0.00023
7.12675,-1019.21,1967.41,-0.03473,0.00023
7.1284167,-1012.94,1967.41,-0.03485,0.00023
7.1300667,-1006.68,1963.23,-0.03485,0.00023
7.1317333,-994.147,1961.14,-0.03477,0.00023
7.1334,-979.527,1961.14,-0.03473,0.00023
7.13505,-958.641,1956.97,-0.03462,0.00023
7.1367167,-937.756,1956.97,-0.03446,0.00019
7.1383833,-908.516,1952.79,-0.03419,0.00023
7.1400333,-879.277,1946.52,-0.0338,0.00023
7.1417,-847.949,1942.35,-0.03341,0.00023
7.1433667,-810.355,1938.17,-0.0329,0.00023
7.1450167,-770.673,1929.81,-0.03224,0.00023
7.1466833,-728.902,1923.55,-0.03165,0.00023
7.14835,-685.042,1915.19,-0.03084,0.00023
7.15,-634.917,1911.02,-0.02994,0.00031
7.1516667,-584.792,1900.57,-0.02889,0.00019
7.1533333,-532.579,1894.31,-0.02779,0.00019
7.1549833,-476.188,1888.04,-0.02647,0.00023
7.15665,-421.886,1883.87,-0.0251,0.00023
7.1583167,-363.407,1873.42,-0.02351,0.00019
7.1599667,-302.839,1867.16,-0.02179,0.00019
7.1616333,-240.182,1865.07,-0.01992,0.00023
7.1633,-179.615,1856.72,-0.01797,0.00023
7.1649667,-121.136,1846.27,-0.0159,0.00019
7.1666167,-58.4792,1842.1,-0.01353,0.00039
7.1682833,4.17709,1837.92,-0.01099,0.00023
7.16995,64.7448,1829.56,-0.00842,0.00027
7.1716,125.313,1823.3,-0.00577,0.00027
7.1732667,187.969,1810.77,-0.00281,0.00027
7.1749333,252.714,1804.5,0.00012,0.00027
7.1765833,309.104,1800.32,0.00296,0.00031
7.17825,369.672,1804.5,0.00589,0.00031
7.1799167,428.151,1804.5,0.00873,0.00031
7.1815667,486.631,1810.77,0.01138,0.00031
7.1832333,543.021,1819.12,0.01392,0.00039
7.1849,595.235,1825.39,0.01622,0.00031
7.18655,643.271,1831.65,0.01848,0.00027
7.1882167,691.308,1842.1,0.02054,0.00027
7.1898833,733.079,1850.45,0.02253,0.00023
7.1915333,776.938,1856.72,0.02448,0.00023
7.1932,814.532,1862.98,0.0262,0.00019
7.1948667,852.126,1873.42,0.02779,0.00019
7.1965167,883.454,1881.78,0.02912,0.00019
7.1981833,910.605,1885.95,0.03025,0.00019
7.19985,933.579,1892.22,0.03122,0.00027
7.2015,956.553,1896.4,0.03204,0.00019
7.2031667,971.173,1898.49,0.03271,0.00015
7.2048333,983.704,1900.57,0.03333,0.00019
7.2064833,994.147,1906.84,0.03372,0.00015
7.20815,996.235,1911.02,0.03403,0.00012
7.2098167,996.235,1904.75,0.03423,0.00012
7.2114667,996.235,1904.75,0.03434,0.00012
7.2131333,989.97,1906.84,0.03434,0.00012
7.2148,975.35,1906.84,0.03434,0.00019
7.21645,962.819,1904.75,0.0343,0.00015
7.2181167,941.933,1906.84,0.03415,0.00015
7.2197833,916.871,1902.66,0.03399,0.00015
7.2214333,895.985,1902.66,0.0338,0.00012
7.2231,864.657,1902.66,0.03349,0.00015
7.2247667,831.24,1894.31,0.0331,0.00015
7.2264167,799.912,1892.22,0.03263,0.00015
7.2280833,760.23,1890.13,0.03208,0.00015
7.22975,718.459,1888.04,0.03142,0.00019
7.2314167,668.334,1877.6,0.0306,0.00015
7.2330667,624.474,1873.42,0.02974,0.00019
7.2347333,574.349,1871.33,0.02873,0.00019
7.2364,522.136,1867.16,0.0276,0.00023
7.23805,469.922,1860.89,0.02635,0.00023
7.2397167,413.532,1856.72,0.02499,0.00027
7.2413833,355.052,1854.63,0.02347,0.00023
7.2430333,298.662,1848.36,0.02183,0.00023
7.2447,236.005,1842.1,0.01996,0.00027
7.2463667,175.438,1842.1,0.01805,0.00027
7.2480167,116.958,1835.83,0.01598,0.00023
7.2496833,56.3907,1831.65,0.01368,0.00027
7.25135,-6.26563,1829.56,0.01119,0.00035
7.253,-66.8334,1835.83,0.00842,0.00027
7.2546667,-131.578,1835.83,0.00554,0.00023
7.2563333,-192.146,1835.83,0.00285,0.00027
7.2579833,-254.802,1842.1,-4e-05,0.00023
7.25965,-313.282,1850.45,-0.00285,0.00027
7.2613167,-371.761,1860.89,-0.00577,0.00027
7.2629667,-432.328,1867.16,-0.00862,0.00023
7.2646333,-492.896,1873.42,-0.0113,0.00023
7.2663,-543.021,1879.69,-0.01388,0.00027
7.26795,-599.412,1885.95,-0.01637,0.00039
7.2696167,-649.537,1894.31,-0.01867,0.00027
7.2712833,-697.574,1904.75,-0.02086,0.00027
7.2729333,-743.521,1913.11,-0.02284,0.00023
7.2746,-785.292,1917.28,-0.02479,0.00023
7.2762667,-827.063,1929.81,-0.02663,0.00027
7.2779167,-860.48,1938.17,-0.02818,0.00023
7.2795833,-895.985,1940.26,-0.02963,0.00023
7.28125,-925.225,1944.43,-0.03084,0.00023
7.2829,-952.376,1950.7,-0.03181,0.00023
7.2845667,-971.173,1954.88,-0.03263,0.00035
7.2862333,-987.881,1952.79,-0.03333,0.00019
7.2878833,-1000.41,1959.05,-0.03388,0.00019
7.28955,-1012.94,1961.14,-0.03427,0.00019
7.2912167,-1019.21,1954.88,-0.03462,0.00019
7.2928667,-1019.21,1954.88,-0.03481,0.00019
7.2945333,-1012.94,1956.97,-0.03497,0.00015
7.2962,-1010.86,1954.88,-0.03501,0.00019
7.29785,-1000.41,1952.79,-0.03493,0.00019
7.2995167,-985.792,1948.61,-0.03497,0.00019
7.3011833,-964.907,1948.61,-0.03489,0.00027
7.30285,-946.11,1942.35,-0.03469,0.00019
7.3045,-916.871,1942.35,-0.03442,0.00015
7.3061667,-889.72,1938.17,-0.03411,0.00019
7.3078333,-858.391,1931.9,-0.03372,0.00019
7.3094833,-822.886,1927.73,-0.03317,0.00019
7.31115,-783.204,1921.46,-0.03263,0.00015
7.3128167,-743.521,1913.11,-0.032,0.00019
7.3144667,-697.574,1904.75,-0.03122,0.00019
7.3161333,-647.448,1902.66,-0.03037,0.00019
7.3178,-601.501,1894.31,-0.02939,0.00023
7.31945,-549.287,1885.95,-0.0283,0.00019
7.3211167,-497.073,1879.69,-0.02709,0.00019
7.3227833,-438.594,1873.42,-0.02573,0.00019
7.3244333,-382.203,1867.16,-0.02417,0.00019
7.3261,-323.724,1860.89,-0.02253,0.00019
7.3277667,-261.068,1854.63,-0.02066,0.00023
7.3294167,-202.589,1850.45,-0.01875,0.00023
7.3310833,-142.021,1837.92,-0.01668,0.00023
7.33275,-79.3647,1829.56,-0.01442,0.00023
7.3344,-18.7969,1825.39,-0.01197,0.00019
7.3360667,43.8594,1821.21,-0.00932,0.00027
7.3377333,106.516,1812.86,-0.00671,0.00027
7.3393833,169.172,1804.5,-0.00382,0.00027
7.34105,229.74,1796.15,-0.00086,0.00027
7.3427167,290.308,1789.88,0.00207,0.00027
7.3443667,348.787,1789.88,0.00499,0.00027
7.3460333,411.443,1791.97,0.00799,0.00027
7.3477,467.834,1794.06,0.0106,0.00023
7.34935,526.313,1804.5,0.01322,0.00027
7.3510167,578.527,1812.86,0.01559,0.00027
7.3526833,630.74,1819.12,0.01789,0.00031
7.3543333,674.6,1825.39,0.01992,0.00023
7.356,722.636,1837.92,0.02203,0.00023
7.3576667,762.318,1846.27,0.02401,0.00023
7.3593167,804.089,1852.54,0.02581,0.00019
7.3609833,841.683,1860.89,0.0274,0.00019
7.36265,873.011,1869.25,0.02885,0.00015
7.3643,902.251,1873.42,0.03006,0.00015
7.3659667,927.313,1879.69,0.03115,0.00015
7.3676333,948.199,1885.95,0.032,0.00012
7.3693,966.996,1885.95,0.03271,0.00019
7.37095,981.615,1890.13,0.03333,0.00015
7.3726167,989.97,1892.22,0.03376,0.00012
7.3742833,996.235,1894.31,0.03411,0.00012
7.3759333,998.324,1892.22,0.03438,0.00012
7.3776,996.235,1894.31,0.0345,0.00012
7.3792667,989.97,1898.49,0.03454,0.00012
7.3809167,977.438,1894.31,0.03462,0.00015
7.3825833,966.996,1892.22,0.03454,0.00012
7.38425,948.199,1894.31,0.03442,0.00012
7.3859,927.313,1892.22,0.03427,0.00015
7.3875667,902.251,1890.13,0.03407,0.00012
7.3892333,873.011,1890.13,0.0338,8e-05
7.3908833,843.772,1885.95,0.03345,0.00012
7.39255,810.355,1879.69,0.03302,8e-05
7.3942167,772.761,1879.69,0.03243,0.00012
7.3958667,735.167,1875.51,0.03181,0.00012
7.3975333,689.219,1871.33,0.03107,0.00012
7.3992,641.183,1865.07,0.03021,0.00015
7.40085,593.146,1860.89,0.02924,0.00012
7.4025167,538.844,1854.63,0.02818,0.00019
7.4041833,488.719,1850.45,0.02698,0.00015
7.4058333,432.328,1846.27,0.02561,0.00019
7.4075,375.938,1842.1,0.02417,0.00023
7.4091667,315.37,1837.92,0.02257,0.00019
7.4108167,256.891,1833.74,0.02074,0.00023
7.4124833,196.323,1829.56,0.01887,0.00023
7.41415,133.667,1821.21,0.01676,0.00023
7.4158,75.1876,1821.21,0.01458,0.00019
7.4174667,14.6198,1817.03,0.01212,0.00023
7.4191333,-43.8594,1821.21,0.00947,0.00023
7.4207833,-110.693,1821.21,0.00655,0.00027
7.42245,-171.261,1823.3,0.00382,0.00023
7.4241167,-233.917,1827.48,0.00097,0.00027
7.4257667,-294.485,1833.74,-0.00195,0.00027
7.4274333,-352.964,1846.27,-0.00479,0.00027
7.4291,-413.532,1856.72,-0.00768,0.00023
7.43075,-472.011,1858.8,-0.01049,0.00023
7.4324167,-528.401,1865.07,-0.01306,0.00023
7.4340833,-582.704,1873.42,-0.01563,0.00023
7.43575,-632.829,1879.69,-0.01793,0.00023
7.4374,-682.954,1885.95,-0.02027,0.00023
7.4390667,-728.902,1896.4,-0.0223,0.00023
7.4407333,-770.673,1904.75,-0.02421,0.00027
7.4423833,-810.355,1911.02,-0.02612,0.00019
7.44405,-847.949,1919.37,-0.02779,0.00019
7.4457167,-883.454,1929.81,-0.02928,0.00023
7.4473667,-912.693,1933.99,-0.03056,0.00023
7.4490333,-941.933,1936.08,-0.03169,0.00019
7.4507,-964.907,1942.35,-0.03255,0.00019
7.45235,-983.704,1944.43,-0.03317,0.00019
7.4540167,-998.324,1944.43,-0.03384,0.00023
7.4556833,-1010.86,1944.43,-0.03438,0.00015
7.4573333,-1015.03,1946.52,-0.03469,0.00015
7.459,-1019.21,1948.61,-0.03493,0.00019
7.4606667,-1017.12,1944.43,-0.03505,0.00015
7.4623167,-1010.86,1944.43,-0.03516,0.00015
7.4639833,-1000.41,1942.35,-0.03516,0.00015
7.46565,-992.058,1942.35,-0.03512,0.00015
7.4673,-975.35,1938.17,-0.03501,0.00015
7.4689667,-954.464,1936.08,-0.03489,0.00015
7.4706333,-927.313,1933.99,-0.03469,0.00027
7.4722833,-898.074,1929.81,-0.03438,0.00012
7.47395,-868.834,1923.55,-0.03403,0.00015
7.4756167,-835.417,1919.37,-0.03352,0.00012
7.4772667,-797.824,1913.11,-0.03298,0.00019
7.4789333,-756.053,1906.84,-0.03236,0.00015
7.4806,-710.105,1900.57,-0.03165,0.00015
7.48225,-666.245,1894.31,-0.0308,0.00015
7.4839167,-618.209,1885.95,-0.02986,0.00015
7.4855833,-568.084,1879.69,-0.02881,0.00015
7.4872333,-513.782,1871.33,-0.0276,0.00031
7.4889,-459.48,1865.07,-0.02631,0.00015
7.4905667,-401,1858.8,-0.02475,0.00019
7.4922167,-342.521,1854.63,-0.02316,0.00015
7.4938833,-284.042,1842.1,-0.0214,0.00015
7.49555,-221.386,1840.01,-0.01949,0.00019
7.4972,-160.818,1833.74,-0.01746,0.00015
7.4988667,-100.25,1821.21,-0.01528,0.00019
7.5005333,-39.6823,1814.94,-0.01286,0.00019
7.5022,25.0625,1812.86,-0.01025,0.00023
7.50385,85.6303,1806.59,-0.00756,0.00023
7.5055167,146.198,1794.06,-0.00479,0.00019
7.5071833,208.854,1785.7,-0.00187,0.00023
7.5088333,271.511,1783.62,0.00105,0.00023
7.5105,327.901,1779.44,0.00398,0.00023
7.5121667,390.558,1779.44,0.00698,0.00023
7.5138167,449.037,1783.62,0.00978,0.00023
7.5154833,503.339,1791.97,0.01244,0.00027
7.51715,559.73,1796.15,0.01489,0.00023
7.5188,611.943,1804.5,0.01723,0.00023
7.5204667,662.068,1814.94,0.01941,0.00023
7.5221333,705.928,1823.3,0.02152,0.00019
7.5237833,747.699,1829.56,0.02347,0.00019
7.52545,791.558,1842.1,0.02534,0.00019
7.5271167,829.152,1850.45,0.02705,0.00015
7.5287667,860.48,1854.63,0.02857,0.00012
7.5304333,893.897,1860.89,0.02986,0.00015
7.5321,921.048,1869.25,0.03091,0.00012
7.53375,941.933,1873.42,0.03185,0.00012
7.5354167,962.819,1875.51,0.03267,0.00012
7.5370833,977.438,1883.87,0.03329,8e-05
7.5387333,989.97,1885.95,0.03384,0.00015
7.5404,996.235,1883.87,0.03419,0.00012
7.5420667,998.324,1888.04,0.03446,8e-05
7.5437167,998.324,1885.95,0.03469,0.00012
7.5453833,992.058,1885.95,0.03477,8e-05
7.54705,983.704,1885.95,0.03477,0.00012
7.5487,971.173,1888.04,0.03477,0.00012
7.5503667,954.464,1883.87,0.03469,8e-05
7.5520333,933.579,1885.95,0.03458,8e-05
7.5536833,910.605,1885.95,0.03438,0.00012
7.55535,885.542,1879.69,0.03407,0.00015
7.5570167,854.214,1879.69,0.03372,0.00012
7.5586667,822.886,1877.6,0.03337,8e-05
7.5603333,785.292,1873.42,0.03286,8e-05
7.562,745.61,1867.16,0.03224,8e-05
7.56365,705.928,1862.98,0.0315,0.00012
7.5653167,655.803,1858.8,0.03064,0.00012
7.5669833,607.766,1854.63,0.02978,0.00012
7.5686333,557.641,1846.27,0.02873,0.00012
7.5703,505.428,1842.1,0.02752,0.00015
7.5719667,451.125,1840.01,0.02627,0.00027
7.5736333,396.823,1831.65,0.02479,0.00015
7.5752833,336.255,1829.56,0.02319,0.00015
7.57695,275.688,1827.48,0.02148,0.00019
7.5786167,217.209,1819.12,0.01961,0.00019
7.5802667,156.641,1817.03,0.01762,0.00015
7.5819333,93.9845,1812.86,0.0154,0.00019
7.5836,35.5052,1808.68,0.01306,0.00019
7.58525,-25.0625,1808.68,0.01041,0.00023
7.5869167,-89.8074,1814.94,0.00756,0.00023
7.5885833,-152.464,1814.94,0.00472,0.00031
7.5902333,-213.031,1814.94,0.00191,0.00023
7.5919,-273.599,1823.3,-0.00097,0.00023
7.5935667,-336.255,1835.83,-0.00394,0.00023
7.5952167,-394.735,1842.1,-0.00682,0.00023
7.5968833,-455.302,1848.36,-0.00963,0.00019
7.59855,-509.605,1854.63,-0.01232,0.00019
7.6002,-563.907,1858.8,-0.01481,0.00019
7.6018667,-616.12,1867.16,-0.01731,0.00019
7.6035333,-666.245,1877.6,-0.01965,0.00019
7.6051833,-712.193,1888.04,-0.02171,0.00023
7.60685,-760.23,1892.22,-0.02378,0.00019
7.6085167,-797.824,1902.66,-0.02561,0.00015
7.6101667,-837.506,1913.11,-0.0274,0.00019
7.6118333,-870.923,1917.28,-0.02892,0.00019
7.6135,-906.428,1923.55,-0.03033,0.00019
7.61515,-931.49,1931.9,-0.03146,0.00019
7.6168167,-956.553,1931.9,-0.03239,0.00015
7.6184833,-975.35,1931.9,-0.03314,0.00015
7.6201333,-994.147,1938.17,-0.03376,0.00012
7.6218,-1004.59,1938.17,-0.0343,0.00015
7.6234667,-1012.94,1938.17,-0.03477,0.00019
7.6251167,-1019.21,1938.17,-0.03497,0.00015
7.6267833,-1019.21,1942.35,-0.03516,0.00015
7.62845,-1012.94,1936.08,-0.03532,0.00015
7.6301,-1006.68,1933.99,-0.03528,0.00015
7.6317667,-994.147,1933.99,-0.03532,0.00012
7.6334333,-979.527,1931.9,-0.03524,0.00015
7.6350833,-960.73,1927.73,-0.03512,0.00015
7.63675,-935.667,1927.73,-0.03485,0.00015
7.6384167,-908.516,1923.55,-0.03462,0.00015
7.6400833,-879.277,1917.28,-0.0343,0.00023
7.6417333,-845.86,1911.02,-0.03388,0.00012
7.6434,-808.266,1906.84,-0.03333,0.00015
7.6450667,-770.673,1900.57,-0.03275,0.00015
7.6467167,-728.902,1894.31,-0.03208,0.00015
7.6483833,-680.865,1888.04,-0.03126,0.00015
7.65005,-634.917,1879.69,-0.03029,0.00015
7.6517,-584.792,1871.33,-0.02935,0.00012
7.6533667,-530.49,1867.16,-0.02815,0.00012
7.6550333,-478.276,1860.89,-0.02686,0.00012
7.6566833,-419.797,1854.63,-0.02542,0.00023
7.65835,-363.407,1844.18,-0.02386,0.00015
7.6600167,-300.75,1842.1,-0.02206,0.00015
7.6616667,-240.182,1835.83,-0.02027,0.00015
7.6633333,-179.615,1823.3,-0.01824,0.00015
7.665,-121.136,1817.03,-0.01614,0.00015
7.66665,-56.3907,1810.77,-0.01372,0.00019
7.6683167,2.08854,1804.5,-0.01119,0.00015
7.6699833,66.8334,1802.41,-0.00854,0.00015
7.6716333,125.313,1791.97,-0.00585,0.00019
7.6733,190.057,1779.44,-0.00285,0.00031
7.6749667,250.625,1773.17,8e-05,0.00015
7.6766167,309.104,1773.17,0.00304,0.00023
7.6782833,369.672,1769,0.00608,0.00023
7.67995,430.24,1773.17,0.00893,0.00019
7.6816,486.631,1779.44,0.01162,0.00023
7.6832667,540.933,1785.7,0.01423,0.00023
7.6849333,595.235,1794.06,0.01657,0.00019
7.6865833,645.36,1804.5,0.01883,0.00019
7.68825,691.308,1817.03,0.02093,0.00019
7.6899167,735.167,1823.3,0.02296,0.00027
7.6915667,774.85,1829.56,0.02487,0.00019
7.6932333,816.62,1840.01,0.02662,0.00015
7.6949,850.037,1848.36,0.02818,0.00015
7.69655,883.454,1854.63,0.02955,0.00012
7.6982167,910.605,1860.89,0.03072,0.00012
7.6998833,935.667,1867.16,0.03173,8e-05
7.7015333,956.553,1871.33,0.03255,8e-05
7.7032,971.173,1873.42,0.03317,8e-05
7.7048667,987.881,1879.69,0.0338,8e-05
7.7065333,992.058,1879.69,0.03423,8e-05
7.7081833,996.235,1879.69,0.03458,0.00012
7.70985,996.235,1879.69,0.03473,8e-05
7.7115167,996.235,1883.87,0.03489,0.00012
7.7131667,985.792,1879.69,0.03493,4e-05
7.7148333,975.35,1879.69,0.03493,8e-05
7.7165,960.73,1881.78,0.03485,8e-05
7.71815,941.933,1879.69,0.03473,8e-05
7.7198167,916.871,1875.51,0.03462,8e-05
7.7214833,895.985,1875.51,0.03434,8e-05
7.7231333,866.746,1873.42,0.03403,4e-05
7.7248,833.329,1869.25,0.03364,0.00012
7.7264667,797.824,1867.16,0.03314,8e-05
7.7281167,760.23,1865.07,0.03259,4e-05
7.7297833,718.459,1858.8,0.03189,0.00012
7.73145,670.422,1852.54,0.03111,0.00012
7.7331,624.474,1848.36,0.03021,0.00012
7.7347667,574.349,1844.18,0.0292,0.00015
7.7364333,520.047,1840.01,0.02807,0.00012
7.7380833,469.922,1833.74,0.02678,0.00012
7.73975,415.62,1829.56,0.02542,0.00019
7.7414167,352.964,1825.39,0.02386,0.00027
7.7430667,296.573,1817.03,0.02218,0.00019
7.7447333,236.005,1817.03,0.02031,0.00019
7.7464,175.438,1812.86,0.0184,0.00015
7.74805,116.958,1806.59,0.01629,0.00015
7.7497167,56.3907,1802.41,0.01392,0.00019
7.7513833,-6.26563,1802.41,0.01138,0.00019
7.7530333,-66.8334,1804.5,0.00862,0.00019
7.7547,-133.667,1806.59,0.00577,0.00019
7.7563667,-192.146,1808.68,0.00292,0.00019
7.7580167,-252.714,1810.77,0,0.00031
7.7596833,-313.282,1821.21,-0.00292,0.00019
7.76135,-371.761,1835.83,-0.00585,0.00015
7.763,-432.328,1842.1,-0.00869,0.00019
7.7646667,-492.896,1844.18,-0.0115,0.00019
7.7663333,-545.11,1854.63,-0.01403,0.00019
7.7679833,-599.412,1860.89,-0.01661,0.00015
7.76965,-649.537,1867.16,-0.01898,0.00015
7.7713167,-697.574,1877.6,-0.02117,0.00019
7.7729833,-743.521,1885.95,-0.02319,0.00019
7.7746333,-785.292,1896.4,-0.0251,0.00027
7.7763,-822.886,1902.66,-0.02694,0.00019
7.7779667,-860.48,1913.11,-0.02857,0.00019
7.7796167,-895.985,1917.28,-0.03006,0.00019
7.7812833,-925.225,1921.46,-0.03126,0.00015
7.78295,-950.287,1927.73,-0.0322,0.00015
7.7846,-973.261,1929.81,-0.03302,0.00019
7.7862667,-989.97,1929.81,-0.03376,0.00015
7.7879333,-1000.41,1931.9,-0.0343,0.00015
7.7895833,-1012.94,1936.08,-0.03477,0.00015
7.79125,-1019.21,1936.08,-0.03508,0.00023
7.7929167,-1019.21,1931.9,-0.03532,0.00012
7.7945667,-1017.12,1933.99,-0.03544,0.00012
7.7962333,-1008.77,1929.81,-0.03544,0.00015
7.7979,-1000.41,1929.81,-0.03544,0.00015
7.79955,-983.704,1927.73,-0.03536,0.00012
7.8012167,-969.084,1925.64,-0.03528,0.00012
7.8028833,-944.022,1921.46,-0.03508,0.00012
7.8045333,-916.871,1917.28,-0.03489,0.00012
7.8062,-889.72,1915.19,-0.03454,0.00012
7.8078667,-856.303,1908.93,-0.03415,0.00015
7.8095167,-820.798,1904.75,-0.03368,0.00012
7.8111833,-783.204,1898.49,-0.03306,0.00012
7.81285,-743.521,1892.22,-0.03243,0.00012
7.8145,-697.574,1885.95,-0.03169,0.00015
7.8161667,-649.537,1879.69,-0.03076,0.00015
7.8178333,-599.412,1869.25,-0.02974,0.00012
7.8194833,-549.287,1862.98,-0.02869,0.00015
7.82115,-494.985,1854.63,-0.02744,0.00015
7.8228167,-440.683,1850.45,-0.02608,0.00012
7.8244667,-382.203,1842.1,-0.02452,0.00012
7.8261333,-323.724,1835.83,-0.02284,0.00015
7.8278,-261.068,1833.74,-0.02101,0.00015
7.82945,-200.5,1823.3,-0.01902,0.00012
7.8311167,-142.021,1814.94,-0.017,0.00015
7.8327833,-77.2761,1806.59,-0.01462,0.00015
7.8344333,-16.7083,1798.24,-0.01216,0.00015
7.8361,45.948,1796.15,-0.00951,0.00015
7.8377667,106.516,1791.97,-0.00682,0.00015
7.8394333,167.083,1779.44,-0.00386,0.00015
7.8410833,227.651,1769,-0.0009,0.00019
7.84275,290.308,1769,0.00207,0.00027
7.8444167,350.875,1766.91,0.00507,0.00019
7.8460667,411.443,1766.91,0.00811,0.00019
7.8477333,467.834,1773.17,0.0108,0.00023
7.8494,524.224,1779.44,0.01341,0.00019
7.85105,578.527,1787.79,0.0159,0.00019
7.8527167,630.74,1796.15,0.01824,0.00019
7.8543833,676.688,1804.5,0.02035,0.00015
7.8560333,720.547,1814.94,0.02241,0.00015
7.8577,764.407,1821.21,0.0244,0.00015
7.8593667,804.089,1833.74,0.02616,0.00027
7.8610167,839.594,1842.1,0.02783,0.00012
7.8626833,875.1,1846.27,0.02931,8e-05
7.86435,902.251,1852.54,0.03052,0.00012
7.866,927.313,1860.89,0.03158,0.00012
7.8676667,950.287,1865.07,0.03243,4e-05
7.8693333,969.084,1867.16,0.03317,8e-05
7.8709833,981.615,1871.33,0.03376,8e-05
7.87265,989.97,1875.51,0.03427,4e-05
7.8743167,996.235,1875.51,0.03458,8e-05
7.8759667,996.235,1875.51,0.03485,0.00015
7.8776333,996.235,1877.6,0.03501,8e-05
7.8793,989.97,1877.6,0.03505,8e-05
7.88095,979.527,1875.51,0.03501,8e-05
7.8826167,966.996,1873.42,0.03501,8e-05
7.8842833,946.11,1875.51,0.03497,8e-05
7.8859333,927.313,1871.33,0.03477,4e-05
7.8876,902.251,1873.42,0.03458,8e-05
7.8892667,873.011,1871.33,0.03427,4e-05
7.8909167,843.772,1867.16,0.03391,8e-05
7.8925833,808.266,1865.07,0.03345,0.00012
7.89425,772.761,1860.89,0.0329,8e-05
7.8959,728.902,1854.63,0.03228,8e-05
7.8975667,689.219,1850.45,0.03154,8e-05
7.8992333,641.183,1844.18,0.03068,0.00012
7.9008833,593.146,1842.1,0.0297,0.00012
7.90255,540.933,1835.83,0.02861,8e-05
7.9042167,486.631,1829.56,0.0274,0.00012
7.9058667,432.328,1827.48,0.02604,0.00015
7.9075333,378.026,1823.3,0.02456,0.00015
7.9092,315.37,1817.03,0.02288,0.00015
7.9108667,256.891,1810.77,0.02109,0.00019
7.9125167,196.323,1808.68,0.01914,0.00015
7.9141833,133.667,1802.41,0.01707,0.00019
7.91585,75.1876,1796.15,0.01481,0.00019
7.9175,12.5313,1798.24,0.01236,0.00019
7.9191667,-43.8594,1804.5,0.00967,0.00019
7.9208333,-110.693,1802.41,0.00674,0.00019
7.9224833,-173.349,1804.5,0.00386,0.00019
7.92415,-233.917,1806.59,0.00097,0.00019
7.9258167,-296.573,1814.94,-0.00195,0.00023
7.9274667,-355.052,1823.3,-0.00491,0.00019
7.9291333,-413.532,1831.65,-0.0078,0.00023
7.9308,-472.011,1840.01,-0.0106,0.00019
7.93245,-530.49,1842.1,-0.01325,0.00019
7.9341167,-580.615,1848.36,-0.01583,0.00019
7.9357833,-632.829,1860.89,-0.01824,0.00019
7.9374333,-685.042,1867.16,-0.02054,0.00015
7.9391,-728.902,1875.51,-0.02253,0.00019
7.9407667,-770.673,1885.95,-0.02452,0.00015
7.9424167,-810.355,1896.4,-0.02643,0.00015
7.9440833,-850.037,1902.66,-0.02818,0.00023
7.94575,-883.454,1908.93,-0.02967,0.00015
7.9474,-914.782,1917.28,-0.03095,0.00015
7.9490667,-939.845,1921.46,-0.032,0.00012
7.9507333,-962.819,1923.55,-0.03286,0.00012
7.9523833,-981.615,1925.64,-0.03368,0.00012
7.95405,-998.324,1927.73,-0.03427,0.00015
7.9557167,-1010.86,1929.81,-0.03481,0.00012
7.9573667,-1015.03,1929.81,-0.03516,0.00012
7.9590333,-1019.21,1931.9,-0.0354,0.00012
7.9607,-1017.12,1929.81,-0.03555,0.00023
7.96235,-1010.86,1927.73,-0.03559,8e-05
7.9640167,-1002.5,1927.73,-0.03555,0.00012
7.9656833,-992.058,1923.55,-0.03555,0.00012
7.9673333,-971.173,1921.46,-0.03551,0.00012
7.969,-952.376,1919.37,-0.03536,8e-05
7.9706667,-927.313,1917.28,-0.03512,0.00012
7.9723167,-902.251,1911.02,-0.03481,8e-05
7.9739833,-868.834,1906.84,-0.03442,0.00012
7.97565,-835.417,1902.66,-0.03399,0.00012
7.9773167,-795.735,1896.4,-0.03341,0.00019
7.9789667,-756.053,1888.04,-0.03271,8e-05
7.9806333,-710.105,1881.78,-0.032,0.00012
7.9823,-666.245,1875.51,-0.03119,0.00012
7.98395,-616.12,1869.25,-0.03021,8e-05
7.9856167,-565.995,1860.89,-0.0292,0.00012
7.9872833,-511.693,1854.63,-0.02799,0.00012
7.9889333,-457.391,1848.36,-0.02666,8e-05
7.9906,-401,1842.1,-0.0251,0.00012
7.9922667,-342.521,1833.74,-0.02351,0.00012
7.9939167,-281.953,1829.56,-0.02167,0.00015
7.9955833,-221.386,1823.3,-0.01976,0.00012
7.99725,-160.818,1810.77,-0.0177,0.00012
7.9989,-98.1615,1802.41,-0.01552,0.00015
8.0005667,-37.5938,1798.24,-0.01302,0.00015
8.0022333,25.0625,1791.97,-0.01041,0.00015
8.0038833,87.7188,1785.7,-0.00772,0.00015
8.00555,148.287,1777.35,-0.00487,0.00015
8.0072167,208.854,1764.82,-0.00187,0.00019
8.0088667,271.511,1764.82,0.00121,0.00019
8.0105333,327.901,1758.55,0.00413,0.00019
8.0122,390.558,1760.64,0.00713,0.00019
8.01385,449.037,1764.82,0.01002,0.00019
8.0155167,503.339,1771.08,0.01267,0.00019
8.0171833,559.73,1779.44,0.01516,0.00019
8.0188333,614.032,1787.79,0.01758,0.00019
8.0205,662.068,1798.24,0.01976,0.00015
8.0221667,705.928,1804.5,0.02179,0.00015
8.0238167,747.699,1814.94,0.02386,0.00015
8.0254833,791.558,1823.3,0.02581,0.00015
8.02715,829.152,1831.65,0.02744,8e-05
8.0288,862.568,1842.1,0.02892,0.00019
8.0304667,893.897,1848.36,0.03029,4e-05
8.0321333,921.048,1852.54,0.03142,8e-05
8.0337833,946.11,1856.72,0.03236,8e-05
8.03545,964.907,1862.98,0.03314,8e-05
8.0371167,977.438,1865.07,0.03376,8e-05
8.0387667,989.97,1867.16,0.0343,4e-05
8.0404333,996.235,1869.25,0.03469,4e-05
8.0421,998.324,1873.42,0.03497,4e-05
8.04375,996.235,1871.33,0.03512,4e-05
8.0454167,992.058,1875.51,0.0352,0.00019
8.0470833,981.615,1873.42,0.0352,4e-05
8.04875,971.173,1869.25,0.03516,0
8.0504,954.464,1867.16,0.03512,0
8.0520667,933.579,1869.25,0.03497,4e-05
8.0537333,912.693,1869.25,0.03481,4e-05
8.0553833,883.454,1865.07,0.03454,4e-05
8.05705,854.214,1860.89,0.03423,8e-05
8.0587167,820.798,1860.89,0.0338,4e-05
8.0603667,785.292,1854.63,0.03325,8e-05
8.0620333,745.61,1850.45,0.03263,0.00015
8.0637,703.839,1848.36,0.03197,4e-05
8.06535,653.714,1842.1,0.03111,4e-05
8.0670167,607.766,1835.83,0.03017,0.00012
8.0686833,557.641,1831.65,0.02912,0.00012
8.0703333,505.428,1827.48,0.02795,8e-05
8.072,451.125,1823.3,0.02662,8e-05
8.0736667,394.735,1817.03,0.02514,0.00012
8.0753167,334.167,1814.94,0.02355,0.00015
8.0769833,277.776,1810.77,0.02187,0.00012
8.07865,217.209,1804.5,0.01992,0.00027
8.0803,154.552,1796.15,0.01785,0.00019
8.0819667,93.9845,1794.06,0.01571,0.00019
8.0836333,33.4167,1789.88,0.01325,0.00019
8.0852833,-25.0625,1791.97,0.0106,0.00019
8.08695,-89.8074,1796.15,0.00776,0.00019
8.0886167,-152.464,1796.15,0.00487,0.00019
8.0902667,-213.031,1798.24,0.00203,0.00015
8.0919333,-275.688,1804.5,-0.00097,0.00019
8.0936,-336.255,1817.03,-0.00394,0.00015
8.09525,-394.735,1825.39,-0.00694,0.00019
8.0969167,-455.302,1827.48,-0.00978,0.00019
8.0985833,-511.693,1835.83,-0.01251,0.00015
8.1002333,-563.907,1844.18,-0.01509,0.00015
8.1019,-616.12,1848.36,-0.01754,0.00019
8.1035667,-666.245,1860.89,-0.01988,0.00015
8.1052167,-714.282,1871.33,-0.02199,0.00015
8.1068833,-760.23,1877.6,-0.02405,0.00015
8.10855,-799.912,1885.95,-0.02596,0.00015
8.1102,-839.594,1896.4,-0.02768,0.00015
8.1118667,-870.923,1902.66,-0.02928,0.00015
8.1135333,-902.251,1906.84,-0.03068,0.00015
8.1152,-933.579,1917.28,-0.03185,0.00012
8.11685,-956.553,1917.28,-0.03278,0.00012
8.1185167,-977.438,1917.28,-0.03356,0.00012
8.1201833,-994.147,1921.46,-0.03427,0.00012
8.1218333,-1006.68,1923.55,-0.03477,0.00012
8.1235,-1012.94,1923.55,-0.03516,0.00012
8.1251667,-1017.12,1923.55,-0.03544,0.00012
8.1268167,-1019.21,1923.55,-0.03563,8e-05
8.1284833,-1012.94,1923.55,-0.03571,0.00012
8.13015,-1006.68,1921.46,-0.03571,0.00019
8.1318,-994.147,1917.28,-0.03571,8e-05
8.1334667,-979.527,1917.28,-0.03567,0.00012
8.1351333,-956.553,1917.28,-0.03551,0.00012
8.1367833,-933.579,1911.02,-0.03532,8e-05
8.13845,-908.516,1906.84,-0.03512,8e-05
8.1401167,-879.277,1904.75,-0.03469,0.00012
8.1417667,-845.86,1898.49,-0.03427,0.00012
8.1434333,-810.355,1892.22,-0.03376,0.00012
8.1451,-770.673,1888.04,-0.0331,0.00012
8.14675,-728.902,1883.87,-0.03247,0.00019
8.1484167,-680.865,1873.42,-0.03165,4e-05
8.1500833,-630.74,1867.16,-0.03068,8e-05
8.1517333,-582.704,1860.89,-0.02967,0.00012
8.1534,-530.49,1850.45,-0.0285,0.00015
8.1550667,-478.276,1844.18,-0.02725,0.00012
8.1567167,-419.797,1837.92,-0.02569,0.00012
8.1583833,-363.407,1831.65,-0.02413,0.00012
8.16005,-300.75,1825.39,-0.02241,0.00012
8.1617,-240.182,1817.03,-0.0205,0.00012
8.1633667,-177.526,1810.77,-0.01848,0.00023
8.1650333,-119.047,1798.24,-0.01633,0.00015
8.1666833,-56.3907,1791.97,-0.01392,0.00015
8.16835,4.17709,1789.88,-0.01134,0.00015
8.1700167,68.9219,1783.62,-0.00865,0.00015
8.1716667,127.401,1777.35,-0.00593,0.00015
8.1733333,190.057,1762.73,-0.00292,0.00015
8.175,248.537,1758.55,0.00016,0.00015
8.17665,311.193,1758.55,0.00316,0.00019
8.1783167,371.761,1754.38,0.00616,0.00019
8.1799833,430.24,1760.64,0.00908,0.00031
8.1816333,488.719,1764.82,0.01177,0.00019
8.1833,540.933,1771.08,0.01442,0.00015
8.1849667,595.235,1779.44,0.01684,0.00019
8.1866333,645.36,1789.88,0.0191,0.00015
8.1882833,693.396,1798.24,0.02125,0.00019
8.18995,735.167,1806.59,0.02327,0.00012
8.1916167,776.938,1814.94,0.02522,0.00015
8.1932667,816.62,1823.3,0.02698,0.00012
8.1949333,852.126,1831.65,0.02861,0.00012
8.1966,883.454,1842.1,0.02998,0.00012
8.19825,910.605,1844.18,0.03119,0.00012
8.1999167,935.667,1850.45,0.0322,8e-05
8.2015833,956.553,1856.72,0.03306,8e-05
8.2032333,971.173,1858.8,0.03368,8e-05
8.2049,983.704,1860.89,0.03427,4e-05
8.2065667,994.147,1865.07,0.03469,4e-05
8.2082167,998.324,1867.16,0.03501,4e-05
8.2098833,996.235,1865.07,0.03524,0
8.21155,994.147,1867.16,0.03532,0
8.2132,987.881,1869.25,0.03536,0
8.2148667,977.438,1865.07,0.03532,8e-05
8.2165333,958.641,1862.98,0.03528,0
8.2181833,941.933,1867.16,0.0352,4e-05
8.21985,921.048,1865.07,0.03505,0
8.2215167,893.897,1860.89,0.03481,4e-05
8.2231667,866.746,1856.72,0.03446,0
8.2248333,833.329,1856.72,0.03403,4e-05
8.2265,797.824,1854.63,0.0336,4e-05
8.22815,760.23,1846.27,0.03302,4e-05
8.2298167,718.459,1844.18,0.03236,8e-05
8.2314833,670.422,1840.01,0.0315,0.00015
8.2331333,622.386,1833.74,0.03064,8e-05
8.2348,574.349,1829.56,0.02963,8e-05
8.2364667,522.136,1825.39,0.02846,0.00012
8.2381167,467.834,1817.03,0.02717,0.00012
8.2397833,415.62,1814.94,0.02581,0.00012
8.24145,355.052,1810.77,0.02417,0.00012
8.2431,296.573,1804.5,0.02253,0.00015
8.2447667,236.005,1798.24,0.02066,0.00019
8.2464333,173.349,1794.06,0.01867,0.00019
8.2480833,112.781,1791.97,0.01645,0.00023
8.24975,54.3021,1785.7,0.01419,0.00019
8.2514167,-6.26563,1785.7,0.01162,0.00019
8.2530833,-68.9219,1789.88,0.00877,0.00019
8.2547333,-133.667,1789.88,0.00581,0.00015
8.2564,-192.146,1789.88,0.00296,0.00019
8.2580667,-252.714,1796.15,4e-05,0.00015
8.2597167,-315.37,1806.59,-0.00296,0.00019
8.2613833,-373.849,1814.94,-0.00593,0.00015
8.26305,-432.328,1823.3,-0.00889,0.00019
8.2647,-492.896,1829.56,-0.01166,0.00031
8.2663667,-549.287,1833.74,-0.01427,0.00015
8.2680333,-599.412,1842.1,-0.01684,0.00015
8.2696833,-649.537,1854.63,-0.01918,0.00015
8.27135,-699.662,1862.98,-0.02144,0.00015
8.2730167,-745.61,1867.16,-0.02347,0.00015
8.2746667,-785.292,1879.69,-0.02542,0.00019
8.2763333,-822.886,1888.04,-0.02725,0.00012
8.278,-860.48,1892.22,-0.02889,0.00015
8.27965,-895.985,1902.66,-0.03037,0.00012
8.2813167,-923.136,1906.84,-0.03158,0.00019
8.2829833,-950.287,1908.93,-0.03263,0.00012
8.2846333,-971.173,1911.02,-0.03345,0.00012
8.2863,-987.881,1915.19,-0.03415,0.00012
8.2879667,-1002.5,1917.28,-0.03473,8e-05
8.2896167,-1012.94,1917.28,-0.0352,0.00012
8.2912833,-1017.12,1919.37,-0.03551,0.00012
8.29295,-1019.21,1917.28,-0.03571,8e-05
8.2946,-1017.12,1917.28,-0.03582,0.00012
8.2962667,-1008.77,1913.11,-0.03582,0.00012
8.2979333,-1000.41,1915.19,-0.03582,0.00012
8.2995833,-983.704,1911.02,-0.03575,8e-05
8.30125,-966.996,1911.02,-0.03563,0.00012
8.3029167,-944.022,1904.75,-0.03547,8e-05
8.3045667,-918.959,1902.66,-0.03528,0.00012
8.3062333,-889.72,1898.49,-0.03489,8e-05
8.3079,-856.303,1894.31,-0.03446,0.00012
8.30955,-820.798,1888.04,-0.03399,0.00012
8.3112167,-783.204,1881.78,-0.03345,8e-05
8.3128833,-741.433,1875.51,-0.03275,0.00012
8.3145333,-695.485,1869.25,-0.032,8e-05
8.3162,-647.448,1860.89,-0.03107,0.00015
8.3178667,-599.412,1854.63,-0.03009,0.00012
8.3195333,-547.198,1848.36,-0.02904,0.00012
8.3211833,-494.985,1840.01,-0.02776,0.00012
8.32285,-438.594,1831.65,-0.02631,0.00012
8.3245167,-382.203,1825.39,-0.02475,0.00012
8.3261667,-321.636,1821.21,-0.02308,8e-05
8.3278333,-263.156,1814.94,-0.02125,0.00012
8.3295,-200.5,1804.5,-0.01937,0.00012
8.33115,-142.021,1798.24,-0.01715,0.00015
8.3328167,-79.3647,1789.88,-0.01481,0.00023
8.3344833,-18.7969,1779.44,-0.01228,0.00015
8.3361333,43.8594,1779.44,-0.00959,0.00015
8.3378,106.516,1773.17,-0.00686,0.00015
8.3394667,167.083,1758.55,-0.00394,0.00019
8.3411167,229.74,1750.2,-0.0009,0.00015
8.3427833,290.308,1750.2,0.00218,0.00015
8.34445,348.787,1746.02,0.00522,0.00019
8.3461,411.443,1748.11,0.00823,0.00019
8.3477667,467.834,1752.29,0.01099,0.00015
8.3494333,526.313,1764.82,0.01364,0.00027
8.3510833,578.527,1771.08,0.01614,0.00015
8.35275,630.74,1777.35,0.01844,0.00015
8.3544167,676.688,1785.7,0.02066,0.00015
8.3560667,722.636,1798.24,0.02277,0.00015
8.3577333,764.407,1804.5,0.02471,0.00015
8.3594,804.089,1812.86,0.02659,0.00012
8.36105,841.683,1823.3,0.02826,8e-05
8.3627167,873.011,1829.56,0.02967,8e-05
8.3643833,902.251,1833.74,0.03091,8e-05
8.3660333,929.402,1842.1,0.03204,0.00019
8.3677,950.287,1848.36,0.0329,4e-05
8.3693667,964.907,1848.36,0.0336,8e-05
8.3710167,979.527,1854.63,0.03423,4e-05
8.3726833,989.97,1858.8,0.03473,4e-05
8.37435,996.235,1858.8,0.03512,8e-05
8.376,996.235,1856.72,0.03532,0
8.3776667,996.235,1860.89,0.03544,4e-05
8.3793333,987.881,1860.89,0.03547,4e-05
8.3809833,977.438,1854.63,0.03551,4e-05
8.38265,964.907,1856.72,0.03544,4e-05
8.3843167,948.199,1860.89,0.03536,4e-05
8.3859833,925.225,1854.63,0.0352,0
8.3876333,900.162,1852.54,0.03501,4e-05
8.3893,873.011,1852.54,0.03473,0
8.3909667,843.772,1850.45,0.03434,4e-05
8.3926167,808.266,1846.27,0.03395,4e-05
8.3942833,772.761,1842.1,0.03337,4e-05
8.39595,735.167,1840.01,0.03275,4e-05
8.3976,687.131,1833.74,0.03197,8e-05
8.3992667,637.006,1827.48,0.03115,4e-05
8.4009333,591.058,1821.21,0.03013,4e-05
8.4025833,538.844,1817.03,0.029,4e-05
8.40425,488.719,1810.77,0.02779,8e-05
8.4059167,432.328,1806.59,0.02639,0.00012
8.4075667,373.849,1804.5,0.02487,0.00012
8.4092333,315.37,1798.24,0.02323,0.00012
8.4109,254.802,1791.97,0.0214,0.00015
8.41255,194.235,1789.88,0.01941,0.00015
8.4142167,131.578,1785.7,0.01735,0.00015
8.4158833,73.099,1779.44,0.01505,0.00015
8.4175333,14.6198,1779.44,0.01255,0.00023
8.4192,-48.0365,1781.53,0.00975,0.00015
8.4208667,-110.693,1785.7,0.00686,0.00015
8.4225167,-171.261,1785.7,0.00398,0.00019
8.4241833,-233.917,1785.7,0.00101,0.00015
8.42585,-296.573,1796.15,-0.00199,0.00015
8.4275,-355.052,1808.68,-0.00503,0.00015
8.4291667,-413.532,1814.94,-0.00795,0.00019
8.4308333,-474.099,1817.03,-0.01084,0.00015
8.4324833,-528.401,1827.48,-0.01353,0.00019
8.43415,-582.704,1833.74,-0.0161,0.00023
8.4358167,-634.917,1840.01,-0.01852,0.00015
8.4374667,-682.954,1852.54,-0.02086,0.00015
8.4391333,-728.902,1860.89,-0.02292,0.00015
8.4408,-772.761,1867.16,-0.02491,0.00012
8.44245,-812.443,1877.6,-0.02678,0.00015
8.4441167,-850.037,1885.95,-0.0285,0.00015
8.4457833,-883.454,1892.22,-0.03006,0.00015
8.4474333,-914.782,1896.4,-0.03138,8e-05
8.4491,-939.845,1904.75,-0.03239,0.00012
8.4507667,-964.907,1906.84,-0.03333,0.00019
8.4524333,-983.704,1904.75,-0.03403,0.00012
8.4540833,-998.324,1911.02,-0.03469,8e-05
8.45575,-1008.77,1913.11,-0.0352,8e-05
8.4574167,-1015.03,1913.11,-0.03555,8e-05
8.4590667,-1019.21,1911.02,-0.03582,8e-05
8.4607333,-1019.21,1911.02,-0.03594,8e-05
8.4624,-1012.94,1908.93,-0.03602,8e-05
8.46405,-1002.5,1904.75,-0.03594,0.00012
8.4657167,-989.97,1904.75,-0.03602,0.00012
8.4673833,-971.173,1902.66,-0.03586,0.00019
8.4690333,-952.376,1900.57,-0.03575,8e-05
8.4707,-925.225,1900.57,-0.03555,8e-05
8.4723667,-900.162,1892.22,-0.0352,8e-05
8.4740167,-870.923,1888.04,-0.03485,8e-05
8.4756833,-833.329,1881.78,-0.03438,8e-05
8.47735,-795.735,1881.78,-0.0338,8e-05
8.479,-756.053,1871.33,-0.03314,8e-05
8.4806667,-712.193,1865.07,-0.03243,8e-05
8.4823333,-666.245,1858.8,-0.03158,4e-05
8.4839833,-616.12,1850.45,-0.0306,8e-05
8.48565,-565.995,1842.1,-0.02959,8e-05
8.4873167,-511.693,1835.83,-0.02834,0.00012
8.4889667,-455.302,1829.56,-0.02698,4e-05
8.4906333,-398.912,1821.21,-0.02542,8e-05
8.4923,-338.344,1817.03,-0.02378,0.00012
8.49395,-279.865,1808.68,-0.02195,0.00012
8.4956167,-221.386,1802.41,-0.02004,0.00012
8.4972833,-158.729,1791.97,-0.01797,0.00015
8.4989333,-98.1615,1781.53,-0.01567,0.00012
8.5006,-35.5052,1777.35,-0.01322,8e-05
8.5022667,25.0625,1773.17,-0.01056,0.00012
8.5039167,87.7188,1773.17,-0.00784,0.00012
8.5055833,148.287,1758.55,-0.00495,0.00015
8.50725,208.854,1743.93,-0.00191,0.00012
8.5089,273.599,1743.93,0.00113,0.00015
8.5105667,329.99,1741.85,0.00421,0.00015
8.5122333,390.558,1741.85,0.00725,0.00015
8.5138833,449.037,1746.02,0.01006,0.00015
8.51555,507.516,1752.29,0.01286,0.00019
8.5172167,557.641,1758.55,0.0154,0.00015
8.5188833,611.943,1769,0.01785,0.00023
8.5205333,659.98,1779.44,0.02004,0.00015
8.5222,708.016,1789.88,0.02222,0.00015
8.5238667,749.787,1794.06,0.02417,0.00012
8.5255167,791.558,1804.5,0.02608,0.00012
8.5271833,827.063,1817.03,0.02779,8e-05
8.52885,860.48,1821.21,0.02931,8e-05
8.5305,893.897,1827.48,0.03068,4e-05
8.5321667,921.048,1835.83,0.03185,4e-05
8.5338333,941.933,1842.1,0.03278,4e-05
8.5354833,964.907,1842.1,0.03352,0.00015
8.53715,977.438,1846.27,0.03419,4e-05
8.5388167,989.97,1848.36,0.03473,4e-05
8.5404667,996.235,1852.54,0.03512,0
8.5421333,1000.41,1854.63,0.0354,0
8.5438,998.324,1854.63,0.03551,0
8.54545,989.97,1852.54,0.03563,4e-05
8.5471167,983.704,1852.54,0.03563,0
8.5487833,971.173,1852.54,0.03555,0
8.5504333,954.464,1854.63,0.03555,0
8.5521,933.579,1852.54,0.0354,0.00015
8.5537667,908.516,1848.36,0.03524,0
8.5554167,883.454,1848.36,0.03493,0
8.5570833,854.214,1846.27,0.03466,0
8.55875,820.798,1842.1,0.03423,4e-05
8.5604,785.292,1837.92,0.03368,0
8.5620667,745.61,1835.83,0.03306,4e-05
8.5637333,701.751,1829.56,0.03236,0
8.5653833,653.714,1823.3,0.0315,8e-05
8.56705,605.678,1819.12,0.0306,4e-05
8.5687167,555.553,1814.94,0.02947,8e-05
8.5703667,505.428,1804.5,0.0283,8e-05
8.5720333,449.037,1800.32,0.02701,8e-05
8.5737,392.646,1798.24,0.02553,0.00012
8.57535,334.167,1789.88,0.0239,0.00012
8.5770167,277.776,1785.7,0.0221,0.00012
8.5786833,213.031,1783.62,0.02019,0.00012
8.5803333,154.552,1777.35,0.01817,0.00015
8.582,93.9845,1771.08,0.01587,0.00012
8.5836667,35.5052,1773.17,0.01349,0.00015
8.5853333,-27.1511,1773.17,0.01076,0.00015
8.5869833,-89.8074,1773.17,0.0078,0.00015
8.58865,-152.464,1777.35,0.00495,0.00015
8.5903167,-215.12,1779.44,0.00199,0.00015
8.5919667,-275.688,1783.62,-0.00105,0.00019
8.5936333,-334.167,1798.24,-0.00405,0.00015
8.5953,-394.735,1808.68,-0.00706,0.00015
8.59695,-455.302,1810.77,-0.00998,0.00012
8.5986167,-511.693,1814.94,-0.01267,0.00015
8.6002833,-565.995,1823.3,-0.01532,0.00012
8.6019333,-618.209,1831.65,-0.01781,0.00015
8.6036,-668.334,1840.01,-0.02023,0.00015
8.6052667,-716.37,1848.36,-0.0223,0.00012
8.6069167,-758.141,1856.72,-0.02433,0.00012
8.6085833,-797.824,1869.25,-0.02627,0.00015
8.61025,-837.506,1877.6,-0.02803,0.00012
8.6119,-873.011,1883.87,-0.02963,0.00015
8.6135667,-906.428,1892.22,-0.03107,0.00012
8.6152333,-933.579,1894.31,-0.03224,0.00012
8.6168833,-958.641,1896.4,-0.03314,0.00012
8.61855,-975.35,1904.75,-0.03395,8e-05
8.6202167,-994.147,1902.66,-0.03462,0.00015
8.6218667,-1006.68,1902.66,-0.03516,8e-05
8.6235333,-1012.94,1906.84,-0.03555,0.00012
8.6252,-1017.12,1906.84,-0.03582,8e-05
8.62685,-1017.12,1902.66,-0.03606,8e-05
8.6285167,-1012.94,1902.66,-0.0361,0.00012
8.6301833,-1004.59,1904.75,-0.0361,0.00012
8.6318333,-994.147,1898.49,-0.03614,8e-05
8.6335,-979.527,1898.49,-0.03606,8e-05
8.6351667,-956.553,1898.49,-0.0359,8e-05
8.6368167,-931.49,1892.22,-0.03571,0.00023
8.6384833,-908.516,1890.13,-0.03547,8e-05
8.64015,-877.188,1885.95,-0.03512,8e-05
8.6418,-845.86,1879.69,-0.03466,8e-05
8.6434667,-808.266,1873.42,-0.03415,8e-05
8.6451333,-768.584,1869.25,-0.03349,8e-05
8.6467833,-726.813,1862.98,-0.03286,8e-05
8.64845,-682.954,1852.54,-0.032,8e-05
8.6501167,-634.917,1846.27,-0.03107,4e-05
8.6517833,-582.704,1842.1,-0.02998,4e-05
8.6534333,-530.49,1835.83,-0.02889,0.00019
8.6551,-476.188,1825.39,-0.02756,8e-05
8.6567667,-419.797,1821.21,-0.02604,8e-05
8.6584167,-359.229,1814.94,-0.0244,8e-05
8.6600833,-300.75,1804.5,-0.02265,8e-05
8.66175,-240.182,1798.24,-0.02078,8e-05
8.6634,-177.526,1789.88,-0.01871,0.00012
8.6650667,-119.047,1777.35,-0.01657,0.00012
8.6667333,-58.4792,1773.17,-0.01411,8e-05
8.6683833,6.26563,1771.08,-0.0115,0.00012
8.67005,68.9219,1764.82,-0.00877,0.00015
8.6717167,129.49,1756.47,-0.00593,8e-05
8.6733667,192.146,1743.93,-0.00292,0.00012
8.6750333,250.625,1739.76,0.00012,0.00015
8.6767,309.104,1733.49,0.00316,0.00015
8.67835,371.761,1733.49,0.00632,0.00015
8.6800167,432.328,1739.76,0.00928,0.00015
8.6816833,486.631,1741.85,0.01205,0.00015
8.6833333,545.11,1750.2,0.01474,0.00015
8.685,597.323,1760.64,0.01719,0.00012
8.6866667,647.448,1766.91,0.01941,0.00012
8.6883167,693.396,1777.35,0.0216,0.00012
8.6899833,737.256,1787.79,0.02362,0.00012
8.69165,779.027,1796.15,0.02561,0.00012
8.6933,814.532,1804.5,0.02733,8e-05
8.6949667,852.126,1812.86,0.02904,8e-05
8.6966333,883.454,1823.3,0.03037,8e-05
8.6982833,910.605,1825.39,0.03158,8e-05
8.69995,933.579,1831.65,0.03263,4e-05
8.7016167,958.641,1837.92,0.03345,4e-05
8.7032667,971.173,1842.1,0.03411,4e-05
8.7049333,983.704,1842.1,0.03469,4e-05
8.7066,994.147,1846.27,0.03516,0
8.70825,1000.41,1848.36,0.03547,0
8.7099167,996.235,1848.36,0.03563,0
8.7115833,994.147,1848.36,0.03579,0
8.7132333,985.792,1848.36,0.03579,0
8.7149,977.438,1846.27,0.03579,0
8.7165667,958.641,1844.18,0.03571,0
8.7182333,939.845,1848.36,0.03559,0
8.7198833,918.959,1844.18,0.03544,-4e-05
8.72155,893.897,1842.1,0.0352,0.00015
8.7232167,864.657,1842.1,0.03493,4e-05
8.7248667,835.417,1840.01,0.03454,0
8.7265333,797.824,1831.65,0.03399,0
8.7282,760.23,1829.56,0.03345,0
8.72985,718.459,1827.48,0.03275,0
8.7315167,670.422,1819.12,0.03189,4e-05
8.7331833,622.386,1812.86,0.03103,4e-05
8.7348333,572.261,1808.68,0.03002,4e-05
8.7365,522.136,1804.5,0.02889,8e-05
8.7381667,467.834,1798.24,0.0276,0.00015
8.7398167,413.532,1791.97,0.02616,0.00012
8.7414833,352.964,1789.88,0.02456,0.00012
8.74315,292.396,1783.62,0.02284,0.00012
8.7448,233.917,1777.35,0.02093,0.00015
8.7464667,173.349,1773.17,0.01895,0.00012
8.7481333,112.781,1769,0.01672,0.00012
8.7497833,52.2136,1766.91,0.01442,0.00012
8.75145,-6.26563,1764.82,0.01177,0.00015
8.7531167,-68.9219,1769,0.00889,0.00015
8.7547667,-133.667,1773.17,0.00593,0.00023
8.7564333,-192.146,1771.08,0.003,0.00015
8.7581,-254.802,1773.17,0,0.00015
8.75975,-315.37,1785.7,-0.003,0.00015
8.7614167,-375.938,1798.24,-0.00604,0.00015
8.7630833,-434.417,1804.5,-0.009,0.00015
8.7647333,-492.896,1804.5,-0.01185,0.00012
8.7664,-547.198,1814.94,-0.01446,0.00012
8.7680667,-599.412,1823.3,-0.01707,0.00012
8.7697167,-649.537,1831.65,-0.01945,0.00012
8.7713833,-701.751,1842.1,-0.02167,0.00015
8.77305,-743.521,1852.54,-0.0237,0.00012
8.7747,-785.292,1860.89,-0.02569,8e-05
8.7763667,-824.975,1867.16,-0.02756,0.00012
8.7780333,-860.48,1875.51,-0.02924,0.00012
8.7796833,-895.985,1885.95,-0.03076,0.00012
8.78135,-925.225,1885.95,-0.03197,0.00012
8.7830167,-950.287,1892.22,-0.03298,0.00012
8.7846667,-969.084,1896.4,-0.03384,0.00012
8.7863333,-989.97,1898.49,-0.03454,8e-05
8.788,-1002.5,1896.4,-0.03512,8e-05
8.7896667,-1012.94,1898.49,-0.03555,8e-05
8.7913167,-1017.12,1902.66,-0.0359,8e-05
8.7929833,-1019.21,1898.49,-0.0361,8e-05
8.79465,-1015.03,1896.4,-0.03625,8e-05
8.7963,-1008.77,1896.4,-0.03625,8e-05
8.7979667,-1000.41,1894.31,-0.03625,0.00012
8.7996333,-987.881,1892.22,-0.03621,8e-05
8.8012833,-964.907,1892.22,-0.0361,8e-05
8.80295,-944.022,1888.04,-0.0359,8e-05
8.8046167,-916.871,1883.87,-0.03571,8e-05
8.8062667,-889.72,1879.69,-0.03536,8e-05
8.8079333,-858.391,1875.51,-0.03497,4e-05
8.8096,-820.798,1871.33,-0.03442,4e-05
8.81125,-781.115,1862.98,-0.0338,4e-05
8.8129167,-741.433,1856.72,-0.03317,8e-05
8.8145833,-695.485,1852.54,-0.03239,4e-05
8.8162333,-647.448,1844.18,-0.0315,8e-05
8.8179,-599.412,1835.83,-0.03048,4e-05
8.8195667,-547.198,1829.56,-0.02935,4e-05
8.8212167,-492.896,1825.39,-0.02811,8e-05
8.8228833,-438.594,1814.94,-0.02674,0.00019
8.82455,-380.115,1808.68,-0.0251,8e-05
8.8262,-321.636,1804.5,-0.02339,8e-05
8.8278667,-258.979,1796.15,-0.02152,8e-05
8.8295333,-198.412,1783.62,-0.01949,0.00012
8.8311833,-139.932,1777.35,-0.01739,0.00012
8.83285,-79.3647,1771.08,-0.01501,0.00012
8.8345167,-16.7083,1764.82,-0.01244,0.00012
8.8361667,48.0365,1760.64,-0.00967,0.00012
8.8378333,106.516,1754.38,-0.00698,0.00012
8.8395,169.172,1739.76,-0.00394,0.00023
8.84115,229.74,1731.4,-0.00086,0.00012
8.8428167,292.396,1731.4,0.00218,0.00015
8.8444833,350.875,1727.23,0.00526,0.00012
8.8461333,411.443,1729.31,0.00834,0.00015
8.8478,469.922,1737.67,0.01119,0.00012
8.8494667,526.313,1741.85,0.01392,0.00019
8.8511167,578.527,1748.11,0.01641,0.00012
8.8527833,630.74,1760.64,0.01879,0.00015
8.85445,676.688,1771.08,0.02097,0.00012
8.8561167,722.636,1779.44,0.02308,0.00019
8.8577667,766.495,1785.7,0.0251,8e-05
8.8594333,804.089,1796.15,0.02694,0.00012
8.8611,841.683,1802.41,0.02857,8e-05
8.86275,873.011,1808.68,0.03009,8e-05
8.8644167,904.339,1817.03,0.03138,0
8.8660833,927.313,1827.48,0.03243,4e-05
8.8677333,950.287,1829.56,0.03333,4e-05
8.8694,966.996,1829.56,0.03407,0
8.8710667,981.615,1835.83,0.03469,4e-05
8.8727167,989.97,1837.92,0.03516,0
8.8743833,996.235,1840.01,0.03551,0
8.87605,996.235,1842.1,0.03575,0
8.8777,994.147,1842.1,0.03586,4e-05
8.8793667,989.97,1840.01,0.0359,-4e-05
8.8810333,977.438,1840.01,0.03594,0
8.8826833,964.907,1842.1,0.0359,0
8.88435,946.11,1835.83,0.03582,4e-05
8.8860167,925.225,1835.83,0.03563,-4e-05
8.8876667,902.251,1835.83,0.03544,0
8.8893333,870.923,1833.74,0.03516,0
8.891,841.683,1829.56,0.03485,0
8.89265,810.355,1829.56,0.03434,0
8.8943167,772.761,1823.3,0.03376,4e-05
8.8959833,733.079,1819.12,0.03314,4e-05
8.8976333,687.131,1817.03,0.03239,0
8.8993,637.006,1810.77,0.03146,0
8.9009667,588.969,1802.41,0.03052,4e-05
8.9026167,538.844,1798.24,0.02943,8e-05
8.9042833,488.719,1794.06,0.02818,4e-05
8.90595,430.24,1785.7,0.02674,8e-05
8.9076,371.761,1781.53,0.02522,0.00015
8.9092667,313.282,1777.35,0.02355,0.00012
8.9109333,254.802,1773.17,0.02167,0.00012
8.9125833,192.146,1766.91,0.01969,0.00012
8.91425,133.667,1762.73,0.01758,0.00012
8.9159167,73.099,1758.55,0.01524,0.00015
8.9175667,12.5313,1756.47,0.01271,0.00015
8.9192333,-48.0365,1760.64,0.00986,0.00012
8.9209,-110.693,1764.82,0.00694,0.00012
8.92255,-173.349,1762.73,0.00402,0.00012
8.9242167,-236.005,1766.91,0.00097,0.00023
8.9258833,-294.485,1773.17,-0.00203,0.00015
8.92755,-355.052,1785.7,-0.00507,0.00012
8.9292,-415.62,1794.06,-0.00803,0.00012
8.9308667,-476.188,1796.15,-0.01099,0.00015
8.9325333,-530.49,1806.59,-0.01368,0.00015
8.9341833,-582.704,1814.94,-0.01633,8e-05
8.93585,-637.006,1819.12,-0.01879,0.00015
8.9375167,-685.042,1829.56,-0.02109,0.00012
8.9391667,-728.902,1840.01,-0.02316,0.00015
8.9408333,-772.761,1848.36,-0.02518,0.00019
8.9425,-812.443,1856.72,-0.02709,0.00012
8.94415,-852.126,1867.16,-0.02881,8e-05
8.9458167,-883.454,1873.42,-0.03037,8e-05
8.9474833,-914.782,1877.6,-0.03173,8e-05
8.9491333,-939.845,1885.95,-0.03275,8e-05
8.9508,-964.907,1885.95,-0.03368,0.00012
8.9524667,-981.615,1885.95,-0.03442,8e-05
8.9541167,-998.324,1890.13,-0.03508,0.00012
8.9557833,-1008.77,1894.31,-0.03555,8e-05
8.95745,-1017.12,1894.31,-0.03594,0.00012
8.9591,-1019.21,1890.13,-0.03618,8e-05
8.9607667,-1017.12,1890.13,-0.03633,4e-05
8.9624333,-1008.77,1892.22,-0.03637,8e-05
8.9640833,-1000.41,1885.95,-0.03641,4e-05
8.96575,-987.881,1888.04,-0.03637,4e-05
8.9674167,-971.173,1885.95,-0.03625,0.00012
8.9690667,-950.287,1879.69,-0.03614,8e-05
8.9707333,-925.225,1879.69,-0.0359,4e-05
8.9724,-900.162,1875.51,-0.03563,4e-05
8.97405,-866.746,1871.33,-0.03524,4e-05
8.9757167,-833.329,1865.07,-0.03477,8e-05
8.9773833,-795.735,1858.8,-0.03419,4e-05
8.9790333,-753.964,1852.54,-0.03356,8e-05
8.9807,-710.105,1848.36,-0.03275,4e-05
8.9823667,-666.245,1840.01,-0.03197,4e-05
8.9840167,-616.12,1831.65,-0.03099,8e-05
8.9856833,-563.907,1825.39,-0.02986,8e-05
8.98735,-509.605,1814.94,-0.02869,8e-05
8.989,-455.302,1810.77,-0.02733,4e-05
8.9906667,-398.912,1804.5,-0.02569,8e-05
8.9923333,-340.433,1796.15,-0.02405,8e-05
8.994,-279.865,1789.88,-0.02222,8e-05
8.99565,-219.297,1781.53,-0.02027,0.00012
8.9973167,-156.641,1771.08,-0.01817,0.00012
8.9989833,-98.1615,1764.82,-0.0159,0.00012
9.0006333,-35.5052,1758.55,-0.01337,8e-05
9.0023,25.0625,1754.38,-0.01072,0.00012
9.0039667,87.7188,1748.11,-0.00791,0.00012
9.0056167,148.287,1739.76,-0.00503,0.00012
9.0072833,210.943,1727.23,-0.00187,0.00015
9.00895,271.511,1720.96,0.00117,0.00023
9.0106,329.99,1718.87,0.00421,0.00015
9.0122667,390.558,1720.96,0.00737,0.00015
9.0139333,451.125,1725.14,0.01029,0.00015
9.0155833,507.516,1731.4,0.01306,0.00012
9.01725,563.907,1741.85,0.01571,0.00015
9.0189167,611.943,1748.11,0.01809,0.00015
9.0205667,662.068,1758.55,0.02031,0.00012
9.0222333,708.016,1766.91,0.02249,0.00012
9.0239,749.787,1777.35,0.02452,8e-05
9.02555,791.558,1785.7,0.02643,0.00015
9.0272167,829.152,1794.06,0.02818,4e-05
9.0288833,862.568,1804.5,0.02974,8e-05
9.0305333,891.808,1808.68,0.03107,4e-05
9.0322,921.048,1814.94,0.03228,4e-05
9.0338667,944.022,1819.12,0.03321,0
9.0355167,962.819,1827.48,0.03403,0
9.0371833,977.438,1827.48,0.03458,0
9.03885,987.881,1827.48,0.03516,0
9.0405,996.235,1831.65,0.03559,0
9.0421667,998.324,1835.83,0.03586,0.00012
9.0438333,996.235,1831.65,0.03594,-4e-05
9.0454833,989.97,1833.74,0.03606,4e-05
9.04715,983.704,1833.74,0.03606,0
9.0488167,971.173,1833.74,0.03602,-4e-05
9.0504667,954.464,1831.65,0.03606,0
9.0521333,933.579,1831.65,0.0359,0
9.0538,912.693,1829.56,0.03571,0
9.05545,881.365,1827.48,0.03544,0
9.0571167,852.126,1825.39,0.03512,0
9.0587833,820.798,1823.3,0.03466,8e-05
9.0604333,785.292,1819.12,0.03419,-4e-05
9.0621,743.521,1814.94,0.03352,4e-05
9.0637667,703.839,1810.77,0.03282,4e-05
9.0654333,653.714,1804.5,0.03197,0
9.0670833,605.678,1798.24,0.03103,4e-05
9.06875,555.553,1791.97,0.02994,4e-05
9.0704167,503.339,1789.88,0.02873,8e-05
9.0720667,446.948,1785.7,0.02744,8e-05
9.0737333,392.646,1777.35,0.02588,0.00012
9.0754,332.078,1769,0.02421,0.00012
9.07705,273.599,1766.91,0.02245,0.00012
9.0787167,215.12,1762.73,0.02054,0.00012
9.0803833,154.552,1756.47,0.01844,0.00015
9.0820333,93.9845,1752.29,0.0161,0.00015
9.0837,31.3282,1752.29,0.01368,0.00015
9.0853667,-27.1511,1752.29,0.01095,0.00012
9.0870167,-91.8959,1752.29,0.00799,0.00015
9.0886833,-154.552,1752.29,0.00503,0.00012
9.09035,-215.12,1758.55,0.00207,0.00015
9.092,-275.688,1762.73,-0.00101,0.00012
9.0936667,-336.255,1773.17,-0.00405,0.00015
9.0953333,-394.735,1785.7,-0.00709,0.00015
9.0969833,-455.302,1791.97,-0.0101,8e-05
9.09865,-511.693,1794.06,-0.01283,0.00015
9.1003167,-565.995,1804.5,-0.01552,0.00012
9.1019667,-618.209,1812.86,-0.01809,0.00012
9.1036333,-668.334,1819.12,-0.02047,0.00012
9.1053,-716.37,1829.56,-0.02257,0.00012
9.10695,-760.23,1842.1,-0.02464,0.00012
9.1086167,-799.912,1848.36,-0.02659,0.00012
9.1102833,-837.506,1854.63,-0.02838,0.00019
9.1119333,-873.011,1867.16,-0.03002,8e-05
9.1136,-906.428,1871.33,-0.0315,0.00012
9.1152667,-933.579,1873.42,-0.03255,8e-05
9.1169167,-956.553,1879.69,-0.03349,8e-05
9.1185833,-977.438,1883.87,-0.0343,8e-05
9.12025,-994.147,1883.87,-0.03501,8e-05
9.1219,-1004.59,1883.87,-0.03551,8e-05
9.1235667,-1012.94,1885.95,-0.03598,8e-05
9.1252333,-1017.12,1885.95,-0.03625,8e-05
9.1268833,-1019.21,1885.95,-0.03641,0.00015
9.12855,-1012.94,1883.87,-0.03649,8e-05
9.1302167,-1006.68,1883.87,-0.03649,8e-05
9.1318833,-994.147,1881.78,-0.03653,4e-05
9.1335333,-975.35,1879.69,-0.03641,8e-05
9.1352,-956.553,1877.6,-0.03629,8e-05
9.1368667,-933.579,1873.42,-0.0361,4e-05
9.1385167,-910.605,1869.25,-0.0359,4e-05
9.1401833,-879.277,1867.16,-0.03547,4e-05
9.14185,-843.772,1860.89,-0.03505,4e-05
9.1435,-808.266,1854.63,-0.0345,0.00015
9.1451667,-768.584,1848.36,-0.03391,4e-05
9.1468333,-726.813,1842.1,-0.03325,8e-05
9.1484833,-680.865,1833.74,-0.03239,8e-05
9.15015,-632.829,1827.48,-0.03146,4e-05
9.1518167,-580.615,1823.3,-0.03037,4e-05
9.1534667,-528.401,1812.86,-0.0292,4e-05
9.1551333,-476.188,1804.5,-0.02787,8e-05
9.1568,-419.797,1802.41,-0.02639,8e-05
9.15845,-361.318,1791.97,-0.02475,8e-05
9.1601167,-302.839,1785.7,-0.023,0.00012
9.1617833,-240.182,1777.35,-0.02101,8e-05
9.1634333,-175.438,1771.08,-0.01895,8e-05
9.1651,-116.958,1758.55,-0.01676,8e-05
9.1667667,-54.3021,1752.29,-0.01431,0.00012
9.1684167,6.26563,1750.2,-0.01166,8e-05
9.1700833,68.9219,1746.02,-0.00881,0.00012
9.17175,127.401,1733.49,-0.006,0.00012
9.1734,192.146,1720.96,-0.00292,8e-05
9.1750667,254.802,1718.87,0.00019,0.00012
9.1767333,313.282,1712.61,0.0032,0.00012
9.1783833,371.761,1708.43,0.00632,0.00015
9.18005,430.24,1716.78,0.00939,0.00015
9.1817167,488.719,1720.96,0.01224,0.00015
9.1833667,545.11,1729.31,0.01489,0.00012
9.1850333,597.323,1739.76,0.01743,0.00012
9.1867,647.448,1748.11,0.01973,0.00012
9.18835,693.396,1754.38,0.02187,0.00012
9.1900167,737.256,1764.82,0.02397,4e-05
9.1916833,779.027,1775.26,0.02596,8e-05
9.1933333,816.62,1783.62,0.02776,8e-05
9.195,852.126,1789.88,0.02935,0.00012
9.1966667,883.454,1798.24,0.0308,8e-05
9.1983167,910.605,1804.5,0.03204,4e-05
9.1999833,935.667,1808.68,0.03302,0
9.20165,956.553,1814.94,0.03391,0
9.2033167,973.261,1821.21,0.03458,0
9.2049667,983.704,1821.21,0.03516,0
9.2066333,994.147,1821.21,0.03559,0
9.2083,998.324,1825.39,0.0359,0
9.20995,996.235,1823.3,0.03606,0
9.2116167,994.147,1823.3,0.03618,8e-05
9.2132833,985.792,1823.3,0.03621,-4e-05
9.2149333,975.35,1825.39,0.03621,0
9.2166,960.73,1821.21,0.03618,-4e-05
9.2182667,939.845,1821.21,0.03606,0
9.2199167,916.871,1823.3,0.03582,-4e-05
9.2215833,893.897,1819.12,0.03563,-4e-05
9.22325,862.568,1814.94,0.03532,0
9.2249,833.329,1814.94,0.03497,0
9.2265667,795.735,1812.86,0.03446,-4e-05
9.2282333,760.23,1806.59,0.03388,4e-05
9.2298833,718.459,1802.41,0.03314,0
9.23155,670.422,1798.24,0.03232,4e-05
9.2332167,620.297,1791.97,0.03142,4e-05
9.2348667,572.261,1785.7,0.03045,4e-05
9.2365333,520.047,1781.53,0.02928,8e-05
9.2382,465.745,1777.35,0.02795,8e-05
9.23985,411.443,1766.91,0.02647,4e-05
9.2415167,352.964,1766.91,0.02491,8e-05
9.2431833,292.396,1760.64,0.02316,0.00012
9.2448333,233.917,1754.38,0.02125,0.00015
9.2465,171.261,1748.11,0.01922,0.00012
9.2481667,112.781,1746.02,0.017,0.00012
9.2498167,54.3021,1739.76,0.01458,0.00012
9.2514833,-10.4427,1739.76,0.01185,0.00012
9.25315,-68.9219,1746.02,0.009,0.00015
9.2548,-133.667,1748.11,0.006,0.00012
9.2564667,-196.323,1746.02,0.003,0.00012
9.2581333,-256.891,1752.29,0,0.00012
9.2597833,-315.37,1764.82,-0.00308,0.00012
9.26145,-375.938,1773.17,-0.00616,0.00012
9.2631167,-436.506,1779.44,-0.00916,0.00012
9.2647667,-494.985,1783.62,-0.01201,0.00015
9.2664333,-547.198,1794.06,-0.0147,8e-05
9.2681,-599.412,1796.15,-0.01731,8e-05
9.2697667,-651.626,1804.5,-0.01976,0.00012
9.2714167,-699.662,1817.03,-0.02203,8e-05
9.2730833,-745.61,1827.48,-0.02405,8e-05
9.27475,-787.381,1833.74,-0.02604,0.00012
9.2764,-827.063,1842.1,-0.02787,0.00012
9.2780667,-860.48,1852.54,-0.02959,8e-05
9.2797333,-895.985,1858.8,-0.03111,4e-05
9.2813833,-925.225,1862.98,-0.03236,4e-05
9.28305,-950.287,1867.16,-0.03341,4e-05
9.2847167,-971.173,1873.42,-0.03427,4e-05
9.2863667,-989.97,1873.42,-0.03493,4e-05
9.2880333,-1002.5,1877.6,-0.03551,4e-05
9.2897,-1012.94,1877.6,-0.03598,4e-05
9.29135,-1019.21,1879.69,-0.03629,4e-05
9.2930167,-1019.21,1877.6,-0.03653,4e-05
9.2946833,-1015.03,1875.51,-0.03664,4e-05
9.2963333,-1008.77,1873.42,-0.03664,0.00012
9.298,-1000.41,1873.42,-0.03664,4e-05
9.2996667,-983.704,1869.25,-0.0366,0
9.3013167,-964.907,1867.16,-0.03645,4e-05
9.3029833,-939.845,1865.07,-0.03625,0
9.30465,-914.782,1860.89,-0.03606,0
9.3063,-889.72,1856.72,-0.03579,0
9.3079667,-856.303,1854.63,-0.03528,4e-05
9.3096333,-820.798,1848.36,-0.03485,0
9.3112833,-781.115,1842.1,-0.03427,0
9.31295,-741.433,1835.83,-0.03356,0.00015
9.3146167,-691.308,1829.56,-0.03275,0
9.3162667,-647.448,1821.21,-0.03185,4e-05
9.3179333,-597.323,1810.77,-0.03087,4e-05
9.3196,-549.287,1804.5,-0.02974,4e-05
9.32125,-492.896,1800.32,-0.02846,4e-05
9.3229167,-438.594,1791.97,-0.02701,4e-05
9.3245833,-378.026,1783.62,-0.02542,4e-05
9.3262333,-319.547,1779.44,-0.02366,8e-05
9.3279,-258.979,1773.17,-0.02179,8e-05
9.3295667,-198.412,1762.73,-0.01976,0.00012
9.3312167,-135.755,1754.38,-0.01758,8e-05
9.3328833,-75.1876,1746.02,-0.01516,8e-05
9.33455,-16.7083,1735.58,-0.01267,8e-05
9.3362,48.0365,1735.58,-0.00982,8e-05
9.3378667,108.604,1733.49,-0.00702,0.00012
9.3395333,169.172,1716.78,-0.00398,8e-05
9.3412,229.74,1704.25,-0.00086,0.00012
9.34285,292.396,1704.25,0.00226,0.00012
9.3445167,348.787,1702.16,0.00534,8e-05
9.3461833,413.532,1704.25,0.0085,0.00019
9.3478333,469.922,1710.52,0.01134,0.00012
9.3495,526.313,1716.78,0.01411,0.00012
9.3511667,580.615,1723.05,0.01665,0.00012
9.3528167,630.74,1733.49,0.01906,0.00012
9.3544833,676.688,1743.93,0.02128,0.00012
9.35615,720.547,1754.38,0.02339,0.00012
9.3578,764.407,1762.73,0.02542,4e-05
9.3594667,804.089,1771.08,0.02729,8e-05
9.3611333,841.683,1781.53,0.02896,4e-05
9.3627833,873.011,1789.88,0.03052,4e-05
9.36445,902.251,1794.06,0.03177,0
9.3661167,927.313,1804.5,0.0329,4e-05
9.3677667,952.376,1806.59,0.0338,0
9.3694333,966.996,1806.59,0.0345,4e-05
9.3711,983.704,1814.94,0.03512,0
9.37275,992.058,1817.03,0.03559,0
9.3744167,996.235,1817.03,0.03594,-8e-05
9.3760833,996.235,1817.03,0.03618,-4e-05
9.3777333,996.235,1819.12,0.03633,-4e-05
9.3794,987.881,1817.03,0.03629,-4e-05
9.3810667,979.527,1817.03,0.03633,-4e-05
9.3827167,964.907,1817.03,0.03625,0
9.3843833,946.11,1817.03,0.03625,-4e-05
9.38605,927.313,1812.86,0.0361,-4e-05
9.3877,900.162,1812.86,0.03586,-4e-05
9.3893667,870.923,1810.77,0.03555,-4e-05
9.3910333,841.683,1806.59,0.0352,0
9.3926833,808.266,1802.41,0.03477,-4e-05
9.39435,770.673,1802.41,0.03419,0
9.3960167,728.902,1798.24,0.03356,0
9.3976667,685.042,1791.97,0.03275,8e-05
9.3993333,637.006,1785.7,0.03189,-4e-05
9.401,588.969,1783.62,0.03091,4e-05
9.40265,538.844,1775.26,0.02978,0
9.4043167,484.542,1769,0.0285,4e-05
9.4059833,426.063,1764.82,0.02709,4e-05
9.40765,373.849,1760.64,0.02553,8e-05
9.4093,313.282,1752.29,0.02378,8e-05
9.4109667,252.714,1748.11,0.02203,8e-05
9.4126333,192.146,1743.93,0.02,8e-05
9.4142833,133.667,1739.76,0.01785,0.00015
9.41595,73.099,1735.58,0.01548,0.00012
9.4176167,12.5313,1735.58,0.01286,0.00012
9.4192667,-50.125,1737.67,0.01002,0.00012
9.4209333,-112.781,1737.67,0.00702,8e-05
9.4226,-175.438,1741.85,0.00405,0.00012
9.42425,-236.005,1743.93,0.00105,8e-05
9.4259167,-296.573,1748.11,-0.00203,8e-05
9.4275833,-357.141,1764.82,-0.00515,8e-05
9.4292333,-415.62,1771.08,-0.00823,0.00012
9.4309,-474.099,1777.35,-0.01119,0.00023
9.4325667,-530.49,1779.44,-0.01388,0.00012
9.4342167,-584.792,1789.88,-0.01661,0.00012
9.4358833,-634.917,1798.24,-0.01906,0.00012
9.43755,-685.042,1804.5,-0.02136,4e-05
9.4392,-730.99,1814.94,-0.02347,8e-05
9.4408667,-772.761,1827.48,-0.02549,8e-05
9.4425333,-812.443,1835.83,-0.02737,0.00012
9.4441833,-850.037,1842.1,-0.02916,8e-05
9.44585,-883.454,1850.45,-0.03072,4e-05
9.4475167,-914.782,1858.8,-0.03212,0.00015
9.4491667,-941.933,1856.72,-0.0331,4e-05
9.4508333,-966.996,1860.89,-0.03407,4e-05
9.4525,-981.615,1867.16,-0.03485,8e-05
9.45415,-998.324,1867.16,-0.03547,4e-05
9.4558167,-1006.68,1867.16,-0.0359,4e-05
9.4574833,-1015.03,1869.25,-0.03633,4e-05
9.4591333,-1019.21,1869.25,-0.0366,4e-05
9.4608,-1017.12,1867.16,-0.03672,4e-05
9.4624667,-1010.86,1865.07,-0.0368,4e-05
9.4641167,-1000.41,1865.07,-0.0368,0
9.4657833,-987.881,1862.98,-0.0368,4e-05
9.46745,-971.173,1860.89,-0.03672,0
9.4691,-950.287,1858.8,-0.03653,0
9.4707667,-927.313,1854.63,-0.03629,0
9.4724333,-898.074,1850.45,-0.03598,0
9.4740833,-868.834,1846.27,-0.03563,4e-05
9.47575,-833.329,1842.1,-0.03512,0
9.4774167,-795.735,1835.83,-0.03458,0
9.4790833,-756.053,1827.48,-0.03395,4e-05
9.4807333,-710.105,1821.21,-0.03314,0
9.4824,-664.157,1814.94,-0.03232,0
9.4840667,-614.032,1804.5,-0.0313,0
9.4857167,-565.995,1800.32,-0.03025,4e-05
9.4873833,-511.693,1791.97,-0.02904,4e-05
9.48905,-457.391,1785.7,-0.0276,0
9.4907,-398.912,1779.44,-0.02604,4e-05
9.4923667,-340.433,1773.17,-0.02436,0
9.4940333,-277.776,1769,-0.02249,0
9.4956833,-219.297,1756.47,-0.0205,4e-05
9.49735,-156.641,1748.11,-0.0184,4e-05
9.4990167,-96.073,1741.85,-0.0161,0.00015
9.5006667,-33.4167,1733.49,-0.01353,8e-05
9.5023333,27.1511,1729.31,-0.01084,8e-05
9.504,89.8074,1727.23,-0.00795,8e-05
9.50565,148.287,1714.69,-0.00503,0.00012
9.5073167,210.943,1700.07,-0.00195,8e-05
9.5089833,273.599,1697.99,0.00121,0.00012
9.5106333,332.078,1691.72,0.00433,0.00015
9.5123,390.558,1691.72,0.00745,0.00015
9.5139667,449.037,1702.16,0.01045,0.00015
9.5156167,507.516,1710.52,0.01329,0.00019
9.5172833,561.818,1714.69,0.01587,8e-05
9.51895,614.032,1725.14,0.01836,0.00012
9.5206,662.068,1733.49,0.02062,8e-05
9.5222667,710.105,1741.85,0.02288,8e-05
9.5239333,751.876,1752.29,0.02487,8e-05
9.5255833,791.558,1764.82,0.02678,8e-05
9.52725,829.152,1771.08,0.02854,4e-05
9.5289167,862.568,1779.44,0.03013,4e-05
9.5305667,893.897,1785.7,0.0315,4e-05
9.5322333,921.048,1798.24,0.03271,0.00015
9.5339,944.022,1798.24,0.0336,-4e-05
9.53555,962.819,1802.41,0.03442,-4e-05
9.5372167,977.438,1806.59,0.03508,-4e-05
9.5388833,989.97,1810.77,0.03563,0
9.5405333,994.147,1808.68,0.03598,-4e-05
9.5422,998.324,1810.77,0.03625,-4e-05
9.5438667,996.235,1814.94,0.03637,-4e-05
9.5455333,992.058,1808.68,0.03645,-4e-05
9.5471833,981.615,1810.77,0.03649,-8e-05
9.54885,971.173,1812.86,0.03645,-4e-05
9.5505167,956.553,1808.68,0.03641,-8e-05
9.5521667,933.579,1806.59,0.03625,-8e-05
9.5538333,908.516,1808.68,0.0361,-8e-05
9.5555,883.454,1804.5,0.03582,-4e-05
9.55715,852.126,1800.32,0.03547,-4e-05
9.5588167,818.709,1802.41,0.03508,0
9.5604833,783.204,1796.15,0.0345,0
9.5621333,743.521,1789.88,0.03391,0
9.5638,699.662,1787.79,0.03314,4e-05
9.5654667,651.626,1781.53,0.03232,0
9.5671167,605.678,1777.35,0.03134,0
9.5687833,553.464,1769,0.03029,0
9.57045,501.25,1766.91,0.02908,0
9.5721,446.948,1758.55,0.02772,0
9.5737667,390.558,1752.29,0.02616,4e-05
9.5754333,332.078,1748.11,0.02448,4e-05
9.5770833,273.599,1743.93,0.02277,4e-05
9.57875,213.031,1737.67,0.02082,8e-05
9.5804167,152.464,1731.4,0.01867,8e-05
9.5820667,89.8074,1729.31,0.01637,8e-05
9.5837333,31.3282,1727.23,0.01384,0.00012
9.5854,-27.1511,1729.31,0.01107,8e-05
9.58705,-91.8959,1731.4,0.00811,8e-05
9.5887167,-156.641,1731.4,0.00507,0.00012
9.5903833,-215.12,1733.49,0.00211,8e-05
9.5920333,-277.776,1739.76,-0.00105,8e-05
9.5937,-336.255,1754.38,-0.00413,0.00012
9.5953667,-394.735,1760.64,-0.00729,8e-05
9.5970167,-455.302,1766.91,-0.01021,0.00012
9.5986833,-511.693,1773.17,-0.01302,4e-05
9.60035,-568.084,1779.44,-0.01583,0.00019
9.602,-618.209,1785.7,-0.01832,8e-05
9.6036667,-668.334,1798.24,-0.02066,8e-05
9.6053333,-716.37,1810.77,-0.02288,8e-05
9.6069833,-760.23,1817.03,-0.02491,4e-05
9.60865,-799.912,1827.48,-0.0269,8e-05
9.6103167,-837.506,1835.83,-0.02873,4e-05
9.6119833,-873.011,1842.1,-0.03029,4e-05
9.6136333,-908.516,1848.36,-0.03177,0
9.6153,-933.579,1856.72,-0.03294,4e-05
9.6169667,-956.553,1856.72,-0.03391,0.00015
9.6186167,-977.438,1856.72,-0.03469,0
9.6202833,-994.147,1860.89,-0.03532,4e-05
9.62195,-1002.5,1862.98,-0.0359,4e-05
9.6236,-1012.94,1860.89,-0.03633,0
9.6252667,-1017.12,1865.07,-0.03664,0
9.6269333,-1019.21,1862.98,-0.03684,0
9.6285833,-1015.03,1862.98,-0.03696,4e-05
9.63025,-1006.68,1858.8,-0.03692,4e-05
9.6319167,-994.147,1860.89,-0.03692,0
9.6335667,-977.438,1858.8,-0.03688,0.00012
9.6352333,-956.553,1854.63,-0.03672,4e-05
9.6369,-933.579,1852.54,-0.03649,-4e-05
9.63855,-904.339,1848.36,-0.03621,0
9.6402167,-877.188,1842.1,-0.0359,0
9.6418833,-843.772,1837.92,-0.03544,0
9.6435333,-808.266,1833.74,-0.03493,0
9.6452,-766.495,1827.48,-0.03427,0
9.6468667,-726.813,1819.12,-0.03356,0
9.6485167,-678.777,1812.86,-0.03278,0
9.6501833,-630.74,1808.68,-0.03177,4e-05
9.65185,-582.704,1798.24,-0.03076,0
9.6535,-530.49,1791.97,-0.02963,4e-05
9.6551667,-474.099,1783.62,-0.02822,4e-05
9.6568333,-417.709,1777.35,-0.02666,0
9.6584833,-359.229,1766.91,-0.02499,0
9.66015,-298.662,1764.82,-0.02319,4e-05
9.6618167,-236.005,1754.38,-0.02125,4e-05
9.6634667,-177.526,1743.93,-0.01918,4e-05
9.6651333,-116.958,1735.58,-0.01696,8e-05
9.6668,-54.3021,1731.4,-0.01446,8e-05
9.66845,6.26563,1723.05,-0.01181,8e-05
9.6701167,68.9219,1718.87,-0.009,8e-05
9.6717833,129.49,1714.69,-0.00608,8e-05
9.6734333,192.146,1700.07,-0.00296,0.00012
9.6751,252.714,1691.72,0.00016,8e-05
9.6767667,313.282,1689.63,0.00327,0.00012
9.6784333,371.761,1689.63,0.00651,8e-05
9.6800833,432.328,1695.9,0.00959,0.00012
9.68175,488.719,1700.07,0.0124,8e-05
9.6834167,545.11,1708.43,0.01509,8e-05
9.6850667,597.323,1718.87,0.01762,0.00015
9.6867333,649.537,1725.14,0.02,0.00012
9.6884,693.396,1735.58,0.02222,8e-05
9.69005,737.256,1743.93,0.02433,8e-05
9.6917167,779.027,1756.47,0.02624,4e-05
9.6933833,816.62,1760.64,0.02807,4e-05
9.6950333,852.126,1771.08,0.02974,0
9.6967,883.454,1781.53,0.03115,0
9.6983667,910.605,1785.7,0.03243,0
9.7000167,937.756,1789.88,0.03345,0
9.7016833,956.553,1798.24,0.03427,8e-05
9.70335,971.173,1804.5,0.03501,-4e-05
9.705,985.792,1804.5,0.03555,0
9.7066667,992.058,1804.5,0.03598,-8e-05
9.7083333,996.235,1806.59,0.03633,-4e-05
9.7099833,998.324,1810.77,0.03649,-4e-05
9.71165,992.058,1806.59,0.03664,-4e-05
9.7133167,985.792,1804.5,0.0366,-4e-05
9.7149667,975.35,1808.68,0.0366,-8e-05
9.7166333,958.641,1804.5,0.0366,-4e-05
9.7183,939.845,1804.5,0.03649,8e-05
9.71995,916.871,1802.41,0.03625,-4e-05
9.7216167,889.72,1802.41,0.03602,-4e-05
9.7232833,862.568,1796.15,0.03575,-8e-05
9.7249333,833.329,1794.06,0.03536,0
9.7266,797.824,1794.06,0.03485,-4e-05
9.7282667,758.141,1789.88,0.03427,0
9.7299167,716.37,1783.62,0.03352,-4e-05
9.7315833,670.422,1779.44,0.03275,-4e-05
9.73325,620.297,1773.17,0.03181,0
9.7349,572.261,1769,0.0308,0.00012
9.7365667,520.047,1762.73,0.02955,0
9.7382333,463.657,1758.55,0.0283,0
9.7398833,409.355,1754.38,0.02678,4e-05
9.74155,352.964,1748.11,0.02518,4e-05
9.7432167,294.485,1739.76,0.02343,8e-05
9.7448833,231.828,1733.49,0.02152,8e-05
9.7465333,173.349,1729.31,0.01945,8e-05
9.7482,112.781,1727.23,0.01715,8e-05
9.7498667,52.2136,1720.96,0.01474,4e-05
9.7515167,-10.4427,1723.05,0.01201,0.00012
9.7531833,-68.9219,1729.31,0.00912,8e-05
9.75485,-135.755,1727.23,0.00608,8e-05
9.7565,-194.235,1729.31,0.00312,8e-05
9.7581667,-258.979,1733.49,0,0.00012
9.7598333,-315.37,1741.85,-0.00308,0.00012
9.7614833,-375.938,1754.38,-0.00624,0.00012
9.76315,-436.506,1758.55,-0.00928,0.00012
9.7648167,-492.896,1764.82,-0.01216,8e-05
9.7664667,-547.198,1771.08,-0.01493,0.00012
9.7681333,-599.412,1779.44,-0.01758,8e-05
9.7698,-653.714,1791.97,-0.02004,8e-05
9.77145,-701.751,1800.32,-0.0223,4e-05
9.7731167,-745.61,1808.68,-0.02436,8e-05
9.7747833,-787.381,1819.12,-0.02639,8e-05
9.7764333,-824.975,1829.56,-0.02822,8e-05
9.7781,-860.48,1835.83,-0.02994,8e-05
9.7797667,-895.985,1842.1,-0.0315,4e-05
9.7814167,-923.136,1848.36,-0.03267,4e-05
9.7830833,-950.287,1848.36,-0.03376,4e-05
9.78475,-973.261,1854.63,-0.03458,0
9.7864,-987.881,1858.8,-0.03532,0.00012
9.7880667,-1000.41,1860.89,-0.03594,4e-05
9.7897333,-1012.94,1858.8,-0.03637,0
9.7913833,-1017.12,1858.8,-0.03672,0
9.79305,-1019.21,1860.89,-0.03688,0
9.7947167,-1015.03,1858.8,-0.03703,0
9.7963667,-1008.77,1856.72,-0.03707,0
9.7980333,-1000.41,1858.8,-0.03703,0
9.7997,-985.792,1854.63,-0.03703,4e-05
9.80135,-966.996,1852.54,-0.03692,4e-05
9.8030167,-944.022,1850.45,-0.03676,0.00012
9.8046833,-916.871,1846.27,-0.03649,0
9.8063333,-889.72,1842.1,-0.0361,4e-05
9.808,-852.126,1835.83,-0.03563,0
9.8096667,-820.798,1831.65,-0.03516,4e-05
9.8113333,-783.204,1825.39,-0.0345,0
9.8129833,-741.433,1819.12,-0.03388,0
9.81465,-691.308,1810.77,-0.03306,0
9.8163167,-647.448,1804.5,-0.03216,0
9.8179667,-597.323,1796.15,-0.03115,4e-05
9.8196333,-545.11,1789.88,-0.03006,8e-05
9.8213,-490.808,1781.53,-0.02873,4e-05
9.82295,-436.506,1775.26,-0.02725,4e-05
9.8246167,-378.026,1766.91,-0.02565,0
9.8262833,-319.547,1760.64,-0.0239,4e-05
9.8279333,-258.979,1754.38,-0.02195,4e-05
9.8296,-196.323,1746.02,-0.01992,4e-05
9.8312667,-135.755,1737.67,-0.01774,8e-05
9.8329167,-75.1876,1729.31,-0.01536,8e-05
9.8345833,-12.5313,1720.96,-0.01279,8e-05
9.83625,48.0365,1720.96,-0.00998,0.00019
9.8379,108.604,1714.69,-0.00709,0.00012
9.8395667,171.261,1700.07,-0.00405,0.00012
9.8412333,231.828,1689.63,-0.00086,0.00012
9.8428833,292.396,1689.63,0.0023,0.00012
9.84455,350.875,1683.37,0.0055,0.00012
9.8462167,413.532,1687.54,0.00862,0.00015
9.8478667,469.922,1691.72,0.0115,0.00012
9.8495333,526.313,1702.16,0.01431,8e-05
9.8512,580.615,1708.43,0.01692,8e-05
9.85285,630.74,1716.78,0.01934,0.00012
9.8545167,678.777,1729.31,0.02156,8e-05
9.8561833,724.725,1739.76,0.02374,4e-05
9.8578333,766.495,1746.02,0.02577,4e-05
9.8595,804.089,1756.47,0.02764,4e-05
9.8611667,839.594,1766.91,0.02935,0
9.8628167,873.011,1773.17,0.03084,0
9.8644833,902.251,1779.44,0.03216,-4e-05
9.86615,931.49,1789.88,0.03329,0
9.8678,950.287,1791.97,0.03419,-4e-05
9.8694667,969.084,1794.06,0.03493,-4e-05
9.8711333,981.615,1802.41,0.03551,-4e-05
9.8727833,992.058,1802.41,0.03598,0
9.87445,996.235,1802.41,0.03633,-4e-05
9.8761167,996.235,1804.5,0.03657,-4e-05
9.8777833,996.235,1804.5,0.03672,-4e-05
9.8794333,989.97,1802.41,0.03676,-8e-05
9.8811,977.438,1800.32,0.03684,-8e-05
9.8827667,966.996,1804.5,0.03672,-8e-05
9.8844167,946.11,1802.41,0.03664,-4e-05
9.8860833,923.136,1798.24,0.03645,-8e-05
9.88775,900.162,1800.32,0.03625,8e-05
9.8894,870.923,1796.15,0.03598,-4e-05
9.8910667,841.683,1789.88,0.03563,-4e-05
9.8927333,808.266,1789.88,0.03516,-8e-05
9.8943833,770.673,1787.79,0.03462,-4e-05
9.89605,728.902,1779.44,0.03391,-4e-05
9.8977167,685.042,1777.35,0.03314,-4e-05
9.8993667,637.006,1771.08,0.03228,-4e-05
9.9010333,586.881,1766.91,0.03126,0
9.9027,538.844,1758.55,0.03013,0
9.90435,484.542,1758.55,0.02889,8e-05
9.9060167,428.151,1748.11,0.02748,4e-05
9.9076833,371.761,1741.85,0.02585,4e-05
9.9093333,311.193,1737.67,0.02413,8e-05
9.911,252.714,1735.58,0.02234,8e-05
9.9126667,192.146,1727.23,0.02027,8e-05
9.9143167,131.578,1720.96,0.01805,0.00012
9.9159833,68.9219,1718.87,0.01563,8e-05
9.91765,12.5313,1718.87,0.01306,0.00012
9.9193,-48.0365,1720.96,0.01014,8e-05
9.9209667,-112.781,1723.05,0.00717,0.00015
9.9226333,-175.438,1723.05,0.00413,8e-05
9.9242833,-238.094,1723.05,0.00105,0.00015
9.92595,-298.662,1731.4,-0.00207,0.00012
9.9276167,-357.141,1746.02,-0.00518,8e-05
9.9292667,-415.62,1754.38,-0.0083,8e-05
9.9309333,-476.188,1758.55,-0.01134,8e-05
9.9326,-530.49,1766.91,-0.01407,8e-05
9.93425,-586.881,1775.26,-0.0168,8e-05
9.9359167,-634.917,1779.44,-0.0193,8e-05
9.9375833,-685.042,1791.97,-0.02164,0.00015
9.9392333,-730.99,1804.5,-0.02374,8e-05
9.9409,-772.761,1808.68,-0.02585,8e-05
9.9425667,-814.532,1819.12,-0.02764,8e-05
9.9442333,-852.126,1831.65,-0.02947,4e-05
9.9458833,-883.454,1835.83,-0.03107,8e-05
9.94755,-914.782,1842.1,-0.03239,4e-05
9.9492167,-941.933,1846.27,-0.03352,4e-05
9.9508667,-964.907,1848.36,-0.0345,4e-05
9.9525333,-981.615,1852.54,-0.03524,0
9.9542,-998.324,1854.63,-0.03586,0
9.95585,-1006.68,1856.72,-0.03637,0
9.9575167,-1015.03,1854.63,-0.03676,-4e-05
9.9591833,-1019.21,1854.63,-0.03699,0
9.9608333,-1017.12,1854.63,-0.03707,0
9.9625,-1008.77,1854.63,-0.03719,0
9.9641667,-1000.41,1852.54,-0.03715,0
9.9658167,-987.881,1852.54,-0.03715,4e-05
9.9674833,-971.173,1848.36,-0.03707,4e-05
9.96915,-950.287,1844.18,-0.03688,0
9.9708,-925.225,1842.1,-0.03672,0
9.9724667,-895.985,1840.01,-0.03641,8e-05
9.9741333,-864.657,1835.83,-0.03602,0
9.9757833,-833.329,1829.56,-0.03555,0
9.97745,-795.735,1823.3,-0.03497,4e-05
9.9791167,-756.053,1817.03,-0.0343,0
9.9807667,-710.105,1808.68,-0.03356,4e-05
9.9824333,-662.068,1802.41,-0.03271,0
9.9841,-614.032,1796.15,-0.03169,4e-05
9.98575,-561.818,1787.79,-0.0306,4e-05
9.9874167,-511.693,1779.44,-0.02931,4e-05
9.9890833,-457.391,1775.26,-0.02791,8e-05
9.9907333,-396.823,1766.91,-0.02635,4e-05
9.9924,-340.433,1758.55,-0.02464,0
9.9940667,-275.688,1752.29,-0.02277,4e-05
9.9957167,-215.12,1743.93,-0.02074,4e-05
9.9973833,-156.641,1733.49,-0.01863,4e-05
9.99905,-93.9845,1727.23,-0.01629,4e-05
10.0007,-31.3282,1720.96,-0.01372,8e-05
10.002367,29.2396,1714.69,-0.01099,4e-05
10.004033,89.8074,1710.52,-0.00807,8e-05
10.005683,152.464,1702.16,-0.00511,0.00019
10.00735,213.031,1687.54,-0.00191,8e-05
10.009017,271.511,1681.28,0.00121,8e-05
10.010683,334.167,1681.28,0.0044,0.00015
10.012333,392.646,1683.37,0.0076,0.00012
10.014,451.125,1687.54,0.01056,0.00012
10.015667,507.516,1693.81,0.01341,0.00012
10.017317,561.818,1704.25,0.01614,0.00012
10.018983,614.032,1710.52,0.01863,8e-05
10.02065,662.068,1718.87,0.02089,8e-05
10.0223,710.105,1731.4,0.02316,0.00015
10.023967,751.876,1741.85,0.02518,4e-05
10.025633,791.558,1750.2,0.02709,4e-05
10.027283,829.152,1756.47,0.02889,4e-05
10.02895,862.568,1766.91,0.03048,0
10.030617,891.808,1773.17,0.03185,0
10.032267,921.048,1777.35,0.03302,4e-05
10.033933,941.933,1785.7,0.03403,0
10.0356,962.819,1791.97,0.03485,-4e-05
10.03725,977.438,1791.97,0.03551,-4e-05
10.038917,989.97,1794.06,0.03602,0
10.040583,996.235,1798.24,0.03637,-4e-05
10.042233,998.324,1798.24,0.03672,-4e-05
10.0439,996.235,1796.15,0.0368,-8e-05
10.045567,994.147,1798.24,0.03692,-8e-05
10.047217,983.704,1800.32,0.03688,-4e-05
10.048883,971.173,1796.15,0.03688,-4e-05
10.05055,954.464,1796.15,0.0368,-4e-05
10.0522,933.579,1796.15,0.03668,-8e-05
10.053867,908.516,1794.06,0.03649,-8e-05
10.055533,883.454,1791.97,0.03621,-4e-05
10.057183,852.126,1789.88,0.03586,-4e-05
10.05885,820.798,1787.79,0.0354,0
10.060517,783.204,1783.62,0.03489,-4e-05
10.062167,743.521,1777.35,0.03427,-8e-05
10.063833,699.662,1773.17,0.03356,-8e-05
10.0655,653.714,1771.08,0.03271,-8e-05
10.06715,605.678,1764.82,0.03177,-4e-05
10.068817,553.464,1756.47,0.03068,0
10.070483,501.25,1754.38,0.02943,0
10.072133,444.86,1748.11,0.02803,4e-05
10.0738,390.558,1741.85,0.02655,0.00012
10.075467,332.078,1735.58,0.02487,4e-05
10.077133,273.599,1733.49,0.02304,8e-05
10.078783,210.943,1725.14,0.02105,8e-05
10.08045,150.375,1718.87,0.01891,8e-05
10.082117,89.8074,1716.78,0.01657,4e-05
10.083767,31.3282,1712.61,0.01403,8e-05
10.085433,-29.2396,1714.69,0.01119,8e-05
10.0871,-91.8959,1716.78,0.00815,0.00012
10.08875,-154.552,1714.69,0.00515,8e-05
10.090417,-215.12,1720.96,0.00214,0.00019
10.092083,-277.776,1727.23,-0.00105,0.00012
10.093733,-338.344,1739.76,-0.00425,8e-05
10.0954,-396.823,1746.02,-0.00737,8e-05
10.097067,-455.302,1754.38,-0.01037,8e-05
10.098717,-513.782,1760.64,-0.01325,0.00012
10.100383,-565.995,1766.91,-0.01598,8e-05
10.10205,-618.209,1773.17,-0.01856,8e-05
10.1037,-670.422,1785.7,-0.02097,0.00012
10.105367,-716.37,1796.15,-0.02316,8e-05
10.107033,-760.23,1804.5,-0.02522,0.00015
10.108683,-802.001,1814.94,-0.02721,8e-05
10.11035,-839.594,1825.39,-0.02904,4e-05
10.112017,-873.011,1829.56,-0.03072,4e-05
10.113667,-906.428,1835.83,-0.03216,4e-05
10.115333,-933.579,1842.1,-0.03329,8e-05
10.117,-958.641,1844.18,-0.0343,4e-05
10.11865,-979.527,1846.27,-0.03508,0
10.120317,-994.147,1850.45,-0.03579,4e-05
10.121983,-1006.68,1854.63,-0.03633,4e-05
10.123633,-1012.94,1848.36,-0.03676,8e-05
10.1253,-1017.12,1850.45,-0.03703,0
10.126967,-1019.21,1852.54,-0.03719,4e-05
10.128617,-1015.03,1848.36,-0.03727,0
10.130283,-1004.59,1848.36,-0.03731,-4e-05
10.13195,-994.147,1846.27,-0.03727,0
10.1336,-975.35,1846.27,-0.03723,0
10.135267,-956.553,1842.1,-0.03711,0
10.136933,-933.579,1842.1,-0.03696,-4e-05
10.138583,-906.428,1837.92,-0.03664,0
10.14025,-875.1,1831.65,-0.03625,4e-05
10.141917,-843.772,1825.39,-0.03582,0
10.143583,-808.266,1821.21,-0.03532,0
10.145233,-768.584,1814.94,-0.03466,0
10.1469,-726.813,1806.59,-0.03391,0
10.148567,-678.777,1802.41,-0.0331,0
10.150217,-628.652,1794.06,-0.03216,4e-05
10.151883,-580.615,1785.7,-0.03111,0
10.15355,-526.313,1777.35,-0.0299,4e-05
10.1552,-476.188,1771.08,-0.02854,0
10.156867,-417.709,1764.82,-0.02701,0
10.158533,-359.229,1756.47,-0.0253,0
10.160183,-296.573,1752.29,-0.02351,4e-05
10.16185,-240.182,1741.85,-0.02156,4e-05
10.163517,-177.526,1731.4,-0.01941,4e-05
10.165167,-116.958,1725.14,-0.01719,4e-05
10.166833,-54.3021,1718.87,-0.0147,8e-05
10.1685,6.26563,1710.52,-0.01197,8e-05
10.17015,68.9219,1708.43,-0.00904,4e-05
10.171817,129.49,1702.16,-0.00616,4e-05
10.173483,192.146,1685.45,-0.00296,8e-05
10.175133,254.802,1677.1,0.00019,0.00012
10.1768,315.37,1677.1,0.00335,0.00012
10.178467,371.761,1677.1,0.00659,0.00012
10.180117,432.328,1679.19,0.00971,0.00012
10.181783,488.719,1687.54,0.01259,8e-05
10.18345,545.11,1695.9,0.0154,0.00012
10.1851,599.412,1704.25,0.01789,0.00012
10.186767,647.448,1712.61,0.02023,8e-05
10.188433,693.396,1725.14,0.02257,8e-05
10.190083,739.344,1733.49,0.02468,4e-05
10.19175,779.027,1739.76,0.02651,0.00015
10.193417,816.62,1752.29,0.02846,4e-05
10.195067,852.126,1762.73,0.03013,4e-05
10.196733,883.454,1766.91,0.03154,0
10.1984,914.782,1773.17,0.03278,-4e-05
10.20005,937.756,1781.53,0.03384,0
10.201717,956.553,1783.62,0.03466,0
10.203383,971.173,1785.7,0.03536,-8e-05
10.205033,983.704,1791.97,0.03594,-4e-05
10.2067,989.97,1794.06,0.03637,-4e-05
10.208367,998.324,1791.97,0.03668,4e-05
10.210017,996.235,1794.06,0.03688,-4e-05
10.211683,994.147,1796.15,0.03703,-4e-05
10.21335,985.792,1794.06,0.03707,-4e-05
10.215017,973.261,1794.06,0.03703,-4e-05
10.216667,960.73,1794.06,0.03696,-4e-05
10.218333,941.933,1791.97,0.0368,-8e-05
10.22,916.871,1791.97,0.03668,-4e-05
10.22165,889.72,1791.97,0.03641,-4e-05
10.223317,860.48,1787.79,0.03614,-4e-05
10.224983,831.24,1783.62,0.03571,8e-05
10.226633,795.735,1777.35,0.03516,-8e-05
10.2283,758.141,1775.26,0.03462,-4e-05
10.229967,716.37,1771.08,0.03391,-4e-05
10.231617,670.422,1766.91,0.0331,-4e-05
10.233283,620.297,1760.64,0.0322,-4e-05
10.23495,572.261,1754.38,0.03119,0
10.2366,520.047,1752.29,0.02998,0
10.238267,465.745,1743.93,0.02865,4e-05
10.239933,407.266,1737.67,0.02713,4e-05
10.241583,352.964,1733.49,0.02549,4e-05
10.24325,290.308,1727.23,0.0237,4e-05
10.244917,233.917,1720.96,0.02183,8e-05
10.246567,171.261,1716.78,0.01969,0.00012
10.248233,110.693,1712.61,0.01739,8e-05
10.2499,50.125,1708.43,0.01489,8e-05
10.25155,-10.4427,1708.43,0.0122,8e-05
10.253217,-71.0105,1714.69,0.00924,8e-05
10.254883,-135.755,1710.52,0.00616,8e-05
10.256533,-196.323,1712.61,0.00316,0.00012
10.2582,-258.979,1718.87,0,0.00012
10.259867,-315.37,1729.31,-0.00312,8e-05
10.261517,-375.938,1739.76,-0.00632,8e-05
10.263183,-436.506,1746.02,-0.00943,8e-05
10.26485,-492.896,1752.29,-0.01236,4e-05
10.2665,-547.198,1758.55,-0.01513,8e-05
10.268167,-601.501,1766.91,-0.01785,8e-05
10.269833,-653.714,1779.44,-0.02031,8e-05
10.271483,-703.839,1785.7,-0.02253,4e-05
10.27315,-743.521,1796.15,-0.0246,4e-05
10.274817,-787.381,1808.68,-0.02666,4e-05
10.276467,-824.975,1817.03,-0.0285,0.00012
10.278133,-862.568,1821.21,-0.03025,4e-05
10.2798,-895.985,1829.56,-0.03177,4e-05
10.281467,-923.136,1835.83,-0.03306,4e-05
10.283117,-950.287,1840.01,-0.03407,4e-05
10.284783,-971.173,1842.1,-0.03501,4e-05
10.28645,-989.97,1844.18,-0.03571,4e-05
10.2881,-1000.41,1848.36,-0.03625,0
10.289767,-1010.86,1846.27,-0.03676,0
10.291433,-1017.12,1846.27,-0.03715,0
10.293083,-1017.12,1850.45,-0.03735,0.00012
10.29475,-1015.03,1848.36,-0.03746,4e-05
10.296417,-1010.86,1842.1,-0.03746,4e-05
10.298067,-998.324,1842.1,-0.03742,0
10.299733,-983.704,1842.1,-0.03742,0
10.3014,-964.907,1840.01,-0.03727,0
10.30305,-944.022,1835.83,-0.03711,0
10.304717,-914.782,1835.83,-0.03684,0
10.306383,-887.631,1829.56,-0.03657,0
10.308033,-854.214,1823.3,-0.0361,0
10.3097,-818.709,1821.21,-0.03559,8e-05
10.311367,-781.115,1812.86,-0.03501,0
10.313017,-741.433,1804.5,-0.0343,0
10.314683,-693.396,1798.24,-0.03352,0
10.31635,-645.36,1794.06,-0.03251,-4e-05
10.318,-595.235,1783.62,-0.03154,4e-05
10.319667,-543.021,1777.35,-0.03041,0
10.321333,-490.808,1771.08,-0.02908,4e-05
10.322983,-434.417,1764.82,-0.0276,-4e-05
10.32465,-375.938,1754.38,-0.02596,4e-05
10.326317,-317.459,1750.2,-0.02425,8e-05
10.327967,-258.979,1741.85,-0.0223,4e-05
10.329633,-196.323,1729.31,-0.02019,4e-05
10.3313,-135.755,1720.96,-0.01797,4e-05
10.33295,-73.099,1716.78,-0.01559,4e-05
10.334617,-12.5313,1710.52,-0.0129,8e-05
10.336283,48.0365,1702.16,-0.0101,4e-05
10.337933,112.781,1702.16,-0.00721,4e-05
10.3396,171.261,1689.63,-0.00409,0.00012
10.341267,231.828,1675.01,-0.00094,8e-05
10.342917,292.396,1672.92,0.0023,8e-05
10.344583,352.964,1672.92,0.0055,8e-05
10.34625,413.532,1677.1,0.00869,8e-05
10.3479,469.922,1677.1,0.01169,8e-05
10.349567,526.313,1689.63,0.01446,8e-05
10.351233,580.615,1695.9,0.01711,8e-05
10.3529,630.74,1704.25,0.01957,8e-05
10.35455,678.777,1714.69,0.02187,8e-05
10.356217,724.725,1729.31,0.02401,4e-05
10.357883,766.495,1733.49,0.026,0
10.359533,806.178,1743.93,0.02795,4e-05
10.3612,841.683,1752.29,0.02967,0
10.362867,873.011,1762.73,0.03115,-4e-05
10.364517,902.251,1766.91,0.03251,-4e-05
10.366183,929.402,1773.17,0.03364,0
10.36785,950.287,1779.44,0.03454,0
10.3695,966.996,1781.53,0.03524,0
10.371167,981.615,1783.62,0.0359,-4e-05
10.372833,992.058,1789.88,0.03633,-4e-05
10.374483,998.324,1789.88,0.03672,-4e-05
10.37615,998.324,1789.88,0.03692,-4e-05
10.377817,996.235,1791.97,0.03703,8e-05
10.379467,989.97,1791.97,0.03707,-4e-05
10.381133,977.438,1789.88,0.03715,-4e-05
10.3828,964.907,1787.79,0.03707,-8e-05
10.38445,946.11,1789.88,0.03699,-4e-05
10.386117,925.225,1785.7,0.0368,-4e-05
10.387783,898.074,1783.62,0.0366,-8e-05
10.389433,870.923,1783.62,0.03625,-4e-05
10.3911,841.683,1779.44,0.03594,-4e-05
10.392767,806.178,1777.35,0.03544,-4e-05
10.394417,770.673,1773.17,0.03497,8e-05
10.396083,728.902,1769,0.0343,-4e-05
10.39775,685.042,1760.64,0.03345,-4e-05
10.3994,637.006,1756.47,0.03263,-4e-05
10.401067,586.881,1754.38,0.03165,0
10.402733,538.844,1746.02,0.03048,0
10.404383,482.454,1739.76,0.0292,0
10.40605,428.151,1735.58,0.02779,4e-05
10.407717,369.672,1731.4,0.02624,4e-05
10.409367,311.193,1723.05,0.02444,4e-05
10.411033,252.714,1718.87,0.02257,0.00019
10.4127,192.146,1714.69,0.0205,8e-05
10.41435,131.578,1708.43,0.01832,8e-05
10.416017,71.0105,1702.16,0.01579,8e-05
10.417683,10.4427,1704.25,0.01318,0.00012
10.41935,-50.125,1706.34,0.01025,8e-05
10.421,-112.781,1706.34,0.00725,8e-05
10.422667,-177.526,1708.43,0.00417,8e-05
10.424333,-236.005,1710.52,0.00109,0.00012
10.425983,-296.573,1718.87,-0.00211,8e-05
10.42765,-357.141,1733.49,-0.00534,8e-05
10.429317,-415.62,1741.85,-0.00846,0.00012
10.430967,-476.188,1743.93,-0.01146,8e-05
10.432633,-530.49,1748.11,-0.01431,8e-05
10.4343,-584.792,1758.55,-0.01704,8e-05
10.43595,-637.006,1766.91,-0.01957,8e-05
10.437617,-687.131,1777.35,-0.02191,4e-05
10.439283,-730.99,1789.88,-0.02405,8e-05
10.440933,-774.85,1800.32,-0.02612,8e-05
10.4426,-812.443,1806.59,-0.02799,8e-05
10.444267,-852.126,1817.03,-0.02978,8e-05
10.445917,-883.454,1825.39,-0.03142,4e-05
10.447583,-918.959,1827.48,-0.03275,4e-05
10.44925,-941.933,1831.65,-0.03384,4e-05
10.4509,-966.996,1837.92,-0.03485,4e-05
10.452567,-983.704,1842.1,-0.03559,4e-05
10.454233,-1000.41,1842.1,-0.03625,0
10.455883,-1006.68,1842.1,-0.0368,0
10.45755,-1015.03,1844.18,-0.03711,0
10.459217,-1019.21,1844.18,-0.03735,0
10.460867,-1017.12,1842.1,-0.0375,0
10.462533,-1010.86,1842.1,-0.03758,8e-05
10.4642,-1000.41,1842.1,-0.03758,0
10.46585,-987.881,1837.92,-0.03758,0
10.467517,-971.173,1835.83,-0.03742,0
10.469183,-948.199,1833.74,-0.03731,0
10.470833,-925.225,1829.56,-0.03711,4e-05
10.4725,-898.074,1825.39,-0.0368,-4e-05
10.474167,-866.746,1823.3,-0.03645,4e-05
10.475817,-829.152,1817.03,-0.0359,0
10.477483,-795.735,1810.77,-0.0354,0
10.47915,-753.964,1804.5,-0.03469,0.00012
10.4808,-710.105,1798.24,-0.03395,0
10.482467,-662.068,1789.88,-0.03302,0
10.484133,-614.032,1781.53,-0.03204,0
10.485783,-561.818,1775.26,-0.03091,0
10.48745,-507.516,1766.91,-0.02967,4e-05
10.489117,-455.302,1758.55,-0.02822,4e-05
10.490783,-396.823,1754.38,-0.02663,0
10.492433,-338.344,1750.2,-0.02495,0
10.4941,-277.776,1741.85,-0.02304,0
10.495767,-215.12,1731.4,-0.02101,0.00012
10.497417,-154.552,1720.96,-0.01883,4e-05
10.499083,-93.9845,1712.61,-0.01649,8e-05
10.50075,-31.3282,1704.25,-0.01388,8e-05
10.5024,29.2396,1702.16,-0.01107,4e-05
10.504067,93.9845,1700.07,-0.00819,8e-05
10.505733,152.464,1685.45,-0.00518,4e-05
10.507383,213.031,1672.92,-0.00203,8e-05
10.50905,273.599,1670.83,0.00125,4e-05
10.510717,332.078,1668.75,0.00448,8e-05
10.512367,392.646,1668.75,0.00772,0.00023
10.514033,451.125,1675.01,0.01076,0.00012
10.5157,509.605,1683.37,0.01368,0.00012
10.51735,561.818,1689.63,0.01633,8e-05
10.519017,616.12,1695.9,0.01887,0.00012
10.520683,662.068,1708.43,0.02121,8e-05
10.522333,708.016,1718.87,0.02343,8e-05
10.524,751.876,1727.23,0.02549,8e-05
10.525667,791.558,1739.76,0.02744,4e-05
10.527317,829.152,1746.02,0.02928,0
10.528983,864.657,1754.38,0.03084,4e-05
10.53065,893.897,1758.55,0.03224,0
10.5323,921.048,1766.91,0.03337,0
10.533967,944.022,1773.17,0.03438,-4e-05
10.535633,962.819,1777.35,0.03524,-4e-05
10.537283,977.438,1777.35,0.03586,-4e-05
10.53895,989.97,1781.53,0.03637,-4e-05
10.540617,996.235,1783.62,0.03668,-4e-05
10.542267,998.324,1783.62,0.03699,-4e-05
10.543933,996.235,1785.7,0.03719,-4e-05
10.5456,989.97,1783.62,0.03723,-4e-05
10.54725,981.615,1783.62,0.03727,-8e-05
10.548917,971.173,1783.62,0.03723,-8e-05
10.550583,952.376,1783.62,0.03715,-4e-05
10.552233,933.579,1781.53,0.03703,-4e-05
10.5539,908.516,1783.62,0.0368,-8e-05
10.555567,881.365,1779.44,0.03657,-4e-05
10.557233,852.126,1775.26,0.03625,-4e-05
10.558883,816.62,1773.17,0.03579,0
10.56055,783.204,1771.08,0.03528,-4e-05
10.562217,743.521,1764.82,0.03469,-4e-05
10.563867,699.662,1760.64,0.03391,8e-05
10.565533,653.714,1758.55,0.0331,-4e-05
10.5672,603.589,1748.11,0.03216,0
10.56885,553.464,1741.85,0.03111,4e-05
10.570517,499.162,1739.76,0.02982,0
10.572183,444.86,1733.49,0.02846,4e-05
10.573833,390.558,1725.14,0.0269,4e-05
10.5755,327.901,1720.96,0.02514,8e-05
10.577167,271.511,1718.87,0.02331,8e-05
10.578817,210.943,1710.52,0.02136,8e-05
10.580483,152.464,1704.25,0.01918,0.00015
10.58215,89.8074,1697.99,0.01676,8e-05
10.5838,31.3282,1697.99,0.01427,8e-05
10.585467,-31.3282,1702.16,0.01138,0.00012
10.587133,-91.8959,1702.16,0.0083,0.00012
10.588783,-158.729,1702.16,0.00526,8e-05
10.59045,-217.209,1704.25,0.00218,8e-05
10.592117,-277.776,1712.61,-0.00101,8e-05
10.593767,-336.255,1725.14,-0.00425,0.00012
10.595433,-396.823,1733.49,-0.00748,4e-05
10.5971,-455.302,1739.76,-0.01053,0.00019
10.59875,-511.693,1743.93,-0.01345,8e-05
10.600417,-568.084,1750.2,-0.01622,8e-05
10.602083,-620.297,1758.55,-0.01883,4e-05
10.603733,-670.422,1771.08,-0.02125,8e-05
10.6054,-716.37,1781.53,-0.02339,8e-05
10.607067,-760.23,1791.97,-0.02549,4e-05
10.608717,-799.912,1798.24,-0.02752,8e-05
10.610383,-839.594,1810.77,-0.02935,8e-05
10.61205,-875.1,1817.03,-0.03107,8e-05
10.6137,-908.516,1823.3,-0.03247,0.00012
10.615367,-933.579,1829.56,-0.03364,0
10.617033,-960.73,1833.74,-0.03462,0
10.618683,-979.527,1833.74,-0.03547,0
10.62035,-994.147,1835.83,-0.03618,0
10.622017,-1006.68,1842.1,-0.03672,4e-05
10.623667,-1015.03,1837.92,-0.03711,0
10.625333,-1017.12,1840.01,-0.03738,0
10.627,-1017.12,1837.92,-0.03758,0
10.628667,-1010.86,1835.83,-0.03766,4e-05
10.630317,-1006.68,1835.83,-0.0377,0
10.631983,-994.147,1833.74,-0.03766,0
10.63365,-977.438,1833.74,-0.03758,0
10.6353,-956.553,1829.56,-0.03742,0
10.636967,-933.579,1827.48,-0.03727,-4e-05
10.638633,-906.428,1823.3,-0.03699,0
10.640283,-875.1,1817.03,-0.03664,0
10.64195,-843.772,1814.94,-0.03621,0
10.643617,-806.178,1808.68,-0.03563,0
10.645267,-764.407,1802.41,-0.03497,0
10.646933,-724.725,1794.06,-0.0343,0
10.6486,-676.688,1787.79,-0.03341,4e-05
10.65025,-628.652,1783.62,-0.03247,0
10.651917,-578.527,1771.08,-0.03142,0
10.653583,-526.313,1764.82,-0.03021,0
10.655233,-472.011,1760.64,-0.02881,4e-05
10.6569,-415.62,1752.29,-0.02729,4e-05
10.658567,-357.141,1746.02,-0.02561,0
10.660217,-296.573,1739.76,-0.02374,4e-05
10.661883,-236.005,1731.4,-0.02175,0
10.66355,-175.438,1718.87,-0.01965,4e-05
10.6652,-116.958,1712.61,-0.01743,8e-05
10.666867,-54.3021,1704.25,-0.01481,4e-05
10.668533,6.26563,1695.9,-0.01212,4e-05
10.670183,68.9219,1693.81,-0.00928,8e-05
10.67185,131.578,1687.54,-0.00628,8e-05
10.673517,194.235,1675.01,-0.00308,8e-05
10.675167,252.714,1662.48,0.00016,4e-05
10.676833,313.282,1664.57,0.00339,8e-05
10.6785,371.761,1664.57,0.0067,8e-05
10.68015,432.328,1668.75,0.00986,8e-05
10.681817,488.719,1672.92,0.01279,0.00019
10.683483,545.11,1681.28,0.01559,0.00012
10.685133,599.412,1691.72,0.01813,8e-05
10.6868,647.448,1700.07,0.0205,8e-05
10.688467,693.396,1708.43,0.02277,8e-05
10.690117,739.344,1720.96,0.02491,4e-05
10.691783,779.027,1729.31,0.02694,4e-05
10.69345,818.709,1737.67,0.02877,0
10.695117,854.214,1748.11,0.03045,0
10.696767,883.454,1756.47,0.03189,0
10.698433,912.693,1762.73,0.03314,0.00012
10.7001,937.756,1766.91,0.03419,0
10.70175,958.641,1771.08,0.03505,0
10.703417,973.261,1775.26,0.03579,-4e-05
10.705083,985.792,1777.35,0.03633,-4e-05
10.706733,992.058,1781.53,0.03676,-8e-05
10.7084,996.235,1781.53,0.03707,-4e-05
10.710067,996.235,1779.44,0.03731,-4e-05
10.711717,994.147,1783.62,0.03738,-8e-05
10.713383,985.792,1781.53,0.03738,-8e-05
10.71505,971.173,1777.35,0.03738,4e-05
10.7167,958.641,1777.35,0.03738,-8e-05
10.718367,939.845,1781.53,0.03723,-8e-05
10.720033,916.871,1777.35,0.03699,-8e-05
10.721683,889.72,1775.26,0.0368,-4e-05
10.72335,862.568,1775.26,0.03645,-8e-05
10.725017,829.152,1771.08,0.03606,-8e-05
10.726667,791.558,1764.82,0.03559,-4e-05
10.728333,756.053,1760.64,0.03501,-4e-05
10.73,714.282,1758.55,0.03427,-8e-05
10.73165,668.334,1752.29,0.03345,-4e-05
10.733317,620.297,1746.02,0.03259,0
10.734983,570.172,1741.85,0.0315,0
10.736633,520.047,1735.58,0.03033,0
10.7383,465.745,1729.31,0.029,0
10.739967,409.355,1725.14,0.02748,8e-05
10.741617,350.875,1718.87,0.02581,4e-05
10.743283,292.396,1710.52,0.02397,8e-05
10.74495,233.917,1706.34,0.0221,8e-05
10.7466,171.261,1702.16,0.01996,8e-05
10.748267,110.693,1695.9,0.01762,0.00012
10.749933,50.125,1693.81,0.01509,0.00012
10.751583,-12.5313,1695.9,0.01236,0.00012
10.75325,-73.099,1695.9,0.00936,0.00012
10.754917,-135.755,1695.9,0.00628,0.00012
10.756567,-196.323,1695.9,0.00316,8e-05
10.758233,-258.979,1704.25,0,8e-05
10.7599,-317.459,1714.69,-0.0032,0.00012
10.76155,-375.938,1725.14,-0.00647,0.00012
10.763217,-436.506,1733.49,-0.00955,8e-05
10.764883,-494.985,1739.76,-0.01251,8e-05
10.76655,-549.287,1743.93,-0.01536,0.00019
10.7682,-603.589,1754.38,-0.01809,8e-05
10.769867,-653.714,1766.91,-0.0205,8e-05
10.771533,-701.751,1773.17,-0.0228,4e-05
10.773183,-745.61,1783.62,-0.02487,4e-05
10.77485,-789.469,1794.06,-0.02694,4e-05
10.776517,-824.975,1800.32,-0.02877,8e-05
10.778167,-862.568,1808.68,-0.03056,4e-05
10.779833,-895.985,1819.12,-0.03212,4e-05
10.7815,-925.225,1823.3,-0.03345,4e-05
10.78315,-952.376,1825.39,-0.03442,8e-05
10.784817,-971.173,1829.56,-0.03528,0
10.786483,-987.881,1831.65,-0.03606,0
10.788133,-1000.41,1831.65,-0.03664,0
10.7898,-1012.94,1833.74,-0.03715,4e-05
10.791467,-1017.12,1835.83,-0.03742,0
10.793117,-1017.12,1835.83,-0.03766,0
10.794783,-1012.94,1835.83,-0.03777,0
10.79645,-1006.68,1831.65,-0.03781,0
10.7981,-998.324,1831.65,-0.03777,0
10.799767,-983.704,1831.65,-0.03777,8e-05
10.801433,-964.907,1829.56,-0.03766,0
10.803083,-944.022,1823.3,-0.03746,0
10.80475,-916.871,1823.3,-0.03723,0
10.806417,-889.72,1817.03,-0.03692,0
10.808067,-854.214,1810.77,-0.03645,0
10.809733,-820.798,1806.59,-0.03594,-4e-05
10.8114,-779.027,1800.32,-0.03532,0
10.81305,-739.344,1791.97,-0.03466,4e-05
10.814717,-691.308,1785.7,-0.03384,0
10.816383,-645.36,1779.44,-0.0329,0
10.818033,-595.235,1771.08,-0.03193,0
10.8197,-545.11,1764.82,-0.03076,0
10.821367,-488.719,1758.55,-0.02939,0
10.823017,-434.417,1752.29,-0.02787,0
10.824683,-375.938,1743.93,-0.02624,4e-05
10.82635,-317.459,1733.49,-0.02448,4e-05
10.828,-256.891,1727.23,-0.02253,4e-05
10.829667,-196.323,1720.96,-0.02047,0
10.831333,-135.755,1708.43,-0.01824,4e-05
10.833,-73.099,1702.16,-0.01575,8e-05
10.83465,-12.5313,1695.9,-0.01306,4e-05
10.836317,50.125,1691.72,-0.01021,8e-05
10.837983,110.693,1683.37,-0.00729,8e-05
10.839633,173.349,1672.92,-0.00413,8e-05
10.8413,231.828,1664.57,-0.00094,8e-05
10.842967,294.485,1658.3,0.00234,8e-05
10.844617,352.964,1658.3,0.00561,0.00012
10.846283,413.532,1664.57,0.00885,8e-05
10.84795,469.922,1664.57,0.01181,0.00012
10.8496,528.401,1672.92,0.01466,8e-05
10.851267,580.615,1683.37,0.01731,0.00012
10.852933,630.74,1691.72,0.0198,8e-05
10.854583,678.777,1700.07,0.0221,8e-05
10.85625,724.725,1714.69,0.02436,4e-05
10.857917,766.495,1720.96,0.02635,4e-05
10.859567,806.178,1729.31,0.02826,4e-05
10.861233,839.594,1739.76,0.03006,0
10.8629,873.011,1752.29,0.03161,0
10.86455,904.339,1754.38,0.03294,0
10.866217,933.579,1760.64,0.03407,-4e-05
10.867883,952.376,1766.91,0.03497,8e-05
10.869533,969.084,1771.08,0.03571,0
10.8712,983.704,1771.08,0.03629,-8e-05
10.872867,992.058,1775.26,0.0368,-4e-05
10.874517,996.235,1777.35,0.03715,-8e-05
10.876183,998.324,1777.35,0.03735,-4e-05
10.87785,994.147,1773.17,0.0375,-4e-05
10.8795,989.97,1777.35,0.0375,-8e-05
10.881167,977.438,1777.35,0.0375,-4e-05
10.882833,966.996,1773.17,0.03746,-8e-05
10.884483,946.11,1777.35,0.03738,4e-05
10.88615,925.225,1775.26,0.03723,-4e-05
10.887817,900.162,1771.08,0.03696,-4e-05
10.889467,870.923,1766.91,0.03668,-8e-05
10.891133,841.683,1766.91,0.03633,-4e-05
10.8928,806.178,1764.82,0.03586,-8e-05
10.89445,770.673,1758.55,0.03532,-4e-05
10.896117,728.902,1754.38,0.03462,-4e-05
10.897783,682.954,1754.38,0.03384,-8e-05
10.899433,634.917,1743.93,0.03298,-4e-05
10.9011,586.881,1739.76,0.032,8e-05
10.902767,536.756,1733.49,0.03084,4e-05
10.904433,482.454,1727.23,0.02955,4e-05
10.906083,428.151,1720.96,0.02811,4e-05
10.90775,371.761,1716.78,0.02655,8e-05
10.909417,311.193,1710.52,0.02468,0.00012
10.911067,250.625,1702.16,0.02284,8e-05
10.912733,192.146,1695.9,0.02078,8e-05
10.9144,133.667,1693.81,0.01852,8e-05
10.91605,71.0105,1689.63,0.01606,8e-05
10.917717,10.4427,1689.63,0.01333,0.00012
10.919383,-52.2136,1691.72,0.01037,8e-05
10.921033,-114.87,1691.72,0.00733,0.00012
10.9227,-177.526,1691.72,0.00429,0.00012
10.924367,-236.005,1695.9,0.00113,8e-05
10.926017,-296.573,1706.34,-0.00214,0.00012
10.927683,-357.141,1718.87,-0.00538,0.00012
10.92935,-415.62,1723.05,-0.00858,8e-05
10.931,-476.188,1733.49,-0.01166,8e-05
10.932667,-530.49,1739.76,-0.0145,8e-05
10.934333,-586.881,1743.93,-0.01727,8e-05
10.935983,-637.006,1756.47,-0.01984,8e-05
10.93765,-689.219,1766.91,-0.02214,4e-05
10.939317,-733.079,1773.17,-0.02425,4e-05
10.940967,-774.85,1783.62,-0.02635,4e-05
10.942633,-814.532,1796.15,-0.0283,8e-05
10.9443,-852.126,1802.41,-0.03013,8e-05
10.94595,-883.454,1808.68,-0.03173,0
10.947617,-916.871,1817.03,-0.03314,4e-05
10.949283,-941.933,1821.21,-0.03423,0
10.950933,-966.996,1821.21,-0.03516,4e-05
10.9526,-983.704,1825.39,-0.03598,4e-05
10.954267,-998.324,1829.56,-0.03657,0
10.955917,-1008.77,1829.56,-0.03707,0
10.957583,-1015.03,1829.56,-0.03746,0
10.95925,-1019.21,1829.56,-0.03777,4e-05
10.9609,-1015.03,1831.65,-0.03785,0
10.962567,-1012.94,1829.56,-0.03793,0
10.964233,-1000.41,1823.3,-0.03793,4e-05
10.965883,-987.881,1825.39,-0.03793,0
10.96755,-971.173,1823.3,-0.03781,0
10.969217,-950.287,1821.21,-0.03766,0.00012
10.970883,-923.136,1817.03,-0.03742,0
10.972533,-898.074,1814.94,-0.03711,0
10.9742,-866.746,1808.68,-0.0368,4e-05
10.975867,-831.24,1804.5,-0.03625,0
10.977517,-791.558,1796.15,-0.03567,0
10.979183,-753.964,1789.88,-0.03505,0
10.98085,-710.105,1783.62,-0.03427,0
10.9825,-659.98,1777.35,-0.03337,0
10.984167,-614.032,1769,-0.03232,0
10.985833,-561.818,1764.82,-0.03134,0.00019
10.987483,-507.516,1756.47,-0.02998,4e-05
10.98915,-455.302,1748.11,-0.02854,0
10.990817,-396.823,1737.67,-0.0269,4e-05
10.992467,-338.344,1733.49,-0.02522,4e-05
10.994133,-277.776,1727.23,-0.02323,4e-05
10.9958,-217.209,1714.69,-0.02117,4e-05
10.99745,-154.552,1710.52,-0.01902,8e-05
10.999117,-91.8959,1702.16,-0.01665,4e-05
11.000783,-31.3282,1691.72,-0.01403,8e-05
11.002433,31.3282,1687.54,-0.01123,0.00015
11.0041,91.8959,1683.37,-0.00834,8e-05
11.005767,152.464,1672.92,-0.00522,4e-05
11.007417,213.031,1660.39,-0.00191,8e-05
11.009083,275.688,1656.21,0.00129,8e-05
11.01075,332.078,1652.04,0.00456,0.00012
11.0124,394.735,1654.13,0.00787,8e-05
11.014067,451.125,1658.3,0.01092,8e-05
11.015733,507.516,1668.75,0.01384,8e-05
11.017383,563.907,1675.01,0.01661,8e-05
11.01905,616.12,1681.28,0.01914,0.00012
11.020717,662.068,1693.81,0.02148,8e-05
11.022367,710.105,1704.25,0.02374,8e-05
11.024033,751.876,1712.61,0.02581,8e-05
11.0257,791.558,1720.96,0.02779,4e-05
11.02735,829.152,1731.4,0.02967,0
11.029017,864.657,1741.85,0.03122,4e-05
11.030683,893.897,1748.11,0.03263,-4e-05
11.032333,921.048,1754.38,0.03376,-4e-05
11.034,944.022,1760.64,0.03477,-4e-05
11.035667,962.819,1764.82,0.03559,-4e-05
11.037333,975.35,1766.91,0.03621,-4e-05
11.038983,987.881,1766.91,0.03676,-4e-05
11.04065,994.147,1769,0.03719,-4e-05
11.042317,998.324,1773.17,0.03746,-4e-05
11.043967,994.147,1771.08,0.03758,-8e-05
11.045633,989.97,1771.08,0.03766,-4e-05
11.0473,983.704,1771.08,0.0377,-8e-05
11.04895,971.173,1771.08,0.03762,-4e-05
11.050617,952.376,1771.08,0.03754,-8e-05
11.052283,933.579,1769,0.03738,-4e-05
11.053933,908.516,1769,0.03719,4e-05
11.0556,883.454,1766.91,0.03696,-4e-05
11.057267,852.126,1762.73,0.03664,-4e-05
11.058917,818.709,1758.55,0.03618,-8e-05
11.060583,783.204,1756.47,0.03563,-4e-05
11.06225,741.433,1752.29,0.03497,0
11.0639,697.574,1746.02,0.03427,-4e-05
11.065567,651.626,1746.02,0.03337,0
11.067233,601.501,1737.67,0.03243,0
11.068883,553.464,1729.31,0.03134,-4e-05
11.07055,501.25,1727.23,0.03009,8e-05
11.072217,444.86,1720.96,0.02873,0
11.073867,390.558,1712.61,0.02713,8e-05
11.075533,329.99,1706.34,0.02542,4e-05
11.0772,271.511,1702.16,0.02355,8e-05
11.07885,210.943,1693.81,0.02156,8e-05
11.080517,150.375,1689.63,0.01937,8e-05
11.082183,87.7188,1683.37,0.01696,8e-05
11.083833,31.3282,1683.37,0.01438,8e-05
11.0855,-31.3282,1685.45,0.01146,8e-05
11.087167,-93.9845,1687.54,0.00838,0.00019
11.088817,-156.641,1687.54,0.0053,0.00012
11.090483,-215.12,1689.63,0.00218,0.00012
11.09215,-277.776,1695.9,-0.00105,8e-05
11.0938,-336.255,1708.43,-0.00429,0.00012
11.095467,-396.823,1720.96,-0.00756,8e-05
11.097133,-457.391,1723.05,-0.01072,8e-05
11.098783,-511.693,1729.31,-0.0136,4e-05
11.10045,-565.995,1739.76,-0.01641,8e-05
11.102117,-620.297,1748.11,-0.01906,8e-05
11.103783,-670.422,1758.55,-0.02148,8e-05
11.105433,-716.37,1769,-0.02374,4e-05
11.1071,-760.23,1779.44,-0.02581,4e-05
11.108767,-802.001,1785.7,-0.02779,4e-05
11.110417,-839.594,1798.24,-0.02963,0
11.112083,-875.1,1802.41,-0.03138,8e-05
11.11375,-908.516,1806.59,-0.03282,4e-05
11.1154,-935.667,1814.94,-0.03399,4e-05
11.117067,-958.641,1821.21,-0.03501,0
11.118733,-979.527,1819.12,-0.03582,0
11.120383,-994.147,1823.3,-0.03649,4e-05
11.12205,-1006.68,1825.39,-0.03711,0
11.123717,-1012.94,1827.48,-0.0375,0
11.125367,-1017.12,1825.39,-0.03781,0
11.127033,-1017.12,1825.39,-0.03793,0
11.1287,-1015.03,1825.39,-0.03809,0
11.13035,-1004.59,1823.3,-0.03809,0
11.132017,-994.147,1821.21,-0.03805,0
11.133683,-977.438,1821.21,-0.03801,-4e-05
11.135333,-958.641,1817.03,-0.03785,0
11.137,-933.579,1814.94,-0.03766,-4e-05
11.138667,-904.339,1810.77,-0.03738,0
11.140317,-875.1,1806.59,-0.03703,0
11.141983,-843.772,1800.32,-0.03653,0
11.14365,-808.266,1794.06,-0.03602,0
11.1453,-764.407,1789.88,-0.03532,4e-05
11.146967,-722.636,1783.62,-0.03462,0
11.148633,-678.777,1773.17,-0.03384,0
11.150283,-630.74,1764.82,-0.03282,4e-05
11.15195,-578.527,1760.64,-0.03173,0
11.153617,-526.313,1752.29,-0.03052,0
11.155267,-469.922,1746.02,-0.02916,0.00012
11.156933,-413.532,1739.76,-0.02752,0
11.1586,-359.229,1731.4,-0.02588,4e-05
11.16025,-296.573,1723.05,-0.02401,4e-05
11.161917,-233.917,1716.78,-0.02199,4e-05
11.163583,-175.438,1706.34,-0.01988,4e-05
11.165233,-114.87,1695.9,-0.01758,4e-05
11.1669,-50.125,1693.81,-0.01497,4e-05
11.168567,6.26563,1685.45,-0.01224,4e-05
11.170233,68.9219,1679.19,-0.00936,4e-05
11.171883,133.667,1675.01,-0.00628,0.00015
11.17355,194.235,1662.48,-0.00304,8e-05
11.175217,254.802,1652.04,0.00023,8e-05
11.176867,313.282,1647.86,0.00351,8e-05
11.178533,373.849,1647.86,0.00682,0.00012
11.1802,434.417,1656.21,0.01006,8e-05
11.18185,490.808,1658.3,0.01294,8e-05
11.183517,545.11,1668.75,0.01575,8e-05
11.185183,599.412,1679.19,0.01836,8e-05
11.186833,647.448,1685.45,0.02082,0.00012
11.1885,693.396,1693.81,0.02304,0.00015
11.190167,739.344,1704.25,0.02522,8e-05
11.191817,781.115,1716.78,0.02717,4e-05
11.193483,816.62,1720.96,0.02904,4e-05
11.19515,852.126,1733.49,0.0308,4e-05
11.1968,883.454,1743.93,0.03236,0
11.198467,912.693,1746.02,0.0336,0
11.200133,935.667,1752.29,0.03458,0
11.201783,958.641,1758.55,0.03547,0
11.20345,971.173,1762.73,0.03614,0
11.205117,985.792,1764.82,0.03668,0
11.206767,994.147,1766.91,0.03715,-4e-05
11.208433,998.324,1766.91,0.0375,-4e-05
11.2101,996.235,1766.91,0.03762,-4e-05
11.21175,992.058,1764.82,0.03773,-4e-05
11.213417,983.704,1769,0.03777,-4e-05
11.215083,975.35,1766.91,0.03773,-4e-05
11.216733,960.73,1766.91,0.03773,-4e-05
11.2184,939.845,1766.91,0.03758,-8e-05
11.220067,916.871,1762.73,0.03738,-4e-05
11.221717,889.72,1760.64,0.03715,-4e-05
11.223383,860.48,1758.55,0.03684,-4e-05
11.22505,829.152,1756.47,0.03645,-4e-05
11.2267,793.647,1752.29,0.03594,-4e-05
11.228367,753.964,1748.11,0.03532,-4e-05
11.230033,714.282,1743.93,0.03466,0
11.231683,668.334,1741.85,0.03384,0
11.23335,618.209,1733.49,0.03286,0
11.235017,570.172,1729.31,0.03189,0
11.236683,517.959,1720.96,0.03064,4e-05
11.238333,465.745,1716.78,0.02935,4e-05
11.24,407.266,1710.52,0.02776,4e-05
11.241667,348.787,1706.34,0.02612,8e-05
11.243317,290.308,1697.99,0.02429,8e-05
11.244983,229.74,1691.72,0.02238,8e-05
11.24665,171.261,1689.63,0.02019,8e-05
11.2483,108.604,1683.37,0.01785,8e-05
11.249967,50.125,1679.19,0.01528,0.00012
11.251633,-10.4427,1683.37,0.01251,8e-05
11.253283,-73.099,1681.28,0.00943,8e-05
11.25495,-135.755,1683.37,0.00628,8e-05
11.256617,-198.412,1685.45,0.00324,0.00019
11.258267,-258.979,1689.63,4e-05,0.00012
11.259933,-317.459,1700.07,-0.00324,8e-05
11.2616,-375.938,1714.69,-0.00655,8e-05
11.26325,-438.594,1716.78,-0.00975,0.00012
11.264917,-494.985,1720.96,-0.01271,8e-05
11.266583,-549.287,1729.31,-0.01559,8e-05
11.268233,-603.589,1741.85,-0.01828,8e-05
11.2699,-653.714,1746.02,-0.02078,8e-05
11.271567,-701.751,1756.47,-0.02308,8e-05
11.273217,-747.699,1773.17,-0.02514,0.00019
11.274883,-787.381,1781.53,-0.02717,8e-05
11.27655,-827.063,1785.7,-0.02912,8e-05
11.2782,-862.568,1796.15,-0.03091,0
11.279867,-895.985,1804.5,-0.03239,4e-05
11.281533,-925.225,1808.68,-0.03372,8e-05
11.283183,-950.287,1810.77,-0.03481,4e-05
11.28485,-971.173,1817.03,-0.03571,0
11.286517,-987.881,1819.12,-0.03641,4e-05
11.288167,-1002.5,1817.03,-0.03699,4e-05
11.289833,-1010.86,1823.3,-0.03746,0.00012
11.2915,-1017.12,1823.3,-0.03781,0
11.29315,-1019.21,1821.21,-0.03805,4e-05
11.294817,-1012.94,1819.12,-0.03812,0
11.296483,-1006.68,1817.03,-0.0382,4e-05
11.298133,-996.235,1819.12,-0.0382,4e-05
11.2998,-981.615,1817.03,-0.03816,0
11.301467,-962.819,1812.86,-0.03797,0
11.303133,-941.933,1810.77,-0.03781,0
11.304783,-914.782,1808.68,-0.03758,0
11.30645,-887.631,1802.41,-0.03723,0
11.308117,-854.214,1798.24,-0.03684,4e-05
11.309767,-820.798,1791.97,-0.03633,4e-05
11.311433,-779.027,1787.79,-0.03567,4e-05
11.3131,-741.433,1777.35,-0.03497,4e-05
11.31475,-691.308,1773.17,-0.03411,0
11.316417,-645.36,1764.82,-0.03317,0
11.318083,-595.235,1754.38,-0.03212,4e-05
11.319733,-543.021,1752.29,-0.03099,0
11.3214,-488.719,1743.93,-0.02963,0
11.323067,-434.417,1735.58,-0.02811,0
11.324717,-375.938,1729.31,-0.02647,4e-05
11.326383,-315.37,1723.05,-0.02468,4e-05
11.32805,-254.802,1712.61,-0.02269,4e-05
11.3297,-196.323,1702.16,-0.02066,0
11.331367,-133.667,1695.9,-0.01832,4e-05
11.333033,-73.099,1689.63,-0.0159,8e-05
11.334683,-12.5313,1679.19,-0.01322,4e-05
11.33635,50.125,1677.1,-0.01033,4e-05
11.338017,112.781,1672.92,-0.00725,8e-05
11.339667,173.349,1658.3,-0.00413,8e-05
11.341333,236.005,1647.86,-0.00082,0.00015
11.343,296.573,1647.86,0.00246,8e-05
11.34465,352.964,1641.6,0.00581,0.00012
11.346317,413.532,1645.77,0.009,0.00012
11.347983,472.011,1654.13,0.01205,8e-05
11.349633,526.313,1660.39,0.01493,0.00012
11.3513,582.704,1670.83,0.01758,8e-05
11.352967,632.829,1679.19,0.02008,8e-05
11.354617,680.865,1689.63,0.02245,8e-05
11.356283,724.725,1697.99,0.02464,8e-05
11.35795,766.495,1704.25,0.02666,0.00012
11.3596,806.178,1716.78,0.02861,4e-05
11.361267,841.683,1727.23,0.03041,4e-05
11.362933,875.1,1733.49,0.03197,0
11.364583,902.251,1739.76,0.03329,0
11.36625,929.402,1748.11,0.03442,-4e-05
11.367917,950.287,1752.29,0.03532,-4e-05
11.369567,969.084,1754.38,0.03606,-4e-05
11.371233,981.615,1760.64,0.03668,-4e-05
11.3729,989.97,1764.82,0.03719,0
11.374567,996.235,1764.82,0.03746,8e-05
11.376217,1000.41,1762.73,0.03773,-4e-05
11.377883,994.147,1764.82,0.03785,-8e-05
11.37955,989.97,1764.82,0.03793,-8e-05
11.3812,977.438,1760.64,0.03789,-4e-05
11.382867,964.907,1762.73,0.03785,-8e-05
11.384533,946.11,1762.73,0.03777,-8e-05
11.386183,925.225,1760.64,0.03758,-8e-05
11.38785,900.162,1758.55,0.03735,-8e-05
11.389517,868.834,1756.47,0.03707,-4e-05
11.391167,841.683,1756.47,0.03668,4e-05
11.392833,806.178,1752.29,0.03625,-4e-05
11.3945,768.584,1746.02,0.03567,-4e-05
11.39615,724.725,1743.93,0.03505,-4e-05
11.397817,682.954,1733.49,0.03423,0
11.399483,634.917,1731.4,0.03333,-4e-05
11.401133,584.792,1727.23,0.03236,0
11.4028,534.667,1720.96,0.03122,0
11.404467,482.454,1714.69,0.0299,4e-05
11.406117,426.063,1708.43,0.02842,4e-05
11.407783,369.672,1702.16,0.02678,4e-05
11.40945,309.104,1693.81,0.02495,8e-05
11.4111,250.625,1689.63,0.02316,8e-05
11.412767,190.057,1683.37,0.02105,8e-05
11.414433,131.578,1679.19,0.01871,8e-05
11.416083,68.9219,1677.1,0.01626,8e-05
11.41775,10.4427,1677.1,0.01353,8e-05
11.419417,-52.2136,1677.1,0.01049,8e-05
11.421067,-116.958,1677.1,0.00741,8e-05
11.422733,-177.526,1679.19,0.00433,0.00012
11.4244,-238.094,1681.28,0.00113,0.00012
11.42605,-298.662,1689.63,-0.00218,8e-05
11.427717,-357.141,1702.16,-0.00546,8e-05
11.429383,-417.709,1708.43,-0.00865,8e-05
11.431033,-476.188,1710.52,-0.01177,8e-05
11.4327,-530.49,1716.78,-0.01466,8e-05
11.434367,-584.792,1727.23,-0.01746,8e-05
11.436017,-641.183,1735.58,-0.02008,8e-05
11.437683,-689.219,1741.85,-0.02241,8e-05
11.43935,-733.079,1754.38,-0.02452,8e-05
11.441017,-776.938,1764.82,-0.02666,8e-05
11.442667,-814.532,1771.08,-0.02861,0.00012
11.444333,-852.126,1777.35,-0.03045,4e-05
11.446,-885.542,1787.79,-0.03204,4e-05
11.44765,-916.871,1791.97,-0.03345,4e-05
11.449317,-944.022,1791.97,-0.03462,4e-05
11.450983,-964.907,1798.24,-0.03555,0
11.452633,-981.615,1804.5,-0.03629,0
11.4543,-998.324,1802.41,-0.03696,-4e-05
11.455967,-1006.68,1804.5,-0.03742,4e-05
11.457617,-1015.03,1806.59,-0.03785,0
11.459283,-1019.21,1804.5,-0.03809,0.00012
11.46095,-1017.12,1802.41,-0.03828,0
11.4626,-1006.68,1802.41,-0.03828,-4e-05
11.464267,-1000.41,1800.32,-0.03832,0
11.465933,-987.881,1798.24,-0.03832,0
11.467583,-969.084,1796.15,-0.03816,-4e-05
11.46925,-948.199,1794.06,-0.03801,0
11.470917,-923.136,1789.88,-0.03781,0
11.472567,-895.985,1785.7,-0.03746,0
11.474233,-864.657,1783.62,-0.03715,4e-05
11.4759,-831.24,1777.35,-0.03664,8e-05
11.47755,-791.558,1771.08,-0.03602,0
11.479217,-753.964,1764.82,-0.0354,0
11.480883,-710.105,1756.47,-0.03462,0
11.482533,-659.98,1748.11,-0.03372,-4e-05
11.4842,-611.943,1741.85,-0.03267,0
11.485867,-559.73,1733.49,-0.03154,0
11.487517,-507.516,1727.23,-0.03029,0
11.489183,-455.302,1716.78,-0.02881,4e-05
11.49085,-394.735,1712.61,-0.02713,0
11.4925,-336.255,1708.43,-0.02542,4e-05
11.494167,-275.688,1695.9,-0.02355,4e-05
11.495833,-217.209,1687.54,-0.02148,4e-05
11.497483,-152.464,1677.1,-0.01918,0
11.49915,-91.8959,1670.83,-0.0168,4e-05
11.500817,-31.3282,1664.57,-0.01423,4e-05
11.502467,29.2396,1658.3,-0.01138,4e-05
11.504133,91.8959,1652.04,-0.00838,4e-05
11.5058,152.464,1645.77,-0.00526,4e-05
11.507467,217.209,1631.15,-0.00195,4e-05
11.509117,273.599,1626.98,0.00129,8e-05
11.510783,334.167,1620.71,0.00464,8e-05
11.51245,394.735,1624.89,0.00795,0.00012
11.5141,451.125,1629.06,0.01115,0.00012
11.515767,507.516,1635.33,0.01403,4e-05
11.517433,563.907,1645.77,0.01684,8e-05
11.519083,618.209,1656.21,0.01937,4e-05
11.52075,664.157,1666.66,0.02175,4e-05
11.522417,712.193,1675.01,0.02405,4e-05
11.524067,751.876,1683.37,0.02612,4e-05
11.525733,791.558,1693.81,0.02811,0
11.5274,829.152,1702.16,0.02998,0
11.52905,864.657,1710.52,0.03161,4e-05
11.530717,893.897,1720.96,0.03302,0
11.532383,921.048,1725.14,0.03423,-4e-05
11.534033,946.11,1729.31,0.0352,-4e-05
11.5357,962.819,1733.49,0.03602,-4e-05
11.537367,977.438,1735.58,0.03664,-8e-05
11.539017,989.97,1739.76,0.03715,-8e-05
11.540683,996.235,1741.85,0.03754,-8e-05
11.54235,998.324,1741.85,0.03781,-8e-05
11.544,996.235,1741.85,0.03797,0
11.545667,989.97,1741.85,0.03805,-4e-05
11.547333,981.615,1741.85,0.03805,-8e-05
11.548983,971.173,1741.85,0.03805,-8e-05
11.55065,954.464,1739.76,0.03797,-8e-05
11.552317,931.49,1739.76,0.03781,-8e-05
11.553967,906.428,1739.76,0.03758,-0.00012
11.555633,881.365,1735.58,0.03738,-8e-05
11.5573,852.126,1733.49,0.03703,-0.00012
11.55895,820.798,1731.4,0.03657,-8e-05
11.560617,779.027,1727.23,0.03598,0
11.562283,741.433,1720.96,0.03544,-8e-05
11.563933,699.662,1716.78,0.03469,-8e-05
11.5656,651.626,1714.69,0.03376,-4e-05
11.567267,599.412,1706.34,0.03282,-8e-05
11.568917,551.375,1702.16,0.03173,-4e-05
11.570583,499.162,1695.9,0.03041,0
11.57225,446.948,1689.63,0.02908,0
11.573917,388.469,1681.28,0.02748,0
11.575567,327.901,1677.1,0.02573,4e-05
11.577233,271.511,1670.83,0.0239,0.00012
11.5789,208.854,1664.57,0.02183,0
11.58055,148.287,1660.39,0.01965,0
11.582217,87.7188,1656.21,0.01715,8e-05
11.583883,29.2396,1652.04,0.0145,4e-05
11.585533,-31.3282,1654.13,0.01158,4e-05
11.5872,-93.9845,1658.3,0.0085,8e-05
11.588867,-158.729,1658.3,0.00534,4e-05
11.590517,-217.209,1658.3,0.00222,0
11.592183,-277.776,1666.66,-0.00105,4e-05
11.59385,-336.255,1679.19,-0.00437,0.00012
11.5955,-396.823,1685.45,-0.00768,8e-05
11.597167,-455.302,1691.72,-0.01084,8e-05
11.598833,-513.782,1695.9,-0.0138,4e-05
11.600483,-565.995,1704.25,-0.01661,4e-05
11.60215,-620.297,1714.69,-0.0193,4e-05
11.603817,-672.511,1725.14,-0.02175,4e-05
11.605467,-716.37,1735.58,-0.02394,4e-05
11.607133,-760.23,1746.02,-0.02608,4e-05
11.6088,-802.001,1752.29,-0.02811,4e-05
11.61045,-839.594,1762.73,-0.03002,0
11.612117,-873.011,1773.17,-0.03173,4e-05
11.613783,-906.428,1777.35,-0.03317,0
11.615433,-935.667,1781.53,-0.03442,-4e-05
11.6171,-960.73,1787.79,-0.03544,0
11.618767,-977.438,1789.88,-0.03621,0
11.620417,-996.235,1789.88,-0.03696,0
11.622083,-1004.59,1791.97,-0.03742,0
11.62375,-1015.03,1794.06,-0.03789,-4e-05
11.6254,-1019.21,1794.06,-0.0382,0
11.627067,-1017.12,1794.06,-0.0384,0
11.628733,-1012.94,1791.97,-0.03844,0
11.630383,-1006.68,1789.88,-0.03844,0
11.63205,-992.058,1789.88,-0.03848,0
11.633717,-977.438,1785.7,-0.0384,0
11.635367,-956.553,1783.62,-0.03824,-4e-05
11.637033,-933.579,1779.44,-0.03805,-8e-05
11.6387,-906.428,1777.35,-0.03777,-4e-05
11.640367,-877.188,1771.08,-0.03742,-4e-05
11.642017,-839.594,1766.91,-0.03692,-4e-05
11.643683,-806.178,1764.82,-0.03641,-8e-05
11.64535,-764.407,1758.55,-0.03579,8e-05
11.647,-724.725,1748.11,-0.03501,-4e-05
11.648667,-674.6,1741.85,-0.03415,-4e-05
11.650333,-628.652,1733.49,-0.03321,-4e-05
11.651983,-578.527,1725.14,-0.03204,0
11.65365,-524.224,1720.96,-0.03084,0
11.655317,-469.922,1714.69,-0.02947,-4e-05
11.656967,-415.62,1704.25,-0.02787,0
11.658633,-355.052,1695.9,-0.02616,0
11.6603,-296.573,1691.72,-0.02429,4e-05
11.66195,-236.005,1683.37,-0.0223,8e-05
11.663617,-173.349,1672.92,-0.02011,0
11.665283,-112.781,1664.57,-0.0177,0
11.666933,-50.125,1660.39,-0.01516,4e-05
11.6686,10.4427,1652.04,-0.0124,4e-05
11.670267,71.0105,1645.77,-0.00943,0
11.671917,131.578,1641.6,-0.00639,4e-05
11.673583,192.146,1626.98,-0.00308,4e-05
11.67525,250.625,1616.53,0.00019,4e-05
11.6769,315.37,1616.53,0.00355,4e-05
11.678567,373.849,1616.53,0.00694,0.00015
11.680233,436.506,1616.53,0.0101,8e-05
11.681883,490.808,1626.98,0.01314,4e-05
11.68355,547.198,1637.42,0.01602,4e-05
11.685217,599.412,1645.77,0.01867,0
11.686867,649.537,1654.13,0.02109,4e-05
11.688533,697.574,1664.57,0.02339,0
11.6902,739.344,1672.92,0.02557,4e-05
11.69185,779.027,1679.19,0.02756,0
11.693517,818.709,1689.63,0.02947,0
11.695183,854.214,1702.16,0.03126,4e-05
11.696833,885.542,1706.34,0.03271,-4e-05
11.6985,914.782,1714.69,0.03399,-4e-05
11.700167,937.756,1720.96,0.03508,-4e-05
11.701817,956.553,1720.96,0.03586,-8e-05
11.703483,975.35,1725.14,0.0366,-8e-05
11.70515,985.792,1729.31,0.03719,-8e-05
11.706817,994.147,1733.49,0.03762,-8e-05
11.708467,996.235,1731.4,0.03789,-8e-05
11.710133,996.235,1729.31,0.03809,-8e-05
11.7118,992.058,1733.49,0.0382,-0.00012
11.71345,983.704,1731.4,0.0382,-8e-05
11.715117,973.261,1729.31,0.0382,-0.00012
11.716783,958.641,1733.49,0.03812,-0.00012
11.718433,939.845,1731.4,0.03805,-8e-05
11.7201,914.782,1727.23,0.03781,-8e-05
11.721767,889.72,1727.23,0.03758,-0.00012
11.723417,860.48,1727.23,0.03727,-0.00012
11.725083,829.152,1723.05,0.03688,-0.00012
11.72675,791.558,1716.78,0.03637,-0.00012
11.7284,753.964,1716.78,0.03579,-8e-05
11.730067,714.282,1708.43,0.03508,0
11.731733,666.245,1702.16,0.03419,-8e-05
11.733383,618.209,1697.99,0.03329,-8e-05
11.73505,570.172,1693.81,0.03232,-4e-05
11.736717,515.87,1687.54,0.03103,-4e-05
11.738367,463.657,1679.19,0.0297,0
11.740033,409.355,1675.01,0.02815,0
11.7417,348.787,1668.75,0.02647,0
11.74335,290.308,1660.39,0.0246,0
11.745017,231.828,1656.21,0.02269,-4e-05
11.746683,171.261,1652.04,0.0205,0.00012
11.748333,108.604,1645.77,0.01801,4e-05
11.75,50.125,1645.77,0.01552,4e-05
11.751667,-12.5313,1645.77,0.01267,4e-05
11.753317,-75.1876,1645.77,0.00959,4e-05
11.754983,-139.932,1645.77,0.00643,4e-05
11.75665,-198.412,1649.95,0.00331,4e-05
11.7583,-258.979,1658.3,8e-05,0
11.759967,-319.547,1666.66,-0.00331,8e-05
11.761633,-378.026,1677.1,-0.00659,0
11.763283,-438.594,1683.37,-0.00986,0.00015
11.76495,-494.985,1685.45,-0.0129,0
11.766617,-549.287,1691.72,-0.01575,4e-05
11.768267,-605.678,1704.25,-0.01852,4e-05
11.769933,-655.803,1712.61,-0.02105,4e-05
11.7716,-703.839,1720.96,-0.02335,4e-05
11.773267,-747.699,1733.49,-0.02546,4e-05
11.774917,-789.469,1743.93,-0.02748,0
11.776583,-827.063,1750.2,-0.02943,0
11.77825,-864.657,1758.55,-0.03126,0
11.7799,-895.985,1769,-0.03278,0.00012
11.781567,-927.313,1771.08,-0.03415,-4e-05
11.783233,-950.287,1775.26,-0.0352,-4e-05
11.784883,-971.173,1779.44,-0.03606,-4e-05
11.78655,-987.881,1783.62,-0.03684,-4e-05
11.788217,-1004.59,1781.53,-0.03742,-4e-05
11.789867,-1010.86,1783.62,-0.03785,-4e-05
11.791533,-1017.12,1783.62,-0.03824,-4e-05
11.7932,-1019.21,1785.7,-0.0384,-4e-05
11.79485,-1015.03,1783.62,-0.03859,-4e-05
11.796517,-1006.68,1783.62,-0.03863,0
11.798183,-996.235,1781.53,-0.03859,-4e-05
11.799833,-983.704,1779.44,-0.03859,-4e-05
11.8015,-962.819,1777.35,-0.0384,-8e-05
11.803167,-939.845,1771.08,-0.03824,-4e-05
11.804817,-914.782,1771.08,-0.03801,-8e-05
11.806483,-885.542,1766.91,-0.03766,-8e-05
11.80815,-854.214,1760.64,-0.03723,-4e-05
11.8098,-818.709,1756.47,-0.03672,-4e-05
11.811467,-779.027,1748.11,-0.03606,-8e-05
11.813133,-739.344,1741.85,-0.03544,-4e-05
11.814783,-691.308,1735.58,-0.03458,-4e-05
11.81645,-645.36,1729.31,-0.03368,-8e-05
11.818117,-595.235,1720.96,-0.03263,-4e-05
11.819767,-543.021,1714.69,-0.03142,-4e-05
11.821433,-488.719,1706.34,-0.03009,0
11.8231,-434.417,1697.99,-0.02854,-4e-05
11.82475,-375.938,1691.72,-0.02686,0
11.826417,-315.37,1685.45,-0.02507,-4e-05
11.828083,-252.714,1677.1,-0.023,-4e-05
11.829733,-192.146,1670.83,-0.02089,-4e-05
11.8314,-131.578,1658.3,-0.01856,4e-05
11.833067,-73.099,1652.04,-0.01614,4e-05
11.834717,-10.4427,1645.77,-0.01337,0
11.836383,52.2136,1639.51,-0.01045,-4e-05
11.83805,110.693,1639.51,-0.00741,4e-05
11.8397,173.349,1622.8,-0.00425,4e-05
11.841367,233.917,1612.36,-0.0009,4e-05
11.843033,296.573,1610.27,0.00249,4e-05
11.8447,355.052,1608.18,0.00585,4e-05
11.84635,413.532,1610.27,0.00916,8e-05
11.848017,469.922,1616.53,0.01224,0.00012
11.849683,528.401,1626.98,0.01516,8e-05
11.851333,582.704,1637.42,0.01785,4e-05
11.853,630.74,1645.77,0.02035,4e-05
11.854667,678.777,1654.13,0.02273,0
11.856317,726.813,1664.57,0.02499,4e-05
11.857983,766.495,1672.92,0.02705,0
11.85965,808.266,1683.37,0.029,0
11.8613,841.683,1693.81,0.03087,-4e-05
11.862967,877.188,1700.07,0.03243,-4e-05
11.864633,902.251,1708.43,0.03372,0
11.866283,931.49,1714.69,0.03489,-8e-05
11.86795,950.287,1718.87,0.03579,-8e-05
11.869617,969.084,1723.05,0.03653,-8e-05
11.871267,983.704,1727.23,0.03711,-8e-05
11.872933,992.058,1731.4,0.03762,-0.00012
11.8746,996.235,1729.31,0.03797,-0.00012
11.87625,998.324,1729.31,0.0382,-0.00012
11.877917,994.147,1731.4,0.03828,-8e-05
11.879583,989.97,1733.49,0.03832,-0.00012
11.881233,979.527,1729.31,0.03832,-4e-05
11.8829,964.907,1729.31,0.03828,-0.00012
11.884567,946.11,1729.31,0.03824,-0.00012
11.886217,927.313,1727.23,0.03801,-0.00012
11.887883,898.074,1725.14,0.03781,-0.00012
11.88955,870.923,1725.14,0.0375,-0.00012
11.8912,839.594,1720.96,0.03711,-0.00012
11.892867,806.178,1716.78,0.03664,-8e-05
11.894533,766.495,1714.69,0.0361,-0.00012
11.896183,728.902,1708.43,0.03544,-8e-05
11.89785,680.865,1702.16,0.03462,-8e-05
11.899517,632.829,1697.99,0.03376,-8e-05
11.901167,586.881,1693.81,0.03278,-8e-05
11.902833,534.667,1687.54,0.03161,-4e-05
11.9045,482.454,1679.19,0.03029,0
11.90615,426.063,1677.1,0.02881,-4e-05
11.907817,369.672,1670.83,0.02713,-4e-05
11.909483,309.104,1660.39,0.02534,0
11.91115,252.714,1654.13,0.02347,0
11.9128,190.057,1652.04,0.02132,0
11.914467,129.49,1645.77,0.01898,0
11.916133,68.9219,1639.51,0.01641,4e-05
11.917783,8.35417,1641.6,0.01364,4e-05
11.91945,-54.3021,1645.77,0.01064,0
11.921117,-116.958,1643.68,0.00756,4e-05
11.922767,-177.526,1643.68,0.00437,4e-05
11.924433,-240.182,1652.04,0.00113,4e-05
11.9261,-296.573,1660.39,-0.00222,4e-05
11.92775,-357.141,1670.83,-0.00557,4e-05
11.929417,-419.797,1677.1,-0.00885,4e-05
11.931083,-478.276,1683.37,-0.01197,4e-05
11.932733,-530.49,1687.54,-0.01489,0.00012
11.9344,-586.881,1697.99,-0.01774,4e-05
11.936067,-641.183,1708.43,-0.02035,0
11.937717,-687.131,1716.78,-0.02269,0
11.939383,-733.079,1727.23,-0.02483,4e-05
11.94105,-776.938,1737.67,-0.02694,0
11.9427,-814.532,1748.11,-0.02892,0
11.944367,-852.126,1754.38,-0.03087,0
11.946033,-887.631,1762.73,-0.03243,0
11.947683,-918.959,1769,-0.0338,-4e-05
11.94935,-944.022,1773.17,-0.03501,8e-05
11.951017,-966.996,1773.17,-0.03594,-8e-05
11.952667,-985.792,1779.44,-0.03672,-8e-05
11.954333,-1000.41,1779.44,-0.03738,-4e-05
11.956,-1006.68,1779.44,-0.03789,-4e-05
11.95765,-1015.03,1783.62,-0.03824,-4e-05
11.959317,-1017.12,1783.62,-0.03851,-4e-05
11.960983,-1017.12,1777.35,-0.03867,-4e-05
11.962633,-1008.77,1779.44,-0.03875,-4e-05
11.9643,-1002.5,1779.44,-0.03875,-4e-05
11.965967,-987.881,1777.35,-0.03871,4e-05
11.967617,-969.084,1773.17,-0.03863,-4e-05
11.969283,-950.287,1771.08,-0.03844,-8e-05
11.97095,-923.136,1769,-0.03824,-8e-05
11.9726,-895.985,1764.82,-0.03797,-8e-05
11.974267,-864.657,1760.64,-0.0375,-8e-05
11.975933,-829.152,1756.47,-0.03707,-8e-05
11.977583,-793.647,1750.2,-0.03649,-8e-05
11.97925,-753.964,1741.85,-0.03579,-4e-05
11.980917,-710.105,1735.58,-0.03501,-4e-05
11.982583,-659.98,1727.23,-0.03407,4e-05
11.984233,-611.943,1720.96,-0.0331,-4e-05
11.9859,-561.818,1714.69,-0.03193,-4e-05
11.987567,-505.428,1704.25,-0.03068,-4e-05
11.989217,-453.214,1697.99,-0.02924,-4e-05
11.990883,-394.735,1691.72,-0.02748,-4e-05
11.99255,-338.344,1685.45,-0.02573,-4e-05
11.9942,-273.599,1679.19,-0.02378,-4e-05
11.995867,-215.12,1668.75,-0.02171,0
11.997533,-152.464,1662.48,-0.01945,-4e-05
11.999183,-91.8959,1652.04,-0.01704,0
12.00085,-31.3282,1641.6,-0.01435,0
12.002517,31.3282,1637.42,-0.0115,0
12.004167,91.8959,1637.42,-0.00846,0
12.005833,152.464,1626.98,-0.0053,0
12.0075,213.031,1610.27,-0.00195,4e-05
12.00915,277.776,1608.18,0.0014,4e-05
12.010817,334.167,1601.91,0.00472,4e-05
12.012483,394.735,1604,0.00807,4e-05
12.014133,455.302,1612.36,0.01127,8e-05
12.0158,511.693,1620.71,0.01427,4e-05
12.017467,563.907,1626.98,0.01707,4e-05
12.019117,618.209,1639.51,0.01961,4e-05
12.020783,666.245,1652.04,0.0221,-4e-05
12.02245,710.105,1658.3,0.02429,0
12.0241,751.876,1668.75,0.02643,-4e-05
12.025767,793.647,1679.19,0.0285,0
12.027433,831.24,1689.63,0.03037,-8e-05
12.029083,862.568,1693.81,0.032,0
12.03075,893.897,1704.25,0.03349,-4e-05
12.032417,923.136,1710.52,0.03466,-4e-05
12.034067,941.933,1716.78,0.03563,0
12.035733,962.819,1718.87,0.03641,-8e-05
12.0374,977.438,1723.05,0.03703,-8e-05
12.03905,989.97,1725.14,0.03762,-0.00012
12.040717,994.147,1725.14,0.03797,-0.00012
12.042383,1000.41,1727.23,0.03828,-0.00012
12.044033,994.147,1729.31,0.03836,-0.00012
12.0457,989.97,1727.23,0.03851,-0.00012
12.047367,981.615,1727.23,0.03851,-0.00012
12.049033,971.173,1727.23,0.03844,-0.00012
12.050683,954.464,1727.23,0.0384,0
12.05235,931.49,1720.96,0.0382,-0.00012
12.054017,906.428,1720.96,0.03801,-0.00015
12.055667,879.277,1720.96,0.0377,-0.00012
12.057333,850.037,1716.78,0.03742,-0.00012
12.059,816.62,1714.69,0.03692,-0.00015
12.06065,779.027,1710.52,0.03641,-0.00012
12.062317,741.433,1706.34,0.03579,-4e-05
12.063983,695.485,1702.16,0.03501,-8e-05
12.065633,649.537,1695.9,0.03415,-8e-05
12.0673,601.501,1695.9,0.03329,0
12.068967,551.375,1687.54,0.0322,-4e-05
12.070617,501.25,1679.19,0.03095,-4e-05
12.072283,444.86,1675.01,0.02947,-4e-05
12.07395,388.469,1668.75,0.02787,-4e-05
12.0756,327.901,1660.39,0.02608,4e-05
12.077267,269.422,1656.21,0.02425,0
12.078933,210.943,1654.13,0.02218,4e-05
12.080583,150.375,1645.77,0.01992,0
12.08225,87.7188,1639.51,0.01743,4e-05
12.083917,27.1511,1639.51,0.0147,8e-05
12.085567,-33.4167,1641.6,0.01177,0
12.087233,-93.9845,1641.6,0.00869,4e-05
12.0889,-158.729,1641.6,0.0055,0
12.09055,-219.297,1643.68,0.0023,4e-05
12.092217,-277.776,1649.95,-0.00101,0
12.093883,-338.344,1664.57,-0.00437,4e-05
12.095533,-398.912,1672.92,-0.00776,0
12.0972,-457.391,1677.1,-0.01092,4e-05
12.098867,-513.782,1681.28,-0.01399,4e-05
12.100517,-568.084,1691.72,-0.01684,4e-05
12.102183,-624.474,1700.07,-0.01957,0
12.10385,-672.511,1710.52,-0.02203,4e-05
12.1055,-718.459,1720.96,-0.02425,4e-05
12.107167,-758.141,1733.49,-0.02635,4e-05
12.108833,-802.001,1741.85,-0.02834,-4e-05
12.110483,-839.594,1748.11,-0.03029,0
12.11215,-875.1,1756.47,-0.03204,-4e-05
12.113817,-906.428,1764.82,-0.03352,0
12.115467,-935.667,1769,-0.03473,0
12.117133,-958.641,1773.17,-0.03575,-4e-05
12.1188,-979.527,1779.44,-0.03664,0
12.120467,-994.147,1777.35,-0.03727,-8e-05
12.122117,-1002.5,1779.44,-0.03781,-4e-05
12.123783,-1012.94,1779.44,-0.03828,0
12.12545,-1017.12,1777.35,-0.03859,-4e-05
12.1271,-1017.12,1777.35,-0.03875,-4e-05
12.128767,-1012.94,1779.44,-0.03887,-4e-05
12.130433,-1004.59,1777.35,-0.0389,-4e-05
12.132083,-994.147,1775.26,-0.03887,-8e-05
12.13375,-975.35,1773.17,-0.03883,-8e-05
12.135417,-956.553,1771.08,-0.03867,8e-05
12.137067,-933.579,1764.82,-0.03851,-8e-05
12.138733,-906.428,1764.82,-0.03816,-8e-05
12.1404,-875.1,1760.64,-0.03777,-8e-05
12.14205,-839.594,1752.29,-0.03735,-8e-05
12.143717,-804.089,1748.11,-0.0368,-8e-05
12.145383,-764.407,1741.85,-0.03614,-4e-05
12.147033,-722.636,1735.58,-0.03544,-4e-05
12.1487,-674.6,1729.31,-0.03454,-4e-05
12.150367,-626.563,1723.05,-0.03356,-4e-05
12.152017,-574.349,1714.69,-0.03239,8e-05
12.153683,-524.224,1704.25,-0.03119,-8e-05
12.15535,-469.922,1697.99,-0.02982,-4e-05
12.157,-413.532,1691.72,-0.02818,-4e-05
12.158667,-355.052,1683.37,-0.02647,-4e-05
12.160333,-296.573,1677.1,-0.0246,-4e-05
12.161983,-233.917,1670.83,-0.02253,-4e-05
12.16365,-173.349,1660.39,-0.02031,0
12.165317,-112.781,1647.86,-0.01801,0
12.166967,-52.2136,1641.6,-0.01536,-4e-05
12.168633,10.4427,1639.51,-0.01247,0.00012
12.1703,75.1876,1631.15,-0.00947,0
12.17195,131.578,1626.98,-0.00643,0
12.173617,194.235,1614.44,-0.00312,0
12.175283,254.802,1601.91,0.00023,4e-05
12.176933,315.37,1601.91,0.00363,4e-05
12.1786,373.849,1601.91,0.00702,4e-05
12.180267,434.417,1608.18,0.01029,4e-05
12.181917,492.896,1612.36,0.01329,4e-05
12.183583,547.198,1622.8,0.01618,4e-05
12.18525,599.412,1633.24,0.01887,8e-05
12.186917,649.537,1641.6,0.02132,0
12.188567,695.485,1652.04,0.0237,-4e-05
12.190233,741.433,1664.57,0.02588,-4e-05
12.1919,779.027,1672.92,0.02787,-8e-05
12.19355,816.62,1679.19,0.02986,-4e-05
12.195217,852.126,1689.63,0.03161,-4e-05
12.196883,885.542,1700.07,0.03314,-8e-05
12.198533,912.693,1702.16,0.03438,-0.00012
12.2002,937.756,1708.43,0.03551,-8e-05
12.201867,958.641,1714.69,0.03633,-0.00012
12.203517,975.35,1718.87,0.03703,-0.00012
12.205183,983.704,1720.96,0.03754,-0.00012
12.20685,994.147,1723.05,0.03797,-0.00012
12.2085,998.324,1725.14,0.03828,-0.00012
12.210167,996.235,1725.14,0.03844,-0.00012
12.211833,992.058,1720.96,0.03855,-0.00012
12.213483,985.792,1725.14,0.03855,-0.00012
12.21515,973.261,1727.23,0.03855,-0.00015
12.216817,958.641,1723.05,0.03851,-0.00012
12.218467,937.756,1720.96,0.0384,-0.00012
12.220133,914.782,1720.96,0.0382,-8e-05
12.2218,889.72,1716.78,0.03797,-0.00015
12.22345,862.568,1716.78,0.03762,-8e-05
12.225117,829.152,1714.69,0.03723,-8e-05
12.226783,791.558,1708.43,0.03672,-0.00012
12.228433,753.964,1704.25,0.03614,-8e-05
12.2301,712.193,1702.16,0.03544,-0.00012
12.231767,664.157,1695.9,0.03458,-8e-05
12.233417,616.12,1689.63,0.03368,-0.00012
12.235083,568.084,1683.37,0.03263,-4e-05
12.23675,515.87,1679.19,0.03138,4e-05
12.2384,463.657,1672.92,0.03002,-4e-05
12.240067,405.177,1666.66,0.0285,-4e-05
12.241733,348.787,1660.39,0.02674,0
12.243383,290.308,1656.21,0.02491,0
12.24505,229.74,1649.95,0.02292,0
12.246717,169.172,1643.68,0.02074,0
12.248367,108.604,1639.51,0.01832,0
12.250033,48.0365,1637.42,0.01567,0
12.2517,-12.5313,1637.42,0.01283,0
12.25335,-75.1876,1637.42,0.00975,0.00012
12.255017,-137.844,1639.51,0.00651,0
12.256683,-200.5,1639.51,0.00331,0
12.25835,-258.979,1643.68,4e-05,4e-05
12.26,-317.459,1656.21,-0.00331,0
12.261667,-378.026,1668.75,-0.00674,0
12.263333,-438.594,1670.83,-0.00998,-4e-05
12.264983,-497.073,1677.1,-0.01306,0
12.26665,-549.287,1685.45,-0.01602,0
12.268317,-605.678,1693.81,-0.01879,0
12.269967,-655.803,1706.34,-0.02132,8e-05
12.271633,-703.839,1714.69,-0.02358,-4e-05
12.2733,-747.699,1727.23,-0.02581,0
12.27495,-789.469,1733.49,-0.02783,0
12.276617,-827.063,1746.02,-0.02974,-4e-05
12.278283,-864.657,1754.38,-0.03158,0
12.279933,-895.985,1758.55,-0.03317,0
12.2816,-927.313,1764.82,-0.0345,-4e-05
12.283267,-950.287,1771.08,-0.03559,-8e-05
12.284917,-973.261,1773.17,-0.03649,-8e-05
12.286583,-989.97,1773.17,-0.03719,0
12.28825,-1002.5,1779.44,-0.03785,-4e-05
12.2899,-1010.86,1779.44,-0.03828,-4e-05
12.291567,-1015.03,1777.35,-0.03863,-4e-05
12.293233,-1019.21,1777.35,-0.03887,-4e-05
12.294883,-1015.03,1777.35,-0.03898,-8e-05
12.29655,-1006.68,1777.35,-0.03902,-4e-05
12.298217,-998.324,1773.17,-0.03898,-4e-05
12.299867,-983.704,1773.17,-0.03898,-4e-05
12.301533,-960.73,1771.08,-0.03879,-8e-05
12.3032,-939.845,1766.91,-0.03867,0
12.30485,-912.693,1766.91,-0.03844,-4e-05
12.306517,-883.454,1760.64,-0.03809,-4e-05
12.308183,-852.126,1754.38,-0.03762,-4e-05
12.309833,-818.709,1748.11,-0.03711,-8e-05
12.3115,-779.027,1743.93,-0.03653,-4e-05
12.313167,-737.256,1737.67,-0.03582,-4e-05
12.314817,-691.308,1731.4,-0.03501,-8e-05
12.316483,-643.271,1720.96,-0.03399,-8e-05
12.31815,-593.146,1714.69,-0.03294,-4e-05
12.3198,-543.021,1708.43,-0.03181,-4e-05
12.321467,-488.719,1700.07,-0.03037,4e-05
12.323133,-432.328,1691.72,-0.02881,-4e-05
12.3248,-375.938,1683.37,-0.02713,0
12.32645,-315.37,1679.19,-0.0253,-4e-05
12.328117,-252.714,1670.83,-0.02327,-4e-05
12.329783,-192.146,1660.39,-0.02109,-4e-05
12.331433,-131.578,1649.95,-0.01883,-4e-05
12.3331,-73.099,1645.77,-0.01633,0
12.334767,-10.4427,1637.42,-0.01357,-4e-05
12.336417,50.125,1631.15,-0.0106,4e-05
12.338083,114.87,1631.15,-0.00748,0.00012
12.33975,173.349,1618.62,-0.00429,0
12.3414,233.917,1601.91,-0.0009,0
12.343067,296.573,1599.82,0.00242,0
12.344733,355.052,1599.82,0.00585,4e-05
12.346383,413.532,1601.91,0.00916,4e-05
12.34805,469.922,1608.18,0.01236,4e-05
12.349717,530.49,1618.62,0.01532,0
12.351367,582.704,1631.15,0.01809,4e-05
12.353033,632.829,1637.42,0.02066,0
12.3547,680.865,1647.86,0.023,8e-05
12.35635,724.725,1658.3,0.0253,0
12.358017,766.495,1670.83,0.02729,-4e-05
12.359683,806.178,1675.01,0.02935,0
12.361333,839.594,1683.37,0.03111,-4e-05
12.363,875.1,1691.72,0.03275,-4e-05
12.364667,902.251,1697.99,0.03411,-4e-05
12.366317,931.49,1708.43,0.03524,-4e-05
12.367983,952.376,1710.52,0.03614,-8e-05
12.36965,971.173,1712.61,0.03688,-8e-05
12.3713,981.615,1716.78,0.0375,0
12.372967,992.058,1720.96,0.03793,-0.00012
12.374633,996.235,1720.96,0.03828,-0.00012
12.376283,996.235,1720.96,0.03848,-0.00012
12.37795,996.235,1723.05,0.03863,-0.00015
12.379617,989.97,1725.14,0.03871,-0.00012
12.381267,977.438,1720.96,0.03871,-0.00012
12.382933,964.907,1718.87,0.03867,-0.00012
12.3846,946.11,1720.96,0.03855,-0.00012
12.38625,927.313,1718.87,0.03836,-8e-05
12.387917,900.162,1716.78,0.03816,-0.00015
12.389583,870.923,1716.78,0.03781,-0.00012
12.391233,837.506,1714.69,0.03746,-0.00012
12.3929,804.089,1708.43,0.03699,-0.00012
12.394567,766.495,1702.16,0.03641,-8e-05
12.396233,726.813,1700.07,0.03579,-8e-05
12.397883,680.865,1693.81,0.03497,-8e-05
12.39955,630.74,1691.72,0.03403,-8e-05
12.401217,584.792,1683.37,0.03306,-8e-05
12.402867,534.667,1677.1,0.03193,-4e-05
12.404533,480.365,1670.83,0.03056,-4e-05
12.4062,426.063,1664.57,0.02908,-4e-05
12.40785,367.584,1660.39,0.02744,-4e-05
12.409517,307.016,1654.13,0.02561,0
12.411183,248.537,1647.86,0.02366,0
12.412833,187.969,1641.6,0.02152,0
12.4145,129.49,1637.42,0.01918,0
12.416167,68.9219,1631.15,0.01665,4e-05
12.417817,8.35417,1633.24,0.01384,0
12.419483,-54.3021,1635.33,0.0108,0
12.42115,-114.87,1633.24,0.00764,4e-05
12.4228,-179.615,1637.42,0.0044,0.00015
12.424467,-238.094,1641.6,0.00117,4e-05
12.426133,-298.662,1652.04,-0.0023,4e-05
12.427783,-357.141,1662.48,-0.00561,4e-05
12.42945,-419.797,1670.83,-0.00897,0
12.431117,-476.188,1672.92,-0.01208,4e-05
12.432767,-530.49,1679.19,-0.01509,0
12.434433,-586.881,1687.54,-0.01797,4e-05
12.4361,-639.094,1697.99,-0.02062,4e-05
12.43775,-687.131,1708.43,-0.02296,0
12.439417,-733.079,1723.05,-0.02518,0.00012
12.441083,-776.938,1731.4,-0.02729,0
12.442733,-814.532,1735.58,-0.02928,0
12.4444,-854.214,1746.02,-0.03111,-4e-05
12.446067,-887.631,1756.47,-0.03275,-4e-05
12.447717,-918.959,1760.64,-0.03423,0
12.449383,-944.022,1762.73,-0.03536,-4e-05
12.45105,-966.996,1769,-0.03633,-4e-05
12.4527,-985.792,1771.08,-0.03711,-4e-05
12.454367,-1000.41,1773.17,-0.03777,-4e-05
12.456033,-1008.77,1773.17,-0.03828,8e-05
12.457683,-1015.03,1777.35,-0.03867,-4e-05
12.45935,-1017.12,1777.35,-0.0389,0
12.461017,-1015.03,1773.17,-0.03906,-8e-05
12.462683,-1010.86,1773.17,-0.0391,-4e-05
12.464333,-1000.41,1771.08,-0.0391,-4e-05
12.466,-987.881,1766.91,-0.0391,-8e-05
12.467667,-969.084,1766.91,-0.03898,-4e-05
12.469317,-948.199,1766.91,-0.03883,-4e-05
12.470983,-923.136,1760.64,-0.03863,-8e-05
12.47265,-895.985,1758.55,-0.03832,0
12.4743,-864.657,1754.38,-0.03789,-8e-05
12.475967,-829.152,1748.11,-0.03742,-8e-05
12.477633,-793.647,1741.85,-0.03684,-4e-05
12.479283,-751.876,1735.58,-0.03614,-4e-05
12.48095,-708.016,1731.4,-0.0354,-4e-05
12.482617,-659.98,1718.87,-0.03446,-8e-05
12.484267,-611.943,1712.61,-0.03341,-8e-05
12.485933,-559.73,1706.34,-0.03224,-4e-05
12.4876,-505.428,1700.07,-0.03095,-8e-05
12.48925,-451.125,1691.72,-0.02947,-4e-05
12.490917,-394.735,1683.37,-0.02779,-4e-05
12.492583,-334.167,1677.1,-0.02604,-4e-05
12.494233,-275.688,1668.75,-0.02405,-8e-05
12.4959,-213.031,1660.39,-0.02195,-8e-05
12.497567,-150.375,1654.13,-0.01965,-4e-05
12.499217,-91.8959,1641.6,-0.01723,-4e-05
12.500883,-29.2396,1635.33,-0.01458,-4e-05
12.50255,31.3282,1633.24,-0.01162,0
12.5042,93.9845,1629.06,-0.00846,0
12.505867,154.552,1616.53,-0.00534,0
12.507533,217.209,1601.91,-0.00199,4e-05
12.509183,277.776,1601.91,0.0014,4e-05
12.51085,334.167,1595.65,0.00483,4e-05
12.512517,396.823,1595.65,0.00819,0
12.514167,455.302,1604,0.01142,8e-05
12.515833,511.693,1614.44,0.01442,0
12.5175,565.995,1618.62,0.01731,4e-05
12.51915,616.12,1631.15,0.01984,4e-05
12.520817,668.334,1643.68,0.02238,0
12.522483,712.193,1652.04,0.02464,0
12.524133,753.964,1660.39,0.02678,0.00012
12.5258,793.647,1670.83,0.02881,-4e-05
12.527467,831.24,1679.19,0.03068,-4e-05
12.529117,864.657,1687.54,0.03236,-8e-05
12.530783,895.985,1695.9,0.0338,-4e-05
12.53245,923.136,1704.25,0.03505,-8e-05
12.534117,946.11,1706.34,0.03594,-8e-05
12.535767,964.907,1708.43,0.03676,-8e-05
12.537433,981.615,1716.78,0.03742,-8e-05
12.5391,987.881,1716.78,0.03793,-8e-05
12.54075,996.235,1718.87,0.03832,0
12.542417,1000.41,1720.96,0.03855,-0.00012
12.544083,996.235,1720.96,0.03871,-0.00012
12.545733,989.97,1718.87,0.03883,-8e-05
12.5474,981.615,1720.96,0.03883,-0.00015
12.549067,969.084,1720.96,0.03875,-0.00012
12.550717,950.287,1718.87,0.03871,-0.00012
12.552383,931.49,1716.78,0.03855,-0.00015
12.55405,908.516,1714.69,0.03836,-0.00015
12.5557,879.277,1714.69,0.03809,-0.00012
12.557367,850.037,1710.52,0.03773,-4e-05
12.559033,816.62,1708.43,0.03727,-0.00012
12.560683,779.027,1704.25,0.03672,-0.00012
12.56235,741.433,1697.99,0.03614,-8e-05
12.564017,697.574,1693.81,0.03532,-8e-05
12.565667,649.537,1691.72,0.0345,-8e-05
12.567333,599.412,1683.37,0.03352,-8e-05
12.569,551.375,1677.1,0.03251,-8e-05
12.57065,499.162,1672.92,0.03115,-4e-05
12.572317,444.86,1668.75,0.0297,-4e-05
12.573983,386.381,1658.3,0.02811,4e-05
12.575633,325.813,1649.95,0.02631,0
12.5773,269.422,1645.77,0.02444,0
12.578967,210.943,1639.51,0.02238,0
12.580617,148.287,1635.33,0.02008,4e-05
12.582283,87.7188,1633.24,0.01758,4e-05
12.58395,27.1511,1631.15,0.01485,4e-05
12.5856,-31.3282,1629.06,0.01181,4e-05
12.587267,-96.073,1631.15,0.00877,4e-05
12.588933,-160.818,1631.15,0.0055,0
12.590583,-217.209,1635.33,0.0023,4e-05
12.59225,-277.776,1641.6,-0.00113,0
12.593917,-338.344,1654.13,-0.00452,0
12.595567,-401,1662.48,-0.00787,8e-05
12.597233,-457.391,1668.75,-0.01111,0
12.5989,-511.693,1672.92,-0.01419,0
12.600567,-568.084,1681.28,-0.01707,4e-05
12.602217,-624.474,1689.63,-0.0198,0
12.603883,-672.511,1702.16,-0.02222,4e-05
12.60555,-718.459,1714.69,-0.02452,0
12.6072,-760.23,1723.05,-0.02666,4e-05
12.608867,-802.001,1731.4,-0.02865,4e-05
12.610533,-839.594,1741.85,-0.0306,4e-05
12.612183,-875.1,1748.11,-0.03236,-4e-05
12.61385,-906.428,1754.38,-0.03384,4e-05
12.615517,-935.667,1762.73,-0.03508,-4e-05
12.617167,-956.553,1766.91,-0.0361,-4e-05
12.618833,-975.35,1766.91,-0.03699,-4e-05
12.6205,-994.147,1769,-0.0377,-4e-05
12.62215,-1006.68,1773.17,-0.03824,-4e-05
12.623817,-1012.94,1771.08,-0.03867,-4e-05
12.625483,-1017.12,1771.08,-0.03898,8e-05
12.627133,-1017.12,1771.08,-0.03918,-4e-05
12.6288,-1012.94,1771.08,-0.03922,-8e-05
12.630467,-1004.59,1769,-0.03922,-8e-05
12.632117,-994.147,1769,-0.03922,-8e-05
12.633783,-975.35,1766.91,-0.03918,-4e-05
12.63545,-956.553,1764.82,-0.03898,-4e-05
12.6371,-931.49,1760.64,-0.03883,-8e-05
12.638767,-908.516,1756.47,-0.03855,-4e-05
12.640433,-875.1,1752.29,-0.03816,-4e-05
12.642083,-839.594,1748.11,-0.0377,0
12.64375,-806.178,1741.85,-0.03715,-8e-05
12.645417,-764.407,1735.58,-0.03649,-8e-05
12.647067,-722.636,1729.31,-0.03575,-4e-05
12.648733,-674.6,1720.96,-0.03485,-4e-05
12.6504,-628.652,1714.69,-0.03384,-8e-05
12.65205,-574.349,1704.25,-0.03275,-8e-05
12.653717,-524.224,1700.07,-0.0315,-4e-05
12.655383,-472.011,1693.81,-0.03013,-4e-05
12.657033,-413.532,1683.37,-0.02846,-4e-05
12.6587,-355.052,1677.1,-0.02674,4e-05
12.660367,-296.573,1670.83,-0.02483,-4e-05
12.662017,-233.917,1662.48,-0.02277,-4e-05
12.663683,-171.261,1652.04,-0.0205,0
12.66535,-110.693,1645.77,-0.01813,-4e-05
12.667017,-52.2136,1635.33,-0.01559,-4e-05
12.668667,10.4427,1624.89,-0.01267,0
12.670333,73.099,1626.98,-0.00967,4e-05
12.672,133.667,1618.62,-0.00651,0
12.67365,196.323,1601.91,-0.00316,0
12.675317,254.802,1595.65,0.00019,4e-05
12.676983,315.37,1593.56,0.00366,4e-05
12.678633,373.849,1591.47,0.00706,4e-05
12.6803,434.417,1595.65,0.01045,4e-05
12.681967,490.808,1604,0.01349,4e-05
12.683617,549.287,1614.44,0.01641,4e-05
12.685283,599.412,1622.8,0.01906,4e-05
12.68695,649.537,1633.24,0.02164,0
12.6886,695.485,1645.77,0.02397,0
12.690267,739.344,1654.13,0.02616,0
12.691933,781.115,1664.57,0.02822,-4e-05
12.693583,818.709,1672.92,0.03017,-4e-05
12.69525,854.214,1681.28,0.03197,-4e-05
12.696917,885.542,1691.72,0.03345,-8e-05
12.698567,914.782,1695.9,0.03473,-4e-05
12.700233,939.845,1704.25,0.03582,-8e-05
12.7019,958.641,1708.43,0.03668,-0.00012
12.70355,975.35,1708.43,0.03735,-0.00012
12.705217,985.792,1712.61,0.03785,-0.00012
12.706883,996.235,1714.69,0.03832,-0.00012
12.708533,996.235,1714.69,0.03863,-0.00012
12.7102,998.324,1716.78,0.03879,-4e-05
12.711867,994.147,1716.78,0.0389,-0.00012
12.713517,983.704,1716.78,0.0389,-0.00012
12.715183,973.261,1714.69,0.0389,-0.00012
12.71685,956.553,1714.69,0.0389,-0.00015
12.7185,939.845,1714.69,0.03875,-0.00012
12.720167,912.693,1712.61,0.03851,-0.00012
12.721833,889.72,1710.52,0.03828,-8e-05
12.723483,860.48,1708.43,0.03801,-0.00012
12.72515,827.063,1704.25,0.03758,-8e-05
12.726817,791.558,1704.25,0.03707,0
12.728467,753.964,1697.99,0.03645,-0.00012
12.730133,712.193,1691.72,0.03575,-0.00012
12.7318,664.157,1687.54,0.03493,-4e-05
12.733467,616.12,1681.28,0.03399,-8e-05
12.735117,568.084,1677.1,0.03298,-8e-05
12.736783,513.782,1670.83,0.03177,-8e-05
12.73845,463.657,1664.57,0.03037,-4e-05
12.7401,405.177,1658.3,0.02877,-8e-05
12.741767,348.787,1652.04,0.02709,-4e-05
12.743433,286.13,1643.68,0.02514,8e-05
12.745083,229.74,1639.51,0.02319,0
12.74675,169.172,1633.24,0.02097,4e-05
12.748417,110.693,1629.06,0.01852,4e-05
12.750067,48.0365,1624.89,0.01583,4e-05
12.751733,-12.5313,1626.98,0.01294,4e-05
12.7534,-73.099,1626.98,0.00982,0
12.75505,-139.932,1626.98,0.00659,4e-05
12.756717,-198.412,1631.15,0.00339,4e-05
12.758383,-258.979,1635.33,8e-05,4e-05
12.760033,-319.547,1647.86,-0.00347,0.00015
12.7617,-380.115,1658.3,-0.00686,0
12.763367,-438.594,1662.48,-0.01014,0
12.765017,-497.073,1668.75,-0.01325,0
12.766683,-549.287,1675.01,-0.01622,4e-05
12.76835,-605.678,1683.37,-0.01902,4e-05
12.77,-655.803,1693.81,-0.02156,4e-05
12.771667,-708.016,1704.25,-0.0239,4e-05
12.773333,-747.699,1716.78,-0.02604,4e-05
12.774983,-791.558,1725.14,-0.02811,0
12.77665,-827.063,1733.49,-0.03009,0
12.778317,-864.657,1743.93,-0.03193,-4e-05
12.779967,-895.985,1752.29,-0.03349,-4e-05
12.781633,-925.225,1754.38,-0.03485,-4e-05
12.7833,-950.287,1758.55,-0.0359,-4e-05
12.78495,-973.261,1764.82,-0.03684,-4e-05
12.786617,-987.881,1766.91,-0.03758,0
12.788283,-1000.41,1769,-0.03816,-8e-05
12.789933,-1012.94,1769,-0.03863,-8e-05
12.7916,-1017.12,1769,-0.03902,-8e-05
12.793267,-1019.21,1766.91,-0.03922,-4e-05
12.794917,-1012.94,1766.91,-0.03933,-4e-05
12.796583,-1006.68,1766.91,-0.03941,-8e-05
12.79825,-996.235,1764.82,-0.03937,-8e-05
12.799917,-981.615,1762.73,-0.03933,-8e-05
12.801567,-962.819,1760.64,-0.03918,-4e-05
12.803233,-939.845,1760.64,-0.03902,-4e-05
12.8049,-914.782,1754.38,-0.03879,-8e-05
12.80655,-885.542,1748.11,-0.03848,-4e-05
12.808217,-854.214,1746.02,-0.03797,-4e-05
12.809883,-816.62,1739.76,-0.03746,-4e-05
12.811533,-776.938,1733.49,-0.03684,4e-05
12.8132,-737.256,1727.23,-0.03614,-4e-05
12.814867,-691.308,1720.96,-0.03532,-4e-05
12.816517,-643.271,1710.52,-0.0343,-8e-05
12.818183,-593.146,1706.34,-0.03325,-4e-05
12.81985,-543.021,1700.07,-0.03208,-4e-05
12.8215,-486.631,1689.63,-0.03072,-4e-05
12.823167,-432.328,1681.28,-0.02908,-4e-05
12.824833,-375.938,1675.01,-0.02733,-4e-05
12.826483,-315.37,1666.66,-0.02549,-8e-05
12.82815,-252.714,1662.48,-0.02347,8e-05
12.829817,-192.146,1652.04,-0.02128,-4e-05
12.831467,-129.49,1641.6,-0.01891,0
12.833133,-71.0105,1633.24,-0.01649,-4e-05
12.8348,-10.4427,1629.06,-0.01364,0
12.83645,50.125,1622.8,-0.01064,-4e-05
12.838117,112.781,1618.62,-0.00756,0
12.839783,177.526,1608.18,-0.00429,0
12.841433,236.005,1593.56,-0.0009,4e-05
12.8431,296.573,1589.38,0.00253,4e-05
12.844767,355.052,1587.29,0.00604,0.00015
12.846417,415.62,1593.56,0.00939,4e-05
12.848083,474.099,1595.65,0.01255,4e-05
12.84975,530.49,1606.09,0.01555,4e-05
12.8514,580.615,1618.62,0.01832,4e-05
12.853067,634.917,1633.24,0.02089,0
12.854733,680.865,1637.42,0.02327,-4e-05
12.856383,724.725,1645.77,0.02553,0
12.85805,766.495,1658.3,0.0276,0
12.859717,806.178,1666.66,0.02963,-4e-05
12.861367,839.594,1675.01,0.03146,0
12.863033,877.188,1683.37,0.0331,-4e-05
12.8647,904.339,1691.72,0.03446,-8e-05
12.866367,931.49,1695.9,0.03559,-8e-05
12.868017,952.376,1700.07,0.03653,-8e-05
12.869683,969.084,1706.34,0.03723,-0.00012
12.87135,981.615,1706.34,0.03781,-0.00012
12.873,992.058,1708.43,0.03836,-8e-05
12.874667,996.235,1712.61,0.03871,-0.00012
12.876333,996.235,1714.69,0.03887,-0.00012
12.877983,996.235,1710.52,0.03898,-0.00012
12.87965,989.97,1714.69,0.03906,-8e-05
12.881317,979.527,1714.69,0.03906,-0.00015
12.882967,962.819,1710.52,0.03902,-0.00012
12.884633,946.11,1708.43,0.03894,-0.00012
12.8863,923.136,1708.43,0.03875,-0.00012
12.88795,900.162,1708.43,0.03851,-0.00012
12.889617,870.923,1706.34,0.0382,-0.00012
12.891283,839.594,1702.16,0.03781,-8e-05
12.892933,804.089,1702.16,0.03735,-0.00012
12.8946,766.495,1691.72,0.0368,-0.00012
12.896267,726.813,1689.63,0.0361,-4e-05
12.897917,680.865,1685.45,0.03524,-4e-05
12.899583,630.74,1679.19,0.03438,-8e-05
12.90125,582.704,1675.01,0.03337,-8e-05
12.9029,534.667,1670.83,0.03228,-4e-05
12.904567,478.276,1664.57,0.03091,-4e-05
12.906233,421.886,1654.13,0.02939,-4e-05
12.907883,367.584,1649.95,0.02772,-4e-05
12.90955,304.927,1641.6,0.02588,0
12.911217,248.537,1635.33,0.02394,0
12.912867,187.969,1631.15,0.02179,0.00015
12.914533,129.49,1624.89,0.01945,4e-05
12.9162,68.9219,1620.71,0.0168,0
12.91785,6.26563,1622.8,0.01396,4e-05
12.919517,-56.3907,1622.8,0.01092,0
12.921183,-116.958,1626.98,0.0078,0
12.922833,-179.615,1624.89,0.00448,4e-05
12.9245,-238.094,1626.98,0.00117,4e-05
12.926167,-298.662,1641.6,-0.00234,4e-05
12.927817,-359.229,1652.04,-0.00573,4e-05
12.929483,-419.797,1656.21,-0.00912,0.00012
12.93115,-478.276,1662.48,-0.01224,0
12.932817,-532.579,1670.83,-0.01532,0
12.934467,-586.881,1677.1,-0.01817,4e-05
12.936133,-639.094,1689.63,-0.02082,4e-05
12.9378,-689.219,1700.07,-0.02319,4e-05
12.93945,-735.167,1708.43,-0.02542,0
12.941117,-774.85,1718.87,-0.02752,0
12.942783,-814.532,1731.4,-0.02955,0
12.944433,-852.126,1739.76,-0.03146,-4e-05
12.9461,-885.542,1746.02,-0.03314,0.00012
12.947767,-916.871,1750.2,-0.03458,-4e-05
12.949417,-941.933,1756.47,-0.03571,-4e-05
12.951083,-966.996,1760.64,-0.03676,-4e-05
12.95275,-981.615,1764.82,-0.0375,-8e-05
12.9544,-998.324,1764.82,-0.03816,-4e-05
12.956067,-1006.68,1769,-0.03867,-4e-05
12.957733,-1015.03,1764.82,-0.03906,-4e-05
12.959383,-1019.21,1766.91,-0.03933,-8e-05
12.96105,-1017.12,1766.91,-0.03949,-8e-05
12.962717,-1008.77,1762.73,-0.03953,-4e-05
12.964367,-1000.41,1758.55,-0.03953,-8e-05
12.966033,-987.881,1758.55,-0.03949,-4e-05
12.9677,-971.173,1758.55,-0.03941,-8e-05
12.96935,-948.199,1754.38,-0.03922,-8e-05
12.971017,-921.048,1752.29,-0.03902,-4e-05
12.972683,-895.985,1748.11,-0.03871,-4e-05
12.974333,-864.657,1741.85,-0.03828,-8e-05
12.976,-827.063,1739.76,-0.03777,-4e-05
12.977667,-791.558,1733.49,-0.03723,-4e-05
12.979317,-749.787,1725.14,-0.03649,-4e-05
12.980983,-705.928,1716.78,-0.03575,-4e-05
12.98265,-657.891,1712.61,-0.03477,-4e-05
12.9843,-609.855,1706.34,-0.0338,-8e-05
12.985967,-557.641,1695.9,-0.03263,-4e-05
12.987633,-507.516,1689.63,-0.03134,0
12.989283,-451.125,1683.37,-0.02978,-4e-05
12.99095,-394.735,1675.01,-0.02811,-4e-05
12.992617,-334.167,1668.75,-0.02635,-8e-05
12.994267,-273.599,1662.48,-0.02433,-4e-05
12.995933,-213.031,1652.04,-0.02218,-4e-05
12.9976,-152.464,1639.51,-0.01996,4e-05
12.999267,-89.8074,1631.15,-0.01746,0
13.000917,-29.2396,1626.98,-0.01474,-4e-05
13.002583,31.3282,1620.71,-0.01181,0
13.00425,93.9845,1614.44,-0.00869,0
13.0059,154.552,1608.18,-0.00546,0
13.007567,217.209,1593.56,-0.00211,4e-05
13.009233,275.688,1585.2,0.00133,4e-05
13.010883,334.167,1583.12,0.00483,4e-05
13.01255,396.823,1589.38,0.0083,4e-05
13.014217,453.214,1591.47,0.01154,0.00015
13.015867,509.605,1601.91,0.01462,4e-05
13.017533,565.995,1612.36,0.01746,4e-05
13.0192,618.209,1620.71,0.02008,0
13.02085,666.245,1631.15,0.02257,0
13.022517,712.193,1639.51,0.02487,0
13.024183,758.141,1654.13,0.02705,0
13.025833,793.647,1662.48,0.02908,-4e-05
13.0275,831.24,1670.83,0.03099,-4e-05
13.029167,864.657,1679.19,0.03267,-8e-05
13.030817,893.897,1687.54,0.03415,4e-05
13.032483,921.048,1689.63,0.03536,-4e-05
13.03415,946.11,1697.99,0.03637,-8e-05
13.0358,962.819,1702.16,0.03711,-8e-05
13.037467,977.438,1702.16,0.03773,-0.00012
13.039133,989.97,1706.34,0.03828,-8e-05
13.040783,996.235,1710.52,0.03867,-0.00015
13.04245,998.324,1708.43,0.03894,-0.00012
13.044117,996.235,1708.43,0.0391,-0.00012
13.045767,992.058,1710.52,0.03918,-8e-05
13.047433,981.615,1710.52,0.03918,-8e-05
13.0491,969.084,1708.43,0.03914,-0.00012
13.05075,952.376,1706.34,0.03906,-0.00012
13.052417,931.49,1708.43,0.03898,-0.00012
13.054083,906.428,1704.25,0.03871,-0.00012
13.055733,879.277,1702.16,0.0384,-8e-05
13.0574,850.037,1700.07,0.03812,-0.00012
13.059067,816.62,1700.07,0.0377,-0.00012
13.060717,779.027,1691.72,0.03711,-8e-05
13.062383,741.433,1687.54,0.03645,-8e-05
13.06405,697.574,1685.45,0.03575,-8e-05
13.065717,649.537,1677.1,0.03485,-8e-05
13.067367,599.412,1670.83,0.03388,-0.00012
13.069033,551.375,1668.75,0.03278,-4e-05
13.0707,497.073,1662.48,0.0315,-8e-05
13.07235,444.86,1652.04,0.03006,-4e-05
13.074017,386.381,1647.86,0.02842,-4e-05
13.075683,327.901,1643.68,0.02659,4e-05
13.077333,267.334,1633.24,0.02464,0
13.079,206.766,1629.06,0.02261,0
13.080667,148.287,1624.89,0.02031,4e-05
13.082317,87.7188,1618.62,0.01774,0
13.083983,27.1511,1616.53,0.01497,0
13.08565,-35.5052,1620.71,0.01197,4e-05
13.0873,-98.1615,1620.71,0.00881,4e-05
13.088967,-160.818,1620.71,0.00561,0
13.090633,-219.297,1624.89,0.00226,4e-05
13.092283,-279.865,1635.33,-0.00121,4e-05
13.09395,-338.344,1645.77,-0.00464,0
13.095617,-401,1652.04,-0.00807,0
13.097267,-459.48,1656.21,-0.0113,0
13.098933,-515.87,1662.48,-0.01438,8e-05
13.1006,-568.084,1670.83,-0.01731,4e-05
13.10225,-624.474,1681.28,-0.02008,0
13.103917,-672.511,1691.72,-0.02249,4e-05
13.105583,-722.636,1702.16,-0.02479,0
13.107233,-762.318,1712.61,-0.02694,0
13.1089,-802.001,1723.05,-0.029,0
13.110567,-839.594,1729.31,-0.03095,0
13.112217,-873.011,1739.76,-0.03267,0
13.113883,-908.516,1746.02,-0.03423,0
13.11555,-937.756,1752.29,-0.03547,8e-05
13.1172,-958.641,1754.38,-0.03657,-8e-05
13.118867,-979.527,1758.55,-0.03738,-4e-05
13.120533,-994.147,1760.64,-0.03801,-4e-05
13.122183,-1006.68,1764.82,-0.03867,-8e-05
13.12385,-1012.94,1764.82,-0.0391,-4e-05
13.125517,-1019.21,1762.73,-0.03941,-8e-05
13.127167,-1017.12,1762.73,-0.03953,-8e-05
13.128833,-1012.94,1764.82,-0.03965,-4e-05
13.1305,-1004.59,1758.55,-0.03965,-4e-05
13.132167,-992.058,1758.55,-0.03961,4e-05
13.133817,-975.35,1756.47,-0.03957,-4e-05
13.135483,-956.553,1752.29,-0.03941,-4e-05
13.13715,-933.579,1750.2,-0.03922,-8e-05
13.1388,-902.251,1748.11,-0.03894,-8e-05
13.140467,-873.011,1743.93,-0.03855,-8e-05
13.142133,-839.594,1735.58,-0.03809,-4e-05
13.143783,-804.089,1731.4,-0.0375,-8e-05
13.14545,-762.318,1727.23,-0.03688,-8e-05
13.147117,-722.636,1714.69,-0.03614,-8e-05
13.148767,-674.6,1710.52,-0.03524,4e-05
13.150433,-626.563,1704.25,-0.03427,-8e-05
13.1521,-574.349,1695.9,-0.0331,0
13.15375,-524.224,1689.63,-0.03193,-4e-05
13.155417,-467.834,1679.19,-0.03045,-8e-05
13.157083,-411.443,1675.01,-0.02877,-8e-05
13.158733,-352.964,1670.83,-0.02698,-8e-05
13.1604,-294.485,1660.39,-0.0251,-8e-05
13.162067,-231.828,1652.04,-0.023,-4e-05
13.163717,-173.349,1643.68,-0.02074,-4e-05
13.165383,-110.693,1629.06,-0.01836,-4e-05
13.16705,-48.0365,1620.71,-0.01575,-4e-05
13.1687,10.4427,1618.62,-0.01279,0
13.170367,73.099,1612.36,-0.00971,0
13.172033,135.755,1608.18,-0.00659,0
13.173683,196.323,1595.65,-0.00324,-4e-05
13.17535,256.891,1581.03,0.00019,4e-05
13.177017,315.37,1581.03,0.00366,0
13.178667,375.938,1583.12,0.00717,4e-05
13.180333,434.417,1587.29,0.01056,4e-05
13.182,490.808,1591.47,0.0136,4e-05
13.18365,547.198,1601.91,0.01661,4e-05
13.185317,599.412,1614.44,0.0193,4e-05
13.186983,649.537,1622.8,0.02183,0
13.188633,697.574,1633.24,0.02425,-4e-05
13.1903,741.433,1647.86,0.02647,-4e-05
13.191967,779.027,1656.21,0.0285,-4e-05
13.193617,820.798,1666.66,0.03056,-4e-05
13.195283,852.126,1672.92,0.03228,-8e-05
13.19695,887.631,1681.28,0.03388,-8e-05
13.198617,914.782,1687.54,0.03512,-4e-05
13.200267,939.845,1691.72,0.03614,-4e-05
13.201933,958.641,1695.9,0.03703,-8e-05
13.2036,975.35,1702.16,0.0377,-8e-05
13.20525,985.792,1700.07,0.03824,-8e-05
13.206917,994.147,1704.25,0.03867,-0.00012
13.208583,996.235,1706.34,0.03898,-0.00012
13.210233,998.324,1706.34,0.03922,-0.00012
13.2119,992.058,1704.25,0.03926,-0.00012
13.213567,985.792,1708.43,0.03926,-0.00012
13.215217,973.261,1704.25,0.03929,-8e-05
13.216883,958.641,1702.16,0.03922,-4e-05
13.21855,939.845,1704.25,0.03914,-0.00012
13.2202,914.782,1704.25,0.03894,-0.00012
13.221867,889.72,1700.07,0.03863,-0.00012
13.223533,860.48,1695.9,0.03836,-0.00012
13.225183,829.152,1695.9,0.03789,-8e-05
13.22685,791.558,1691.72,0.03742,-0.00012
13.228517,751.876,1683.37,0.0368,-8e-05
13.230167,710.105,1681.28,0.0361,-0.00012
13.231833,662.068,1677.1,0.03524,-0.00012
13.2335,616.12,1670.83,0.0343,0
13.23515,568.084,1664.57,0.03329,-8e-05
13.236817,513.782,1660.39,0.03208,-8e-05
13.238483,461.568,1654.13,0.03072,-8e-05
13.240133,405.177,1645.77,0.02912,-4e-05
13.2418,348.787,1639.51,0.02737,-4e-05
13.243467,288.219,1633.24,0.02542,-4e-05
13.245117,227.651,1626.98,0.02339,0
13.246783,167.083,1620.71,0.02117,0
13.24845,108.604,1616.53,0.01875,0
13.2501,48.0365,1614.44,0.01602,8e-05
13.251767,-12.5313,1614.44,0.0131,4e-05
13.253433,-77.2761,1614.44,0.00994,0
13.255083,-137.844,1616.53,0.00674,4e-05
13.25675,-200.5,1614.44,0.00343,8e-05
13.258417,-258.979,1620.71,4e-05,4e-05
13.260067,-319.547,1639.51,-0.00347,0
13.261733,-382.203,1647.86,-0.00694,4e-05
13.2634,-438.594,1649.95,-0.01021,0
13.26505,-497.073,1658.3,-0.01341,4e-05
13.266717,-551.375,1666.66,-0.01641,-4e-05
13.268383,-605.678,1670.83,-0.01926,0
13.27005,-657.891,1683.37,-0.02183,0
13.2717,-705.928,1695.9,-0.02413,0
13.273367,-747.699,1706.34,-0.02627,0
13.275033,-791.558,1714.69,-0.02842,0
13.276683,-827.063,1723.05,-0.03041,0
13.27835,-864.657,1733.49,-0.03224,-8e-05
13.280017,-895.985,1741.85,-0.03384,-4e-05
13.281667,-927.313,1746.02,-0.03516,0
13.283333,-952.376,1750.2,-0.03629,0
13.285,-973.261,1754.38,-0.03723,-4e-05
13.28665,-989.97,1756.47,-0.03797,-4e-05
13.288317,-1000.41,1756.47,-0.03859,-4e-05
13.289983,-1012.94,1758.55,-0.03906,-4e-05
13.291633,-1019.21,1760.64,-0.03945,-4e-05
13.2933,-1019.21,1760.64,-0.03961,-8e-05
13.294967,-1012.94,1758.55,-0.03972,-4e-05
13.296617,-1006.68,1756.47,-0.0398,-4e-05
13.298283,-994.147,1754.38,-0.03972,-4e-05
13.29995,-981.615,1754.38,-0.03972,-4e-05
13.3016,-962.819,1752.29,-0.03961,4e-05
13.303267,-937.756,1748.11,-0.03945,-4e-05
13.304933,-912.693,1746.02,-0.03922,-4e-05
13.306583,-883.454,1739.76,-0.03883,-4e-05
13.30825,-852.126,1735.58,-0.0384,-4e-05
13.309917,-818.709,1731.4,-0.03785,-8e-05
13.311567,-779.027,1723.05,-0.03723,-8e-05
13.313233,-735.167,1714.69,-0.03657,-4e-05
13.3149,-691.308,1708.43,-0.03571,-8e-05
13.31655,-643.271,1704.25,-0.03469,-4e-05
13.318217,-593.146,1695.9,-0.03364,4e-05
13.319883,-540.933,1687.54,-0.03243,-4e-05
13.321533,-486.631,1679.19,-0.03103,0
13.3232,-432.328,1675.01,-0.02939,-4e-05
13.324867,-371.761,1666.66,-0.02764,-4e-05
13.326517,-315.37,1658.3,-0.02588,-8e-05
13.328183,-252.714,1652.04,-0.02378,-4e-05
13.32985,-190.057,1643.68,-0.02156,-4e-05
13.3315,-129.49,1629.06,-0.01922,-4e-05
13.333167,-68.9219,1620.71,-0.01672,-8e-05
13.334833,-6.26563,1616.53,-0.01384,0.00012
13.3365,52.2136,1610.27,-0.0108,0
13.33815,112.781,1604,-0.00764,0
13.339817,175.438,1595.65,-0.00437,0
13.341483,236.005,1583.12,-0.00094,4e-05
13.343133,296.573,1576.85,0.00257,0
13.3448,355.052,1576.85,0.00608,4e-05
13.346467,415.62,1581.03,0.00951,8e-05
13.348117,474.099,1585.2,0.01271,8e-05
13.349783,532.579,1595.65,0.01571,4e-05
13.35145,584.792,1608.18,0.01852,0.00012
13.3531,637.006,1616.53,0.02113,4e-05
13.354767,680.865,1626.98,0.02355,0
13.356433,726.813,1639.51,0.02581,0
13.358083,768.584,1647.86,0.02795,-4e-05
13.35975,806.178,1656.21,0.02994,-4e-05
13.361417,841.683,1666.66,0.03181,-4e-05
13.363067,875.1,1677.1,0.03345,-4e-05
13.364733,906.428,1679.19,0.03481,-4e-05
13.3664,931.49,1685.45,0.03598,-8e-05
13.36805,950.287,1691.72,0.03688,-8e-05
13.369717,971.173,1695.9,0.03762,-8e-05
13.371383,981.615,1695.9,0.0382,-0.00012
13.373033,994.147,1702.16,0.03871,-0.00012
13.3747,996.235,1702.16,0.03906,-0.00012
13.376367,996.235,1702.16,0.03929,-8e-05
13.378017,994.147,1702.16,0.03941,-0.00012
13.379683,989.97,1704.25,0.03945,-0.00012
13.38135,977.438,1702.16,0.03945,-0.00012
13.383,964.907,1700.07,0.03941,-8e-05
13.384667,946.11,1702.16,0.03929,-0.00012
13.386333,925.225,1697.99,0.03914,-8e-05
13.387983,895.985,1695.9,0.03887,-0.00012
13.38965,870.923,1695.9,0.03859,-0.00012
13.391317,841.683,1691.72,0.0382,-8e-05
13.392967,804.089,1689.63,0.03773,-0.00012
13.394633,766.495,1685.45,0.03711,-8e-05
13.3963,726.813,1681.28,0.03641,-8e-05
13.39795,678.777,1677.1,0.03567,-8e-05
13.399617,632.829,1670.83,0.03481,-8e-05
13.401283,584.792,1664.57,0.03372,-4e-05
13.402933,532.579,1658.3,0.03259,0
13.4046,478.276,1652.04,0.03126,-4e-05
13.406267,423.974,1645.77,0.02974,0
13.407933,365.495,1639.51,0.02803,-4e-05
13.409583,307.016,1631.15,0.02616,0
13.41125,248.537,1624.89,0.02417,4e-05
13.412917,185.88,1620.71,0.02206,-4e-05
13.414567,127.401,1614.44,0.01969,4e-05
13.416233,68.9219,1608.18,0.017,0
13.4179,6.26563,1610.27,0.01411,4e-05
13.41955,-54.3021,1614.44,0.01103,0.00012
13.421217,-116.958,1614.44,0.00784,0
13.422883,-179.615,1612.36,0.00452,0
13.424533,-238.094,1618.62,0.00121,0
13.4262,-300.75,1629.06,-0.00234,4e-05
13.427867,-359.229,1639.51,-0.00581,4e-05
13.429517,-419.797,1645.77,-0.0092,4e-05
13.431183,-476.188,1652.04,-0.01236,4e-05
13.43285,-534.667,1656.21,-0.01552,4e-05
13.4345,-586.881,1668.75,-0.01836,0
13.436167,-641.183,1679.19,-0.02105,0.00012
13.437833,-689.219,1687.54,-0.02351,4e-05
13.439483,-735.167,1697.99,-0.02577,0
13.44115,-776.938,1708.43,-0.02783,4e-05
13.442817,-814.532,1718.87,-0.02986,0
13.444467,-852.126,1727.23,-0.03177,0
13.446133,-887.631,1735.58,-0.03352,0
13.4478,-918.959,1741.85,-0.03489,0
13.44945,-944.022,1746.02,-0.0361,-4e-05
13.451117,-966.996,1746.02,-0.03711,-4e-05
13.452783,-985.792,1752.29,-0.03785,-4e-05
13.454433,-1000.41,1756.47,-0.03851,-4e-05
13.4561,-1006.68,1754.38,-0.03906,-8e-05
13.457767,-1017.12,1754.38,-0.03949,-4e-05
13.459417,-1019.21,1756.47,-0.03965,-4e-05
13.461083,-1017.12,1754.38,-0.03984,-4e-05
13.46275,-1012.94,1752.29,-0.03992,-4e-05
13.4644,-1000.41,1752.29,-0.03992,-8e-05
13.466067,-987.881,1754.38,-0.03984,-8e-05
13.467733,-969.084,1748.11,-0.03972,-8e-05
13.469383,-950.287,1743.93,-0.03957,-8e-05
13.47105,-925.225,1739.76,-0.03941,-4e-05
13.472717,-891.808,1739.76,-0.03902,-4e-05
13.474383,-864.657,1733.49,-0.03867,-8e-05
13.476033,-829.152,1727.23,-0.03816,-8e-05
13.4777,-791.558,1723.05,-0.03758,-8e-05
13.479367,-747.699,1714.69,-0.03688,-8e-05
13.481017,-705.928,1708.43,-0.0361,-4e-05
13.482683,-657.891,1702.16,-0.03512,-4e-05
13.48435,-607.766,1695.9,-0.03411,-8e-05
13.486,-557.641,1685.45,-0.03294,-4e-05
13.487667,-505.428,1679.19,-0.03165,0
13.489333,-451.125,1675.01,-0.03009,-8e-05
13.490983,-392.646,1666.66,-0.02838,-4e-05
13.49265,-332.078,1658.3,-0.02655,-4e-05
13.494317,-271.511,1652.04,-0.0246,0
13.495967,-215.12,1639.51,-0.02238,0
13.497633,-150.375,1631.15,-0.02008,-4e-05
13.4993,-91.8959,1620.71,-0.01762,0
13.50095,-29.2396,1614.44,-0.01489,0
13.502617,31.3282,1608.18,-0.01193,0
13.504283,93.9845,1604,-0.00877,0.00012
13.505933,154.552,1593.56,-0.00554,0
13.5076,217.209,1581.03,-0.00207,0
13.509267,277.776,1576.85,0.0014,0
13.510917,336.255,1570.58,0.00491,4e-05
13.512583,396.823,1576.85,0.00842,4e-05
13.51425,455.302,1581.03,0.01169,4e-05
13.5159,511.693,1589.38,0.01477,4e-05
13.517567,568.084,1599.82,0.01766,4e-05
13.519233,618.209,1610.27,0.02035,0
13.520883,666.245,1620.71,0.02284,0.00012
13.52255,714.282,1629.06,0.02514,0
13.524217,753.964,1641.6,0.02737,0
13.525867,793.647,1652.04,0.02943,0
13.527533,831.24,1660.39,0.03134,-4e-05
13.5292,864.657,1670.83,0.03306,-8e-05
13.53085,895.985,1677.1,0.0345,-8e-05
13.532517,923.136,1683.37,0.03579,-4e-05
13.534183,946.11,1687.54,0.03668,-8e-05
13.535833,964.907,1691.72,0.03758,-4e-05
13.5375,979.527,1695.9,0.03812,0
13.539167,987.881,1695.9,0.03863,-8e-05
13.540817,994.147,1700.07,0.03902,-8e-05
13.542483,996.235,1697.99,0.03933,-8e-05
13.54415,994.147,1697.99,0.03945,-0.00012
13.545817,989.97,1702.16,0.03957,-0.00012
13.547467,981.615,1697.99,0.03957,-0.00012
13.549133,969.084,1695.9,0.03953,-0.00012
13.5508,950.287,1697.99,0.03945,-0.00012
13.55245,929.402,1695.9,0.03933,-0.00012
13.554117,906.428,1693.81,0.03906,-0.00012
13.555783,879.277,1693.81,0.03879,-0.00015
13.557433,847.949,1691.72,0.03851,-0.00012
13.5591,816.62,1685.45,0.03809,-0.00012
13.560767,779.027,1681.28,0.03746,-0.00012
13.562417,739.344,1679.19,0.03684,-8e-05
13.564083,693.396,1675.01,0.03606,-8e-05
13.56575,649.537,1666.66,0.03516,-0.00012
13.5674,599.412,1664.57,0.03427,-8e-05
13.569067,551.375,1658.3,0.03314,-4e-05
13.570733,499.162,1652.04,0.03185,-4e-05
13.572383,442.771,1645.77,0.03037,-4e-05
13.57405,384.292,1639.51,0.02869,-4e-05
13.575717,327.901,1631.15,0.0269,0
13.577367,267.334,1622.8,0.02495,0
13.579033,206.766,1616.53,0.02288,0
13.5807,148.287,1614.44,0.02058,0
13.58235,87.7188,1608.18,0.01801,4e-05
13.584017,25.0625,1606.09,0.01524,0
13.585683,-35.5052,1610.27,0.01224,0
13.587333,-96.073,1608.18,0.00904,0
13.589,-160.818,1608.18,0.00573,8e-05
13.590667,-219.297,1612.36,0.00242,4e-05
13.592317,-279.865,1620.71,-0.00117,4e-05
13.593983,-340.433,1631.15,-0.00472,4e-05
13.59565,-401,1639.51,-0.00807,4e-05
13.5973,-457.391,1645.77,-0.01142,0
13.598967,-517.959,1649.95,-0.01454,4e-05
13.600633,-568.084,1658.3,-0.01746,0
13.602283,-624.474,1670.83,-0.02027,4e-05
13.60395,-672.511,1679.19,-0.02277,4e-05
13.605617,-720.547,1691.72,-0.02507,8e-05
13.607267,-762.318,1702.16,-0.02717,4e-05
13.608933,-802.001,1712.61,-0.02928,-4e-05
13.6106,-839.594,1718.87,-0.03126,-4e-05
13.612267,-877.188,1729.31,-0.03302,-4e-05
13.613917,-906.428,1739.76,-0.03446,0
13.615583,-935.667,1739.76,-0.03586,0
13.61725,-956.553,1743.93,-0.03688,0
13.6189,-979.527,1748.11,-0.03774,0
13.620567,-994.147,1750.2,-0.03844,-4e-05
13.622233,-1006.68,1752.29,-0.03902,8e-05
13.623883,-1012.94,1752.29,-0.03937,-4e-05
13.62555,-1017.12,1754.38,-0.03972,-4e-05
13.627217,-1017.12,1752.29,-0.03992,-4e-05
13.628867,-1012.94,1746.02,-0.03996,-4e-05
13.630533,-1002.5,1748.11,-0.04,-4e-05
13.6322,-992.058,1746.02,-0.04,-4e-05
13.63385,-975.35,1743.93,-0.03992,-8e-05
13.635517,-954.464,1741.85,-0.0398,-4e-05
13.637183,-931.49,1739.76,-0.03961,-4e-05
13.638833,-904.339,1735.58,-0.03929,8e-05
13.6405,-877.188,1731.4,-0.0389,-8e-05
13.642167,-839.594,1729.31,-0.0384,-4e-05
13.643817,-802.001,1718.87,-0.03789,-8e-05
13.645483,-766.495,1714.69,-0.03719,-8e-05
13.64715,-722.636,1706.34,-0.03649,0
13.6488,-672.511,1702.16,-0.03559,-8e-05
13.650467,-626.563,1691.72,-0.03454,-8e-05
13.652133,-574.349,1683.37,-0.03345,-4e-05
13.653783,-520.047,1679.19,-0.03216,-4e-05
13.65545,-467.834,1670.83,-0.03072,-4e-05
13.657117,-413.532,1662.48,-0.02908,-8e-05
13.658767,-350.875,1658.3,-0.02725,-4e-05
13.660433,-290.308,1652.04,-0.0253,-4e-05
13.6621,-231.828,1639.51,-0.02323,-4e-05
13.66375,-171.261,1629.06,-0.02093,-4e-05
13.665417,-108.604,1622.8,-0.01852,0
13.667083,-48.0365,1612.36,-0.01587,-4e-05
13.668733,12.5313,1604,-0.0129,0
13.6704,75.1876,1604,-0.00982,0
13.672067,133.667,1595.65,-0.00663,4e-05
13.673717,198.412,1578.94,-0.00324,4e-05
13.675383,256.891,1572.67,0.00019,4e-05
13.67705,315.37,1572.67,0.00378,4e-05
13.6787,378.026,1568.5,0.00733,4e-05
13.680367,436.506,1572.67,0.01068,4e-05
13.682033,490.808,1583.12,0.0138,4e-05
13.6837,547.198,1593.56,0.01684,4e-05
13.68535,599.412,1601.91,0.01953,0
13.687017,649.537,1612.36,0.02214,4e-05
13.688683,697.574,1626.98,0.02452,0
13.690333,741.433,1635.33,0.02674,0.00012
13.692,779.027,1643.68,0.02881,-8e-05
13.693667,818.709,1654.13,0.03087,-4e-05
13.695317,854.214,1664.57,0.03267,-8e-05
13.696983,885.542,1670.83,0.03423,-8e-05
13.69865,914.782,1677.1,0.03555,-8e-05
13.7003,939.845,1683.37,0.0366,-8e-05
13.701967,958.641,1687.54,0.03742,-8e-05
13.703633,975.35,1689.63,0.03805,-8e-05
13.705283,985.792,1693.81,0.03863,-0.00012
13.70695,994.147,1697.99,0.03906,0
13.708617,998.324,1693.81,0.03937,-0.00012
13.710267,996.235,1695.9,0.03957,-0.00012
13.711933,992.058,1697.99,0.03968,-0.00012
13.7136,983.704,1695.9,0.03965,-0.00012
13.71525,973.261,1693.81,0.03968,-0.00012
13.716917,960.73,1695.9,0.03961,-0.00012
13.718583,937.756,1693.81,0.03949,-8e-05
13.720233,914.782,1689.63,0.03926,-8e-05
13.7219,887.631,1689.63,0.03902,-8e-05
13.723567,860.48,1689.63,0.03871,0
13.725217,827.063,1683.37,0.03832,-0.00012
13.726883,791.558,1681.28,0.03777,-0.00012
13.72855,751.876,1677.1,0.03715,-0.00012
13.7302,708.016,1672.92,0.03641,-0.00012
13.731867,662.068,1666.66,0.03563,-0.00012
13.733533,614.032,1660.39,0.03466,-8e-05
13.735183,565.995,1658.3,0.03364,-8e-05
13.73685,513.782,1649.95,0.03239,-4e-05
13.738517,459.48,1643.68,0.03099,-4e-05
13.740167,403.089,1637.42,0.02935,4e-05
13.741833,346.698,1631.15,0.0276,-4e-05
13.7435,286.13,1618.62,0.02569,0
13.74515,227.651,1614.44,0.02366,4e-05
13.746817,167.083,1612.36,0.02144,0
13.748483,108.604,1606.09,0.01891,0
13.75015,45.948,1601.91,0.01618,0
13.7518,-12.5313,1604,0.01322,8e-05
13.753467,-77.2761,1604,0.01006,4e-05
13.755133,-139.932,1601.91,0.00678,8e-05
13.756783,-200.5,1608.18,0.00343,8e-05
13.75845,-258.979,1614.44,0,0
13.760117,-319.547,1624.89,-0.00355,4e-05
13.761767,-380.115,1633.24,-0.00694,4e-05
13.763433,-438.594,1641.6,-0.01037,4e-05
13.7651,-497.073,1645.77,-0.01357,0
13.76675,-553.464,1652.04,-0.01661,4e-05
13.768417,-605.678,1664.57,-0.01949,4e-05
13.770083,-657.891,1675.01,-0.0221,4e-05
13.771733,-703.839,1681.28,-0.02444,0
13.7734,-747.699,1693.81,-0.02663,4e-05
13.775067,-791.558,1706.34,-0.02873,0
13.776717,-827.063,1712.61,-0.03072,0
13.778383,-864.657,1720.96,-0.03255,0
13.78005,-898.074,1729.31,-0.03419,0
13.7817,-927.313,1735.58,-0.03555,0
13.783367,-952.376,1739.76,-0.03672,-4e-05
13.785033,-975.35,1741.85,-0.03758,0
13.786683,-987.881,1748.11,-0.03832,0
13.78835,-1002.5,1746.02,-0.03898,-4e-05
13.790017,-1010.86,1748.11,-0.03941,-4e-05
13.791667,-1015.03,1750.2,-0.03976,0
13.793333,-1017.12,1748.11,-0.03996,-4e-05
13.795,-1012.94,1746.02,-0.04011,-8e-05
13.79665,-1006.68,1746.02,-0.04015,-4e-05
13.798317,-994.147,1743.93,-0.04007,-4e-05
13.799983,-981.615,1741.85,-0.04007,-4e-05
13.801633,-962.819,1741.85,-0.03996,-8e-05
13.8033,-937.756,1735.58,-0.03976,-4e-05
13.804967,-914.782,1733.49,-0.03953,-4e-05
13.806617,-881.365,1729.31,-0.03918,-8e-05
13.808283,-852.126,1725.14,-0.03871,4e-05
13.80995,-816.62,1718.87,-0.03824,-4e-05
13.8116,-776.938,1714.69,-0.03754,-4e-05
13.813267,-735.167,1704.25,-0.03684,-4e-05
13.814933,-689.219,1697.99,-0.03606,-4e-05
13.816583,-641.183,1693.81,-0.03501,-4e-05
13.81825,-593.146,1683.37,-0.03391,-8e-05
13.819917,-538.844,1677.1,-0.03275,-4e-05
13.821583,-486.631,1670.83,-0.0313,-4e-05
13.823233,-430.24,1666.66,-0.0297,-4e-05
13.8249,-371.761,1658.3,-0.02791,8e-05
13.826567,-313.282,1647.86,-0.02612,-8e-05
13.828217,-250.625,1639.51,-0.02401,-4e-05
13.829883,-192.146,1629.06,-0.02179,0
13.83155,-129.49,1618.62,-0.01937,0
13.8332,-68.9219,1610.27,-0.01684,0
13.834867,-6.26563,1604,-0.01399,0
13.836533,52.2136,1597.74,-0.01095,0
13.838183,114.87,1593.56,-0.00768,4e-05
13.83985,177.526,1583.12,-0.00441,0
13.841517,238.094,1570.58,-0.0009,4e-05
13.843167,296.573,1566.41,0.00253,4e-05
13.844833,357.141,1566.41,0.00612,4e-05
13.8465,415.62,1568.5,0.00959,4e-05
13.84815,474.099,1574.76,0.01286,4e-05
13.849817,532.579,1585.2,0.01594,4e-05
13.851483,584.792,1597.74,0.01871,4e-05
13.853133,634.917,1608.18,0.02136,4e-05
13.8548,682.954,1616.53,0.02386,0
13.856467,728.902,1629.06,0.02608,0
13.858117,766.495,1639.51,0.02818,-4e-05
13.859783,806.178,1645.77,0.03025,-4e-05
13.86145,841.683,1656.21,0.03216,-4e-05
13.8631,877.188,1666.66,0.0338,-4e-05
13.864767,904.339,1670.83,0.03524,-8e-05
13.866433,933.579,1677.1,0.03633,-0.00012
13.868083,952.376,1683.37,0.03727,-4e-05
13.86975,969.084,1683.37,0.03793,-4e-05
13.871417,981.615,1685.45,0.03859,-8e-05
13.873067,992.058,1691.72,0.03902,-0.00012
13.874733,998.324,1693.81,0.03941,-0.00012
13.8764,998.324,1693.81,0.03961,-8e-05
13.87805,994.147,1691.72,0.0398,-0.00012
13.879717,987.881,1693.81,0.0398,-8e-05
13.881383,977.438,1689.63,0.0398,-0.00015
13.883033,964.907,1689.63,0.03976,-0.00012
13.8847,946.11,1691.72,0.03965,-0.00012
13.886367,921.048,1689.63,0.03945,-0.00012
13.888033,895.985,1685.45,0.03922,-0.00012
13.889683,873.011,1683.37,0.03894,-0.00012
13.89135,839.594,1683.37,0.03859,-8e-05
13.893017,804.089,1679.19,0.03805,0
13.894667,766.495,1675.01,0.0375,-8e-05
13.896333,722.636,1672.92,0.0368,-0.00012
13.898,678.777,1664.57,0.03594,-8e-05
13.89965,632.829,1660.39,0.03512,-8e-05
13.901317,580.615,1654.13,0.03407,-8e-05
13.902983,530.49,1647.86,0.03298,-4e-05
13.904633,478.276,1641.6,0.03158,-4e-05
13.9063,421.886,1635.33,0.03006,-4e-05
13.907967,365.495,1626.98,0.0283,0
13.909617,302.839,1620.71,0.02643,0.00012
13.911283,246.448,1614.44,0.0244,4e-05
13.91295,185.88,1608.18,0.02226,4e-05
13.9146,129.49,1601.91,0.01988,0
13.916267,66.8334,1597.74,0.01715,4e-05
13.917933,6.26563,1597.74,0.01431,4e-05
13.919583,-56.3907,1601.91,0.01111,0
13.92125,-116.958,1597.74,0.00791,4e-05
13.922917,-181.703,1599.82,0.0046,4e-05
13.924567,-240.182,1604,0.00125,4e-05
13.926233,-300.75,1618.62,-0.00238,0.00012
13.9279,-357.141,1629.06,-0.00593,4e-05
13.92955,-419.797,1633.24,-0.00936,4e-05
13.931217,-476.188,1641.6,-0.01255,0
13.932883,-532.579,1645.77,-0.01571,-4e-05
13.934533,-586.881,1656.21,-0.01863,0
13.9362,-641.183,1670.83,-0.02128,0
13.937867,-691.308,1677.1,-0.02374,0
13.939517,-735.167,1685.45,-0.026,0
13.941183,-776.938,1697.99,-0.02807,4e-05
13.94285,-814.532,1708.43,-0.03017,8e-05
13.9445,-852.126,1714.69,-0.03212,4e-05
13.946167,-885.542,1723.05,-0.03376,0
13.947833,-916.871,1731.4,-0.03524,0
13.949483,-944.022,1733.49,-0.03649,-4e-05
13.95115,-969.084,1737.67,-0.03742,-4e-05
13.952817,-983.704,1741.85,-0.03824,-4e-05
13.954467,-998.324,1746.02,-0.0389,-4e-05
13.956133,-1008.77,1746.02,-0.03945,-4e-05
13.9578,-1017.12,1746.02,-0.03984,-4e-05
13.959467,-1017.12,1746.02,-0.04004,-8e-05
13.961117,-1015.03,1743.93,-0.04019,-4e-05
13.962783,-1008.77,1741.85,-0.04023,0
13.96445,-1000.41,1741.85,-0.04023,-4e-05
13.9661,-987.881,1741.85,-0.04023,-4e-05
13.967767,-969.084,1739.76,-0.04011,-8e-05
13.969433,-946.11,1735.58,-0.03992,-8e-05
13.971083,-923.136,1731.4,-0.03976,-8e-05
13.97275,-893.897,1727.23,-0.03941,-8e-05
13.974417,-862.568,1723.05,-0.03898,-8e-05
13.976067,-827.063,1716.78,-0.03851,-8e-05
13.977733,-789.469,1710.52,-0.03789,4e-05
13.9794,-747.699,1706.34,-0.03723,-4e-05
13.98105,-705.928,1697.99,-0.03645,-4e-05
13.982717,-653.714,1689.63,-0.03547,-4e-05
13.984383,-607.766,1683.37,-0.03442,-4e-05
13.986033,-555.553,1677.1,-0.03325,-4e-05
13.9877,-505.428,1666.66,-0.03193,-4e-05
13.989367,-449.037,1660.39,-0.03041,-4e-05
13.991017,-390.558,1658.3,-0.02865,-4e-05
13.992683,-332.078,1647.86,-0.02682,-4e-05
13.99435,-273.599,1637.42,-0.02487,0
13.996,-210.943,1629.06,-0.02265,-4e-05
13.997667,-150.375,1620.71,-0.02031,0
13.999333,-89.8074,1608.18,-0.01778,0
14.000983,-29.2396,1601.91,-0.01505,0
14.00265,31.3282,1597.74,-0.01201,0
14.004317,96.073,1591.47,-0.00881,4e-05
14.005967,156.641,1583.12,-0.00561,4e-05
14.007633,217.209,1570.58,-0.00214,0
14.0093,277.776,1562.23,0.0014,4e-05
14.01095,334.167,1560.14,0.00499,0.00019
14.012617,396.823,1562.23,0.0085,4e-05
14.014283,457.391,1570.58,0.01189,4e-05
14.015933,511.693,1576.85,0.01497,4e-05
14.0176,568.084,1587.29,0.01789,4e-05
14.019267,618.209,1599.82,0.02062,4e-05
14.020917,668.334,1610.27,0.02312,0
14.022583,712.193,1620.71,0.02542,-4e-05
14.02425,758.141,1631.15,0.02764,0
14.025917,795.735,1641.6,0.0297,-4e-05
14.027567,831.24,1649.95,0.03165,0.00012
14.029233,864.657,1658.3,0.03337,-4e-05
14.0309,898.074,1670.83,0.03493,-8e-05
14.03255,923.136,1672.92,0.03614,-8e-05
14.034217,946.11,1675.01,0.03707,-4e-05
14.035883,964.907,1681.28,0.03785,-8e-05
14.037533,979.527,1685.45,0.03851,-4e-05
14.0392,989.97,1683.37,0.03902,-8e-05
14.040867,996.235,1685.45,0.03937,-8e-05
14.042517,998.324,1689.63,0.03965,-0.00012
14.044183,996.235,1689.63,0.03984,-8e-05
14.04585,992.058,1689.63,0.03988,-0.00012
14.0475,981.615,1689.63,0.03984,-8e-05
14.049167,969.084,1687.54,0.03988,-8e-05
14.050833,952.376,1683.37,0.0398,-8e-05
14.052483,929.402,1685.45,0.03961,-0.00012
14.05415,904.339,1683.37,0.03941,-8e-05
14.055817,877.188,1683.37,0.03914,-0.00012
14.057467,847.949,1679.19,0.03883,-0.00012
14.059133,816.62,1679.19,0.03832,-8e-05
14.0608,779.027,1672.92,0.03777,-0.00012
14.06245,739.344,1668.75,0.03715,-8e-05
14.064117,693.396,1664.57,0.03637,-0.00012
14.065783,649.537,1658.3,0.03551,-8e-05
14.067433,597.323,1652.04,0.03454,-8e-05
14.0691,551.375,1645.77,0.03341,-4e-05
14.070767,494.985,1643.68,0.03212,-4e-05
14.072417,440.683,1633.24,0.03068,0
14.074083,384.292,1624.89,0.02904,-4e-05
14.07575,325.813,1620.71,0.02717,0
14.0774,265.245,1614.44,0.02518,4e-05
14.079067,206.766,1606.09,0.02308,0.00012
14.080733,148.287,1601.91,0.02074,4e-05
14.082383,85.6303,1597.74,0.01813,4e-05
14.08405,27.1511,1593.56,0.01532,4e-05
14.085717,-37.5938,1593.56,0.0122,4e-05
14.087367,-98.1615,1597.74,0.009,4e-05
14.089033,-160.818,1597.74,0.00569,4e-05
14.0907,-221.386,1599.82,0.0023,4e-05
14.092367,-281.953,1610.27,-0.00125,4e-05
14.094017,-340.433,1624.89,-0.00479,4e-05
14.095683,-401,1629.06,-0.00826,8e-05
14.09735,-459.48,1633.24,-0.01158,0
14.099,-515.87,1639.51,-0.01477,0
14.100667,-570.172,1649.95,-0.01774,4e-05
14.102333,-624.474,1660.39,-0.0205,0
14.103983,-672.511,1670.83,-0.02304,0
14.10565,-722.636,1681.28,-0.02538,4e-05
14.107317,-764.407,1689.63,-0.02748,4e-05
14.108967,-802.001,1700.07,-0.02959,0
14.110633,-839.594,1710.52,-0.03154,0
14.1123,-877.188,1720.96,-0.03337,0.00012
14.11395,-906.428,1723.05,-0.03493,-4e-05
14.115617,-935.667,1729.31,-0.03618,0
14.117283,-958.641,1733.49,-0.03723,-4e-05
14.118933,-979.527,1737.67,-0.03812,0
14.1206,-994.147,1737.67,-0.03887,-4e-05
14.122267,-1006.68,1741.85,-0.03937,-4e-05
14.123917,-1012.94,1741.85,-0.03984,-4e-05
14.125583,-1017.12,1739.76,-0.04015,-4e-05
14.12725,-1017.12,1741.85,-0.04031,-4e-05
14.1289,-1012.94,1741.85,-0.04039,4e-05
14.130567,-1004.59,1735.58,-0.04042,-4e-05
14.132233,-992.058,1735.58,-0.04035,-4e-05
14.133883,-975.35,1735.58,-0.04031,-8e-05
14.13555,-952.376,1731.4,-0.04011,-8e-05
14.137217,-931.49,1729.31,-0.03992,-8e-05
14.138867,-904.339,1725.14,-0.03961,-4e-05
14.140533,-873.011,1718.87,-0.03929,-4e-05
14.1422,-839.594,1714.69,-0.03883,-8e-05
14.14385,-804.089,1708.43,-0.03824,-4e-05
14.145517,-762.318,1704.25,-0.03758,-4e-05
14.147183,-720.547,1693.81,-0.03684,-4e-05
14.148833,-672.511,1689.63,-0.03594,-4e-05
14.1505,-624.474,1681.28,-0.03489,-4e-05
14.152167,-574.349,1677.1,-0.03372,-4e-05
14.153817,-522.136,1666.66,-0.03255,-4e-05
14.155483,-467.834,1660.39,-0.03103,-4e-05
14.15715,-409.355,1654.13,-0.02939,-4e-05
14.158817,-350.875,1647.86,-0.02752,0
14.160467,-292.396,1637.42,-0.02561,-4e-05
14.162133,-229.74,1629.06,-0.02347,-4e-05
14.1638,-169.172,1618.62,-0.02117,0
14.16545,-108.604,1608.18,-0.01867,-4e-05
14.167117,-48.0365,1601.91,-0.01606,-4e-05
14.168783,12.5313,1595.65,-0.01314,0
14.170433,75.1876,1589.38,-0.00994,0
14.1721,135.755,1585.2,-0.00667,4e-05
14.173767,198.412,1570.58,-0.00327,4e-05
14.175417,256.891,1560.14,0.00016,0
14.177083,317.459,1555.96,0.00374,0
14.17875,375.938,1560.14,0.00737,4e-05
14.1804,434.417,1564.32,0.01076,0.00015
14.182067,492.896,1570.58,0.01403,4e-05
14.183733,549.287,1581.03,0.01704,8e-05
14.185383,599.412,1593.56,0.01976,0
14.18705,649.537,1604,0.02238,0
14.188717,697.574,1612.36,0.02475,4e-05
14.190367,743.521,1626.98,0.02705,0
14.192033,781.115,1633.24,0.02912,-4e-05
14.1937,820.798,1643.68,0.03119,-4e-05
14.19535,852.126,1654.13,0.03298,-8e-05
14.197017,885.542,1664.57,0.03458,0.00012
14.198683,914.782,1666.66,0.03586,-8e-05
14.200333,939.845,1670.83,0.03688,-0.00012
14.202,958.641,1677.1,0.0377,-8e-05
14.203667,977.438,1681.28,0.0384,-8e-05
14.205317,985.792,1683.37,0.03894,-0.00012
14.206983,996.235,1683.37,0.03941,-8e-05
14.20865,996.235,1687.54,0.03968,-0.00012
14.2103,1000.41,1683.37,0.03992,-8e-05
14.211967,994.147,1683.37,0.03996,-0.00012
14.213633,983.704,1687.54,0.04,0
14.215283,973.261,1683.37,0.04,-8e-05
14.21695,958.641,1683.37,0.03996,-8e-05
14.218617,937.756,1683.37,0.0398,-8e-05
14.220267,914.782,1683.37,0.03957,-8e-05
14.221933,887.631,1677.1,0.03933,-8e-05
14.2236,858.391,1677.1,0.03902,-8e-05
14.225267,827.063,1677.1,0.03859,-8e-05
14.226917,791.558,1670.83,0.03809,-8e-05
14.228583,753.964,1666.66,0.03746,-0.00012
14.23025,708.016,1660.39,0.03672,-4e-05
14.2319,662.068,1656.21,0.0359,-8e-05
14.233567,614.032,1649.95,0.03497,-8e-05
14.235233,563.907,1645.77,0.03391,-8e-05
14.236883,513.782,1639.51,0.03267,-4e-05
14.23855,459.48,1631.15,0.0313,-4e-05
14.240217,403.089,1624.89,0.02963,-4e-05
14.241867,346.698,1618.62,0.02791,0
14.243533,286.13,1610.27,0.02592,0
14.2452,227.651,1601.91,0.02394,0
14.24685,167.083,1597.74,0.02164,0
14.248517,106.516,1593.56,0.0191,4e-05
14.250183,45.948,1589.38,0.01633,4e-05
14.251833,-14.6198,1591.47,0.01333,4e-05
14.2535,-77.2761,1591.47,0.01014,4e-05
14.255167,-139.932,1591.47,0.00686,4e-05
14.256817,-200.5,1593.56,0.00343,0
14.258483,-258.979,1604,0,0
14.26015,-321.636,1612.36,-0.00366,4e-05
14.2618,-378.026,1620.71,-0.00713,0
14.263467,-438.594,1631.15,-0.0106,4e-05
14.265133,-497.073,1635.33,-0.01376,4e-05
14.266783,-553.464,1641.6,-0.01684,4e-05
14.26845,-607.766,1652.04,-0.01976,4e-05
14.270117,-659.98,1664.57,-0.02234,0
14.271767,-708.016,1672.92,-0.02468,0
14.273433,-747.699,1681.28,-0.02686,0
14.2751,-789.469,1695.9,-0.029,0
14.27675,-829.152,1706.34,-0.03103,0
14.278417,-864.657,1708.43,-0.03294,0
14.280083,-898.074,1718.87,-0.0345,0
14.281733,-927.313,1727.23,-0.03586,8e-05
14.2834,-952.376,1727.23,-0.03707,-4e-05
14.285067,-973.261,1729.31,-0.03797,-4e-05
14.286717,-989.97,1735.58,-0.03871,-4e-05
14.288383,-1004.59,1741.85,-0.03937,-4e-05
14.29005,-1010.86,1735.58,-0.0398,-4e-05
14.291717,-1017.12,1737.67,-0.04015,-4e-05
14.293367,-1015.03,1739.76,-0.04035,-8e-05
14.295033,-1012.94,1735.58,-0.04046,-4e-05
14.2967,-1006.68,1733.49,-0.0405,-4e-05
14.29835,-996.235,1735.58,-0.0405,8e-05
14.300017,-981.615,1733.49,-0.0405,-4e-05
14.301683,-960.73,1727.23,-0.04031,-8e-05
14.303333,-937.756,1725.14,-0.04015,0
14.305,-914.782,1725.14,-0.03992,-8e-05
14.306667,-883.454,1716.78,-0.03957,-4e-05
14.308317,-852.126,1712.61,-0.0391,-4e-05
14.309983,-814.532,1706.34,-0.03859,-8e-05
14.31165,-776.938,1702.16,-0.03793,-4e-05
14.3133,-735.167,1695.9,-0.03723,0
14.314967,-687.131,1689.63,-0.03637,8e-05
14.316633,-641.183,1683.37,-0.0354,-8e-05
14.318283,-591.058,1672.92,-0.0343,-4e-05
14.31995,-538.844,1664.57,-0.03306,-4e-05
14.321617,-484.542,1662.48,-0.03161,-4e-05
14.323267,-432.328,1652.04,-0.03002,-8e-05
14.324933,-371.761,1643.68,-0.02822,-4e-05
14.3266,-313.282,1639.51,-0.02635,-4e-05
14.32825,-250.625,1631.15,-0.02421,-4e-05
14.329917,-190.057,1618.62,-0.02203,0
14.331583,-129.49,1608.18,-0.01953,8e-05
14.333233,-66.8334,1599.82,-0.01696,0
14.3349,-6.26563,1591.47,-0.01407,0
14.336567,54.3021,1587.29,-0.01099,0
14.338217,116.958,1585.2,-0.00776,0
14.339883,177.526,1570.58,-0.00437,4e-05
14.34155,238.094,1555.96,-0.00086,4e-05
14.3432,298.662,1558.05,0.00265,4e-05
14.344867,355.052,1551.79,0.00628,4e-05
14.346533,415.62,1553.88,0.00975,4e-05
14.348183,476.188,1564.32,0.01306,4e-05
14.34985,530.49,1576.85,0.01614,8e-05
14.351517,584.792,1583.12,0.01898,8e-05
14.353167,634.917,1595.65,0.02164,0
14.354833,680.865,1608.18,0.02413,0
14.3565,728.902,1616.53,0.02643,0
14.358167,768.584,1626.98,0.02854,0
14.359817,808.266,1639.51,0.0306,-4e-05
14.361483,841.683,1645.77,0.03247,-4e-05
14.36315,879.277,1652.04,0.03415,-4e-05
14.3648,906.428,1664.57,0.03547,-8e-05
14.366467,931.49,1670.83,0.03664,0
14.368133,952.376,1672.92,0.03754,-0.00012
14.369783,969.084,1675.01,0.03828,-8e-05
14.37145,981.615,1679.19,0.03887,-8e-05
14.373117,992.058,1683.37,0.03937,-0.00012
14.374767,996.235,1681.28,0.03968,-0.00012
14.376433,996.235,1681.28,0.03992,-8e-05
14.3781,994.147,1681.28,0.04007,-8e-05
14.37975,989.97,1683.37,0.04011,-0.00012
14.381417,975.35,1679.19,0.04011,-0.00015
14.383083,964.907,1681.28,0.04007,0
14.384733,944.022,1681.28,0.04,-0.00015
14.3864,923.136,1679.19,0.03976,-0.00012
14.388067,895.985,1677.1,0.03953,-0.00012
14.389717,868.834,1677.1,0.03926,-0.00012
14.391383,839.594,1670.83,0.03887,-0.00012
14.39305,804.089,1668.75,0.0384,-8e-05
14.3947,766.495,1666.66,0.03777,-8e-05
14.396367,722.636,1660.39,0.03707,-0.00012
14.398033,676.688,1654.13,0.03621,-8e-05
14.399683,630.74,1649.95,0.0354,0
14.40135,580.615,1645.77,0.03434,-8e-05
14.403017,530.49,1637.42,0.03317,-4e-05
14.404667,478.276,1631.15,0.03185,-4e-05
14.406333,421.886,1624.89,0.03033,-4e-05
14.408,365.495,1616.53,0.02857,0
14.40965,304.927,1606.09,0.02666,0
14.411317,246.448,1599.82,0.02464,0
14.412983,183.792,1597.74,0.02245,4e-05
14.414633,125.313,1589.38,0.02004,4e-05
14.4163,64.7448,1587.29,0.01731,0.00012
14.417967,6.26563,1589.38,0.01435,0
14.419617,-56.3907,1587.29,0.01123,4e-05
14.421283,-116.958,1585.2,0.00799,4e-05
14.42295,-181.703,1589.38,0.0046,4e-05
14.424617,-240.182,1593.56,0.00121,8e-05
14.426267,-300.75,1604,-0.00246,4e-05
14.427933,-361.318,1616.53,-0.00604,4e-05
14.4296,-419.797,1624.89,-0.00947,8e-05
14.43125,-478.276,1626.98,-0.01271,8e-05
14.432917,-532.579,1635.33,-0.01594,4e-05
14.434583,-586.881,1645.77,-0.01887,4e-05
14.436233,-643.271,1658.3,-0.02156,0
14.4379,-689.219,1664.57,-0.02397,0
14.439567,-735.167,1677.1,-0.02627,0
14.441217,-779.027,1689.63,-0.02838,4e-05
14.442883,-814.532,1695.9,-0.03048,4e-05
14.44455,-852.126,1704.25,-0.03239,4e-05
14.4462,-887.631,1714.69,-0.03407,0
14.447867,-916.871,1718.87,-0.03563,0
14.449533,-944.022,1723.05,-0.0368,-8e-05
14.451183,-966.996,1729.31,-0.03777,0
14.45285,-983.704,1731.4,-0.03863,-4e-05
14.454517,-1000.41,1731.4,-0.03929,-4e-05
14.456167,-1008.77,1733.49,-0.03984,-4e-05
14.457833,-1015.03,1733.49,-0.04019,0
14.4595,-1017.12,1733.49,-0.04046,-8e-05
14.46115,-1017.12,1729.31,-0.04058,-4e-05
14.462817,-1008.77,1731.4,-0.04066,-8e-05
14.464483,-1000.41,1731.4,-0.04062,-4e-05
14.466133,-987.881,1727.23,-0.04058,-8e-05
14.4678,-969.084,1727.23,-0.04054,0
14.469467,-946.11,1725.14,-0.04039,-8e-05
14.471117,-921.048,1716.78,-0.04011,-4e-05
14.472783,-893.897,1716.78,-0.03976,-4e-05
14.47445,-864.657,1712.61,-0.03941,-8e-05
14.4761,-827.063,1706.34,-0.0389,-4e-05
14.477767,-789.469,1700.07,-0.03828,-4e-05
14.479433,-747.699,1693.81,-0.03758,-4e-05
14.481083,-703.839,1685.45,-0.0368,-4e-05
14.48275,-655.803,1677.1,-0.03586,0
14.484417,-607.766,1672.92,-0.03477,8e-05
14.486067,-555.553,1666.66,-0.03356,-4e-05
14.487733,-503.339,1658.3,-0.03228,-8e-05
14.4894,-449.037,1649.95,-0.03072,0
14.491067,-388.469,1645.77,-0.02896,-4e-05
14.492717,-332.078,1637.42,-0.02713,-4e-05
14.494383,-271.511,1624.89,-0.02507,-4e-05
14.49605,-210.943,1618.62,-0.02288,-4e-05
14.4977,-148.287,1612.36,-0.02047,4e-05
14.499367,-87.7188,1597.74,-0.01797,0
14.501033,-27.1511,1589.38,-0.01528,0.00012
14.502683,33.4167,1585.2,-0.0122,4e-05
14.50435,96.073,1585.2,-0.00893,0
14.506017,156.641,1572.67,-0.00561,0
14.507667,219.297,1558.05,-0.00214,4e-05
14.509333,277.776,1553.88,0.00144,4e-05
14.511,336.255,1547.61,0.00503,8e-05
14.51265,396.823,1549.7,0.00862,4e-05
14.514317,455.302,1560.14,0.01205,4e-05
14.515983,511.693,1566.41,0.01513,0
14.517633,568.084,1576.85,0.01805,0.00015
14.5193,618.209,1589.38,0.02082,4e-05
14.520967,668.334,1601.91,0.02339,4e-05
14.522617,712.193,1608.18,0.02577,0
14.524283,756.053,1620.71,0.02795,0
14.52595,795.735,1631.15,0.03002,-4e-05
14.5276,833.329,1639.51,0.032,0
14.529267,864.657,1647.86,0.03368,-4e-05
14.530933,898.074,1658.3,0.0352,-8e-05
14.532583,923.136,1664.57,0.03637,-8e-05
14.53425,948.199,1664.57,0.03742,-4e-05
14.535917,964.907,1670.83,0.03816,-8e-05
14.537567,977.438,1677.1,0.03883,-4e-05
14.539233,987.881,1677.1,0.03933,-0.00012
14.5409,996.235,1677.1,0.03972,-0.00012
14.54255,998.324,1679.19,0.04,-8e-05
14.544217,996.235,1681.28,0.04015,-8e-05
14.545883,989.97,1679.19,0.04023,-8e-05
14.547533,979.527,1679.19,0.04023,-0.00012
14.5492,966.996,1679.19,0.04023,-8e-05
14.550867,950.287,1677.1,0.04011,-0.00012
14.552517,927.313,1675.01,0.03996,-0.00012
14.554183,908.516,1672.92,0.03976,-0.00012
14.55585,877.188,1672.92,0.03949,-0.00012
14.557517,847.949,1670.83,0.0391,-0.00015
14.559167,816.62,1664.57,0.03867,-8e-05
14.560833,779.027,1662.48,0.03812,-0.00012
14.5625,739.344,1658.3,0.03746,-8e-05
14.56415,693.396,1654.13,0.03668,-8e-05
14.565817,647.448,1649.95,0.03586,-8e-05
14.567483,597.323,1641.6,0.03481,-8e-05
14.569133,549.287,1637.42,0.03372,0
14.5708,494.985,1629.06,0.03243,-4e-05
14.572467,440.683,1620.71,0.03095,-4e-05
14.574117,384.292,1612.36,0.02928,-4e-05
14.575783,323.724,1608.18,0.02737,0
14.57745,265.245,1601.91,0.02546,4e-05
14.5791,206.766,1595.65,0.02331,4e-05
14.580767,148.287,1587.29,0.02097,4e-05
14.582433,85.6303,1583.12,0.01828,8e-05
14.584083,25.0625,1583.12,0.01544,4e-05
14.58575,-37.5938,1583.12,0.01232,0.00015
14.587417,-98.1615,1583.12,0.00904,8e-05
14.589067,-160.818,1587.29,0.00573,4e-05
14.590733,-221.386,1587.29,0.0023,8e-05
14.5924,-281.953,1595.65,-0.00129,4e-05
14.59405,-340.433,1612.36,-0.00483,4e-05
14.595717,-401,1618.62,-0.00838,4e-05
14.597383,-461.568,1618.62,-0.01173,0
14.599033,-517.959,1631.15,-0.01497,4e-05
14.6007,-568.084,1639.51,-0.01793,4e-05
14.602367,-626.563,1647.86,-0.02086,0.00012
14.604017,-676.688,1658.3,-0.02327,0
14.605683,-722.636,1670.83,-0.02561,0
14.60735,-762.318,1681.28,-0.02772,4e-05
14.609,-804.089,1689.63,-0.0299,4e-05
14.610667,-839.594,1697.99,-0.03189,4e-05
14.612333,-877.188,1706.34,-0.03364,0
14.613983,-908.516,1714.69,-0.03524,0
14.61565,-935.667,1718.87,-0.03653,0
14.617317,-956.553,1727.23,-0.03762,-8e-05
14.618967,-979.527,1727.23,-0.03848,8e-05
14.620633,-994.147,1727.23,-0.03918,-4e-05
14.6223,-1006.68,1729.31,-0.03976,-8e-05
14.623967,-1012.94,1731.4,-0.04019,-4e-05
14.625617,-1019.21,1729.31,-0.0405,-4e-05
14.627283,-1017.12,1729.31,-0.04066,-4e-05
14.62895,-1012.94,1731.4,-0.04074,-4e-05
14.6306,-1004.59,1727.23,-0.04078,-4e-05
14.632267,-989.97,1727.23,-0.04074,-4e-05
14.633933,-975.35,1725.14,-0.0407,-4e-05
14.635583,-954.464,1720.96,-0.04046,-4e-05
14.63725,-931.49,1718.87,-0.04031,-4e-05
14.638917,-902.251,1714.69,-0.04004,-4e-05
14.640567,-875.1,1708.43,-0.03968,0
14.642233,-841.683,1706.34,-0.03922,-4e-05
14.6439,-804.089,1700.07,-0.03859,-4e-05
14.64555,-762.318,1691.72,-0.03789,-4e-05
14.647217,-720.547,1685.45,-0.03723,-4e-05
14.648883,-672.511,1681.28,-0.03633,-4e-05
14.650533,-622.386,1672.92,-0.03524,-4e-05
14.6522,-574.349,1664.57,-0.03415,-8e-05
14.653867,-522.136,1656.21,-0.03286,-4e-05
14.655517,-465.745,1649.95,-0.03134,-4e-05
14.657183,-409.355,1641.6,-0.02967,-4e-05
14.65885,-350.875,1637.42,-0.02779,0
14.6605,-290.308,1626.98,-0.02585,0
14.662167,-229.74,1616.53,-0.0237,0
14.663833,-169.172,1606.09,-0.02136,0
14.665483,-108.604,1595.65,-0.01887,0
14.66715,-48.0365,1589.38,-0.01622,4e-05
14.668817,12.5313,1581.03,-0.01322,0
14.670467,75.1876,1578.94,-0.01006,0.00012
14.672133,137.844,1574.76,-0.00678,4e-05
14.6738,198.412,1558.05,-0.00339,4e-05
14.67545,256.891,1547.61,0.00019,4e-05
14.677117,317.459,1547.61,0.00382,4e-05
14.678783,375.938,1545.52,0.00748,8e-05
14.680433,434.417,1549.7,0.01099,0.00012
14.6821,494.985,1560.14,0.01419,4e-05
14.683767,551.375,1570.58,0.01723,4e-05
14.685417,601.501,1578.94,0.02,0
14.687083,651.626,1593.56,0.02265,0.00015
14.68875,699.662,1606.09,0.02503,0
14.6904,741.433,1612.36,0.02729,0
14.692067,779.027,1620.71,0.02943,4e-05
14.693733,820.798,1633.24,0.03146,-4e-05
14.6954,856.303,1641.6,0.03325,-4e-05
14.69705,887.631,1647.86,0.03489,-4e-05
14.698717,914.782,1658.3,0.03618,-4e-05
14.700383,939.845,1664.57,0.03727,-4e-05
14.702033,958.641,1666.66,0.03809,-8e-05
14.7037,975.35,1670.83,0.03875,8e-05
14.705367,987.881,1672.92,0.03929,-8e-05
14.707017,994.147,1675.01,0.03976,-0.00012
14.708683,996.235,1672.92,0.04007,-0.00012
14.71035,998.324,1677.1,0.04023,-8e-05
14.712,992.058,1677.1,0.04035,-8e-05
14.713667,983.704,1675.01,0.04039,-0.00012
14.715333,971.173,1672.92,0.04035,-8e-05
14.716983,958.641,1675.01,0.04031,-0.00012
14.71865,935.667,1672.92,0.04015,-8e-05
14.720317,914.782,1670.83,0.03996,-8e-05
14.721967,887.631,1668.75,0.03968,-8e-05
14.723633,858.391,1668.75,0.03937,-0.00012
14.7253,827.063,1664.57,0.03898,-8e-05
14.72695,791.558,1660.39,0.03844,-8e-05
14.728617,751.876,1658.3,0.03781,-8e-05
14.730283,708.016,1652.04,0.03707,-4e-05
14.731933,662.068,1645.77,0.03621,-4e-05
14.7336,611.943,1639.51,0.03528,-4e-05
14.735267,563.907,1635.33,0.03423,-4e-05
14.736917,511.693,1624.89,0.03298,-4e-05
14.738583,459.48,1620.71,0.03158,-4e-05
14.74025,403.089,1614.44,0.02994,0
14.7419,344.61,1606.09,0.02815,0
14.743567,284.042,1597.74,0.02624,4e-05
14.745233,225.563,1593.56,0.02409,4e-05
14.746883,164.995,1587.29,0.02183,4e-05
14.74855,106.516,1578.94,0.0193,4e-05
14.750217,45.948,1576.85,0.01649,4e-05
14.751867,-16.7083,1581.03,0.01349,4e-05
14.753533,-79.3647,1576.85,0.01025,4e-05
14.7552,-139.932,1578.94,0.0069,8e-05
14.75685,-198.412,1583.12,0.00351,4e-05
14.758517,-258.979,1587.29,-4e-05,0.00012
14.760183,-319.547,1601.91,-0.0037,8e-05
14.76185,-382.203,1610.27,-0.00729,8e-05
14.7635,-442.771,1616.53,-0.01068,8e-05
14.765167,-499.162,1620.71,-0.01399,0
14.766833,-553.464,1629.06,-0.01707,4e-05
14.768483,-607.766,1643.68,-0.02,4e-05
14.77015,-657.891,1654.13,-0.02257,4e-05
14.771817,-708.016,1660.39,-0.02495,0.00015
14.773467,-749.787,1675.01,-0.02721,4e-05
14.775133,-791.558,1683.37,-0.02935,4e-05
14.7768,-829.152,1691.72,-0.03138,4e-05
14.77845,-864.657,1700.07,-0.03325,0
14.780117,-898.074,1708.43,-0.03493,0
14.781783,-927.313,1712.61,-0.03629,0
14.783433,-952.376,1716.78,-0.03738,0
14.7851,-973.261,1720.96,-0.03832,0
14.786767,-987.881,1723.05,-0.0391,0
14.788417,-1002.5,1725.14,-0.03972,8e-05
14.790083,-1012.94,1727.23,-0.04019,-4e-05
14.79175,-1017.12,1727.23,-0.0405,0
14.7934,-1017.12,1723.05,-0.04078,-4e-05
14.795067,-1017.12,1725.14,-0.04085,-4e-05
14.796733,-1006.68,1725.14,-0.04089,0
14.798383,-996.235,1723.05,-0.04089,-4e-05
14.80005,-981.615,1718.87,-0.04085,-4e-05
14.801717,-962.819,1718.87,-0.0407,-4e-05
14.803367,-937.756,1714.69,-0.0405,-4e-05
14.805033,-914.782,1712.61,-0.04027,8e-05
14.8067,-883.454,1708.43,-0.03992,-4e-05
14.80835,-850.037,1702.16,-0.03941,0
14.810017,-816.62,1695.9,-0.03894,-4e-05
14.811683,-779.027,1689.63,-0.03828,-4e-05
14.813333,-735.167,1685.45,-0.03754,-8e-05
14.815,-689.219,1677.1,-0.03672,0
14.816667,-641.183,1670.83,-0.03575,-4e-05
14.818317,-591.058,1664.57,-0.03466,-4e-05
14.819983,-538.844,1656.21,-0.03345,-4e-05
14.82165,-486.631,1649.95,-0.032,0
14.8233,-430.24,1637.42,-0.03041,0
14.824967,-371.761,1635.33,-0.02854,0
14.826633,-311.193,1626.98,-0.02666,0
14.828283,-252.714,1616.53,-0.02452,0
14.82995,-190.057,1606.09,-0.02222,0
14.831617,-127.401,1597.74,-0.0198,4e-05
14.833283,-66.8334,1587.29,-0.01723,0
14.834933,-6.26563,1581.03,-0.01431,0
14.8366,54.3021,1574.76,-0.01119,4e-05
14.838267,116.958,1572.67,-0.00787,0
14.839917,175.438,1560.14,-0.00448,0
14.841583,238.094,1549.7,-0.00097,4e-05
14.84325,298.662,1545.52,0.00261,8e-05
14.8449,357.141,1541.35,0.00628,8e-05
14.846567,417.709,1545.52,0.00982,8e-05
14.848233,476.188,1553.88,0.01318,4e-05
14.849883,532.579,1562.23,0.01626,8e-05
14.85155,586.881,1574.76,0.01922,8e-05
14.853217,634.917,1587.29,0.02187,4e-05
14.854867,685.042,1595.65,0.02436,4e-05
14.856533,728.902,1608.18,0.02662,4e-05
14.8582,768.584,1616.53,0.02881,4e-05
14.85985,806.178,1624.89,0.03091,0
14.861517,841.683,1633.24,0.03282,0
14.863183,877.188,1645.77,0.03446,-4e-05
14.864833,906.428,1654.13,0.0359,-4e-05
14.8665,933.579,1656.21,0.03703,-8e-05
14.868167,952.376,1662.48,0.03793,-4e-05
14.869817,971.173,1668.75,0.03867,-8e-05
14.871483,981.615,1666.66,0.03926,-8e-05
14.87315,992.058,1670.83,0.03972,4e-05
14.8748,996.235,1675.01,0.04003,-0.00012
14.876467,994.147,1675.01,0.04031,-8e-05
14.878133,996.235,1670.83,0.04039,-8e-05
14.879783,989.97,1672.92,0.0405,-8e-05
14.88145,977.438,1672.92,0.04042,-0.00012
14.883117,962.819,1670.83,0.04042,-0.00012
14.884767,941.933,1668.75,0.04031,-8e-05
14.886433,921.048,1670.83,0.04019,-0.00015
14.8881,895.985,1666.66,0.03988,-8e-05
14.88975,866.746,1664.57,0.03961,4e-05
14.891417,837.506,1662.48,0.03922,-8e-05
14.893083,804.089,1658.3,0.03875,-0.00012
14.894733,766.495,1652.04,0.03812,-8e-05
14.8964,726.813,1652.04,0.03746,-4e-05
14.898067,676.688,1645.77,0.0366,-4e-05
14.899733,630.74,1639.51,0.03575,-4e-05
14.901383,580.615,1631.15,0.03469,-4e-05
14.90305,530.49,1626.98,0.03352,-4e-05
14.904717,476.188,1620.71,0.03216,-4e-05
14.906367,421.886,1612.36,0.0306,8e-05
14.908033,363.407,1606.09,0.02881,4e-05
14.9097,304.927,1597.74,0.02694,4e-05
14.91135,244.36,1589.38,0.02487,4e-05
14.913017,183.792,1583.12,0.02265,4e-05
14.914683,125.313,1581.03,0.02027,4e-05
14.916333,64.7448,1574.76,0.0175,4e-05
14.918,4.17709,1574.76,0.01454,4e-05
14.919667,-56.3907,1576.85,0.01138,4e-05
14.921317,-121.136,1574.76,0.00811,8e-05
14.922983,-183.792,1574.76,0.00468,8e-05
14.92465,-240.182,1581.03,0.00117,8e-05
14.9263,-300.75,1593.56,-0.00246,8e-05
14.927967,-361.318,1604,-0.00604,8e-05
14.929633,-421.886,1610.27,-0.00959,8e-05
14.931283,-478.276,1616.53,-0.01286,8e-05
14.93295,-534.667,1622.8,-0.0161,4e-05
14.934617,-586.881,1633.24,-0.01906,4e-05
14.936267,-641.183,1645.77,-0.02183,4e-05
14.937933,-691.308,1658.3,-0.02425,4e-05
14.9396,-737.256,1664.57,-0.02651,4e-05
14.94125,-776.938,1675.01,-0.02869,4e-05
14.942917,-816.62,1685.45,-0.0308,4e-05
14.944583,-852.126,1693.81,-0.03267,4e-05
14.946233,-887.631,1700.07,-0.03442,0
14.9479,-918.959,1708.43,-0.03598,0
14.949567,-944.022,1714.69,-0.03715,0
14.951217,-966.996,1714.69,-0.03812,0
14.952883,-983.704,1718.87,-0.03898,0
14.95455,-1000.41,1723.05,-0.03961,0
14.9562,-1010.86,1720.96,-0.04015,4e-05
14.957867,-1017.12,1720.96,-0.04054,8e-05
14.959533,-1019.21,1720.96,-0.04078,-4e-05
14.961183,-1017.12,1720.96,-0.04089,-4e-05
14.96285,-1010.86,1718.87,-0.04093,-4e-05
14.964517,-1000.41,1716.78,-0.04101,0
14.966167,-987.881,1716.78,-0.04089,0
14.967833,-969.084,1714.69,-0.04085,0
14.9695,-946.11,1712.61,-0.04066,-4e-05
14.971167,-923.136,1708.43,-0.04046,0
14.972817,-891.808,1706.34,-0.04011,-4e-05
14.974483,-862.568,1700.07,-0.03972,4e-05
14.97615,-827.063,1695.9,-0.03922,-4e-05
14.9778,-789.469,1689.63,-0.03859,0
14.979467,-747.699,1683.37,-0.03789,-4e-05
14.981133,-703.839,1675.01,-0.03711,-4e-05
14.982783,-655.803,1668.75,-0.03621,-4e-05
14.98445,-605.678,1664.57,-0.03512,-4e-05
14.986117,-555.553,1654.13,-0.03388,-4e-05
14.987767,-505.428,1645.77,-0.03259,0
14.989433,-449.037,1639.51,-0.03103,0
14.9911,-388.469,1635.33,-0.02924,0.00012
14.99275,-332.078,1624.89,-0.02737,-4e-05
14.994417,-271.511,1614.44,-0.02534,0
14.996083,-208.854,1606.09,-0.02312,0
14.997733,-148.287,1595.65,-0.02066,0
14.9994,-87.7188,1583.12,-0.01813,4e-05
15.001067,-27.1511,1578.94,-0.01536,4e-05
15.002717,31.3282,1572.67,-0.01232,4e-05
15.004383,96.073,1568.5,-0.00904,4e-05
15.00605,158.729,1564.32,-0.00573,4e-05
15.0077,217.209,1547.61,-0.00211,0.00015
15.009367,277.776,1539.26,0.00144,8e-05
15.011033,338.344,1537.17,0.00515,8e-05
15.012683,396.823,1541.35,0.00869,8e-05
15.01435,455.302,1547.61,0.01216,8e-05
15.016017,513.782,1553.88,0.01536,8e-05
15.017667,568.084,1564.32,0.01836,8e-05
15.019333,618.209,1578.94,0.02105,4e-05
15.021,668.334,1589.38,0.02362,8e-05
15.02265,712.193,1599.82,0.02596,4e-05
15.024317,756.053,1610.27,0.02822,0
15.025983,795.735,1620.71,0.03033,0
15.027633,833.329,1626.98,0.03232,0
15.0293,864.657,1637.42,0.03411,0
15.030967,898.074,1645.77,0.03559,-4e-05
15.032617,925.225,1652.04,0.0368,-4e-05
15.034283,946.11,1656.21,0.03777,-4e-05
15.03595,964.907,1662.48,0.03855,-0.00012
15.037617,977.438,1666.66,0.03922,-4e-05
15.039267,992.058,1664.57,0.03972,-8e-05
15.040933,994.147,1668.75,0.04011,-8e-05
15.0426,996.235,1670.83,0.04035,-8e-05
15.04425,996.235,1668.75,0.04054,-0.00012
15.045917,992.058,1668.75,0.04062,-8e-05
15.047583,979.527,1670.83,0.04058,-8e-05
15.049233,966.996,1670.83,0.04058,-8e-05
15.0509,950.287,1668.75,0.0405,-8e-05
15.052567,931.49,1666.66,0.04035,-8e-05
15.054217,902.251,1664.57,0.04011,-8e-05
15.055883,877.188,1662.48,0.03988,-8e-05
15.05755,847.949,1660.39,0.03949,-0.00012
15.0592,814.532,1658.3,0.03902,4e-05
15.060867,776.938,1652.04,0.03844,-8e-05
15.062533,739.344,1647.86,0.03785,-4e-05
15.064183,691.308,1641.6,0.03699,-8e-05
15.06585,647.448,1637.42,0.03618,-8e-05
15.067517,597.323,1631.15,0.03516,-4e-05
15.069167,545.11,1626.98,0.03403,0
15.070833,494.985,1618.62,0.03278,0
15.0725,442.771,1610.27,0.03126,0
15.07415,384.292,1604,0.02955,0
15.075817,325.813,1597.74,0.02772,0.00015
15.077483,265.245,1587.29,0.02569,4e-05
15.079133,204.677,1581.03,0.02355,8e-05
15.0808,146.198,1576.85,0.02117,8e-05
15.082467,87.7188,1572.67,0.01852,8e-05
15.084117,25.0625,1570.58,0.01563,8e-05
15.085783,-37.5938,1572.67,0.01259,8e-05
15.08745,-98.1615,1570.58,0.00928,4e-05
15.0891,-160.818,1570.58,0.00589,8e-05
15.090767,-219.297,1576.85,0.00242,0.00012
15.092433,-281.953,1587.29,-0.00125,0.00019
15.094083,-340.433,1597.74,-0.00483,8e-05
15.09575,-401,1604,-0.00838,4e-05
15.097417,-459.48,1610.27,-0.01173,8e-05
15.099067,-515.87,1614.44,-0.01505,8e-05
15.100733,-572.261,1626.98,-0.01813,4e-05
15.1024,-626.563,1639.51,-0.02097,8e-05
15.104067,-674.6,1649.95,-0.02347,4e-05
15.105717,-722.636,1658.3,-0.02585,4e-05
15.107383,-764.407,1670.83,-0.02799,0
15.10905,-804.089,1679.19,-0.03013,8e-05
15.1107,-839.594,1689.63,-0.03212,4e-05
15.112367,-877.188,1693.81,-0.03391,4e-05
15.114033,-908.516,1702.16,-0.03551,0
15.115683,-935.667,1706.34,-0.03688,4e-05
15.11735,-960.73,1708.43,-0.03793,4e-05
15.119017,-981.615,1714.69,-0.03883,0
15.120667,-994.147,1720.96,-0.03957,0
15.122333,-1006.68,1716.78,-0.04011,-4e-05
15.124,-1012.94,1718.87,-0.0405,-4e-05
15.12565,-1019.21,1720.96,-0.04085,0
15.127317,-1015.03,1716.78,-0.04101,-4e-05
15.128983,-1012.94,1714.69,-0.04109,-4e-05
15.130633,-1000.41,1716.78,-0.04113,-4e-05
15.1323,-987.881,1714.69,-0.04109,-4e-05
15.133967,-975.35,1710.52,-0.04097,0
15.135617,-952.376,1708.43,-0.04081,0
15.137283,-931.49,1706.34,-0.04066,-4e-05
15.13895,-904.339,1702.16,-0.04035,0
15.1406,-873.011,1695.9,-0.04,-4e-05
15.142267,-839.594,1693.81,-0.03953,0
15.143933,-802.001,1687.54,-0.03898,0
15.145583,-762.318,1679.19,-0.03828,-4e-05
15.14725,-718.459,1675.01,-0.03754,0
15.148917,-672.511,1666.66,-0.03664,0
15.150567,-626.563,1660.39,-0.03559,-4e-05
15.152233,-574.349,1654.13,-0.03442,-4e-05
15.1539,-520.047,1645.77,-0.03321,-4e-05
15.15555,-465.745,1637.42,-0.03161,-4e-05
15.157217,-409.355,1631.15,-0.02998,-4e-05
15.158883,-348.787,1624.89,-0.02803,0
15.160533,-292.396,1614.44,-0.02612,4e-05
15.1622,-229.74,1604,-0.02394,0
15.163867,-169.172,1595.65,-0.0216,0
15.165517,-106.516,1587.29,-0.01902,4e-05
15.167183,-48.0365,1574.76,-0.01641,4e-05
15.16885,14.6198,1570.58,-0.01337,4e-05
15.1705,75.1876,1568.5,-0.01014,4e-05
15.172167,137.844,1562.23,-0.00682,4e-05
15.173833,198.412,1543.43,-0.00339,4e-05
15.1755,261.068,1541.35,0.00023,8e-05
15.17715,317.459,1535.08,0.0039,0.00015
15.178817,378.026,1530.9,0.00756,8e-05
15.180483,436.506,1541.35,0.01107,8e-05
15.182133,494.985,1549.7,0.01438,8e-05
15.1838,551.375,1558.05,0.01743,8e-05
15.185467,601.501,1570.58,0.02023,4e-05
15.187117,653.714,1583.12,0.02288,8e-05
15.188783,697.574,1591.47,0.0253,4e-05
15.19045,741.433,1599.82,0.0276,4e-05
15.1921,783.204,1612.36,0.02974,0
15.193767,820.798,1620.71,0.03185,0.00012
15.195433,854.214,1629.06,0.0336,0
15.197083,889.72,1641.6,0.03528,-4e-05
15.19875,914.782,1645.77,0.03653,-4e-05
15.200417,939.845,1649.95,0.03762,-4e-05
15.202067,958.641,1656.21,0.03844,-8e-05
15.203733,977.438,1664.57,0.03914,-8e-05
15.2054,983.704,1662.48,0.03965,-8e-05
15.20705,996.235,1664.57,0.04015,-4e-05
15.208717,996.235,1666.66,0.04039,-8e-05
15.210383,996.235,1666.66,0.04062,-4e-05
15.212033,992.058,1664.57,0.0407,-0.00015
15.2137,985.792,1664.57,0.04074,-8e-05
15.215367,973.261,1666.66,0.0407,-0.00012
15.217017,952.376,1664.57,0.0407,-0.00012
15.218683,937.756,1662.48,0.04054,-8e-05
15.22035,914.782,1662.48,0.04031,-8e-05
15.222,887.631,1660.39,0.04007,-8e-05
15.223667,858.391,1656.21,0.03976,-8e-05
15.225333,827.063,1652.04,0.03929,-0.00012
15.226983,789.469,1649.95,0.03875,-8e-05
15.22865,751.876,1645.77,0.03812,-8e-05
15.230317,708.016,1639.51,0.03738,-4e-05
15.231967,662.068,1635.33,0.03657,-4e-05
15.233633,611.943,1631.15,0.03563,-4e-05
15.2353,563.907,1622.8,0.03454,-4e-05
15.23695,513.782,1616.53,0.03333,-4e-05
15.238617,457.391,1610.27,0.03189,0
15.240283,403.089,1601.91,0.03025,0
15.24195,346.698,1593.56,0.02842,4e-05
15.2436,284.042,1587.29,0.02643,0
15.245267,223.474,1581.03,0.02436,0.00012
15.246933,167.083,1574.76,0.02206,4e-05
15.248583,104.427,1568.5,0.01949,4e-05
15.25025,43.8594,1568.5,0.01665,4e-05
15.251917,-14.6198,1568.5,0.0136,4e-05
15.253567,-79.3647,1566.41,0.01037,8e-05
15.255233,-139.932,1568.5,0.00706,4e-05
15.2569,-200.5,1570.58,0.00355,4e-05
15.25855,-258.979,1576.85,-4e-05,8e-05
15.260217,-319.547,1589.38,-0.0037,4e-05
15.261883,-380.115,1599.82,-0.00729,0.00015
15.263533,-440.683,1601.91,-0.01084,8e-05
15.2652,-497.073,1606.09,-0.01407,8e-05
15.266867,-553.464,1618.62,-0.01723,4e-05
15.268517,-607.766,1631.15,-0.02015,4e-05
15.270183,-657.891,1639.51,-0.0228,4e-05
15.27185,-705.928,1652.04,-0.02522,4e-05
15.2735,-749.787,1664.57,-0.02744,0
15.275167,-791.558,1670.83,-0.02963,0
15.276833,-829.152,1679.19,-0.03161,4e-05
15.278483,-864.657,1689.63,-0.03349,0.00012
15.28015,-898.074,1695.9,-0.03516,0
15.281817,-927.313,1702.16,-0.0366,0
15.283467,-952.376,1708.43,-0.03774,0
15.285133,-973.261,1712.61,-0.03867,-4e-05
15.2868,-992.058,1712.61,-0.03945,-4e-05
15.28845,-1002.5,1714.69,-0.04007,-4e-05
15.290117,-1010.86,1716.78,-0.04054,-4e-05
15.291783,-1019.21,1716.78,-0.04089,-4e-05
15.293433,-1017.12,1714.69,-0.04105,-4e-05
15.2951,-1015.03,1718.87,-0.04117,0
15.296767,-1006.68,1712.61,-0.0412,-4e-05
15.298417,-994.147,1712.61,-0.04117,-4e-05
15.300083,-981.615,1708.43,-0.04117,0
15.30175,-962.819,1708.43,-0.04097,-4e-05
15.3034,-937.756,1704.25,-0.04085,-4e-05
15.305067,-912.693,1702.16,-0.04058,-4e-05
15.306733,-883.454,1695.9,-0.04023,0
15.308383,-852.126,1691.72,-0.03976,0
15.31005,-814.532,1687.54,-0.03926,0
15.311717,-774.85,1679.19,-0.03859,0
15.313383,-733.079,1675.01,-0.03793,-4e-05
15.315033,-687.131,1666.66,-0.03703,-4e-05
15.3167,-641.183,1660.39,-0.0361,-4e-05
15.318367,-591.058,1652.04,-0.03497,-4e-05
15.320017,-536.756,1645.77,-0.03368,-4e-05
15.321683,-486.631,1637.42,-0.03228,0
15.32335,-428.151,1631.15,-0.03068,0
15.325,-369.672,1620.71,-0.02881,0
15.326667,-309.104,1614.44,-0.02686,0
15.328333,-248.537,1606.09,-0.02475,-4e-05
15.329983,-190.057,1593.56,-0.02249,0
15.33165,-129.49,1581.03,-0.02,0
15.333317,-66.8334,1574.76,-0.01731,4e-05
15.334967,-6.26563,1568.5,-0.01442,4e-05
15.336633,54.3021,1562.23,-0.0113,4e-05
15.3383,116.958,1555.96,-0.00795,4e-05
15.33995,177.526,1549.7,-0.00452,4e-05
15.341617,240.182,1537.17,-0.00097,4e-05
15.343283,296.573,1530.9,0.00269,0
15.344933,359.229,1528.81,0.00639,0.00012
15.3466,417.709,1535.08,0.00994,0.00015
15.348267,476.188,1539.26,0.01333,8e-05
15.349917,532.579,1549.7,0.01645,4e-05
15.351583,586.881,1564.32,0.01945,8e-05
15.35325,637.006,1574.76,0.02218,4e-05
15.3549,685.042,1583.12,0.0246,4e-05
15.356567,726.813,1595.65,0.02694,4e-05
15.358233,770.673,1608.18,0.0292,0
15.359883,808.266,1614.44,0.03126,0
15.36155,843.772,1624.89,0.03317,-4e-05
15.363217,877.188,1635.33,0.03485,0.00012
15.364867,906.428,1639.51,0.03621,-8e-05
15.366533,933.579,1645.77,0.03735,-8e-05
15.3682,952.376,1652.04,0.03824,-4e-05
15.36985,969.084,1654.13,0.03898,-4e-05
15.371517,983.704,1658.3,0.03961,-8e-05
15.373183,992.058,1660.39,0.04007,-8e-05
15.374833,996.235,1662.48,0.04046,-8e-05
15.3765,996.235,1662.48,0.04066,-0.00012
15.378167,994.147,1662.48,0.04078,-8e-05
15.379833,985.792,1664.57,0.04081,4e-05
15.381483,977.438,1664.57,0.04078,-0.00012
15.38315,960.73,1658.3,0.04074,-8e-05
15.384817,941.933,1660.39,0.0407,-0.00012
15.386467,921.048,1658.3,0.0405,-8e-05
15.388133,895.985,1658.3,0.04027,-0.00012
15.3898,868.834,1656.21,0.04,-0.00012
15.39145,837.506,1652.04,0.03961,-8e-05
15.393117,802.001,1649.95,0.03906,-0.00012
15.394783,766.495,1643.68,0.03848,-0.00012
15.396433,724.725,1639.51,0.03781,4e-05
15.3981,674.6,1633.24,0.03692,-8e-05
15.399767,630.74,1629.06,0.03606,-4e-05
15.401417,580.615,1622.8,0.03501,-4e-05
15.403083,528.401,1616.53,0.03388,-4e-05
15.40475,476.188,1606.09,0.03247,0
15.4064,419.797,1601.91,0.03091,0
15.408067,363.407,1593.56,0.02916,0
15.409733,302.839,1585.2,0.02721,0
15.411383,244.36,1576.85,0.0251,8e-05
15.41305,185.88,1572.67,0.02292,4e-05
15.414717,125.313,1566.41,0.02043,0
15.416367,64.7448,1562.23,0.01766,0
15.418033,6.26563,1562.23,0.0147,4e-05
15.4197,-60.5678,1564.32,0.01146,8e-05
15.42135,-119.047,1564.32,0.00815,4e-05
15.423017,-181.703,1564.32,0.00472,8e-05
15.424683,-240.182,1568.5,0.00125,8e-05
15.426333,-302.839,1583.12,-0.00246,8e-05
15.428,-359.229,1591.47,-0.00612,8e-05
15.429667,-421.886,1597.74,-0.00967,4e-05
15.431317,-478.276,1604,-0.01298,4e-05
15.432983,-534.667,1608.18,-0.01629,4e-05
15.43465,-591.058,1620.71,-0.0193,4e-05
15.4363,-643.271,1633.24,-0.02203,4e-05
15.437967,-691.308,1643.68,-0.02452,0
15.439633,-737.256,1654.13,-0.02678,4e-05
15.441283,-779.027,1664.57,-0.02892,0
15.44295,-816.62,1675.01,-0.03111,4e-05
15.444617,-852.126,1681.28,-0.03314,0
15.446267,-885.542,1689.63,-0.03481,0
15.447933,-918.959,1697.99,-0.03629,8e-05
15.4496,-946.11,1702.16,-0.03754,-4e-05
15.451267,-966.996,1706.34,-0.03851,0
15.452917,-985.792,1710.52,-0.03933,-4e-05
15.454583,-1000.41,1710.52,-0.03996,0
15.45625,-1008.77,1712.61,-0.0405,0
15.4579,-1019.21,1712.61,-0.04089,-4e-05
15.459567,-1017.12,1714.69,-0.04113,0
15.461233,-1015.03,1710.52,-0.04128,0
15.462883,-1010.86,1708.43,-0.04136,0
15.46455,-1000.41,1710.52,-0.04136,4e-05
15.466217,-985.792,1708.43,-0.04132,-4e-05
15.467867,-966.996,1704.25,-0.0412,-4e-05
15.469533,-946.11,1700.07,-0.04101,-4e-05
15.4712,-921.048,1697.99,-0.04081,-4e-05
15.47285,-893.897,1691.72,-0.04046,-4e-05
15.474517,-862.568,1689.63,-0.04007,-4e-05
15.476183,-827.063,1685.45,-0.03957,-4e-05
15.477833,-789.469,1679.19,-0.03898,-8e-05
15.4795,-747.699,1672.92,-0.03824,-4e-05
15.481167,-703.839,1666.66,-0.03746,4e-05
15.482817,-653.714,1658.3,-0.03649,0
15.484483,-605.678,1649.95,-0.03547,0
15.48615,-555.553,1643.68,-0.03427,-4e-05
15.4878,-501.25,1637.42,-0.03286,-4e-05
15.489467,-444.86,1631.15,-0.0313,0
15.491133,-388.469,1620.71,-0.02947,-4e-05
15.492783,-327.901,1614.44,-0.02756,-4e-05
15.49445,-269.422,1606.09,-0.02553,0
15.496117,-208.854,1595.65,-0.02327,-4e-05
15.497767,-146.198,1583.12,-0.02089,0.00012
15.499433,-85.6303,1574.76,-0.01828,0
15.5011,-25.0625,1568.5,-0.01548,0
15.50275,33.4167,1560.14,-0.01244,4e-05
15.504417,98.1615,1558.05,-0.00908,8e-05
15.506083,156.641,1551.79,-0.00569,4e-05
15.507733,219.297,1532.99,-0.00218,8e-05
15.5094,279.865,1524.64,0.00148,8e-05
15.511067,338.344,1526.73,0.00518,8e-05
15.512717,396.823,1528.81,0.00885,0.00012
15.514383,457.391,1535.08,0.01232,8e-05
15.51605,511.693,1545.52,0.01548,8e-05
15.517717,568.084,1555.96,0.01859,8e-05
15.519367,618.209,1566.41,0.02128,4e-05
15.521033,668.334,1581.03,0.02394,4e-05
15.5227,716.37,1589.38,0.02631,4e-05
15.52435,758.141,1597.74,0.02854,4e-05
15.526017,795.735,1608.18,0.03068,0
15.527683,833.329,1620.71,0.03271,0
15.529333,866.746,1626.98,0.03442,-8e-05
15.531,898.074,1635.33,0.03598,0
15.532667,925.225,1643.68,0.03711,-4e-05
15.534317,950.287,1645.77,0.03816,-4e-05
15.535983,964.907,1649.95,0.0389,-8e-05
15.53765,981.615,1654.13,0.03953,-8e-05
15.5393,989.97,1658.3,0.04003,-8e-05
15.540967,996.235,1658.3,0.04046,-8e-05
15.542633,996.235,1658.3,0.0407,-8e-05
15.544283,996.235,1662.48,0.04089,-8e-05
15.54595,989.97,1662.48,0.04093,-0.00012
15.547617,979.527,1660.39,0.04097,-0.00012
15.549267,971.173,1658.3,0.04089,4e-05
15.550933,950.287,1660.39,0.04081,-0.00012
15.5526,929.402,1656.21,0.0407,-0.00012
15.55425,902.251,1654.13,0.04046,-0.00012
15.555917,877.188,1654.13,0.04015,-4e-05
15.557583,845.86,1652.04,0.03984,-0.00012
15.559233,812.443,1645.77,0.03933,-8e-05
15.5609,776.938,1641.6,0.03879,-0.00012
15.562567,737.256,1637.42,0.03816,-8e-05
15.564217,691.308,1631.15,0.03738,-4e-05
15.565883,645.36,1626.98,0.03645,4e-05
15.56755,595.235,1620.71,0.03544,-4e-05
15.5692,545.11,1614.44,0.03434,0
15.570867,490.808,1608.18,0.03302,-8e-05
15.572533,438.594,1601.91,0.03158,0
15.574183,382.203,1593.56,0.0299,0
15.57585,325.813,1583.12,0.02799,4e-05
15.577517,263.156,1576.85,0.02592,4e-05
15.579167,204.677,1570.58,0.02382,8e-05
15.580833,144.109,1566.41,0.0214,4e-05
15.5825,87.7188,1562.23,0.01871,0.00015
15.58415,22.974,1558.05,0.01575,4e-05
15.585817,-37.5938,1562.23,0.01259,8e-05
15.587483,-98.1615,1558.05,0.00928,8e-05
15.58915,-160.818,1562.23,0.00589,8e-05
15.5908,-221.386,1562.23,0.00242,8e-05
15.592467,-281.953,1572.67,-0.00125,8e-05
15.594133,-340.433,1587.29,-0.00495,8e-05
15.595783,-401,1593.56,-0.00862,4e-05
15.59745,-459.48,1595.65,-0.01201,8e-05
15.599117,-517.959,1606.09,-0.01528,0.00012
15.600767,-570.172,1614.44,-0.01836,8e-05
15.602433,-628.652,1624.89,-0.02125,4e-05
15.6041,-676.688,1637.42,-0.02382,8e-05
15.60575,-722.636,1649.95,-0.02616,4e-05
15.607417,-762.318,1658.3,-0.0283,4e-05
15.609083,-806.178,1666.66,-0.03048,8e-05
15.610733,-839.594,1677.1,-0.03251,4e-05
15.6124,-877.188,1683.37,-0.03438,4e-05
15.614067,-908.516,1691.72,-0.03594,4e-05
15.615717,-935.667,1697.99,-0.03719,0
15.617383,-958.641,1704.25,-0.03836,4e-05
15.61905,-979.527,1704.25,-0.03922,0
15.6207,-994.147,1708.43,-0.03988,0
15.622367,-1006.68,1708.43,-0.04046,0
15.624033,-1012.94,1708.43,-0.04089,0
15.625683,-1019.21,1708.43,-0.04117,-4e-05
15.62735,-1017.12,1708.43,-0.04132,0
15.629017,-1012.94,1706.34,-0.0414,0
15.630667,-1002.5,1704.25,-0.04148,-4e-05
15.632333,-989.97,1704.25,-0.04144,-4e-05
15.634,-975.35,1702.16,-0.04136,4e-05
15.63565,-956.553,1697.99,-0.0412,-4e-05
15.637317,-929.402,1695.9,-0.04101,-4e-05
15.638983,-902.251,1691.72,-0.0407,-4e-05
15.640633,-870.923,1689.63,-0.04035,0
15.6423,-837.506,1683.37,-0.03988,0
15.643967,-802.001,1679.19,-0.03929,-4e-05
15.645617,-762.318,1670.83,-0.03863,0
15.647283,-716.37,1664.57,-0.03781,-4e-05
15.64895,-672.511,1660.39,-0.03696,-4e-05
15.6506,-624.474,1652.04,-0.03594,0.00012
15.652267,-572.261,1641.6,-0.03473,0
15.653933,-520.047,1635.33,-0.03349,-4e-05
15.6556,-463.657,1629.06,-0.03193,-4e-05
15.65725,-407.266,1620.71,-0.03021,0
15.658917,-348.787,1612.36,-0.02834,0
15.660583,-290.308,1604,-0.02635,0
15.662233,-227.651,1593.56,-0.02417,0
15.6639,-169.172,1583.12,-0.02179,0
15.665567,-106.516,1574.76,-0.01922,4e-05
15.667217,-48.0365,1568.5,-0.01653,8e-05
15.668883,16.7083,1558.05,-0.01349,0
15.67055,75.1876,1553.88,-0.01025,0
15.6722,139.932,1549.7,-0.00682,4e-05
15.673867,198.412,1535.08,-0.00335,4e-05
15.675533,261.068,1526.73,0.00027,8e-05
15.677183,317.459,1522.55,0.00394,4e-05
15.67885,378.026,1520.46,0.00768,8e-05
15.680517,436.506,1528.81,0.01119,8e-05
15.682167,494.985,1539.26,0.01454,8e-05
15.683833,551.375,1549.7,0.01762,0.00019
15.6855,601.501,1560.14,0.02047,8e-05
15.68715,653.714,1574.76,0.02319,8e-05
15.688817,699.662,1583.12,0.02557,4e-05
15.690483,743.521,1589.38,0.02787,4e-05
15.692133,783.204,1601.91,0.03006,0
15.6938,820.798,1614.44,0.03212,4e-05
15.695467,854.214,1620.71,0.03395,-4e-05
15.697117,887.631,1629.06,0.03559,0
15.698783,916.871,1637.42,0.03684,0
15.70045,939.845,1639.51,0.03789,-4e-05
15.7021,960.73,1645.77,0.03871,-8e-05
15.703767,977.438,1652.04,0.03949,-8e-05
15.705433,985.792,1652.04,0.03996,-8e-05
15.707083,996.235,1652.04,0.04042,-8e-05
15.70875,996.235,1658.3,0.04074,-8e-05
15.710417,998.324,1658.3,0.04097,-8e-05
15.712067,994.147,1658.3,0.04109,-0.00012
15.713733,983.704,1656.21,0.04109,-8e-05
15.7154,971.173,1658.3,0.04105,-0.00012
15.71705,956.553,1654.13,0.04105,-0.00012
15.718717,937.756,1654.13,0.04085,-0.00012
15.720383,912.693,1652.04,0.04062,-8e-05
15.72205,883.454,1647.86,0.04039,-0.00012
15.7237,858.391,1647.86,0.04007,-0.00012
15.725367,824.975,1643.68,0.03965,-8e-05
15.727033,791.558,1639.51,0.03914,-8e-05
15.728683,747.699,1635.33,0.03848,-4e-05
15.73035,705.928,1633.24,0.03773,-8e-05
15.732017,662.068,1624.89,0.03688,-4e-05
15.733667,611.943,1620.71,0.0359,-4e-05
15.735333,561.818,1614.44,0.03489,8e-05
15.737,509.605,1606.09,0.03356,-4e-05
15.73865,457.391,1599.82,0.0322,-4e-05
15.740317,401,1593.56,0.03052,0
15.741983,342.521,1585.2,0.02873,0
15.743633,284.042,1574.76,0.02674,4e-05
15.7453,225.563,1570.58,0.02464,8e-05
15.746967,162.906,1562.23,0.0223,4e-05
15.748617,106.516,1555.96,0.01973,4e-05
15.750283,43.8594,1555.96,0.01684,8e-05
15.75195,-16.7083,1560.14,0.01372,0.00015
15.7536,-79.3647,1555.96,0.01049,4e-05
15.755267,-139.932,1555.96,0.00713,0.00012
15.756933,-202.589,1555.96,0.00355,0.00012
15.758583,-261.068,1566.41,0,0.00012
15.76025,-321.636,1576.85,-0.00374,4e-05
15.761917,-380.115,1587.29,-0.00737,8e-05
15.763567,-442.771,1593.56,-0.01092,4e-05
15.765233,-499.162,1599.82,-0.01427,8e-05
15.7669,-553.464,1606.09,-0.01746,8e-05
15.76855,-609.855,1620.71,-0.02039,0.00015
15.770217,-659.98,1633.24,-0.023,4e-05
15.771883,-705.928,1639.51,-0.02542,4e-05
15.773533,-751.876,1652.04,-0.02768,0
15.7752,-791.558,1664.57,-0.02982,4e-05
15.776867,-831.24,1670.83,-0.03189,4e-05
15.778517,-864.657,1677.1,-0.03388,4e-05
15.780183,-898.074,1687.54,-0.03547,4e-05
15.78185,-927.313,1691.72,-0.03699,4e-05
15.7835,-952.376,1695.9,-0.03809,0
15.785167,-975.35,1702.16,-0.03906,4e-05
15.786833,-989.97,1702.16,-0.03984,0
15.7885,-1002.5,1702.16,-0.04039,-4e-05
15.79015,-1010.86,1706.34,-0.04089,-4e-05
15.791817,-1019.21,1706.34,-0.04124,-4e-05
15.793483,-1019.21,1704.25,-0.0414,0
15.795133,-1012.94,1702.16,-0.04152,-4e-05
15.7968,-1006.68,1704.25,-0.04152,-4e-05
15.798467,-994.147,1700.07,-0.04152,-4e-05
15.800117,-981.615,1695.9,-0.04152,0
15.801783,-958.641,1695.9,-0.04132,-8e-05
15.80345,-937.756,1693.81,-0.0412,0
15.8051,-912.693,1689.63,-0.04093,0
15.806767,-883.454,1683.37,-0.04058,0
15.808433,-850.037,1681.28,-0.04007,-4e-05
15.810083,-814.532,1677.1,-0.03957,-4e-05
15.81175,-774.85,1670.83,-0.0389,-4e-05
15.813417,-733.079,1662.48,-0.0382,-4e-05
15.815067,-685.042,1656.21,-0.03735,-4e-05
15.816733,-639.094,1649.95,-0.03641,-4e-05
15.8184,-588.969,1641.6,-0.03524,-4e-05
15.82005,-536.756,1633.24,-0.03407,0
15.821717,-482.454,1626.98,-0.03263,0
15.823383,-428.151,1620.71,-0.03087,0
15.825033,-369.672,1610.27,-0.02904,0
15.8267,-311.193,1601.91,-0.02713,0
15.828367,-248.537,1593.56,-0.02499,0
15.830017,-190.057,1583.12,-0.02265,0
15.831683,-127.401,1572.67,-0.02011,0
15.83335,-66.8334,1564.32,-0.01746,4e-05
15.835,-6.26563,1558.05,-0.01454,4e-05
15.836667,56.3907,1551.79,-0.01138,0.00015
15.838333,119.047,1547.61,-0.00799,4e-05
15.839983,179.615,1539.26,-0.00448,4e-05
15.84165,240.182,1522.55,-0.00082,8e-05
15.843317,296.573,1516.28,0.00281,8e-05
15.844967,359.229,1518.37,0.00659,8e-05
15.846633,417.709,1526.73,0.01017,8e-05
15.8483,476.188,1530.9,0.0136,0.00012
15.84995,532.579,1539.26,0.01676,8e-05
15.851617,586.881,1553.88,0.01969,4e-05
15.853283,637.006,1566.41,0.02241,0.00015
15.85495,687.131,1574.76,0.02495,8e-05
15.8566,728.902,1583.12,0.02725,4e-05
15.858267,768.584,1597.74,0.02951,4e-05
15.859933,810.355,1604,0.03158,0
15.861583,845.86,1614.44,0.03349,0
15.86325,877.188,1626.98,0.03524,-4e-05
15.864917,908.516,1633.24,0.0366,0
15.866567,933.579,1633.24,0.03773,0
15.868233,952.376,1641.6,0.03863,-4e-05
15.8699,971.173,1645.77,0.03933,8e-05
15.87155,983.704,1647.86,0.03992,-4e-05
15.873217,989.97,1652.04,0.04046,-8e-05
15.874883,998.324,1654.13,0.04081,-8e-05
15.876533,998.324,1656.21,0.04105,-8e-05
15.8782,994.147,1652.04,0.04117,-0.00012
15.879867,985.792,1652.04,0.0412,-8e-05
15.881517,977.438,1654.13,0.04117,-8e-05
15.883183,962.819,1649.95,0.04117,-8e-05
15.88485,941.933,1649.95,0.04101,-8e-05
15.8865,921.048,1649.95,0.04085,4e-05
15.888167,895.985,1647.86,0.04062,-8e-05
15.889833,868.834,1643.68,0.04035,-8e-05
15.891483,835.417,1639.51,0.03996,-8e-05
15.89315,804.089,1639.51,0.03941,-8e-05
15.894817,764.407,1633.24,0.03887,-8e-05
15.896467,722.636,1626.98,0.03812,-4e-05
15.898133,674.6,1620.71,0.03727,-4e-05
15.8998,630.74,1616.53,0.03645,-8e-05
15.90145,580.615,1610.27,0.03536,-4e-05
15.903117,530.49,1604,0.03419,0
15.904783,474.099,1597.74,0.03275,0
15.906433,419.797,1591.47,0.03122,0
15.9081,363.407,1581.03,0.02947,4e-05
15.909767,304.927,1574.76,0.02752,4e-05
15.911417,242.271,1568.5,0.02546,4e-05
15.913083,185.88,1560.14,0.02319,0.00012
15.91475,123.224,1553.88,0.02066,8e-05
15.9164,62.6563,1551.79,0.01789,8e-05
15.918067,4.17709,1551.79,0.01489,8e-05
15.919733,-58.4792,1551.79,0.01162,8e-05
15.9214,-121.136,1549.7,0.00823,8e-05
15.92305,-183.792,1549.7,0.00476,8e-05
15.924717,-242.271,1558.05,0.00125,0.00012
15.926383,-302.839,1570.58,-0.00253,8e-05
15.928033,-363.407,1578.94,-0.0062,8e-05
15.9297,-421.886,1585.2,-0.00978,0.00012
15.931367,-480.365,1593.56,-0.01318,8e-05
15.933017,-534.667,1597.74,-0.01645,4e-05
15.934683,-591.058,1608.18,-0.01945,8e-05
15.93635,-643.271,1622.8,-0.02222,8e-05
15.938,-691.308,1633.24,-0.02475,0.00019
15.939667,-737.256,1641.6,-0.02705,4e-05
15.941333,-779.027,1652.04,-0.0292,8e-05
15.942983,-816.62,1664.57,-0.03134,4e-05
15.94465,-852.126,1672.92,-0.03333,4e-05
15.946317,-887.631,1677.1,-0.03505,4e-05
15.947967,-916.871,1685.45,-0.03664,4e-05
15.949633,-944.022,1693.81,-0.03785,0
15.9513,-966.996,1693.81,-0.03887,0
15.95295,-985.792,1695.9,-0.03965,0
15.954617,-998.324,1702.16,-0.04035,0.00012
15.956283,-1010.86,1702.16,-0.04089,0
15.957933,-1015.03,1697.99,-0.0412,0
15.9596,-1019.21,1700.07,-0.04148,0
15.961267,-1017.12,1702.16,-0.04163,0
15.962917,-1010.86,1695.9,-0.04167,-4e-05
15.964583,-1000.41,1695.9,-0.04167,-4e-05
15.96625,-987.881,1695.9,-0.04167,-4e-05
15.9679,-966.996,1691.72,-0.04152,0
15.969567,-946.11,1689.63,-0.04132,-4e-05
15.971233,-918.959,1687.54,-0.04113,4e-05
15.972883,-893.897,1683.37,-0.04081,0
15.97455,-862.568,1677.1,-0.04035,0
15.976217,-827.063,1672.92,-0.03988,-4e-05
15.977867,-789.469,1668.75,-0.03929,-4e-05
15.979533,-747.699,1660.39,-0.03855,0
15.9812,-703.839,1652.04,-0.03777,-4e-05
15.98285,-653.714,1647.86,-0.03684,-4e-05
15.984517,-605.678,1639.51,-0.03575,0
15.986183,-553.464,1633.24,-0.03458,-4e-05
15.98785,-501.25,1624.89,-0.03314,4e-05
15.9895,-446.948,1618.62,-0.03154,0
15.991167,-388.469,1608.18,-0.02978,-4e-05
15.992833,-329.99,1601.91,-0.02783,0
15.994483,-271.511,1593.56,-0.02577,0
15.99615,-208.854,1581.03,-0.02351,4e-05
15.997817,-148.287,1570.58,-0.02109,4e-05
15.999467,-85.6303,1562.23,-0.01848,4e-05
16.001133,-25.0625,1555.96,-0.01567,4e-05
16.0028,35.5052,1547.61,-0.01255,8e-05
16.00445,98.1615,1545.52,-0.0092,4e-05
16.006117,156.641,1539.26,-0.00577,4e-05
16.007783,219.297,1518.37,-0.00218,0.00012
16.009433,277.776,1516.28,0.00148,8e-05
16.0111,336.255,1514.19,0.0053,8e-05
16.012767,396.823,1516.28,0.00897,8e-05
16.014417,457.391,1522.55,0.01247,8e-05
16.016083,511.693,1532.99,0.01571,8e-05
16.01775,568.084,1543.43,0.01871,8e-05
16.0194,618.209,1558.05,0.02152,8e-05
16.021067,670.422,1570.58,0.02425,8e-05
16.022733,714.282,1578.94,0.02659,8e-05
16.024383,756.053,1587.29,0.02881,4e-05
16.02605,795.735,1597.74,0.03099,4e-05
16.027717,835.417,1608.18,0.03306,0
16.029367,866.746,1616.53,0.03481,0
16.031033,898.074,1624.89,0.03629,-4e-05
16.0327,927.313,1631.15,0.0375,-4e-05
16.03435,948.199,1639.51,0.03848,0
16.036017,964.907,1639.51,0.03922,-4e-05
16.037683,979.527,1641.6,0.03988,-4e-05
16.039333,987.881,1647.86,0.04042,4e-05
16.041,996.235,1645.77,0.04078,-4e-05
16.042667,998.324,1645.77,0.04109,-8e-05
16.044317,996.235,1649.95,0.04128,-4e-05
16.045983,987.881,1649.95,0.04128,-8e-05
16.04765,981.615,1645.77,0.04132,-0.00012
16.0493,966.996,1647.86,0.04128,-8e-05
16.050967,950.287,1647.86,0.04124,-8e-05
16.052633,929.402,1645.77,0.04105,-0.00012
16.0543,904.339,1643.68,0.04085,-0.00012
16.05595,877.188,1643.68,0.04054,8e-05
16.057617,845.86,1639.51,0.04019,-8e-05
16.059283,814.532,1633.24,0.03972,-8e-05
16.060933,774.85,1631.15,0.03914,-4e-05
16.0626,737.256,1626.98,0.03851,-4e-05
16.064267,693.396,1620.71,0.03766,-4e-05
16.065917,643.271,1614.44,0.03684,-4e-05
16.067583,595.235,1610.27,0.03586,-4e-05
16.06925,547.198,1604,0.03473,0
16.0709,490.808,1593.56,0.03333,-4e-05
16.072567,438.594,1587.29,0.03189,0.00012
16.074233,380.115,1581.03,0.03017,4e-05
16.075883,323.724,1572.67,0.02826,0
16.07755,265.245,1562.23,0.0262,4e-05
16.079217,204.677,1560.14,0.02405,8e-05
16.080867,146.198,1553.88,0.02164,8e-05
16.082533,85.6303,1547.61,0.01895,8e-05
16.0842,22.974,1547.61,0.01594,8e-05
16.08585,-37.5938,1549.7,0.01275,4e-05
16.087517,-100.25,1545.52,0.00943,8e-05
16.089183,-160.818,1547.61,0.00596,8e-05
16.090833,-221.386,1551.79,0.00246,8e-05
16.0925,-281.953,1560.14,-0.00125,0.00012
16.094167,-342.521,1574.76,-0.00499,8e-05
16.095817,-403.089,1581.03,-0.00862,8e-05
16.097483,-461.568,1587.29,-0.01208,8e-05
16.09915,-517.959,1593.56,-0.0154,8e-05
16.1008,-572.261,1601.91,-0.01856,4e-05
16.102467,-624.474,1614.44,-0.0214,8e-05
16.104133,-676.688,1624.89,-0.02401,8e-05
16.105783,-722.636,1637.42,-0.02639,4e-05
16.10745,-764.407,1647.86,-0.02857,4e-05
16.109117,-806.178,1656.21,-0.03076,4e-05
16.110767,-839.594,1662.48,-0.03275,8e-05
16.112433,-877.188,1677.1,-0.03458,0
16.1141,-908.516,1683.37,-0.03621,0
16.11575,-935.667,1683.37,-0.03754,0
16.117417,-960.73,1689.63,-0.03863,0
16.119083,-979.527,1695.9,-0.03953,0
16.12075,-994.147,1695.9,-0.04023,0
16.1224,-1008.77,1695.9,-0.04081,0
16.124067,-1012.94,1700.07,-0.0412,4e-05
16.125733,-1019.21,1700.07,-0.04152,0
16.127383,-1015.03,1695.9,-0.04167,0
16.12905,-1012.94,1693.81,-0.04179,0
16.130717,-1004.59,1695.9,-0.04179,0
16.132367,-992.058,1691.72,-0.04175,0
16.134033,-973.261,1689.63,-0.04167,0
16.1357,-952.376,1687.54,-0.04152,0
16.13735,-929.402,1683.37,-0.04136,0
16.139017,-902.251,1679.19,-0.04105,0
16.140683,-870.923,1677.1,-0.04066,8e-05
16.142333,-837.506,1672.92,-0.04019,0
16.144,-802.001,1664.57,-0.03961,-4e-05
16.145667,-760.23,1660.39,-0.03894,-4e-05
16.147317,-716.37,1654.13,-0.03816,-4e-05
16.148983,-672.511,1645.77,-0.03727,-4e-05
16.15065,-622.386,1639.51,-0.03625,0
16.1523,-570.172,1633.24,-0.03505,-4e-05
16.153967,-520.047,1624.89,-0.03372,-4e-05
16.155633,-463.657,1616.53,-0.0322,0
16.157283,-407.266,1608.18,-0.03048,0.00012
16.15895,-350.875,1599.82,-0.02861,0
16.160617,-290.308,1589.38,-0.02659,0
16.162267,-227.651,1583.12,-0.02433,0
16.163933,-167.083,1570.58,-0.02191,0
16.1656,-104.427,1560.14,-0.01937,4e-05
16.16725,-43.8594,1551.79,-0.01668,8e-05
16.168917,14.6198,1547.61,-0.0136,4e-05
16.170583,75.1876,1541.35,-0.01037,4e-05
16.172233,137.844,1537.17,-0.0069,8e-05
16.1739,198.412,1524.64,-0.00335,0.00012
16.175567,258.979,1514.19,0.00031,8e-05
16.177217,317.459,1507.93,0.00402,8e-05
16.178883,378.026,1510.02,0.00784,8e-05
16.18055,438.594,1516.28,0.01142,8e-05
16.1822,494.985,1526.73,0.01474,0.00012
16.183867,549.287,1539.26,0.01781,8e-05
16.185533,603.589,1551.79,0.02074,8e-05
16.1872,653.714,1562.23,0.02343,8e-05
16.18885,699.662,1570.58,0.02588,4e-05
16.190517,743.521,1583.12,0.02818,4e-05
16.192183,783.204,1591.47,0.03037,4e-05
16.193833,820.798,1601.91,0.03251,0
16.1955,854.214,1612.36,0.0343,0
16.197167,889.72,1618.62,0.0359,0
16.198817,916.871,1624.89,0.03719,-4e-05
16.200483,939.845,1633.24,0.03828,0
16.20215,958.641,1637.42,0.0391,-4e-05
16.2038,975.35,1639.51,0.03984,-4e-05
16.205467,987.881,1643.68,0.04039,-8e-05
16.207133,994.147,1645.77,0.04085,-8e-05
16.208783,998.324,1645.77,0.04117,-8e-05
16.21045,996.235,1645.77,0.04132,-8e-05
16.212117,994.147,1645.77,0.04144,-0.00012
16.213767,983.704,1647.86,0.04148,-8e-05
16.215433,971.173,1641.6,0.04144,-8e-05
16.2171,958.641,1643.68,0.04136,-8e-05
16.21875,935.667,1643.68,0.04124,-0.00012
16.220417,912.693,1641.6,0.04105,-8e-05
16.222083,887.631,1637.42,0.04081,-0.00012
16.223733,858.391,1637.42,0.04042,-0.00012
16.2254,824.975,1635.33,0.04,0
16.227067,791.558,1626.98,0.03945,-8e-05
16.228717,751.876,1622.8,0.03883,-4e-05
16.230383,708.016,1620.71,0.03812,-4e-05
16.23205,659.98,1614.44,0.03723,-8e-05
16.2337,611.943,1608.18,0.03625,-4e-05
16.235367,561.818,1604,0.0352,0
16.237033,507.516,1595.65,0.03388,0
16.238683,457.391,1587.29,0.03251,-4e-05
16.24035,401,1581.03,0.03087,0
16.242017,342.521,1572.67,0.029,0.00015
16.243667,284.042,1562.23,0.02698,4e-05
16.245333,223.474,1555.96,0.02483,8e-05
16.247,164.995,1551.79,0.02253,4e-05
16.24865,104.427,1543.43,0.01988,8e-05
16.250317,41.7709,1541.35,0.017,8e-05
16.251983,-14.6198,1545.52,0.01396,8e-05
16.25365,-81.4532,1543.43,0.0106,8e-05
16.2553,-142.021,1543.43,0.00713,8e-05
16.256967,-202.589,1545.52,0.00363,0.00012
16.258633,-258.979,1551.79,8e-05,0.00019
16.260283,-321.636,1566.41,-0.00374,4e-05
16.26195,-382.203,1574.76,-0.00748,0.00012
16.263617,-442.771,1581.03,-0.01103,8e-05
16.265267,-497.073,1587.29,-0.01438,8e-05
16.266933,-553.464,1595.65,-0.01762,8e-05
16.2686,-609.855,1608.18,-0.02062,8e-05
16.27025,-659.98,1616.53,-0.02327,8e-05
16.271917,-708.016,1629.06,-0.02573,4e-05
16.273583,-753.964,1639.51,-0.02795,4e-05
16.275233,-791.558,1652.04,-0.03009,0.00012
16.2769,-827.063,1658.3,-0.0322,4e-05
16.278567,-868.834,1668.75,-0.03415,0
16.280217,-900.162,1675.01,-0.03586,0
16.281883,-927.313,1681.28,-0.03727,4e-05
16.28355,-952.376,1683.37,-0.03844,4e-05
16.2852,-975.35,1691.72,-0.03941,4e-05
16.286867,-989.97,1689.63,-0.04015,0
16.288533,-1004.59,1691.72,-0.04078,0
16.290183,-1012.94,1693.81,-0.0412,0
16.29185,-1019.21,1695.9,-0.04159,0
16.293517,-1017.12,1693.81,-0.04179,-4e-05
16.295167,-1015.03,1691.72,-0.04187,-4e-05
16.296833,-1006.68,1691.72,-0.04187,0
16.2985,-996.235,1689.63,-0.04191,0
16.30015,-981.615,1687.54,-0.04187,-4e-05
16.301817,-958.641,1685.45,-0.04171,0
16.303483,-937.756,1681.28,-0.04156,0
16.305133,-910.605,1677.1,-0.04128,0
16.3068,-879.277,1677.1,-0.04089,-4e-05
16.308467,-850.037,1670.83,-0.04046,0
16.310117,-814.532,1664.57,-0.03996,0
16.311783,-774.85,1658.3,-0.03929,0
16.31345,-733.079,1654.13,-0.03855,-4e-05
16.3151,-687.131,1645.77,-0.0377,0
16.316767,-639.094,1637.42,-0.03668,0
16.318433,-586.881,1633.24,-0.03559,0
16.320083,-536.756,1622.8,-0.03434,0
16.32175,-484.542,1616.53,-0.03286,-4e-05
16.323417,-426.063,1608.18,-0.03119,0
16.325083,-369.672,1601.91,-0.02931,4e-05
16.326733,-309.104,1591.47,-0.02737,0.00012
16.3284,-248.537,1583.12,-0.02522,4e-05
16.330067,-187.969,1572.67,-0.02288,0
16.331717,-127.401,1560.14,-0.02035,4e-05
16.333383,-64.7448,1551.79,-0.01766,4e-05
16.33505,-6.26563,1545.52,-0.01474,4e-05
16.3367,56.3907,1539.26,-0.01154,8e-05
16.338367,119.047,1537.17,-0.00811,4e-05
16.340033,179.615,1526.73,-0.0046,8e-05
16.341683,240.182,1510.02,-0.00097,8e-05
16.34335,296.573,1507.93,0.00273,0.00012
16.345017,359.229,1503.75,0.00655,8e-05
16.346667,417.709,1510.02,0.01029,8e-05
16.348333,476.188,1518.37,0.01368,0.00012
16.35,532.579,1528.81,0.01688,8e-05
16.35165,586.881,1543.43,0.01988,8e-05
16.353317,637.006,1553.88,0.02265,4e-05
16.354983,687.131,1564.32,0.02526,0
16.356633,728.902,1574.76,0.02752,0
16.3583,770.673,1587.29,0.02978,-4e-05
16.359967,806.178,1595.65,0.03189,0.00015
16.361617,847.949,1604,0.03388,0
16.363283,877.188,1616.53,0.03555,0
16.36495,908.516,1622.8,0.03696,0
16.3666,933.579,1624.89,0.03809,-4e-05
16.368267,952.376,1631.15,0.03898,-4e-05
16.369933,971.173,1637.42,0.03968,-4e-05
16.371583,983.704,1637.42,0.04031,-4e-05
16.37325,989.97,1639.51,0.04081,-0.00012
16.374917,996.235,1641.6,0.04117,-8e-05
16.376567,996.235,1643.68,0.04136,4e-05
16.378233,994.147,1639.51,0.04152,-8e-05
16.3799,987.881,1641.6,0.04163,-8e-05
16.38155,977.438,1643.68,0.04156,-8e-05
16.383217,960.73,1639.51,0.04156,-8e-05
16.384883,941.933,1639.51,0.04148,-8e-05
16.386533,921.048,1639.51,0.04124,-0.00012
16.3882,895.985,1637.42,0.04097,-4e-05
16.389867,864.657,1633.24,0.04066,-8e-05
16.391533,835.417,1631.15,0.04031,-8e-05
16.393183,802.001,1629.06,0.03976,-4e-05
16.39485,764.407,1622.8,0.03918,-4e-05
16.396517,722.636,1618.62,0.03848,-8e-05
16.398167,674.6,1612.36,0.03758,-4e-05
16.399833,628.652,1606.09,0.03672,-4e-05
16.4015,576.438,1599.82,0.03563,-4e-05
16.40315,528.401,1595.65,0.03446,0
16.404817,476.188,1589.38,0.03306,0
16.406483,419.797,1578.94,0.03158,4e-05
16.408133,363.407,1570.58,0.02978,0
16.4098,302.839,1562.23,0.02772,4e-05
16.411467,242.271,1555.96,0.02565,8e-05
16.413117,185.88,1549.7,0.02339,4e-05
16.414783,123.224,1543.43,0.02089,0.00012
16.41645,62.6563,1541.35,0.01801,4e-05
16.4181,2.08854,1539.26,0.01501,0.00012
16.419767,-60.5678,1539.26,0.01173,0.00012
16.421433,-121.136,1539.26,0.00834,4e-05
16.423083,-183.792,1539.26,0.00483,8e-05
16.42475,-240.182,1545.52,0.00125,0.00012
16.426417,-302.839,1562.23,-0.00253,8e-05
16.428067,-363.407,1570.58,-0.00632,0.00019
16.429733,-423.974,1574.76,-0.00994,0.00012
16.4314,-478.276,1581.03,-0.01333,8e-05
16.43305,-536.756,1589.38,-0.01668,8e-05
16.434717,-591.058,1601.91,-0.01976,8e-05
16.436383,-645.36,1612.36,-0.02253,4e-05
16.438033,-691.308,1622.8,-0.02499,8e-05
16.4397,-737.256,1631.15,-0.02733,8e-05
16.441367,-779.027,1641.6,-0.02951,4e-05
16.443017,-816.62,1654.13,-0.03161,4e-05
16.444683,-852.126,1662.48,-0.03364,0.00015
16.44635,-889.72,1668.75,-0.03547,4e-05
16.448,-916.871,1675.01,-0.03696,4e-05
16.449667,-946.11,1681.28,-0.0382,4e-05
16.451333,-966.996,1683.37,-0.03926,0
16.452983,-985.792,1685.45,-0.04,0
16.45465,-1000.41,1689.63,-0.04066,0
16.456317,-1010.86,1689.63,-0.04124,4e-05
16.457967,-1015.03,1691.72,-0.04159,0
16.459633,-1019.21,1691.72,-0.04183,0
16.4613,-1017.12,1689.63,-0.04198,0.00012
16.462967,-1008.77,1687.54,-0.04206,0
16.464617,-1000.41,1687.54,-0.04202,0
16.466283,-983.704,1683.37,-0.04198,0
16.46795,-969.084,1683.37,-0.04191,0
16.4696,-946.11,1681.28,-0.04175,0
16.471267,-921.048,1677.1,-0.04148,0
16.472933,-893.897,1672.92,-0.04117,0
16.474583,-862.568,1670.83,-0.04081,0
16.47625,-824.975,1664.57,-0.04023,0
16.477917,-787.381,1658.3,-0.03965,4e-05
16.479567,-745.61,1654.13,-0.0389,0
16.481233,-703.839,1645.77,-0.03812,-4e-05
16.4829,-653.714,1637.42,-0.03711,0
16.48455,-605.678,1629.06,-0.0361,0
16.486217,-553.464,1620.71,-0.03489,0
16.487883,-501.25,1614.44,-0.03352,0
16.489533,-444.86,1608.18,-0.03185,4e-05
16.4912,-388.469,1599.82,-0.03009,0
16.492867,-327.901,1591.47,-0.02815,4e-05
16.494517,-267.334,1583.12,-0.026,4e-05
16.496183,-208.854,1572.67,-0.02374,0
16.49785,-148.287,1562.23,-0.02128,4e-05
16.4995,-85.6303,1551.79,-0.01863,4e-05
16.501167,-25.0625,1543.43,-0.01583,8e-05
16.502833,35.5052,1537.17,-0.01267,8e-05
16.504483,96.073,1535.08,-0.00932,4e-05
16.50615,160.818,1528.81,-0.00577,8e-05
16.507817,219.297,1510.02,-0.00218,8e-05
16.509467,277.776,1503.75,0.00152,8e-05
16.511133,340.433,1501.66,0.0053,0.00012
16.5128,396.823,1503.75,0.00904,0.00015
16.51445,455.302,1510.02,0.01255,0.00012
16.516117,513.782,1524.64,0.01587,0.00012
16.517783,570.172,1535.08,0.01895,8e-05
16.519433,618.209,1545.52,0.02179,8e-05
16.5211,668.334,1558.05,0.02444,8e-05
16.522767,714.282,1568.5,0.02682,4e-05
16.524417,760.23,1576.85,0.02912,4e-05
16.526083,797.824,1589.38,0.03126,0
16.52775,833.329,1599.82,0.03333,0
16.529417,868.834,1608.18,0.03512,0.00012
16.531067,900.162,1614.44,0.0366,0
16.532733,925.225,1620.71,0.03785,-4e-05
16.5344,948.199,1624.89,0.03879,-8e-05
16.53605,964.907,1631.15,0.03961,-4e-05
16.537717,979.527,1633.24,0.04023,-4e-05
16.539383,989.97,1637.42,0.04078,-4e-05
16.541033,996.235,1639.51,0.0412,-4e-05
16.5427,996.235,1639.51,0.04144,-4e-05
16.544367,996.235,1639.51,0.04163,-8e-05
16.546017,992.058,1639.51,0.04163,4e-05
16.547683,979.527,1639.51,0.04163,-8e-05
16.54935,964.907,1637.42,0.04159,-8e-05
16.551,952.376,1637.42,0.04156,-8e-05
16.552667,927.313,1637.42,0.04136,-8e-05
16.554333,904.339,1635.33,0.04117,-8e-05
16.555983,877.188,1631.15,0.04085,-8e-05
16.55765,845.86,1629.06,0.0405,-4e-05
16.559317,812.443,1626.98,0.04007,-4e-05
16.560967,776.938,1620.71,0.03945,-8e-05
16.562633,735.167,1616.53,0.03879,4e-05
16.5643,689.219,1612.36,0.03797,-4e-05
16.56595,645.36,1606.09,0.03715,0
16.567617,593.146,1599.82,0.0361,0
16.569283,545.11,1595.65,0.03497,0
16.570933,492.896,1587.29,0.0336,0
16.5726,438.594,1576.85,0.03216,4e-05
16.574267,382.203,1574.76,0.03045,0
16.575917,323.724,1564.32,0.02854,8e-05
16.577583,263.156,1551.79,0.02643,8e-05
16.57925,204.677,1547.61,0.02429,8e-05
16.5809,144.109,1543.43,0.02183,8e-05
16.582567,85.6303,1537.17,0.0191,8e-05
16.584233,25.0625,1537.17,0.0161,8e-05
16.585883,-37.5938,1541.35,0.0129,8e-05
16.58755,-100.25,1537.17,0.00951,8e-05
16.589217,-162.906,1535.08,0.006,0.00012
16.590867,-221.386,1541.35,0.00246,8e-05
16.592533,-281.953,1551.79,-0.00129,0.00012
16.5942,-344.61,1562.23,-0.00503,0.00012
16.59585,-403.089,1568.5,-0.00873,8e-05
16.597517,-461.568,1576.85,-0.0122,0.00012
16.599183,-517.959,1583.12,-0.01559,0.00012
16.60085,-572.261,1591.47,-0.01875,8e-05
16.6025,-626.563,1604,-0.02167,0.00012
16.604167,-676.688,1616.53,-0.02417,8e-05
16.605833,-724.725,1626.98,-0.02659,4e-05
16.607483,-766.495,1635.33,-0.02877,8e-05
16.60915,-804.089,1645.77,-0.03095,4e-05
16.610817,-841.683,1656.21,-0.03302,8e-05
16.612467,-877.188,1662.48,-0.03497,4e-05
16.614133,-908.516,1672.92,-0.03657,0.00012
16.6158,-939.845,1675.01,-0.03789,4e-05
16.61745,-960.73,1679.19,-0.03898,0
16.619117,-981.615,1683.37,-0.03988,4e-05
16.620783,-994.147,1683.37,-0.04062,0
16.622433,-1006.68,1685.45,-0.04117,0
16.6241,-1015.03,1689.63,-0.04159,0
16.625767,-1017.12,1689.63,-0.04187,4e-05
16.627417,-1015.03,1685.45,-0.04206,4e-05
16.629083,-1012.94,1683.37,-0.04214,0
16.63075,-1002.5,1685.45,-0.04214,4e-05
16.6324,-989.97,1683.37,-0.04214,0
16.634067,-973.261,1681.28,-0.0421,0
16.635733,-952.376,1679.19,-0.04191,0
16.637383,-929.402,1677.1,-0.04167,0
16.63905,-900.162,1672.92,-0.0414,-4e-05
16.640717,-870.923,1668.75,-0.04101,0
16.642367,-837.506,1664.57,-0.04054,0
16.644033,-799.912,1658.3,-0.03996,0
16.6457,-760.23,1652.04,-0.03926,0
16.64735,-716.37,1645.77,-0.03855,0.00012
16.649017,-670.422,1637.42,-0.03766,4e-05
16.650683,-622.386,1629.06,-0.0366,0
16.652333,-572.261,1622.8,-0.03536,0
16.654,-520.047,1614.44,-0.03411,0
16.655667,-463.657,1606.09,-0.03251,4e-05
16.657317,-407.266,1597.74,-0.03076,-4e-05
16.658983,-348.787,1593.56,-0.02885,4e-05
16.66065,-290.308,1578.94,-0.02686,4e-05
16.6623,-227.651,1570.58,-0.02456,0
16.663967,-167.083,1564.32,-0.02222,0.00012
16.665633,-104.427,1551.79,-0.01961,8e-05
16.667333,-43.8594,1541.35,-0.01684,8e-05
16.669,18.7969,1537.17,-0.01368,8e-05
16.670667,77.2761,1532.99,-0.01045,8e-05
16.672333,137.844,1526.73,-0.00702,4e-05
16.674,198.412,1514.19,-0.00339,8e-05
16.675667,261.068,1503.75,0.00035,8e-05
16.677333,317.459,1497.49,0.00409,0.00012
16.679,378.026,1499.57,0.00787,0.00012
16.6805,438.594,1505.84,0.01154,0.00012
16.682167,494.985,1514.19,0.01489,0.00012
16.683833,551.375,1526.73,0.01805,8e-05
16.6855,601.501,1539.26,0.02093,0.00012
16.687167,653.714,1549.7,0.02366,8e-05
16.688833,699.662,1562.23,0.02616,4e-05
16.6905,743.521,1570.58,0.02846,8e-05
16.692167,785.292,1583.12,0.03072,4e-05
16.693833,820.798,1591.47,0.03278,4e-05
16.6955,854.214,1599.82,0.03466,4e-05
16.697167,889.72,1610.27,0.03625,0
16.698833,914.782,1618.62,0.03754,0
16.7005,939.845,1622.8,0.03859,0
16.702167,958.641,1624.89,0.03949,-4e-05
16.703833,977.438,1633.24,0.04019,-8e-05
16.7055,985.792,1633.24,0.04074,-4e-05
16.707167,994.147,1633.24,0.0412,-8e-05
16.708833,998.324,1635.33,0.04148,-4e-05
16.7105,996.235,1637.42,0.04167,-8e-05
16.712167,989.97,1633.24,0.04175,-8e-05
16.713833,985.792,1635.33,0.04183,-4e-05
16.7155,971.173,1635.33,0.04183,0
16.717167,956.553,1631.15,0.04179,-4e-05
16.718833,935.667,1633.24,0.04152,-4e-05
16.7205,914.782,1633.24,0.04136,-8e-05
16.722167,885.542,1624.89,0.04109,-4e-05
16.723833,858.391,1624.89,0.04085,-8e-05
16.7255,822.886,1622.8,0.04035,-8e-05
16.727167,791.558,1620.71,0.03988,-4e-05
16.728833,749.787,1614.44,0.03918,-4e-05
16.7305,710.105,1610.27,0.03844,-4e-05
16.732,659.98,1606.09,0.03754,8e-05
16.733667,609.855,1597.74,0.0366,-4e-05
16.735333,561.818,1591.47,0.03551,-4e-05
16.737,509.605,1587.29,0.03419,0
16.738667,455.302,1574.76,0.03278,4e-05
16.740333,398.912,1570.58,0.03115,4e-05
16.742,340.433,1562.23,0.02928,4e-05
16.743667,279.865,1555.96,0.02725,8e-05
16.745333,223.474,1545.52,0.02514,4e-05
16.747,160.818,1537.17,0.02273,8e-05
16.748667,104.427,1537.17,0.02008,0.00019
16.750333,43.8594,1532.99,0.01719,8e-05
16.752,-16.7083,1530.9,0.01399,8e-05
16.753667,-79.3647,1530.9,0.01068,0.00012
16.755333,-142.021,1532.99,0.00721,8e-05
16.757,-202.589,1532.99,0.0037,0.00012
16.758667,-258.979,1539.26,0,0.00012
16.760333,-321.636,1555.96,-0.00386,0.00012
16.762,-382.203,1562.23,-0.00748,0.00012
16.763667,-442.771,1566.41,-0.01119,0.00012
16.765333,-497.073,1576.85,-0.01462,0.00015
16.767,-555.553,1585.2,-0.01781,8e-05
16.768667,-607.766,1595.65,-0.02082,0.00012
16.770333,-659.98,1610.27,-0.02351,4e-05
16.772,-708.016,1620.71,-0.02596,8e-05
16.773667,-749.787,1629.06,-0.02822,8e-05
16.775333,-791.558,1639.51,-0.03041,8e-05
16.777,-829.152,1652.04,-0.03259,4e-05
16.778667,-864.657,1658.3,-0.03446,8e-05
16.780333,-898.074,1664.57,-0.03618,4e-05
16.782,-927.313,1670.83,-0.03762,4e-05
16.7835,-954.464,1675.01,-0.03875,0
16.785167,-975.35,1679.19,-0.03976,0
16.786833,-992.058,1681.28,-0.0405,4e-05
16.7885,-1004.59,1683.37,-0.04113,0
16.790167,-1012.94,1683.37,-0.04159,0
16.791833,-1019.21,1683.37,-0.04195,0
16.7935,-1017.12,1683.37,-0.0421,0
16.795167,-1012.94,1683.37,-0.04226,0
16.796833,-1006.68,1679.19,-0.04222,-4e-05
16.7985,-994.147,1677.1,-0.04222,0
16.800167,-981.615,1679.19,-0.04218,4e-05
16.801833,-962.819,1675.01,-0.04206,0
16.8035,-937.756,1672.92,-0.04183,0
16.805167,-910.605,1670.83,-0.04159,0
16.806833,-879.277,1666.66,-0.04124,0
16.8085,-847.949,1660.39,-0.04085,4e-05
16.810167,-812.443,1656.21,-0.04023,0
16.811833,-772.761,1647.86,-0.03961,0
16.8135,-728.902,1641.6,-0.0389,0
16.815167,-685.042,1635.33,-0.03805,-4e-05
16.816833,-634.917,1629.06,-0.03703,0.00012
16.8185,-591.058,1618.62,-0.03594,-4e-05
16.820167,-536.756,1614.44,-0.03466,0
16.821833,-482.454,1606.09,-0.03317,0
16.8235,-426.063,1595.65,-0.03142,0
16.825167,-369.672,1587.29,-0.02959,0
16.826833,-309.104,1583.12,-0.0276,4e-05
16.8285,-248.537,1568.5,-0.02546,0
16.830167,-187.969,1560.14,-0.02308,4e-05
16.831833,-127.401,1551.79,-0.02054,4e-05
16.8335,-64.7448,1541.35,-0.01781,0.00015
16.835,-4.17709,1530.9,-0.01485,8e-05
16.836667,56.3907,1528.81,-0.01162,0.00012
16.838333,119.047,1526.73,-0.00807,8e-05
16.84,179.615,1512.11,-0.0046,8e-05
16.841667,242.271,1499.57,-0.00094,8e-05
16.843333,300.75,1499.57,0.00281,8e-05
16.845,359.229,1493.31,0.0067,0.00012
16.846667,417.709,1497.49,0.01041,0.00012
16.848333,478.276,1507.93,0.01392,0.00015
16.85,532.579,1520.46,0.01711,0.00019
16.851667,586.881,1530.9,0.02008,8e-05
16.853333,637.006,1541.35,0.02292,8e-05
16.855,687.131,1555.96,0.02549,4e-05
16.856667,728.902,1564.32,0.02787,8e-05
16.858333,772.761,1572.67,0.03006,4e-05
16.86,810.355,1587.29,0.03224,0
16.861667,845.86,1593.56,0.03419,4e-05
16.863333,877.188,1601.91,0.03586,0
16.865,908.516,1612.36,0.03723,0
16.866667,933.579,1620.71,0.0384,4e-05
16.868333,952.376,1620.71,0.03926,-4e-05
16.87,971.173,1624.89,0.04003,-4e-05
16.871667,983.704,1629.06,0.04062,-4e-05
16.873333,989.97,1631.15,0.04113,-4e-05
16.875,996.235,1631.15,0.04152,-8e-05
16.876667,996.235,1633.24,0.04175,-4e-05
16.878333,994.147,1633.24,0.04187,-4e-05
16.88,987.881,1631.15,0.04191,-8e-05
16.881667,977.438,1633.24,0.04187,-4e-05
16.883333,960.73,1631.15,0.04187,-4e-05
16.884833,941.933,1629.06,0.04175,-8e-05
16.8865,921.048,1626.98,0.04156,-8e-05
16.888167,895.985,1626.98,0.04132,-0.00012
16.889833,866.746,1624.89,0.04101,-4e-05
16.8915,835.417,1620.71,0.04058,-8e-05
16.893167,799.912,1616.53,0.04015,-4e-05
16.894833,760.23,1614.44,0.03949,-8e-05
16.8965,722.636,1610.27,0.03879,-4e-05
16.898167,674.6,1599.82,0.03793,-4e-05
16.899833,628.652,1597.74,0.03707,-4e-05
16.9015,578.527,1591.47,0.03598,0
16.903167,526.313,1583.12,0.03477,-4e-05
16.904833,472.011,1576.85,0.03341,-4e-05
16.9065,419.797,1570.58,0.03185,4e-05
16.908167,361.318,1562.23,0.03002,4e-05
16.909833,302.839,1553.88,0.02807,4e-05
16.9115,242.271,1545.52,0.02588,4e-05
16.913167,181.703,1541.35,0.02362,8e-05
16.914833,123.224,1532.99,0.02113,8e-05
16.9165,62.6563,1528.81,0.0182,8e-05
16.918167,2.08854,1530.9,0.01513,0.00023
16.919833,-60.5678,1528.81,0.01181,0.00012
16.9215,-123.224,1526.73,0.00842,0.00012
16.923167,-183.792,1528.81,0.00487,0.00012
16.924833,-240.182,1532.99,0.00125,8e-05
16.9265,-302.839,1547.61,-0.00261,0.00012
16.928167,-361.318,1558.05,-0.00635,4e-05
16.929833,-426.063,1564.32,-0.01006,8e-05
16.9315,-480.365,1570.58,-0.01357,8e-05
16.933167,-536.756,1578.94,-0.01688,8e-05
16.934833,-591.058,1589.38,-0.01996,0.00015
16.936333,-643.271,1601.91,-0.02273,8e-05
16.938,-691.308,1612.36,-0.02522,8e-05
16.939667,-739.344,1622.8,-0.02756,8e-05
16.941333,-776.938,1633.24,-0.02978,0.00012
16.943,-816.62,1641.6,-0.03197,4e-05
16.944667,-854.214,1652.04,-0.03395,8e-05
16.946333,-887.631,1660.39,-0.03579,4e-05
16.948,-916.871,1666.66,-0.03727,4e-05
16.949667,-944.022,1672.92,-0.03859,4e-05
16.951333,-969.084,1675.01,-0.03957,0.00012
16.953,-985.792,1677.1,-0.04042,0
16.954667,-998.324,1679.19,-0.04101,0
16.956333,-1010.86,1681.28,-0.04159,-4e-05
16.958,-1017.12,1681.28,-0.04195,0
16.959667,-1019.21,1681.28,-0.04218,0
16.961333,-1015.03,1681.28,-0.04233,0
16.963,-1008.77,1679.19,-0.04237,-4e-05
16.964667,-1000.41,1677.1,-0.04237,0
16.966333,-987.881,1675.01,-0.04233,0
16.968,-969.084,1672.92,-0.04226,4e-05
16.969667,-944.022,1670.83,-0.04202,-4e-05
16.971333,-921.048,1668.75,-0.04179,0
16.973,-891.808,1664.57,-0.04152,0
16.974667,-858.391,1660.39,-0.04109,-4e-05
16.976333,-827.063,1654.13,-0.04062,0
16.978,-787.381,1647.86,-0.04,0
16.979667,-745.61,1641.6,-0.03926,-4e-05
16.981333,-701.751,1635.33,-0.03844,0
16.983,-653.714,1624.89,-0.0375,4e-05
16.984667,-605.678,1616.53,-0.03637,0
16.986333,-553.464,1614.44,-0.03512,0
16.987833,-499.162,1604,-0.0338,0
16.9895,-444.86,1595.65,-0.0322,0
16.991167,-388.469,1589.38,-0.03037,0
16.992833,-327.901,1578.94,-0.02834,4e-05
16.9945,-267.334,1570.58,-0.02627,0
16.996167,-206.766,1562.23,-0.02394,4e-05
16.997833,-144.109,1551.79,-0.02144,4e-05
16.9995,-83.5417,1539.26,-0.01883,8e-05
17.001167,-22.974,1530.9,-0.01594,8e-05
17.002833,37.5938,1528.81,-0.01275,0.00012
17.0045,98.1615,1522.55,-0.00936,4e-05
17.006167,160.818,1514.19,-0.00585,4e-05
17.007833,221.386,1499.57,-0.00222,8e-05
17.0095,279.865,1497.49,0.0016,0.00012
17.011167,338.344,1489.13,0.00538,0.00015
17.012833,398.912,1489.13,0.0092,0.00015
17.0145,457.391,1501.66,0.01283,0.00012
17.016167,513.782,1516.28,0.0161,8e-05
17.017833,570.172,1524.64,0.01918,0.00012
17.0195,618.209,1537.17,0.02206,0.00019
17.021167,670.422,1549.7,0.02468,8e-05
17.022833,714.282,1560.14,0.02705,8e-05
17.0245,758.141,1566.41,0.02939,4e-05
17.026167,795.735,1576.85,0.03161,4e-05
17.027833,833.329,1591.47,0.03368,4e-05
17.0295,866.746,1595.65,0.0354,0
17.031167,898.074,1604,0.03696,4e-05
17.032833,927.313,1614.44,0.03812,-4e-05
17.0345,946.11,1620.71,0.03914,-4e-05
17.036167,964.907,1618.62,0.03996,8e-05
17.037833,981.615,1624.89,0.04058,-4e-05
17.039333,989.97,1629.06,0.04117,-4e-05
17.041,994.147,1626.98,0.04156,-4e-05
17.042667,996.235,1626.98,0.04183,-8e-05
17.044333,996.235,1631.15,0.04195,-4e-05
17.046,989.97,1631.15,0.04206,-8e-05
17.047667,979.527,1626.98,0.04198,-8e-05
17.049333,966.996,1626.98,0.04202,-4e-05
17.051,948.199,1629.06,0.04191,-8e-05
17.052667,927.313,1624.89,0.04175,4e-05
17.054333,902.251,1622.8,0.04156,-8e-05
17.056,877.188,1620.71,0.0412,-8e-05
17.057667,843.772,1618.62,0.04089,-0.00012
17.059333,810.355,1614.44,0.04039,-4e-05
17.061,772.761,1610.27,0.03984,-4e-05
17.062667,735.167,1606.09,0.03918,-8e-05
17.064333,687.131,1599.82,0.03832,-4e-05
17.066,643.271,1593.56,0.03742,-4e-05
17.067667,593.146,1589.38,0.03645,-4e-05
17.069333,543.021,1585.2,0.03528,0
17.071,490.808,1574.76,0.03395,0
17.072667,438.594,1568.5,0.03251,0
17.074333,378.026,1562.23,0.03076,0
17.076,321.636,1549.7,0.02881,8e-05
17.077667,261.068,1543.43,0.0267,8e-05
17.079333,204.677,1537.17,0.02452,0.00012
17.081,142.021,1530.9,0.02203,0.00012
17.082667,85.6303,1524.64,0.0193,8e-05
17.084333,20.8854,1524.64,0.01622,0.00012
17.086,-37.5938,1524.64,0.01302,8e-05
17.087667,-100.25,1522.55,0.00951,8e-05
17.089167,-162.906,1526.73,0.00608,8e-05
17.090833,-223.474,1528.81,0.00249,0.00012
17.0925,-284.042,1541.35,-0.0014,0.00012
17.094167,-342.521,1551.79,-0.00515,0.00012
17.095833,-403.089,1555.96,-0.00889,0.00012
17.0975,-461.568,1562.23,-0.0124,8e-05
17.099167,-517.959,1570.58,-0.01583,0.00012
17.100833,-574.349,1583.12,-0.01902,8e-05
17.1025,-626.563,1593.56,-0.02195,0.00012
17.104167,-676.688,1604,-0.02456,0.00015
17.105833,-724.725,1614.44,-0.02694,4e-05
17.1075,-766.495,1626.98,-0.02916,8e-05
17.109167,-806.178,1633.24,-0.03134,4e-05
17.110833,-843.772,1643.68,-0.03341,8e-05
17.1125,-877.188,1656.21,-0.03532,4e-05
17.114167,-908.516,1662.48,-0.03696,4e-05
17.115833,-937.756,1664.57,-0.03832,4e-05
17.1175,-962.819,1670.83,-0.03941,0
17.119167,-981.615,1675.01,-0.04027,0
17.120833,-994.147,1675.01,-0.04101,0.00012
17.1225,-1006.68,1677.1,-0.04156,0
17.124167,-1012.94,1677.1,-0.04195,4e-05
17.125833,-1019.21,1677.1,-0.04226,4e-05
17.1275,-1019.21,1675.01,-0.04241,-4e-05
17.129167,-1010.86,1675.01,-0.04245,0
17.130833,-1002.5,1675.01,-0.04245,4e-05
17.1325,-989.97,1670.83,-0.04245,0
17.134167,-973.261,1670.83,-0.04241,0
17.135833,-952.376,1668.75,-0.04222,0
17.1375,-927.313,1662.48,-0.04206,0.00012
17.139167,-902.251,1662.48,-0.04175,-4e-05
17.140667,-870.923,1658.3,-0.04132,0
17.142333,-837.506,1652.04,-0.04089,0
17.144,-799.912,1643.68,-0.04031,0
17.145667,-760.23,1639.51,-0.03965,0
17.147333,-716.37,1633.24,-0.03883,0
17.149,-668.334,1624.89,-0.03797,0
17.150667,-622.386,1616.53,-0.03692,-4e-05
17.152333,-570.172,1612.36,-0.03571,0
17.154,-520.047,1604,-0.03442,8e-05
17.155667,-463.657,1593.56,-0.03278,0
17.157333,-405.177,1587.29,-0.03103,0
17.159,-346.698,1578.94,-0.02916,0
17.160667,-288.219,1568.5,-0.02709,0
17.162333,-227.651,1562.23,-0.02483,4e-05
17.164,-167.083,1549.7,-0.02238,4e-05
17.165667,-104.427,1537.17,-0.01973,8e-05
17.167333,-41.7709,1530.9,-0.01696,4e-05
17.169,18.7969,1522.55,-0.01388,8e-05
17.170667,75.1876,1518.37,-0.01056,4e-05
17.172333,139.932,1514.19,-0.00706,8e-05
17.174,198.412,1503.75,-0.00343,8e-05
17.175667,258.979,1491.22,0.00031,0.00012
17.177333,319.547,1482.87,0.00405,8e-05
17.179,378.026,1487.04,0.00799,0.00012
17.180667,438.594,1493.31,0.01166,0.00012
17.182333,494.985,1505.84,0.01505,0.00015
17.184,551.375,1516.28,0.01824,8e-05
17.185667,605.678,1530.9,0.02121,8e-05
17.187333,655.803,1541.35,0.02394,8e-05
17.189,701.751,1551.79,0.02643,4e-05
17.190667,743.521,1562.23,0.02877,8e-05
17.192167,785.292,1572.67,0.03095,8e-05
17.193833,822.886,1583.12,0.03314,4e-05
17.1955,858.391,1591.47,0.03501,4e-05
17.197167,889.72,1597.74,0.0366,4e-05
17.198833,916.871,1606.09,0.03789,0
17.2005,939.845,1612.36,0.03894,0
17.202167,958.641,1614.44,0.0398,0
17.203833,973.261,1618.62,0.04054,-4e-05
17.2055,985.792,1624.89,0.04109,8e-05
17.207167,994.147,1624.89,0.04152,-4e-05
17.208833,998.324,1624.89,0.04187,-8e-05
17.2105,996.235,1626.98,0.0421,-8e-05
17.212167,989.97,1626.98,0.0421,-8e-05
17.213833,983.704,1626.98,0.0421,-8e-05
17.2155,973.261,1622.8,0.0421,-8e-05
17.217167,956.553,1626.98,0.0421,-8e-05
17.218833,933.579,1622.8,0.04191,-4e-05
17.2205,912.693,1620.71,0.04175,-8e-05
17.222167,885.542,1620.71,0.04144,4e-05
17.223833,856.303,1618.62,0.04109,-4e-05
17.2255,822.886,1612.36,0.0407,-8e-05
17.227167,789.469,1608.18,0.04015,-4e-05
17.228833,747.699,1604,0.03953,-4e-05
17.2305,705.928,1601.91,0.03875,-4e-05
17.232167,657.891,1591.47,0.03789,-4e-05
17.233833,609.855,1587.29,0.03688,0
17.2355,561.818,1583.12,0.03579,-4e-05
17.237167,507.516,1574.76,0.0345,-4e-05
17.238833,453.214,1568.5,0.0331,0.00015
17.2405,398.912,1560.14,0.03142,4e-05
17.242167,340.433,1551.79,0.02959,4e-05
17.243667,279.865,1541.35,0.02748,4e-05
17.245333,223.474,1537.17,0.02534,0.00012
17.247,160.818,1528.81,0.02292,8e-05
17.248667,102.339,1522.55,0.02035,8e-05
17.250333,41.7709,1518.37,0.01735,8e-05
17.252,-18.7969,1522.55,0.01415,8e-05
17.253667,-79.3647,1520.46,0.0108,8e-05
17.255333,-142.021,1520.46,0.00733,0.00019
17.257,-202.589,1524.64,0.0037,0.00012
17.258667,-261.068,1530.9,0,8e-05
17.260333,-323.724,1543.43,-0.0039,8e-05
17.262,-382.203,1551.79,-0.00756,0.00012
17.263667,-444.86,1555.96,-0.01127,8e-05
17.265333,-499.162,1562.23,-0.01474,8e-05
17.267,-555.553,1574.76,-0.01805,4e-05
17.268667,-609.855,1587.29,-0.02109,0.00012
17.270333,-659.98,1593.56,-0.02374,8e-05
17.272,-710.105,1608.18,-0.02624,8e-05
17.273667,-753.964,1620.71,-0.02854,8e-05
17.275333,-791.558,1629.06,-0.03076,8e-05
17.277,-831.24,1637.42,-0.03286,8e-05
17.278667,-866.746,1647.86,-0.03481,4e-05
17.280333,-898.074,1656.21,-0.03657,4e-05
17.282,-927.313,1660.39,-0.03797,4e-05
17.283667,-952.376,1664.57,-0.03914,0
17.285333,-975.35,1670.83,-0.04015,4e-05
17.287,-992.058,1672.92,-0.04089,0
17.288667,-1004.59,1670.83,-0.04152,4e-05
17.290333,-1012.94,1672.92,-0.04195,8e-05
17.292,-1019.21,1675.01,-0.0423,0
17.2935,-1019.21,1670.83,-0.04245,4e-05
17.295167,-1015.03,1668.75,-0.04257,0
17.296833,-1004.59,1670.83,-0.04257,-4e-05
17.2985,-994.147,1668.75,-0.04257,0
17.300167,-981.615,1664.57,-0.04253,0
17.301833,-960.73,1664.57,-0.04237,0
17.3035,-937.756,1660.39,-0.04218,0
17.305167,-912.693,1656.21,-0.04195,-4e-05
17.306833,-879.277,1652.04,-0.04159,0.00015
17.3085,-845.86,1647.86,-0.04113,0
17.310167,-812.443,1641.6,-0.04062,-4e-05
17.311833,-772.761,1635.33,-0.04,0
17.3135,-728.902,1631.15,-0.03926,0
17.315167,-685.042,1624.89,-0.03836,0
17.316833,-634.917,1614.44,-0.03731,0
17.3185,-586.881,1608.18,-0.03625,4e-05
17.320167,-536.756,1599.82,-0.03497,4e-05
17.321833,-482.454,1589.38,-0.03341,4e-05
17.3235,-423.974,1583.12,-0.03173,8e-05
17.325167,-367.584,1581.03,-0.0299,0
17.326833,-309.104,1566.41,-0.02787,0
17.3285,-246.448,1558.05,-0.02569,4e-05
17.330167,-185.88,1549.7,-0.02327,4e-05
17.331833,-123.224,1537.17,-0.02074,4e-05
17.3335,-64.7448,1526.73,-0.01801,4e-05
17.335167,-2.08854,1518.37,-0.01501,4e-05
17.336833,56.3907,1514.19,-0.01169,8e-05
17.3385,119.047,1512.11,-0.00823,8e-05
17.340167,179.615,1499.57,-0.00468,0.00015
17.341833,240.182,1489.13,-0.0009,0.00012
17.3435,300.75,1482.87,0.00285,8e-05
17.345,359.229,1478.69,0.00674,0.00012
17.346667,419.797,1484.95,0.01056,0.00012
17.348333,478.276,1495.4,0.01411,0.00012
17.35,532.579,1507.93,0.01739,0.00012
17.351667,586.881,1518.37,0.02039,8e-05
17.353333,637.006,1532.99,0.02323,8e-05
17.355,687.131,1543.43,0.02581,8e-05
17.356667,730.99,1551.79,0.02818,8e-05
17.358333,772.761,1564.32,0.03045,4e-05
17.36,810.355,1576.85,0.03259,8e-05
17.361667,845.86,1583.12,0.03458,4e-05
17.363333,879.277,1589.38,0.03625,0
17.365,908.516,1601.91,0.03766,0
17.366667,933.579,1604,0.03871,0
17.368333,954.464,1608.18,0.03972,-4e-05
17.37,971.173,1614.44,0.04042,0
17.371667,983.704,1618.62,0.04109,0
17.373333,992.058,1616.53,0.04152,-4e-05
17.375,996.235,1620.71,0.04195,-8e-05
17.376667,996.235,1622.8,0.04214,-4e-05
17.378333,994.147,1618.62,0.04226,-4e-05
17.38,987.881,1620.71,0.0423,-8e-05
17.381667,977.438,1620.71,0.0423,-8e-05
17.383333,962.819,1618.62,0.04222,-4e-05
17.385,941.933,1616.53,0.0421,-8e-05
17.386667,916.871,1614.44,0.04191,-8e-05
17.388333,893.897,1616.53,0.04167,-8e-05
17.39,866.746,1612.36,0.0414,-8e-05
17.391667,833.329,1608.18,0.04097,0
17.393333,799.912,1606.09,0.04046,-8e-05
17.395,762.318,1601.91,0.03988,-8e-05
17.3965,720.547,1595.65,0.03914,-4e-05
17.398167,672.511,1589.38,0.03824,-4e-05
17.399833,628.652,1585.2,0.03735,-4e-05
17.4015,576.438,1576.85,0.03633,-8e-05
17.403167,526.313,1570.58,0.03512,0
17.404833,472.011,1564.32,0.03364,4e-05
17.4065,419.797,1558.05,0.03216,0
17.408167,359.229,1545.52,0.03029,8e-05
17.409833,302.839,1539.26,0.0283,8e-05
17.4115,242.271,1532.99,0.02616,8e-05
17.413167,181.703,1524.64,0.02382,8e-05
17.414833,123.224,1518.37,0.02136,8e-05
17.4165,62.6563,1516.28,0.0184,8e-05
17.418167,0,1516.28,0.01532,0.00012
17.419833,-60.5678,1512.11,0.01201,0.00012
17.4215,-121.136,1514.19,0.00854,0.00012
17.423167,-185.88,1516.28,0.00491,0.00012
17.424833,-242.271,1522.55,0.00125,0.00023
17.4265,-302.839,1535.08,-0.00265,0.00012
17.428167,-363.407,1543.43,-0.00643,0.00012
17.429833,-423.974,1549.7,-0.01014,8e-05
17.4315,-480.365,1555.96,-0.01364,0.00012
17.433167,-536.756,1564.32,-0.01704,8e-05
17.434833,-593.146,1578.94,-0.02015,8e-05
17.4365,-647.448,1589.38,-0.02296,0.00012
17.438167,-693.396,1597.74,-0.02553,8e-05
17.439833,-739.344,1610.27,-0.02787,4e-05
17.4415,-781.115,1620.71,-0.03009,0.00015
17.443167,-818.709,1626.98,-0.03224,8e-05
17.444833,-852.126,1639.51,-0.03423,8e-05
17.4465,-887.631,1647.86,-0.03606,4e-05
17.448,-916.871,1654.13,-0.03762,4e-05
17.449667,-946.11,1658.3,-0.0389,4e-05
17.451333,-966.996,1664.57,-0.03992,4e-05
17.453,-987.881,1664.57,-0.04078,4e-05
17.454667,-1000.41,1668.75,-0.04144,0
17.456333,-1008.77,1670.83,-0.04195,0
17.458,-1017.12,1668.75,-0.0423,4e-05
17.459667,-1017.12,1668.75,-0.04253,0
17.461333,-1017.12,1668.75,-0.04269,0
17.463,-1006.68,1668.75,-0.04269,0
17.464667,-998.324,1664.57,-0.04272,0
17.466333,-983.704,1664.57,-0.04265,0
17.468,-966.996,1662.48,-0.04253,0
17.469667,-944.022,1658.3,-0.04237,0
17.471333,-921.048,1652.04,-0.04218,4e-05
17.473,-891.808,1652.04,-0.04183,0
17.474667,-858.391,1647.86,-0.04144,0
17.476333,-824.975,1639.51,-0.04097,0
17.478,-787.381,1635.33,-0.04031,0
17.479667,-745.61,1629.06,-0.03957,0
17.481333,-701.751,1618.62,-0.03879,0
17.483,-653.714,1612.36,-0.03785,0
17.484667,-605.678,1608.18,-0.03672,0
17.486333,-551.375,1599.82,-0.03551,0
17.488,-501.25,1589.38,-0.03411,4e-05
17.489667,-444.86,1585.2,-0.03239,0
17.491333,-386.381,1576.85,-0.03064,0
17.493,-327.901,1566.41,-0.02865,0.00012
17.494667,-265.245,1555.96,-0.02655,0
17.496333,-204.677,1549.7,-0.02417,0
17.497833,-146.198,1535.08,-0.02164,0
17.4995,-83.5417,1524.64,-0.01898,4e-05
17.501167,-22.974,1518.37,-0.01602,8e-05
17.502833,37.5938,1512.11,-0.01286,4e-05
17.5045,100.25,1507.93,-0.00943,8e-05
17.506167,160.818,1503.75,-0.00585,4e-05
17.507833,223.474,1487.04,-0.00218,8e-05
17.5095,279.865,1480.78,0.0016,0.00015
17.511167,340.433,1476.6,0.00546,0.00012
17.512833,401,1480.78,0.00928,0.00015
17.5145,457.391,1487.04,0.0129,0.00015
17.516167,515.87,1499.57,0.01629,0.00012
17.517833,570.172,1514.19,0.01941,0.00012
17.5195,618.209,1524.64,0.0223,8e-05
17.521167,670.422,1535.08,0.02499,4e-05
17.522833,716.37,1545.52,0.0274,4e-05
17.5245,758.141,1558.05,0.0297,4e-05
17.526167,795.735,1564.32,0.03189,0.00019
17.527833,835.417,1576.85,0.03399,0
17.5295,868.834,1587.29,0.03579,4e-05
17.531167,900.162,1593.56,0.03727,0
17.532833,925.225,1597.74,0.03848,0
17.5345,948.199,1606.09,0.03953,0
17.536167,964.907,1608.18,0.04027,0
17.537833,981.615,1612.36,0.04101,-8e-05
17.5395,989.97,1616.53,0.04152,-4e-05
17.541167,996.235,1618.62,0.04195,-4e-05
17.542833,998.324,1616.53,0.04218,8e-05
17.5445,996.235,1616.53,0.04237,-4e-05
17.546167,992.058,1620.71,0.04241,-4e-05
17.547833,981.615,1616.53,0.04241,-4e-05
17.549333,964.907,1614.44,0.04237,-8e-05
17.551,948.199,1616.53,0.0423,-4e-05
17.552667,925.225,1614.44,0.0421,-4e-05
17.554333,904.339,1612.36,0.04191,-8e-05
17.556,875.1,1612.36,0.04163,-4e-05
17.557667,845.86,1610.27,0.04128,-4e-05
17.559333,812.443,1606.09,0.04078,-8e-05
17.561,772.761,1597.74,0.04015,-4e-05
17.562667,735.167,1595.65,0.03957,-4e-05
17.564333,689.219,1589.38,0.03871,-4e-05
17.566,643.271,1583.12,0.03781,-4e-05
17.567667,593.146,1574.76,0.03672,0
17.569333,543.021,1572.67,0.03559,0
17.571,488.719,1564.32,0.03427,0
17.572667,436.506,1555.96,0.03278,0
17.574333,378.026,1549.7,0.03107,4e-05
17.576,321.636,1539.26,0.02908,4e-05
17.577667,261.068,1528.81,0.02698,8e-05
17.579333,202.589,1526.73,0.02475,4e-05
17.581,142.021,1516.28,0.0223,8e-05
17.582667,81.4532,1512.11,0.01957,8e-05
17.584333,20.8854,1514.19,0.01641,8e-05
17.586,-39.6823,1514.19,0.01314,8e-05
17.587667,-100.25,1510.02,0.00971,0.00012
17.589333,-160.818,1512.11,0.0062,0.00012
17.591,-223.474,1516.28,0.00249,0.00012
17.592667,-284.042,1526.73,-0.00133,8e-05
17.594333,-342.521,1539.26,-0.00522,0.00015
17.596,-401,1543.43,-0.00897,0.00012
17.597667,-463.657,1549.7,-0.01255,0.00012
17.599333,-517.959,1558.05,-0.01598,8e-05
17.600833,-574.349,1568.5,-0.01918,8e-05
17.6025,-628.652,1581.03,-0.02214,0.00012
17.604167,-678.777,1591.47,-0.02475,8e-05
17.605833,-724.725,1601.91,-0.02717,8e-05
17.6075,-766.495,1614.44,-0.02943,8e-05
17.609167,-806.178,1624.89,-0.03169,4e-05
17.610833,-845.86,1631.15,-0.03372,0.00023
17.6125,-877.188,1639.51,-0.03559,4e-05
17.614167,-908.516,1652.04,-0.03731,4e-05
17.615833,-937.756,1654.13,-0.03863,4e-05
17.6175,-960.73,1656.21,-0.03976,4e-05
17.619167,-981.615,1664.57,-0.04066,0
17.620833,-996.235,1666.66,-0.04132,0
17.6225,-1008.77,1664.57,-0.04195,0
17.624167,-1012.94,1666.66,-0.0423,0
17.625833,-1019.21,1666.66,-0.04257,0
17.6275,-1017.12,1664.57,-0.04272,0.00015
17.629167,-1012.94,1662.48,-0.04284,0
17.630833,-1000.41,1662.48,-0.0428,4e-05
17.6325,-992.058,1658.3,-0.0428,0
17.634167,-975.35,1656.21,-0.04272,0
17.635833,-952.376,1656.21,-0.04257,0
17.6375,-927.313,1652.04,-0.04237,0
17.639167,-902.251,1649.95,-0.0421,0
17.640833,-866.746,1645.77,-0.04171,0
17.6425,-835.417,1639.51,-0.0412,0
17.644167,-795.735,1633.24,-0.04062,8e-05
17.645833,-760.23,1626.98,-0.03996,0
17.6475,-716.37,1622.8,-0.03918,-4e-05
17.649167,-668.334,1614.44,-0.03824,0
17.650833,-620.297,1604,-0.03723,0
17.652333,-572.261,1597.74,-0.03606,0
17.654,-517.959,1591.47,-0.03473,0
17.655667,-461.568,1583.12,-0.03306,4e-05
17.657333,-407.266,1574.76,-0.03134,4e-05
17.659,-346.698,1568.5,-0.02939,4e-05
17.660667,-288.219,1558.05,-0.02729,0
17.662333,-225.563,1547.61,-0.02503,4e-05
17.664,-167.083,1537.17,-0.02261,4e-05
17.665667,-104.427,1526.73,-0.01992,4e-05
17.667333,-43.8594,1518.37,-0.01711,4e-05
17.669,18.7969,1512.11,-0.01396,8e-05
17.670667,77.2761,1507.93,-0.0106,8e-05
17.672333,139.932,1501.66,-0.00702,8e-05
17.674,198.412,1487.04,-0.00343,8e-05
17.675667,261.068,1478.69,0.00039,0.00012
17.677333,319.547,1472.42,0.00417,8e-05
17.679,380.115,1474.51,0.00815,0.00012
17.680667,438.594,1484.95,0.01181,0.00012
17.682333,497.073,1495.4,0.01528,8e-05
17.684,551.375,1503.75,0.01848,0.00012
17.685667,605.678,1518.37,0.02148,0.00012
17.687333,655.803,1530.9,0.02421,8e-05
17.689,701.751,1539.26,0.0267,8e-05
17.690667,745.61,1551.79,0.02908,8e-05
17.692333,785.292,1562.23,0.03134,4e-05
17.694,822.886,1570.58,0.03345,0
17.695667,856.303,1581.03,0.03532,0.00012
17.697333,889.72,1589.38,0.03696,0
17.699,914.782,1597.74,0.03824,0
17.700667,941.933,1599.82,0.03933,0
17.702167,958.641,1604,0.04019,0
17.703833,975.35,1610.27,0.04093,-4e-05
17.7055,987.881,1612.36,0.04148,-4e-05
17.707167,996.235,1614.44,0.04195,-8e-05
17.708833,996.235,1616.53,0.04226,-4e-05
17.7105,996.235,1616.53,0.04241,-4e-05
17.712167,992.058,1614.44,0.04249,4e-05
17.713833,983.704,1612.36,0.04257,-8e-05
17.7155,971.173,1614.44,0.04253,-8e-05
17.717167,958.641,1612.36,0.04249,-4e-05
17.718833,933.579,1612.36,0.0423,-4e-05
17.7205,910.605,1612.36,0.0421,-8e-05
17.722167,883.454,1608.18,0.04187,-4e-05
17.723833,854.214,1604,0.04152,-8e-05
17.7255,822.886,1601.91,0.04109,-8e-05
17.727167,787.381,1601.91,0.04058,-4e-05
17.728833,747.699,1593.56,0.03992,8e-05
17.7305,705.928,1589.38,0.0391,-4e-05
17.732167,655.803,1583.12,0.03824,-4e-05
17.733833,609.855,1576.85,0.03723,0
17.7355,557.641,1570.58,0.03614,4e-05
17.737167,507.516,1564.32,0.03485,0
17.738833,453.214,1555.96,0.03341,4e-05
17.7405,394.735,1547.61,0.03173,0
17.742167,340.433,1537.17,0.0299,4e-05
17.743833,281.953,1530.9,0.02779,8e-05
17.7455,221.386,1524.64,0.02557,0.00012
17.747167,160.818,1516.28,0.02319,0.00012
17.748833,102.339,1512.11,0.02054,8e-05
17.7505,39.6823,1505.84,0.01754,8e-05
17.752167,-18.7969,1507.93,0.01435,0.00012
17.753667,-81.4532,1505.84,0.01088,0.00012
17.755333,-142.021,1505.84,0.00737,0.00012
17.757,-204.677,1507.93,0.00374,0.00012
17.758667,-261.068,1518.37,-4e-05,0.00012
17.760333,-323.724,1530.9,-0.00394,8e-05
17.762,-382.203,1539.26,-0.00768,0.00012
17.763667,-442.771,1543.43,-0.01142,0.00012
17.765333,-497.073,1551.79,-0.01485,8e-05
17.767,-555.553,1562.23,-0.01824,8e-05
17.768667,-611.943,1574.76,-0.02125,8e-05
17.770333,-659.98,1585.2,-0.02397,8e-05
17.772,-708.016,1595.65,-0.02651,8e-05
17.773667,-751.876,1606.09,-0.02877,8e-05
17.775333,-793.647,1618.62,-0.03095,8e-05
17.777,-831.24,1626.98,-0.03317,8e-05
17.778667,-864.657,1635.33,-0.03516,4e-05
17.780333,-900.162,1645.77,-0.03692,8e-05
17.782,-927.313,1652.04,-0.03832,4e-05
17.783667,-952.376,1654.13,-0.03957,4e-05
17.785333,-975.35,1658.3,-0.0405,0
17.787,-992.058,1660.39,-0.04124,4e-05
17.788667,-1004.59,1660.39,-0.04183,0
17.790333,-1012.94,1662.48,-0.04233,4e-05
17.792,-1019.21,1664.57,-0.04265,0
17.793667,-1017.12,1664.57,-0.04284,0
17.795333,-1015.03,1660.39,-0.04292,4e-05
17.797,-1006.68,1658.3,-0.04296,0.00012
17.798667,-998.324,1658.3,-0.04292,0
17.800333,-981.615,1656.21,-0.04292,0
17.802,-956.553,1652.04,-0.04269,0
17.803667,-935.667,1652.04,-0.04253,4e-05
17.805167,-912.693,1645.77,-0.0423,0
17.806833,-883.454,1641.6,-0.04195,0
17.8085,-847.949,1639.51,-0.04148,0
17.810167,-810.355,1633.24,-0.04093,0
17.811833,-772.761,1624.89,-0.04027,0
17.8135,-730.99,1620.71,-0.03957,0.00015
17.815167,-685.042,1614.44,-0.03871,0
17.816833,-634.917,1604,-0.03766,0
17.8185,-586.881,1595.65,-0.03653,4e-05
17.820167,-534.667,1591.47,-0.03524,8e-05
17.821833,-482.454,1585.2,-0.0338,4e-05
17.8235,-423.974,1572.67,-0.03204,4e-05
17.825167,-365.495,1568.5,-0.03017,4e-05
17.826833,-304.927,1558.05,-0.02807,4e-05
17.8285,-246.448,1551.79,-0.02592,4e-05
17.830167,-183.792,1537.17,-0.02351,0.00019
17.831833,-125.313,1526.73,-0.02089,8e-05
17.8335,-62.6563,1518.37,-0.01813,8e-05
17.835167,-2.08854,1505.84,-0.01509,8e-05
17.836833,56.3907,1499.57,-0.01185,8e-05
17.8385,121.136,1499.57,-0.00826,8e-05
17.840167,179.615,1489.13,-0.00464,8e-05
17.841833,242.271,1470.33,-0.0009,8e-05
17.8435,298.662,1468.25,0.00285,0.00012
17.845167,359.229,1468.25,0.00686,0.00012
17.846833,419.797,1470.33,0.01068,0.00015
17.8485,478.276,1480.78,0.01415,0.00012
17.850167,534.667,1493.31,0.01746,0.00012
17.851833,586.881,1505.84,0.02058,8e-05
17.8535,637.006,1516.28,0.02339,8e-05
17.855167,689.219,1528.81,0.02608,8e-05
17.856667,730.99,1539.26,0.02838,4e-05
17.858333,770.673,1547.61,0.03068,8e-05
17.86,810.355,1560.14,0.03286,4e-05
17.861667,845.86,1570.58,0.03493,0
17.863333,879.277,1576.85,0.03657,4e-05
17.865,910.605,1587.29,0.03793,0
17.866667,933.579,1595.65,0.03906,-4e-05
17.868333,954.464,1599.82,0.04007,-4e-05
17.87,971.173,1597.74,0.04078,0
17.871667,983.704,1604,0.04148,-4e-05
17.873333,992.058,1606.09,0.04195,0
17.875,996.235,1606.09,0.04226,-4e-05
17.876667,998.324,1606.09,0.04253,-4e-05
17.878333,994.147,1608.18,0.04261,-8e-05
17.88,985.792,1606.09,0.04265,-8e-05
17.881667,975.35,1606.09,0.04265,0
17.883333,960.73,1604,0.04261,-4e-05
17.885,941.933,1606.09,0.04249,-8e-05
17.886667,921.048,1604,0.0423,-4e-05
17.888333,893.897,1599.82,0.04202,-8e-05
17.89,864.657,1599.82,0.04179,-4e-05
17.891667,835.417,1597.74,0.0414,-4e-05
17.893333,799.912,1591.47,0.04085,-4e-05
17.895,760.23,1587.29,0.04023,-4e-05
17.896667,720.547,1585.2,0.03953,-4e-05
17.898333,672.511,1574.76,0.03859,8e-05
17.9,626.563,1570.58,0.0377,-4e-05
17.901667,576.438,1564.32,0.0366,-4e-05
17.903333,526.313,1558.05,0.03544,0
17.905,472.011,1551.79,0.03399,-4e-05
17.9065,417.709,1543.43,0.03247,4e-05
17.908167,359.229,1535.08,0.03064,4e-05
17.909833,302.839,1526.73,0.02861,8e-05
17.9115,240.182,1520.46,0.02647,4e-05
17.913167,179.615,1510.02,0.02409,8e-05
17.914833,123.224,1503.75,0.02152,0.00019
17.9165,62.6563,1501.66,0.01859,8e-05
17.918167,0,1501.66,0.01544,8e-05
17.919833,-62.6563,1499.57,0.01212,8e-05
17.9215,-123.224,1499.57,0.00858,0.00012
17.923167,-183.792,1501.66,0.00503,0.00012
17.924833,-242.271,1505.84,0.00125,0.00012
17.9265,-304.927,1522.55,-0.00269,0.00012
17.928167,-363.407,1530.9,-0.00647,0.00012
17.929833,-423.974,1537.17,-0.01025,8e-05
17.9315,-480.365,1541.35,-0.0138,0.00019
17.933167,-536.756,1549.7,-0.01723,8e-05
17.934833,-593.146,1562.23,-0.02039,8e-05
17.9365,-645.36,1572.67,-0.02319,0.00012
17.938167,-693.396,1585.2,-0.02573,8e-05
17.939833,-739.344,1595.65,-0.02815,8e-05
17.9415,-779.027,1606.09,-0.03041,4e-05
17.943167,-820.798,1614.44,-0.03263,8e-05
17.944833,-854.214,1626.98,-0.03458,4e-05
17.9465,-889.72,1631.15,-0.03645,4e-05
17.948167,-918.959,1637.42,-0.03797,0
17.949833,-946.11,1643.68,-0.03929,0
17.9515,-969.084,1652.04,-0.04027,4e-05
17.953167,-987.881,1649.95,-0.04113,4e-05
17.954833,-1000.41,1652.04,-0.04175,0
17.9565,-1010.86,1656.21,-0.0423,0
17.958,-1015.03,1654.13,-0.04265,0
17.959667,-1017.12,1654.13,-0.04288,0
17.961333,-1017.12,1654.13,-0.04308,-4e-05
17.963,-1008.77,1652.04,-0.04308,0
17.964667,-998.324,1649.95,-0.04311,0
17.966333,-985.792,1652.04,-0.043,-4e-05
17.968,-966.996,1647.86,-0.04288,0
17.969667,-944.022,1645.77,-0.04272,0
17.971333,-918.959,1641.6,-0.04249,0
17.973,-889.72,1637.42,-0.04218,0
17.974667,-858.391,1633.24,-0.04179,0
17.976333,-822.886,1629.06,-0.04128,0
17.978,-787.381,1620.71,-0.04062,0
17.979667,-743.521,1614.44,-0.03996,0
17.981333,-699.662,1606.09,-0.03914,4e-05
17.983,-651.626,1601.91,-0.03812,0.00015
17.984667,-603.589,1593.56,-0.03703,4e-05
17.986333,-551.375,1585.2,-0.03582,0
17.988,-499.162,1576.85,-0.03438,0
17.989667,-442.771,1570.58,-0.03271,0
17.991333,-386.381,1562.23,-0.03091,0
17.993,-327.901,1549.7,-0.02889,4e-05
17.994667,-267.334,1543.43,-0.02674,4e-05
17.996333,-204.677,1535.08,-0.0244,4e-05
17.998,-146.198,1520.46,-0.02187,4e-05
17.999667,-81.4532,1512.11,-0.01914,0.00019
18.001333,-22.974,1503.75,-0.01622,4e-05
18.003,37.5938,1497.49,-0.01302,4e-05
18.004667,100.25,1493.31,-0.00947,4e-05
18.006333,160.818,1489.13,-0.00585,8e-05
18.008,221.386,1470.33,-0.00218,8e-05
18.0095,279.865,1464.07,0.00164,8e-05
18.011167,340.433,1461.98,0.00557,0.00012
18.012833,401,1466.16,0.00947,0.00012
18.0145,457.391,1474.51,0.01306,0.00012
18.016167,515.87,1487.04,0.01649,0.00023
18.017833,570.172,1499.57,0.01965,0.00012
18.0195,622.386,1507.93,0.02261,8e-05
18.021167,672.511,1520.46,0.0253,8e-05
18.022833,716.37,1532.99,0.02768,8e-05
18.0245,760.23,1543.43,0.03002,4e-05
18.026167,797.824,1551.79,0.03224,0
18.027833,835.417,1562.23,0.03438,4e-05
18.0295,868.834,1572.67,0.03614,0
18.031167,900.162,1581.03,0.03766,0
18.032833,925.225,1587.29,0.03887,4e-05
18.0345,948.199,1593.56,0.03988,-4e-05
18.036167,964.907,1597.74,0.0407,-4e-05
18.037833,979.527,1599.82,0.04136,-8e-05
18.0395,989.97,1599.82,0.04195,-4e-05
18.041167,998.324,1608.18,0.04233,-4e-05
18.042833,1000.41,1604,0.04257,-8e-05
18.0445,996.235,1604,0.04269,-4e-05
18.046167,989.97,1601.91,0.04276,-4e-05
18.047833,981.615,1604,0.04276,-8e-05
18.0495,964.907,1601.91,0.04276,-8e-05
18.051167,950.287,1601.91,0.04269,-8e-05
18.052833,929.402,1599.82,0.04249,-4e-05
18.0545,904.339,1599.82,0.0423,-4e-05
18.056167,875.1,1595.65,0.04198,-4e-05
18.057833,845.86,1593.56,0.04159,-8e-05
18.0595,810.355,1591.47,0.04117,-4e-05
18.061,774.85,1583.12,0.04054,-4e-05
18.062667,735.167,1581.03,0.03988,0
18.064333,687.131,1576.85,0.03902,-4e-05
18.066,641.183,1570.58,0.0382,-4e-05
18.067667,593.146,1562.23,0.03711,0
18.069333,543.021,1555.96,0.03598,-4e-05
18.071,488.719,1549.7,0.03466,0
18.072667,434.417,1543.43,0.03314,4e-05
18.074333,378.026,1530.9,0.03138,4e-05
18.076,321.636,1526.73,0.02939,8e-05
18.077667,261.068,1518.37,0.02729,4e-05
18.079333,202.589,1507.93,0.02503,8e-05
18.081,142.021,1501.66,0.02249,8e-05
18.082667,81.4532,1499.57,0.01976,8e-05
18.084333,18.7969,1497.49,0.01657,0.00015
18.086,-39.6823,1495.4,0.01329,0.00012
18.087667,-102.339,1495.4,0.00982,0.00012
18.089333,-162.906,1497.49,0.00624,0.00012
18.091,-221.386,1499.57,0.00253,8e-05
18.092667,-284.042,1516.28,-0.00136,0.00012
18.094333,-342.521,1524.64,-0.00526,0.00012
18.096,-403.089,1528.81,-0.00904,8e-05
18.097667,-463.657,1535.08,-0.01267,4e-05
18.099333,-517.959,1545.52,-0.01618,8e-05
18.101,-574.349,1555.96,-0.01941,0.00023
18.102667,-630.74,1566.41,-0.02238,8e-05
18.104333,-678.777,1578.94,-0.02495,8e-05
18.106,-722.636,1589.38,-0.02737,8e-05
18.107667,-766.495,1599.82,-0.02967,8e-05
18.109333,-808.266,1612.36,-0.03193,4e-05
18.110833,-843.772,1618.62,-0.03399,8e-05
18.1125,-877.188,1626.98,-0.03594,4e-05
18.114167,-910.605,1633.24,-0.03758,4e-05
18.115833,-939.845,1639.51,-0.03898,4e-05
18.1175,-960.73,1645.77,-0.04007,0.00015
18.119167,-981.615,1645.77,-0.04097,0
18.120833,-996.235,1647.86,-0.04167,0
18.1225,-1008.77,1652.04,-0.04222,4e-05
18.124167,-1015.03,1652.04,-0.04261,0
18.125833,-1017.12,1649.95,-0.04288,-4e-05
18.1275,-1015.03,1649.95,-0.04308,0
18.129167,-1010.86,1649.95,-0.04311,0
18.130833,-1002.5,1649.95,-0.04315,0
18.1325,-989.97,1645.77,-0.04315,-4e-05
18.134167,-973.261,1645.77,-0.04308,0
18.135833,-952.376,1641.6,-0.04292,-8e-05
18.1375,-927.313,1637.42,-0.04272,0
18.139167,-900.162,1637.42,-0.04241,0
18.140833,-868.834,1631.15,-0.04202,0
18.1425,-837.506,1626.98,-0.04156,4e-05
18.144167,-795.735,1618.62,-0.04093,-4e-05
18.145833,-758.141,1612.36,-0.04027,0
18.1475,-712.193,1608.18,-0.03949,0
18.149167,-668.334,1599.82,-0.03859,-4e-05
18.150833,-620.297,1591.47,-0.03758,4e-05
18.1525,-568.084,1585.2,-0.03637,4e-05
18.154167,-515.87,1576.85,-0.03505,0
18.155833,-461.568,1568.5,-0.03345,0
18.1575,-405.177,1562.23,-0.03161,0
18.159167,-346.698,1553.88,-0.02967,4e-05
18.160833,-286.13,1545.52,-0.02756,4e-05
18.162333,-225.563,1532.99,-0.0253,4e-05
18.164,-167.083,1522.55,-0.0228,0
18.165667,-102.339,1512.11,-0.02011,4e-05
18.167333,-43.8594,1499.57,-0.01731,8e-05
18.169,18.7969,1493.31,-0.01415,8e-05
18.170667,79.3647,1493.31,-0.01068,8e-05
18.172333,142.021,1487.04,-0.00709,4e-05
18.174,200.5,1472.42,-0.00347,4e-05
18.175667,261.068,1464.07,0.00039,8e-05
18.177333,319.547,1461.98,0.00425,0.00012
18.179,380.115,1459.89,0.00823,8e-05
18.180667,438.594,1466.16,0.01197,8e-05
18.182333,497.073,1480.78,0.01548,0.00012
18.184,553.464,1493.31,0.01875,8e-05
18.185667,605.678,1505.84,0.02175,0.00023
18.187333,655.803,1516.28,0.02448,0.00012
18.189,703.839,1526.73,0.02705,8e-05
18.190667,745.61,1537.17,0.02931,4e-05
18.192333,785.292,1547.61,0.03165,8e-05
18.194,822.886,1558.05,0.03376,0
18.195667,858.391,1564.32,0.03567,4e-05
18.197333,889.72,1574.76,0.03731,0
18.199,914.782,1583.12,0.03863,0
18.200667,939.845,1587.29,0.03965,0
18.202333,958.641,1591.47,0.04054,8e-05
18.204,977.438,1595.65,0.04128,-4e-05
18.205667,985.792,1599.82,0.04183,0
18.207333,994.147,1599.82,0.04233,-4e-05
18.209,996.235,1601.91,0.04261,-8e-05
18.210667,998.324,1604,0.04276,0
18.212333,992.058,1601.91,0.04288,-4e-05
18.213833,983.704,1599.82,0.04288,-4e-05
18.2155,971.173,1599.82,0.04288,-8e-05
18.217167,952.376,1601.91,0.0428,-8e-05
18.218833,935.667,1597.74,0.04269,0
18.2205,912.693,1595.65,0.04249,-8e-05
18.222167,883.454,1595.65,0.04222,-8e-05
18.223833,856.303,1593.56,0.04191,-8e-05
18.2255,822.886,1587.29,0.04148,-8e-05
18.227167,789.469,1583.12,0.04085,-4e-05
18.228833,747.699,1581.03,0.04023,-4e-05
18.2305,705.928,1574.76,0.03949,-8e-05
18.232167,657.891,1568.5,0.03859,-4e-05
18.233833,611.943,1564.32,0.03758,-4e-05
18.2355,559.73,1558.05,0.03649,4e-05
18.237167,507.516,1549.7,0.03516,0
18.238833,453.214,1541.35,0.03372,4e-05
18.2405,396.823,1532.99,0.03208,4e-05
18.242167,340.433,1524.64,0.03013,4e-05
18.243833,279.865,1516.28,0.02807,8e-05
18.2455,219.297,1510.02,0.02585,4e-05
18.247167,160.818,1501.66,0.02339,0.00012
18.248833,102.339,1493.31,0.02074,0.00012
18.2505,41.7709,1493.31,0.01774,8e-05
18.252167,-18.7969,1493.31,0.01446,0.00012
18.253833,-83.5417,1493.31,0.01099,0.00012
18.2555,-142.021,1491.22,0.00745,0.00012
18.257167,-202.589,1493.31,0.00378,8e-05
18.258833,-263.156,1503.75,-4e-05,0.00012
18.2605,-323.724,1518.37,-0.00394,8e-05
18.262167,-382.203,1524.64,-0.00776,8e-05
18.263833,-444.86,1530.9,-0.01154,8e-05
18.265333,-499.162,1537.17,-0.01509,8e-05
18.267,-555.553,1549.7,-0.01844,0.00012
18.268667,-611.943,1560.14,-0.02148,8e-05
18.270333,-659.98,1570.58,-0.02425,0.00012
18.272,-710.105,1583.12,-0.02674,8e-05
18.273667,-753.964,1595.65,-0.02904,4e-05
18.275333,-791.558,1601.91,-0.03122,8e-05
18.277,-829.152,1610.27,-0.03349,8e-05
18.278667,-864.657,1620.71,-0.03544,4e-05
18.280333,-900.162,1631.15,-0.03719,4e-05
18.282,-927.313,1635.33,-0.03871,0
18.283667,-954.464,1639.51,-0.03988,4e-05
18.285333,-975.35,1645.77,-0.04085,4e-05
18.287,-992.058,1647.86,-0.04163,0.00012
18.288667,-1006.68,1645.77,-0.04222,-4e-05
18.290333,-1012.94,1647.86,-0.04265,4e-05
18.292,-1019.21,1649.95,-0.043,0
18.293667,-1019.21,1649.95,-0.04319,4e-05
18.295333,-1012.94,1645.77,-0.04331,0
18.297,-1006.68,1645.77,-0.04327,0
18.298667,-994.147,1645.77,-0.04331,0
18.300333,-979.527,1643.68,-0.04319,0
18.302,-960.73,1641.6,-0.04308,0
18.303667,-937.756,1637.42,-0.04292,0.00012
18.305333,-910.605,1633.24,-0.04269,0
18.307,-879.277,1631.15,-0.04226,-4e-05
18.308667,-847.949,1624.89,-0.04183,0
18.310333,-810.355,1618.62,-0.04128,0
18.312,-772.761,1612.36,-0.04066,0
18.313667,-728.902,1606.09,-0.03992,0
18.315167,-682.954,1595.65,-0.03906,4e-05
18.316833,-637.006,1591.47,-0.03801,-4e-05
18.3185,-586.881,1585.2,-0.03688,0
18.320167,-532.579,1576.85,-0.03559,0.00012
18.321833,-480.365,1566.41,-0.03407,4e-05
18.3235,-421.886,1560.14,-0.03232,0
18.325167,-365.495,1555.96,-0.03048,0
18.326833,-307.016,1543.43,-0.02838,0
18.3285,-246.448,1532.99,-0.02612,4e-05
18.330167,-185.88,1522.55,-0.02374,4e-05
18.331833,-123.224,1512.11,-0.02109,4e-05
18.3335,-62.6563,1501.66,-0.01828,0.00012
18.335167,0,1493.31,-0.01528,8e-05
18.336833,58.4792,1489.13,-0.01193,8e-05
18.3385,121.136,1487.04,-0.0083,8e-05
18.340167,179.615,1474.51,-0.00468,8e-05
18.341833,242.271,1461.98,-0.0009,8e-05
18.3435,300.75,1461.98,0.003,0.00012
18.345167,361.318,1455.71,0.00698,0.00012
18.346833,419.797,1457.8,0.0108,0.00012
18.3485,478.276,1472.42,0.01442,0.00012
18.350167,534.667,1484.95,0.01774,0.00012
18.351833,586.881,1497.49,0.02086,0.00012
18.3535,639.094,1505.84,0.0237,0.00012
18.355167,687.131,1518.37,0.02635,8e-05
18.356833,728.902,1530.9,0.02873,8e-05
18.3585,772.761,1539.26,0.03099,8e-05
18.360167,810.355,1549.7,0.03317,4e-05
18.361833,847.949,1562.23,0.03524,4e-05
18.3635,879.277,1570.58,0.03688,0
18.365167,910.605,1576.85,0.03832,0
18.366667,931.49,1581.03,0.03953,0
18.368333,956.553,1589.38,0.04046,0
18.37,971.173,1593.56,0.0412,0
18.371667,983.704,1591.47,0.04183,4e-05
18.373333,992.058,1599.82,0.04233,-4e-05
18.375,998.324,1601.91,0.04265,-4e-05
18.376667,998.324,1597.74,0.04284,-8e-05
18.378333,996.235,1597.74,0.04296,-8e-05
18.38,987.881,1599.82,0.04304,-4e-05
18.381667,975.35,1599.82,0.04304,-8e-05
18.383333,962.819,1595.65,0.043,-4e-05
18.385,944.022,1595.65,0.04284,-4e-05
18.386667,921.048,1595.65,0.04269,-8e-05
18.388333,891.808,1593.56,0.04241,0
18.39,864.657,1589.38,0.0421,-4e-05
18.391667,833.329,1587.29,0.04171,-4e-05
18.393333,797.824,1583.12,0.0412,-8e-05
18.395,760.23,1576.85,0.04058,-4e-05
18.396667,720.547,1574.76,0.03988,-4e-05
18.398333,672.511,1568.5,0.03902,-8e-05
18.4,624.474,1562.23,0.03809,-4e-05
18.401667,574.349,1553.88,0.03703,0
18.403333,524.224,1551.79,0.03579,0
18.405,472.011,1543.43,0.03434,8e-05
18.406667,417.709,1532.99,0.03278,0
18.408333,359.229,1524.64,0.03095,4e-05
18.41,302.839,1516.28,0.02892,4e-05
18.411667,242.271,1507.93,0.0267,4e-05
18.413333,181.703,1501.66,0.0244,8e-05
18.415,121.136,1491.22,0.02175,8e-05
18.416667,62.6563,1491.22,0.01883,0.00012
18.418167,0,1493.31,0.01559,0.00012
18.419833,-60.5678,1489.13,0.01228,0.00012
18.4215,-123.224,1487.04,0.00869,0.00015
18.423167,-183.792,1489.13,0.00503,0.00012
18.424833,-242.271,1497.49,0.00129,8e-05
18.4265,-302.839,1507.93,-0.00273,0.00012
18.428167,-363.407,1518.37,-0.00655,0.00012
18.429833,-426.063,1524.64,-0.01033,0.00012
18.4315,-482.454,1530.9,-0.01392,0.00012
18.433167,-536.756,1537.17,-0.01739,0.00012
18.434833,-593.146,1553.88,-0.02058,8e-05
18.4365,-647.448,1566.41,-0.02343,4e-05
18.438167,-695.485,1574.76,-0.02604,8e-05
18.439833,-739.344,1587.29,-0.02842,8e-05
18.4415,-781.115,1597.74,-0.03068,8e-05
18.443167,-820.798,1606.09,-0.0329,8e-05
18.444833,-854.214,1614.44,-0.03493,4e-05
18.4465,-889.72,1622.8,-0.03672,0
18.448167,-921.048,1633.24,-0.03832,4e-05
18.449833,-946.11,1635.33,-0.03965,0
18.4515,-969.084,1639.51,-0.0407,4e-05
18.453167,-987.881,1645.77,-0.04148,4e-05
18.454833,-1000.41,1645.77,-0.0421,4e-05
18.4565,-1010.86,1643.68,-0.04265,4e-05
18.458167,-1017.12,1645.77,-0.043,-4e-05
18.459833,-1019.21,1645.77,-0.04327,0
18.4615,-1012.94,1645.77,-0.04335,0
18.463167,-1008.77,1641.6,-0.04343,0
18.464833,-998.324,1643.68,-0.04339,-4e-05
18.4665,-985.792,1639.51,-0.04335,0
18.468,-964.907,1639.51,-0.04323,0
18.469667,-946.11,1633.24,-0.04304,0
18.471333,-918.959,1633.24,-0.04284,0
18.473,-889.72,1629.06,-0.04253,0.00012
18.474667,-858.391,1622.8,-0.04206,0
18.476333,-822.886,1618.62,-0.04156,-4e-05
18.478,-785.292,1614.44,-0.04093,0
18.479667,-741.433,1606.09,-0.04023,0
18.481333,-699.662,1597.74,-0.03941,-4e-05
18.483,-651.626,1591.47,-0.03848,4e-05
18.484667,-603.589,1581.03,-0.03738,4e-05
18.486333,-549.287,1576.85,-0.0361,0
18.488,-499.162,1570.58,-0.03469,0
18.489667,-440.683,1560.14,-0.03302,0.00015
18.491333,-384.292,1551.79,-0.03115,0
18.493,-325.813,1543.43,-0.02916,4e-05
18.494667,-265.245,1535.08,-0.02701,4e-05
18.496333,-206.766,1524.64,-0.02464,4e-05
18.498,-144.109,1510.02,-0.02206,4e-05
18.499667,-81.4532,1501.66,-0.0193,4e-05
18.501333,-20.8854,1495.4,-0.01641,4e-05
18.503,37.5938,1489.13,-0.01306,8e-05
18.504667,100.25,1482.87,-0.00955,8e-05
18.506333,160.818,1480.78,-0.00596,0.00015
18.508,223.474,1461.98,-0.00214,4e-05
18.509667,281.953,1455.71,0.00175,0.00012
18.511333,340.433,1451.54,0.00565,8e-05
18.513,401,1455.71,0.00959,8e-05
18.514667,459.48,1466.16,0.01329,8e-05
18.516333,515.87,1476.6,0.01668,0.00012
18.518,570.172,1489.13,0.01992,0.00012
18.5195,622.386,1501.66,0.02284,8e-05
18.521167,670.422,1514.19,0.02557,0.00012
18.522833,716.37,1524.64,0.02795,8e-05
18.5245,758.141,1530.9,0.03033,4e-05
18.526167,797.824,1543.43,0.03255,4e-05
18.527833,835.417,1555.96,0.03466,4e-05
18.5295,866.746,1562.23,0.03649,-4e-05
18.531167,900.162,1570.58,0.03801,0
18.532833,925.225,1578.94,0.03922,0
18.5345,948.199,1583.12,0.04027,0
18.536167,964.907,1585.2,0.04109,-4e-05
18.537833,981.615,1593.56,0.04175,-8e-05
18.5395,987.881,1593.56,0.0423,0
18.541167,994.147,1593.56,0.04269,-8e-05
18.542833,998.324,1595.65,0.04292,-8e-05
18.5445,996.235,1597.74,0.04308,-8e-05
18.546167,989.97,1595.65,0.04311,-8e-05
18.547833,981.615,1593.56,0.04311,-4e-05
18.5495,964.907,1595.65,0.04308,-4e-05
18.551167,948.199,1595.65,0.043,-8e-05
18.552833,927.313,1591.47,0.04288,-8e-05
18.5545,902.251,1591.47,0.04265,-8e-05
18.556167,877.188,1587.29,0.04237,-4e-05
18.557833,841.683,1585.2,0.04195,-4e-05
18.5595,810.355,1581.03,0.04148,-4e-05
18.561167,774.85,1578.94,0.04089,-4e-05
18.562833,735.167,1572.67,0.04027,-4e-05
18.5645,687.131,1566.41,0.03941,-4e-05
18.566167,643.271,1562.23,0.03851,-4e-05
18.567833,593.146,1555.96,0.03746,-4e-05
18.5695,540.933,1549.7,0.03629,-4e-05
18.571,488.719,1539.26,0.03489,0
18.572667,434.417,1532.99,0.03341,4e-05
18.574333,378.026,1526.73,0.03165,8e-05
18.576,321.636,1516.28,0.02967,4e-05
18.577667,258.979,1505.84,0.02752,4e-05
18.579333,200.5,1499.57,0.02526,8e-05
18.581,142.021,1493.31,0.02273,8e-05
18.582667,81.4532,1487.04,0.01992,8e-05
18.584333,20.8854,1487.04,0.01676,0.00012
18.586,-39.6823,1487.04,0.01341,0.00012
18.587667,-104.427,1487.04,0.0099,8e-05
18.589333,-164.995,1484.95,0.00624,0.00012
18.591,-225.563,1487.04,0.00253,0.00019
18.592667,-284.042,1499.57,-0.00133,0.00012
18.594333,-344.61,1516.28,-0.00526,0.00012
18.596,-403.089,1518.37,-0.00916,8e-05
18.597667,-461.568,1524.64,-0.01286,8e-05
18.599333,-517.959,1537.17,-0.01637,8e-05
18.601,-574.349,1545.52,-0.01965,0.00012
18.602667,-628.652,1555.96,-0.02261,0.00012
18.604333,-678.777,1568.5,-0.02534,8e-05
18.606,-724.725,1581.03,-0.02779,0.00012
18.607667,-766.495,1591.47,-0.03006,0.00019
18.609333,-808.266,1597.74,-0.03232,8e-05
18.611,-843.772,1608.18,-0.03438,8e-05
18.612667,-879.277,1618.62,-0.03629,8e-05
18.614333,-908.516,1622.8,-0.03801,4e-05
18.616,-939.845,1631.15,-0.03941,8e-05
18.617667,-962.819,1635.33,-0.0405,4e-05
18.619333,-981.615,1637.42,-0.04136,4e-05
18.621,-998.324,1639.51,-0.04206,0
18.6225,-1006.68,1643.68,-0.04261,0
18.624167,-1015.03,1643.68,-0.04304,8e-05
18.625833,-1019.21,1637.42,-0.04331,-4e-05
18.6275,-1015.03,1639.51,-0.04343,0
18.629167,-1012.94,1639.51,-0.04354,0
18.630833,-1002.5,1639.51,-0.0435,0
18.6325,-989.97,1635.33,-0.0435,4e-05
18.634167,-973.261,1635.33,-0.04335,4e-05
18.635833,-954.464,1631.15,-0.04323,0
18.6375,-925.225,1626.98,-0.04308,0
18.639167,-898.074,1624.89,-0.04269,0
18.640833,-868.834,1620.71,-0.04237,0
18.6425,-835.417,1612.36,-0.04191,-4e-05
18.644167,-797.824,1610.27,-0.04132,0
18.645833,-758.141,1604,-0.04062,0
18.6475,-712.193,1593.56,-0.03984,4e-05
18.649167,-666.245,1589.38,-0.0389,4e-05
18.650833,-618.209,1583.12,-0.03785,0
18.6525,-568.084,1574.76,-0.03672,0
18.654167,-515.87,1566.41,-0.03536,0
18.655833,-461.568,1560.14,-0.03368,4e-05
18.6575,-403.089,1551.79,-0.03189,0
18.659167,-346.698,1541.35,-0.03002,8e-05
18.660833,-286.13,1535.08,-0.02783,4e-05
18.6625,-223.474,1524.64,-0.02549,4e-05
18.664167,-167.083,1512.11,-0.02304,4e-05
18.665833,-102.339,1499.57,-0.02031,8e-05
18.6675,-41.7709,1491.22,-0.01743,4e-05
18.669167,18.7969,1484.95,-0.01431,0.00012
18.670833,77.2761,1478.69,-0.01084,8e-05
18.672333,142.021,1478.69,-0.00717,8e-05
18.674,202.589,1464.07,-0.00347,8e-05
18.675667,263.156,1451.54,0.00031,0.00015
18.677333,321.636,1445.27,0.00429,8e-05
18.679,382.203,1449.45,0.00834,0.00015
18.680667,438.594,1457.8,0.01212,8e-05
18.682333,499.162,1468.25,0.01567,0.00012
18.684,551.375,1480.78,0.01891,8e-05
18.685667,605.678,1495.4,0.02199,0.00012
18.687333,655.803,1505.84,0.02475,8e-05
18.689,703.839,1514.19,0.02729,8e-05
18.690667,745.61,1528.81,0.02967,4e-05
18.692333,785.292,1537.17,0.03193,0.00015
18.694,822.886,1545.52,0.03403,0
18.695667,858.391,1558.05,0.03598,4e-05
18.697333,889.72,1566.41,0.03758,-4e-05
18.699,916.871,1572.67,0.0389,0
18.700667,941.933,1576.85,0.04003,-4e-05
18.702333,962.819,1583.12,0.04093,0
18.704,975.35,1589.38,0.04163,-4e-05
18.705667,985.792,1589.38,0.04222,-8e-05
18.707333,994.147,1591.47,0.04269,-4e-05
18.709,996.235,1595.65,0.04296,4e-05
18.710667,996.235,1591.47,0.04315,-4e-05
18.712333,989.97,1591.47,0.04323,-4e-05
18.714,981.615,1593.56,0.04327,-8e-05
18.715667,971.173,1593.56,0.04323,-8e-05
18.717333,954.464,1589.38,0.04319,-8e-05
18.719,933.579,1587.29,0.04308,-4e-05
18.720667,910.605,1589.38,0.0428,-4e-05
18.722333,883.454,1585.2,0.04257,-4e-05
18.723833,856.303,1583.12,0.04226,-4e-05
18.7255,820.798,1581.03,0.04183,0
18.727167,787.381,1574.76,0.04124,-4e-05
18.728833,747.699,1568.5,0.04062,-4e-05
18.7305,703.839,1566.41,0.0398,-4e-05
18.732167,657.891,1560.14,0.0389,0
18.733833,605.678,1553.88,0.03793,-4e-05
18.7355,557.641,1547.61,0.03684,-4e-05
18.737167,507.516,1541.35,0.03551,0
18.738833,453.214,1530.9,0.03407,0
18.7405,396.823,1524.64,0.03232,0
18.742167,338.344,1516.28,0.03045,4e-05
18.743833,281.953,1507.93,0.02834,8e-05
18.7455,219.297,1499.57,0.02608,8e-05
18.747167,160.818,1491.22,0.02362,0.00012
18.748833,100.25,1487.04,0.02093,0.00012
18.7505,39.6823,1482.87,0.01789,0.00012
18.752167,-18.7969,1482.87,0.01462,0.00015
18.753833,-85.6303,1480.78,0.01115,8e-05
18.7555,-146.198,1480.78,0.00752,0.00015
18.757167,-204.677,1482.87,0.00382,0.00012
18.758833,-263.156,1493.31,-8e-05,0.00015
18.7605,-323.724,1507.93,-0.00402,0.00015
18.762167,-384.292,1512.11,-0.00787,8e-05
18.763833,-444.86,1516.28,-0.01166,0.00015
18.7655,-499.162,1526.73,-0.0152,8e-05
18.767167,-555.553,1537.17,-0.01863,8e-05
18.768833,-611.943,1547.61,-0.02171,8e-05
18.7705,-664.157,1560.14,-0.02452,8e-05
18.772167,-710.105,1574.76,-0.02698,0.00012
18.773833,-753.964,1583.12,-0.02935,8e-05
18.775333,-793.647,1589.38,-0.03161,8e-05
18.777,-831.24,1604,-0.03376,0.00019
18.778667,-864.657,1612.36,-0.03579,4e-05
18.780333,-900.162,1616.53,-0.03758,4e-05
18.782,-929.402,1626.98,-0.03906,4e-05
18.783667,-956.553,1631.15,-0.04023,4e-05
18.785333,-975.35,1633.24,-0.04124,4e-05
18.787,-992.058,1637.42,-0.04198,4e-05
18.788667,-1004.59,1637.42,-0.04253,0
18.790333,-1012.94,1637.42,-0.043,0
18.792,-1017.12,1641.6,-0.04335,0
18.793667,-1019.21,1637.42,-0.04354,0.00015
18.795333,-1012.94,1637.42,-0.04362,0
18.797,-1004.59,1635.33,-0.04366,0
18.798667,-994.147,1635.33,-0.04366,0
18.800333,-981.615,1631.15,-0.04354,0
18.802,-958.641,1629.06,-0.04343,0
18.803667,-939.845,1624.89,-0.04323,4e-05
18.805333,-910.605,1620.71,-0.043,0
18.807,-879.277,1616.53,-0.04261,0
18.808667,-845.86,1614.44,-0.04214,0
18.810333,-810.355,1610.27,-0.04163,0.00015
18.812,-770.673,1601.91,-0.04097,0
18.813667,-726.813,1593.56,-0.04023,-4e-05
18.815333,-682.954,1587.29,-0.03933,0
18.817,-634.917,1583.12,-0.03836,4e-05
18.818667,-584.792,1574.76,-0.03719,0
18.820333,-532.579,1566.41,-0.03582,0
18.822,-480.365,1560.14,-0.03434,4e-05
18.823667,-419.797,1551.79,-0.03255,0
18.825333,-365.495,1543.43,-0.03068,0
18.826833,-304.927,1530.9,-0.02861,4e-05
18.8285,-246.448,1522.55,-0.02639,4e-05
18.830167,-183.792,1512.11,-0.02394,8e-05
18.831833,-123.224,1503.75,-0.02128,4e-05
18.8335,-60.5678,1493.31,-0.01844,4e-05
18.835167,0,1484.95,-0.01548,8e-05
18.836833,56.3907,1478.69,-0.01201,0.00012
18.8385,123.224,1474.51,-0.00838,8e-05
18.840167,181.703,1461.98,-0.00472,8e-05
18.841833,242.271,1451.54,-0.00086,8e-05
18.8435,300.75,1447.36,0.00304,0.00012
18.845167,363.407,1443.18,0.00698,0.00015
18.846833,419.797,1449.45,0.01092,0.00012
18.8485,478.276,1461.98,0.01454,0.00012
18.850167,532.579,1474.51,0.01797,0.00012
18.851833,586.881,1484.95,0.02105,0.00012
18.8535,639.094,1499.57,0.02397,8e-05
18.855167,687.131,1512.11,0.02662,0.00012
18.856833,730.99,1518.37,0.02908,8e-05
18.8585,772.761,1530.9,0.03142,4e-05
18.860167,810.355,1539.26,0.03352,4e-05
18.861833,847.949,1551.79,0.03555,0.00012
18.8635,881.365,1560.14,0.03727,0
18.865167,908.516,1568.5,0.03875,0
18.866833,933.579,1572.67,0.03992,0
18.8685,954.464,1581.03,0.04081,0
18.870167,971.173,1583.12,0.04159,0
18.871833,983.704,1585.2,0.04222,-4e-05
18.8735,994.147,1589.38,0.04269,-8e-05
18.875167,998.324,1589.38,0.04304,-4e-05
18.876667,996.235,1589.38,0.04327,-8e-05
18.878333,996.235,1593.56,0.04335,4e-05
18.88,985.792,1591.47,0.04339,-8e-05
18.881667,977.438,1589.38,0.04343,-8e-05
18.883333,960.73,1589.38,0.04335,-4e-05
18.885,944.022,1589.38,0.04323,0
18.886667,921.048,1587.29,0.04308,-4e-05
18.888333,891.808,1581.03,0.04272,-4e-05
18.89,864.657,1581.03,0.04253,-4e-05
18.891667,833.329,1576.85,0.0421,0
18.893333,797.824,1572.67,0.04152,0
18.895,760.23,1570.58,0.04097,8e-05
18.896667,718.459,1564.32,0.04023,-4e-05
18.898333,672.511,1555.96,0.03933,0
18.9,626.563,1551.79,0.0384,0
18.901667,576.438,1545.52,0.03731,0
18.903333,524.224,1539.26,0.0361,0
18.905,469.922,1528.81,0.03469,4e-05
18.906667,415.62,1524.64,0.0331,4e-05
18.908333,359.229,1516.28,0.03122,4e-05
18.91,300.75,1503.75,0.02916,8e-05
18.911667,240.182,1497.49,0.02698,0.00015
18.913333,179.615,1491.22,0.0246,0.00012
18.915,119.047,1480.78,0.02199,0.00012
18.916667,62.6563,1480.78,0.01902,0.00012
18.918333,0,1480.78,0.01579,8e-05
18.92,-60.5678,1478.69,0.0124,0.00012
18.921667,-125.313,1474.51,0.00881,0.00012
18.923333,-185.88,1478.69,0.00507,0.00012
18.925,-244.36,1484.95,0.00129,0.00015
18.926667,-302.839,1499.57,-0.00265,0.00012
18.928167,-365.495,1510.02,-0.00663,0.00012
18.929833,-426.063,1512.11,-0.01045,8e-05
18.9315,-482.454,1518.37,-0.01411,0.00012
18.933167,-538.844,1530.9,-0.01762,0.00012
18.934833,-593.146,1545.52,-0.02082,8e-05
18.9365,-647.448,1553.88,-0.0237,0.00012
18.938167,-695.485,1564.32,-0.02631,8e-05
18.939833,-741.433,1576.85,-0.02873,0.00012
18.9415,-783.204,1587.29,-0.03095,0.00012
18.943167,-820.798,1593.56,-0.03314,8e-05
18.944833,-856.303,1604,-0.03524,4e-05
18.9465,-889.72,1616.53,-0.03715,4e-05
18.948167,-918.959,1622.8,-0.03867,0
18.949833,-948.199,1622.8,-0.03996,4e-05
18.9515,-969.084,1629.06,-0.04101,4e-05
18.953167,-987.881,1633.24,-0.04183,4e-05
18.954833,-1000.41,1633.24,-0.04249,0
18.9565,-1010.86,1633.24,-0.04296,0
18.958167,-1017.12,1637.42,-0.04335,4e-05
18.959833,-1019.21,1633.24,-0.04358,4e-05
18.9615,-1017.12,1633.24,-0.04366,0
18.963167,-1006.68,1631.15,-0.04374,0.00012
18.964833,-998.324,1629.06,-0.04378,4e-05
18.9665,-985.792,1629.06,-0.0437,4e-05
18.968167,-964.907,1624.89,-0.04358,4e-05
18.969833,-944.022,1624.89,-0.04339,0
18.9715,-918.959,1620.71,-0.04319,-4e-05
18.973167,-889.72,1616.53,-0.04284,0
18.974833,-858.391,1612.36,-0.04245,-4e-05
18.9765,-824.975,1608.18,-0.04191,-4e-05
18.978167,-785.292,1599.82,-0.04132,0
18.979667,-743.521,1595.65,-0.04058,0.00012
18.981333,-697.574,1587.29,-0.0398,4e-05
18.983,-651.626,1581.03,-0.03879,4e-05
18.984667,-601.501,1572.67,-0.03774,0
18.986333,-551.375,1568.5,-0.03645,0
18.988,-499.162,1560.14,-0.03497,0
18.989667,-442.771,1549.7,-0.03333,4e-05
18.991333,-384.292,1539.26,-0.03142,4e-05
18.993,-325.813,1535.08,-0.02943,4e-05
18.994667,-265.245,1524.64,-0.02721,0
18.996333,-202.589,1512.11,-0.02483,0.00019
18.998,-144.109,1499.57,-0.02226,4e-05
18.999667,-79.3647,1493.31,-0.01949,4e-05
19.001333,-22.974,1480.78,-0.01657,4e-05
19.003,37.5938,1476.6,-0.01325,0.00012
19.004667,100.25,1474.51,-0.00963,8e-05
19.006333,160.818,1468.25,-0.00593,8e-05
19.008,223.474,1451.54,-0.00211,4e-05
19.009667,284.042,1445.27,0.00175,8e-05
19.011333,340.433,1441.09,0.00569,8e-05
19.013,401,1441.09,0.00967,0.00019
19.014667,459.48,1453.63,0.01341,0.00012
19.016333,515.87,1466.16,0.01688,8e-05
19.018,570.172,1478.69,0.02011,0.00012
19.019667,622.386,1493.31,0.02312,8e-05
19.021333,674.6,1505.84,0.02585,0.00012
19.023,716.37,1512.11,0.0283,8e-05
19.024667,760.23,1522.55,0.03064,8e-05
19.026333,797.824,1535.08,0.03286,4e-05
19.028,835.417,1543.43,0.03497,4e-05
19.029667,868.834,1555.96,0.0368,0
19.031167,902.251,1560.14,0.03832,0
19.032833,925.225,1566.41,0.03953,0
19.0345,948.199,1574.76,0.04066,0
19.036167,964.907,1576.85,0.04144,0
19.037833,981.615,1581.03,0.0421,-4e-05
19.0395,992.058,1587.29,0.04269,-8e-05
19.041167,996.235,1589.38,0.04304,-4e-05
19.042833,996.235,1585.2,0.04327,-4e-05
19.0445,996.235,1589.38,0.04343,-4e-05
19.046167,987.881,1587.29,0.04347,-8e-05
19.047833,981.615,1587.29,0.0435,0
19.0495,964.907,1587.29,0.04347,-8e-05
19.051167,952.376,1585.2,0.04339,-4e-05
19.052833,925.225,1583.12,0.04319,-4e-05
19.0545,902.251,1583.12,0.043,-8e-05
19.056167,875.1,1578.94,0.04272,-4e-05
19.057833,845.86,1574.76,0.04233,0
19.0595,810.355,1570.58,0.04187,-4e-05
19.061167,774.85,1568.5,0.04132,-8e-05
19.062833,733.079,1562.23,0.04058,0
19.0645,687.131,1558.05,0.03972,8e-05
19.066167,641.183,1551.79,0.03883,0
19.067833,593.146,1543.43,0.03781,0
19.0695,540.933,1537.17,0.03664,0
19.071167,488.719,1530.9,0.03524,0
19.072833,434.417,1524.64,0.03376,0
19.0745,378.026,1512.11,0.03197,8e-05
19.076167,319.547,1505.84,0.02998,4e-05
19.077833,258.979,1499.57,0.02779,8e-05
19.0795,198.412,1489.13,0.02549,0.00012
19.081,137.844,1480.78,0.02288,0.00019
19.082667,81.4532,1476.6,0.02011,8e-05
19.084333,18.7969,1476.6,0.01696,0.00012
19.086,-41.7709,1474.51,0.01357,8e-05
19.087667,-102.339,1474.51,0.01002,8e-05
19.089333,-167.083,1474.51,0.00635,8e-05
19.091,-223.474,1476.6,0.00257,0.00012
19.092667,-281.953,1491.22,-0.00136,0.00012
19.094333,-346.698,1503.75,-0.00534,0.00012
19.096,-403.089,1507.93,-0.0092,0.00015
19.097667,-463.657,1512.11,-0.01298,0.00019
19.099333,-517.959,1524.64,-0.01653,0.00012
19.101,-576.438,1532.99,-0.01984,8e-05
19.102667,-630.74,1545.52,-0.02284,0.00012
19.104333,-678.777,1558.05,-0.02557,8e-05
19.106,-724.725,1570.58,-0.02795,8e-05
19.107667,-768.584,1578.94,-0.03033,8e-05
19.109333,-806.178,1587.29,-0.03259,8e-05
19.111,-843.772,1601.91,-0.03469,8e-05
19.112667,-877.188,1608.18,-0.03664,4e-05
19.114333,-910.605,1614.44,-0.03836,8e-05
19.116,-939.845,1622.8,-0.03976,0
19.117667,-962.819,1624.89,-0.04085,4e-05
19.119333,-981.615,1626.98,-0.04171,0
19.121,-996.235,1631.15,-0.04237,4e-05
19.122667,-1006.68,1631.15,-0.04296,4e-05
19.124333,-1015.03,1631.15,-0.04339,0
19.126,-1019.21,1631.15,-0.04366,0
19.127667,-1017.12,1631.15,-0.04378,0
19.129333,-1010.86,1629.06,-0.04389,0
19.131,-1002.5,1626.98,-0.04389,4e-05
19.1325,-989.97,1624.89,-0.04386,0
19.134167,-971.173,1626.98,-0.04378,0
19.135833,-952.376,1620.71,-0.04358,-4e-05
19.1375,-927.313,1618.62,-0.04343,0
19.139167,-898.074,1614.44,-0.04304,-4e-05
19.140833,-868.834,1608.18,-0.04269,4e-05
19.1425,-833.329,1604,-0.04222,4e-05
19.144167,-797.824,1599.82,-0.04163,4e-05
19.145833,-758.141,1593.56,-0.04097,0
19.1475,-712.193,1583.12,-0.04019,4e-05
19.149167,-668.334,1578.94,-0.03929,0.00012
19.150833,-618.209,1570.58,-0.0382,-4e-05
19.1525,-568.084,1564.32,-0.03703,4e-05
19.154167,-513.782,1555.96,-0.03559,0
19.155833,-459.48,1549.7,-0.03403,0
19.1575,-403.089,1543.43,-0.03216,0
19.159167,-346.698,1530.9,-0.03021,0
19.160833,-286.13,1524.64,-0.02811,8e-05
19.1625,-225.563,1514.19,-0.02577,4e-05
19.164167,-167.083,1499.57,-0.02323,4e-05
19.165833,-102.339,1491.22,-0.0205,0.00019
19.1675,-41.7709,1480.78,-0.01758,4e-05
19.169167,18.7969,1474.51,-0.01438,8e-05
19.170833,75.1876,1466.16,-0.01095,4e-05
19.1725,139.932,1464.07,-0.00725,8e-05
19.174167,202.589,1455.71,-0.00343,8e-05
19.175833,263.156,1441.09,0.00047,8e-05
19.1775,321.636,1436.92,0.00433,8e-05
19.179167,382.203,1441.09,0.00838,8e-05
19.180833,438.594,1445.27,0.0122,0.00012
19.1825,497.073,1461.98,0.01583,0.00023
19.184,551.375,1472.42,0.0191,0.00012
19.185667,605.678,1487.04,0.02226,8e-05
19.187333,655.803,1493.31,0.02503,0.00012
19.189,703.839,1507.93,0.02756,8e-05
19.190667,745.61,1516.28,0.0299,4e-05
19.192333,785.292,1524.64,0.03228,4e-05
19.194,822.886,1539.26,0.03442,0
19.195667,858.391,1549.7,0.03633,4e-05
19.197333,889.72,1555.96,0.03797,0
19.199,918.959,1564.32,0.03929,8e-05
19.200667,939.845,1570.58,0.04039,0
19.202333,960.73,1574.76,0.04128,0
19.204,977.438,1576.85,0.04202,-4e-05
19.205667,987.881,1581.03,0.04257,-4e-05
19.207333,996.235,1583.12,0.04304,-4e-05
19.209,996.235,1583.12,0.04331,-4e-05
19.210667,998.324,1585.2,0.0435,-4e-05
19.212333,992.058,1583.12,0.04362,-4e-05
19.214,981.615,1583.12,0.04358,-4e-05
19.215667,971.173,1581.03,0.04358,0
19.217333,956.553,1581.03,0.04354,-8e-05
19.219,929.402,1581.03,0.04331,-4e-05
19.220667,912.693,1576.85,0.04323,-4e-05
19.222333,883.454,1574.76,0.04292,-4e-05
19.224,854.214,1574.76,0.04261,-8e-05
19.225667,820.798,1568.5,0.04214,-8e-05
19.227333,785.292,1566.41,0.04163,-4e-05
19.229,747.699,1562.23,0.04097,-4e-05
19.230667,703.839,1555.96,0.04019,-4e-05
19.232333,655.803,1549.7,0.03926,-4e-05
19.234,609.855,1543.43,0.03824,-4e-05
19.2355,557.641,1537.17,0.03715,0
19.237167,507.516,1528.81,0.03586,4e-05
19.238833,451.125,1524.64,0.03434,0
19.2405,396.823,1514.19,0.03275,8e-05
19.242167,340.433,1503.75,0.03072,8e-05
19.243833,279.865,1495.4,0.02865,8e-05
19.2455,219.297,1491.22,0.02631,8e-05
19.247167,160.818,1480.78,0.02386,0.00012
19.248833,100.25,1474.51,0.02113,8e-05
19.2505,39.6823,1474.51,0.01805,0.00015
19.252167,-20.8854,1472.42,0.01477,8e-05
19.253833,-83.5417,1468.25,0.01119,8e-05
19.2555,-144.109,1468.25,0.00756,8e-05
19.257167,-204.677,1474.51,0.00386,0.00012
19.258833,-265.245,1480.78,-4e-05,0.00012
19.2605,-325.813,1495.4,-0.00405,0.00012
19.262167,-382.203,1503.75,-0.00791,0.00012
19.263833,-442.771,1505.84,-0.01181,0.00012
19.2655,-501.25,1514.19,-0.01548,0.00012
19.267167,-557.641,1528.81,-0.01891,0.00019
19.268833,-611.943,1539.26,-0.02199,0.00012
19.2705,-664.157,1549.7,-0.02475,8e-05
19.272167,-710.105,1562.23,-0.02729,8e-05
19.273833,-753.964,1574.76,-0.02963,0.00012
19.2755,-795.735,1583.12,-0.03185,0.00012
19.277167,-831.24,1591.47,-0.03403,8e-05
19.278833,-864.657,1601.91,-0.03606,0.00012
19.2805,-902.251,1610.27,-0.03793,8e-05
19.282167,-929.402,1614.44,-0.03937,8e-05
19.283833,-954.464,1618.62,-0.04062,0.00015
19.2855,-975.35,1626.98,-0.04156,4e-05
19.287,-992.058,1629.06,-0.0423,8e-05
19.288667,-1004.59,1624.89,-0.04288,4e-05
19.290333,-1012.94,1631.15,-0.04339,4e-05
19.292,-1019.21,1629.06,-0.04366,8e-05
19.293667,-1017.12,1626.98,-0.04389,0
19.295333,-1012.94,1626.98,-0.04401,0
19.297,-1004.59,1626.98,-0.04401,0
19.298667,-996.235,1622.8,-0.04401,0
19.300333,-981.615,1622.8,-0.04397,0.00012
19.302,-958.641,1618.62,-0.04378,0
19.303667,-935.667,1618.62,-0.04362,4e-05
19.305333,-908.516,1610.27,-0.04335,0
19.307,-881.365,1608.18,-0.043,4e-05
19.308667,-845.86,1604,-0.04249,0
19.310333,-808.266,1599.82,-0.04198,0
19.312,-772.761,1591.47,-0.04128,4e-05
19.313667,-728.902,1587.29,-0.04058,0
19.315333,-682.954,1581.03,-0.03968,0
19.317,-632.829,1570.58,-0.03871,0
19.318667,-584.792,1564.32,-0.03754,0
19.320333,-532.579,1555.96,-0.03618,0
19.322,-480.365,1549.7,-0.03466,4e-05
19.323667,-419.797,1541.35,-0.03286,4e-05
19.325333,-365.495,1532.99,-0.03099,4e-05
19.327,-302.839,1522.55,-0.02889,4e-05
19.328667,-244.36,1514.19,-0.02663,0
19.330333,-181.703,1501.66,-0.02409,4e-05
19.332,-123.224,1489.13,-0.02148,8e-05
19.333667,-60.5678,1480.78,-0.01867,8e-05
19.335333,0,1472.42,-0.01559,8e-05
19.336833,58.4792,1468.25,-0.01216,8e-05
19.3385,121.136,1461.98,-0.00854,8e-05
19.340167,179.615,1453.63,-0.00476,8e-05
19.341833,242.271,1443.18,-0.00086,0.00012
19.3435,302.839,1436.92,0.003,0.00012
19.345167,361.318,1430.65,0.00709,0.00012
19.346833,419.797,1441.09,0.01099,0.00012
19.3485,478.276,1451.54,0.01474,0.00012
19.350167,534.667,1464.07,0.01809,0.00012
19.351833,586.881,1476.6,0.02125,0.00019
19.3535,639.094,1489.13,0.02425,0.00012
19.355167,689.219,1497.49,0.02686,0.00012
19.356833,733.079,1507.93,0.02928,4e-05
19.3585,772.761,1518.37,0.03161,8e-05
19.360167,810.355,1530.9,0.0338,8e-05
19.361833,847.949,1539.26,0.03586,4e-05
19.3635,881.365,1549.7,0.03758,4e-05
19.365167,908.516,1555.96,0.03898,4e-05
19.366833,933.579,1562.23,0.04015,0
19.3685,954.464,1568.5,0.04117,0.00012
19.370167,971.173,1574.76,0.04195,0
19.371833,983.704,1576.85,0.04253,-4e-05
19.3735,992.058,1578.94,0.043,0
19.375167,998.324,1581.03,0.04335,-4e-05
19.376833,996.235,1581.03,0.04358,-4e-05
19.3785,992.058,1581.03,0.0437,-4e-05
19.380167,987.881,1578.94,0.04374,-4e-05
19.381833,977.438,1581.03,0.0437,-4e-05
19.3835,960.73,1578.94,0.0437,-4e-05
19.385167,941.933,1576.85,0.04358,8e-05
19.386833,918.959,1576.85,0.04335,-4e-05
19.388333,893.897,1572.67,0.04311,-4e-05
19.39,864.657,1572.67,0.04284,-4e-05
19.391667,831.24,1568.5,0.04245,-8e-05
19.393333,799.912,1566.41,0.04195,-4e-05
19.395,758.141,1558.05,0.04128,-4e-05
19.396667,716.37,1553.88,0.04054,-4e-05
19.398333,668.334,1547.61,0.03965,-4e-05
19.4,624.474,1543.43,0.03875,0
19.401667,574.349,1535.08,0.03762,8e-05
19.403333,524.224,1528.81,0.03633,0
19.405,469.922,1522.55,0.03501,4e-05
19.406667,415.62,1514.19,0.03337,4e-05
19.408333,357.141,1501.66,0.03154,4e-05
19.41,298.662,1497.49,0.02943,0.00012
19.411667,238.094,1487.04,0.02721,8e-05
19.413333,179.615,1478.69,0.02483,8e-05
19.415,119.047,1472.42,0.02218,8e-05
19.416667,60.5678,1470.33,0.01918,8e-05
19.418333,0,1468.25,0.0159,8e-05
19.42,-62.6563,1466.16,0.01247,8e-05
19.421667,-123.224,1468.25,0.00889,8e-05
19.423333,-185.88,1468.25,0.00511,0.00012
19.425,-244.36,1474.51,0.00125,0.00015
19.426667,-302.839,1493.31,-0.00281,0.00015
19.428333,-363.407,1497.49,-0.00674,0.00015
19.43,-426.063,1501.66,-0.0106,0.00015
19.431667,-482.454,1510.02,-0.01427,0.00012
19.433333,-536.756,1520.46,-0.01778,8e-05
19.435,-595.235,1528.81,-0.02105,0.00015
19.436667,-645.36,1543.43,-0.02394,0.00015
19.438333,-695.485,1558.05,-0.02655,8e-05
19.439833,-741.433,1566.41,-0.02896,0.00012
19.4415,-781.115,1574.76,-0.03122,8e-05
19.443167,-820.798,1583.12,-0.03352,0.00012
19.444833,-856.303,1593.56,-0.03555,4e-05
19.4465,-889.72,1604,-0.03742,8e-05
19.448167,-918.959,1608.18,-0.03906,4e-05
19.449833,-948.199,1616.53,-0.04039,4e-05
19.4515,-969.084,1620.71,-0.04136,4e-05
19.453167,-987.881,1620.71,-0.04222,0.00015
19.454833,-1000.41,1622.8,-0.0428,4e-05
19.4565,-1010.86,1626.98,-0.04335,4e-05
19.458167,-1015.03,1626.98,-0.04366,0
19.459833,-1019.21,1624.89,-0.04397,4e-05
19.4615,-1012.94,1622.8,-0.04405,4e-05
19.463167,-1010.86,1624.89,-0.04413,0
19.464833,-1000.41,1620.71,-0.04413,0
19.4665,-985.792,1618.62,-0.04409,0
19.468167,-962.819,1618.62,-0.04397,0
19.469833,-944.022,1614.44,-0.04378,0.00012
19.4715,-918.959,1610.27,-0.04354,4e-05
19.473167,-889.72,1608.18,-0.04319,0
19.474833,-856.303,1601.91,-0.04276,4e-05
19.4765,-822.886,1595.65,-0.04226,0
19.478167,-785.292,1589.38,-0.04163,4e-05
19.479833,-741.433,1585.2,-0.04093,4e-05
19.4815,-697.574,1578.94,-0.04007,4e-05
19.483167,-649.537,1568.5,-0.03914,0
19.484833,-601.501,1562.23,-0.03801,0
19.4865,-549.287,1558.05,-0.0368,0.00012
19.488167,-499.162,1547.61,-0.03528,4e-05
19.489833,-440.683,1539.26,-0.03356,4e-05
19.491333,-382.203,1532.99,-0.03177,8e-05
19.493,-323.724,1524.64,-0.0297,4e-05
19.494667,-265.245,1512.11,-0.02748,4e-05
19.496333,-202.589,1501.66,-0.02503,8e-05
19.498,-142.021,1491.22,-0.02245,8e-05
19.499667,-81.4532,1480.78,-0.01957,8e-05
19.501333,-20.8854,1470.33,-0.01665,8e-05
19.503,39.6823,1464.07,-0.01333,0.00012
19.504667,102.339,1461.98,-0.00975,8e-05
19.506333,162.906,1455.71,-0.00593,8e-05
19.508,223.474,1439.01,-0.00214,8e-05
19.509667,284.042,1434.83,0.00179,0.00012
19.511333,340.433,1428.56,0.00581,0.00012
19.513,401,1430.65,0.00978,0.00015
19.514667,457.391,1443.18,0.01357,0.00012
19.516333,517.959,1457.8,0.01711,0.00012
19.518,568.084,1470.33,0.02035,0.00012
19.519667,624.474,1480.78,0.02339,0.00012
19.521333,672.511,1493.31,0.02612,8e-05
19.523,716.37,1503.75,0.02857,8e-05
19.524667,760.23,1512.11,0.03091,8e-05
19.526333,797.824,1524.64,0.03317,8e-05
19.528,835.417,1537.17,0.03536,4e-05
19.529667,868.834,1545.52,0.03719,0
19.531333,900.162,1549.7,0.03871,4e-05
19.533,927.313,1558.05,0.03996,0
19.534667,948.199,1564.32,0.04097,0
19.536333,964.907,1568.5,0.04179,0
19.538,979.527,1570.58,0.04249,8e-05
19.539667,989.97,1576.85,0.04304,0
19.541167,996.235,1576.85,0.04335,0
19.542833,996.235,1574.76,0.04366,-4e-05
19.5445,996.235,1574.76,0.04382,-4e-05
19.546167,989.97,1576.85,0.04386,-4e-05
19.547833,979.527,1576.85,0.04389,-4e-05
19.5495,964.907,1572.67,0.04382,-4e-05
19.551167,950.287,1574.76,0.04378,-8e-05
19.552833,927.313,1574.76,0.04354,-8e-05
19.5545,900.162,1570.58,0.04335,4e-05
19.556167,875.1,1570.58,0.04304,-8e-05
19.557833,843.772,1568.5,0.04269,-4e-05
19.5595,808.266,1562.23,0.04222,-4e-05
19.561167,772.761,1555.96,0.04163,0
19.562833,730.99,1553.88,0.04097,0
19.5645,687.131,1545.52,0.04011,-4e-05
19.566167,639.094,1541.35,0.03918,0
19.567833,593.146,1537.17,0.03816,0
19.5695,540.933,1528.81,0.03688,0
19.571167,484.542,1518.37,0.03555,0.00012
19.572833,432.328,1512.11,0.03403,4e-05
19.5745,378.026,1503.75,0.03224,4e-05
19.576167,317.459,1493.31,0.03025,8e-05
19.577833,258.979,1487.04,0.02807,0.00012
19.5795,200.5,1480.78,0.02573,0.00012
19.581167,137.844,1470.33,0.02312,8e-05
19.582833,81.4532,1464.07,0.02031,8e-05
19.5845,18.7969,1464.07,0.01711,0.00015
19.586167,-41.7709,1464.07,0.01368,8e-05
19.587833,-104.427,1459.89,0.01006,0.00023
19.5895,-164.995,1461.98,0.00643,0.00015
19.591167,-225.563,1466.16,0.00261,0.00012
19.592667,-284.042,1478.69,-0.00136,0.00012
19.594333,-346.698,1489.13,-0.00542,0.00012
19.596,-405.177,1497.49,-0.00932,0.00012
19.597667,-463.657,1503.75,-0.01314,0.00012
19.599333,-517.959,1510.02,-0.01672,0.00015
19.601,-576.438,1524.64,-0.02008,0.00012
19.602667,-628.652,1537.17,-0.02308,0.00012
19.604333,-680.865,1545.52,-0.02577,0.00012
19.606,-724.725,1558.05,-0.02826,8e-05
19.607667,-766.495,1568.5,-0.0306,0.00012
19.609333,-808.266,1578.94,-0.03278,0.00012
19.611,-843.772,1587.29,-0.03497,8e-05
19.612667,-877.188,1597.74,-0.03692,8e-05
19.614333,-908.516,1604,-0.03859,8e-05
19.616,-939.845,1610.27,-0.04004,4e-05
19.617667,-962.819,1616.53,-0.04117,4e-05
19.619333,-983.704,1618.62,-0.04202,4e-05
19.621,-996.235,1620.71,-0.04269,4e-05
19.622667,-1008.77,1620.71,-0.04323,4e-05
19.624333,-1012.94,1622.8,-0.04366,4e-05
19.626,-1019.21,1620.71,-0.04397,4e-05
19.627667,-1015.03,1620.71,-0.04417,0
19.629333,-1012.94,1618.62,-0.04421,4e-05
19.631,-1000.41,1620.71,-0.04417,0
19.632667,-989.97,1614.44,-0.04413,0
19.634333,-969.084,1612.36,-0.04401,4e-05
19.636,-952.376,1610.27,-0.04397,0
19.637667,-929.402,1608.18,-0.04366,0
19.639333,-902.251,1604,-0.04343,8e-05
19.641,-866.746,1599.82,-0.04304,0
19.642667,-833.329,1593.56,-0.04257,0
19.644167,-797.824,1587.29,-0.04195,0
19.645833,-756.053,1583.12,-0.04128,4e-05
19.6475,-714.282,1574.76,-0.04054,4e-05
19.649167,-666.245,1568.5,-0.03961,4e-05
19.650833,-618.209,1562.23,-0.03855,0
19.6525,-565.995,1555.96,-0.03731,4e-05
19.654167,-513.782,1545.52,-0.03586,4e-05
19.655833,-459.48,1539.26,-0.0343,0.00012
19.6575,-401,1532.99,-0.03247,4e-05
19.659167,-344.61,1524.64,-0.03052,0
19.660833,-286.13,1512.11,-0.0283,8e-05
19.6625,-221.386,1501.66,-0.02596,8e-05
19.664167,-162.906,1491.22,-0.02343,8e-05
19.665833,-102.339,1476.6,-0.0207,8e-05
19.6675,-41.7709,1468.25,-0.01774,8e-05
19.669167,18.7969,1466.16,-0.0145,8e-05
19.670833,79.3647,1457.8,-0.01095,8e-05
19.6725,142.021,1455.71,-0.00733,0.00015
19.674167,202.589,1439.01,-0.00355,0.00012
19.675833,263.156,1428.56,0.00047,0.00012
19.6775,321.636,1424.39,0.00437,0.00012
19.679167,380.115,1424.39,0.00846,0.00012
19.680833,440.683,1436.92,0.01236,0.00012
19.6825,499.162,1449.45,0.01602,0.00012
19.684167,553.464,1459.89,0.01934,0.00012
19.685833,605.678,1470.33,0.02253,0.00012
19.6875,655.803,1487.04,0.02534,8e-05
19.689167,705.928,1497.49,0.02791,0.00015
19.690833,747.699,1505.84,0.03029,4e-05
19.6925,787.381,1518.37,0.03263,8e-05
19.694167,822.886,1528.81,0.03481,4e-05
19.695667,858.391,1537.17,0.03672,4e-05
19.697333,889.72,1543.43,0.03832,4e-05
19.699,921.048,1555.96,0.03965,-4e-05
19.700667,941.933,1560.14,0.04078,0
19.702333,960.73,1564.32,0.04167,0
19.704,977.438,1568.5,0.04241,0
19.705667,987.881,1570.58,0.04296,-4e-05
19.707333,994.147,1570.58,0.04339,-4e-05
19.709,998.324,1572.67,0.0437,-4e-05
19.710667,996.235,1572.67,0.04389,-4e-05
19.712333,989.97,1572.67,0.04393,-8e-05
19.714,981.615,1572.67,0.04397,-4e-05
19.715667,971.173,1570.58,0.04393,-4e-05
19.717333,954.464,1572.67,0.04389,-8e-05
19.719,933.579,1570.58,0.04374,-4e-05
19.720667,908.516,1568.5,0.04354,-4e-05
19.722333,881.365,1566.41,0.04331,-4e-05
19.724,854.214,1564.32,0.04296,-4e-05
19.725667,820.798,1558.05,0.04253,-4e-05
19.727333,787.381,1553.88,0.04195,-8e-05
19.729,747.699,1551.79,0.04132,-4e-05
19.730667,701.751,1547.61,0.0405,0
19.732333,655.803,1539.26,0.03965,-4e-05
19.734,607.766,1535.08,0.03863,-4e-05
19.735667,555.553,1526.73,0.03746,0
19.737333,507.516,1518.37,0.03614,4e-05
19.739,451.125,1512.11,0.03466,4e-05
19.740667,396.823,1503.75,0.03302,0.00015
19.742333,338.344,1493.31,0.03107,8e-05
19.744,277.776,1484.95,0.02889,0.00012
19.7455,219.297,1476.6,0.02662,0.00012
19.747167,160.818,1466.16,0.02413,8e-05
19.748833,100.25,1461.98,0.02132,0.00012
19.7505,39.6823,1461.98,0.01828,0.00012
19.752167,-20.8854,1459.89,0.01493,0.00012
19.753833,-85.6303,1459.89,0.01142,0.00012
19.7555,-146.198,1457.8,0.00772,0.00012
19.757167,-204.677,1459.89,0.0039,0.00019
19.758833,-263.156,1468.25,0,0.00015
19.7605,-327.901,1484.95,-0.00413,0.00012
19.762167,-384.292,1491.22,-0.00803,0.00015
19.763833,-444.86,1493.31,-0.01189,0.00012
19.7655,-499.162,1503.75,-0.01555,8e-05
19.767167,-557.641,1516.28,-0.0191,0.00012
19.768833,-611.943,1526.73,-0.02214,0.00012
19.7705,-664.157,1539.26,-0.02499,8e-05
19.772167,-710.105,1553.88,-0.02752,8e-05
19.773833,-753.964,1562.23,-0.02994,0.00019
19.7755,-793.647,1570.58,-0.0322,4e-05
19.777167,-833.329,1581.03,-0.03438,4e-05
19.778833,-866.746,1591.47,-0.03641,8e-05
19.7805,-900.162,1597.74,-0.03824,4e-05
19.782167,-927.313,1601.91,-0.03972,4e-05
19.783833,-954.464,1610.27,-0.04097,8e-05
19.7855,-975.35,1614.44,-0.04191,8e-05
19.787167,-992.058,1614.44,-0.04265,0
19.788833,-1004.59,1616.53,-0.04327,4e-05
19.7905,-1012.94,1620.71,-0.0437,8e-05
19.792167,-1019.21,1620.71,-0.04409,0
19.793833,-1017.12,1616.53,-0.04421,4e-05
19.7955,-1015.03,1616.53,-0.04432,0
19.797,-1004.59,1616.53,-0.04432,4e-05
19.798667,-994.147,1614.44,-0.04436,4e-05
19.800333,-981.615,1608.18,-0.04425,0
19.802,-958.641,1608.18,-0.04413,0
19.803667,-933.579,1608.18,-0.04393,0
19.805333,-910.605,1601.91,-0.04366,0
19.807,-879.277,1599.82,-0.04327,0
19.808667,-845.86,1591.47,-0.04288,0
19.810333,-810.355,1587.29,-0.0423,0
19.812,-772.761,1581.03,-0.04167,0
19.813667,-728.902,1574.76,-0.04093,0
19.815333,-682.954,1566.41,-0.04004,0
19.817,-634.917,1560.14,-0.03902,4e-05
19.818667,-582.704,1553.88,-0.03781,-4e-05
19.820333,-530.49,1545.52,-0.03653,0
19.822,-478.276,1537.17,-0.03505,0
19.823667,-419.797,1530.9,-0.03317,4e-05
19.825333,-363.407,1522.55,-0.0313,8e-05
19.827,-304.927,1510.02,-0.02912,4e-05
19.828667,-244.36,1501.66,-0.02686,8e-05
19.830333,-183.792,1491.22,-0.02436,4e-05
19.832,-123.224,1478.69,-0.02171,8e-05
19.833667,-60.5678,1468.25,-0.01879,8e-05
19.835333,0,1459.89,-0.01571,4e-05
19.837,58.4792,1455.71,-0.01228,8e-05
19.838667,121.136,1451.54,-0.00862,8e-05
19.840333,183.792,1443.18,-0.00476,8e-05
19.842,242.271,1428.56,-0.00094,0.00019
19.843667,302.839,1424.39,0.00308,8e-05
19.845333,359.229,1418.12,0.00717,0.00012
19.847,421.886,1428.56,0.01119,0.00012
19.8485,482.454,1443.18,0.01485,0.00012
19.850167,534.667,1451.54,0.01832,0.00012
19.851833,588.969,1466.16,0.02156,8e-05
19.8535,641.183,1478.69,0.02444,0.00012
19.855167,687.131,1487.04,0.02709,8e-05
19.856833,733.079,1499.57,0.02959,0.00012
19.8585,772.761,1512.11,0.03197,0.00019
19.860167,810.355,1518.37,0.03415,4e-05
19.861833,847.949,1530.9,0.03625,4e-05
19.8635,879.277,1539.26,0.03793,4e-05
19.865167,910.605,1547.61,0.03937,0
19.866833,933.579,1551.79,0.04054,-4e-05
19.8685,954.464,1558.05,0.04152,0
19.870167,971.173,1562.23,0.04233,-4e-05
19.871833,985.792,1566.41,0.04296,-4e-05
19.8735,992.058,1564.32,0.04339,-4e-05
19.875167,1000.41,1570.58,0.04378,4e-05
19.876833,998.324,1570.58,0.04397,-8e-05
19.8785,994.147,1568.5,0.04409,-8e-05
19.880167,985.792,1568.5,0.04409,-4e-05
19.881833,977.438,1568.5,0.04409,-8e-05
19.8835,960.73,1568.5,0.04405,-4e-05
19.885167,939.845,1566.41,0.04393,-4e-05
19.886833,918.959,1564.32,0.0437,-4e-05
19.8885,893.897,1566.41,0.04347,-8e-05
19.890167,862.568,1562.23,0.04315,-4e-05
19.891833,831.24,1555.96,0.0428,4e-05
19.8935,797.824,1553.88,0.0423,-4e-05
19.895167,758.141,1549.7,0.04167,-4e-05
19.896833,718.459,1543.43,0.04093,-4e-05
19.8985,668.334,1539.26,0.04003,0
19.9,622.386,1532.99,0.0391,0
19.901667,572.261,1524.64,0.03801,0
19.903333,522.136,1518.37,0.03672,4e-05
19.905,469.922,1512.11,0.03532,4e-05
19.906667,413.532,1501.66,0.03368,8e-05
19.908333,357.141,1493.31,0.03189,8e-05
19.91,298.662,1484.95,0.02974,0.00012
19.911667,238.094,1474.51,0.02748,8e-05
19.913333,179.615,1468.25,0.0251,0.00012
19.915,121.136,1461.98,0.02241,0.00012
19.916667,60.5678,1457.8,0.01945,8e-05
19.918333,0,1455.71,0.0161,0.00012
19.92,-62.6563,1453.63,0.01259,0.00012
19.921667,-123.224,1453.63,0.00897,0.00012
19.923333,-183.792,1455.71,0.00522,0.00012
19.925,-244.36,1461.98,0.00129,0.00012
19.926667,-304.927,1476.6,-0.00281,0.00019
19.928333,-363.407,1487.04,-0.00678,0.00015
19.93,-423.974,1491.22,-0.01068,0.00012
19.931667,-480.365,1497.49,-0.01446,0.00012
19.933333,-536.756,1510.02,-0.01801,0.00012
19.935,-595.235,1520.46,-0.02128,0.00012
19.936667,-647.448,1530.9,-0.02417,0.00012
19.938333,-697.574,1543.43,-0.02686,8e-05
19.94,-741.433,1558.05,-0.02924,8e-05
19.941667,-781.115,1564.32,-0.0315,0.00012
19.943333,-820.798,1572.67,-0.0338,0.00015
19.945,-856.303,1585.2,-0.0359,8e-05
19.946667,-891.808,1593.56,-0.03777,8e-05
19.948333,-921.048,1597.74,-0.03941,8e-05
19.949833,-948.199,1604,-0.04074,4e-05
19.9515,-969.084,1610.27,-0.04175,4e-05
19.953167,-987.881,1610.27,-0.04253,4e-05
19.954833,-1000.41,1610.27,-0.04315,4e-05
19.9565,-1010.86,1614.44,-0.0437,4e-05
19.958167,-1017.12,1616.53,-0.04405,0
19.959833,-1019.21,1614.44,-0.04428,0.00012
19.9615,-1015.03,1612.36,-0.04444,0
19.963167,-1008.77,1612.36,-0.04448,4e-05
19.964833,-1000.41,1610.27,-0.04448,0
19.9665,-983.704,1608.18,-0.0444,0
19.968167,-962.819,1606.09,-0.04432,0
19.969833,-944.022,1604,-0.04413,0
19.9715,-914.782,1599.82,-0.04389,4e-05
19.973167,-889.72,1595.65,-0.04354,0
19.974833,-856.303,1593.56,-0.04311,4e-05
19.9765,-822.886,1587.29,-0.04265,0.00012
19.978167,-783.204,1578.94,-0.04198,4e-05
19.979833,-741.433,1572.67,-0.04128,0
19.9815,-697.574,1566.41,-0.04046,0
19.983167,-651.626,1558.05,-0.03953,0
19.984833,-601.501,1551.79,-0.0384,4e-05
19.9865,-549.287,1543.43,-0.03707,4e-05
19.988167,-497.073,1535.08,-0.03563,0
19.989833,-440.683,1528.81,-0.03391,8e-05
19.9915,-382.203,1524.64,-0.032,0
19.993167,-323.724,1512.11,-0.03002,8e-05
19.994833,-265.245,1499.57,-0.02779,4e-05
19.9965,-202.589,1491.22,-0.0253,8e-05
19.998167,-142.021,1478.69,-0.02269,4e-05
19.999833,-79.3647,1466.16,-0.0198,4e-05
20.001333,-22.974,1459.89,-0.01688,8e-05
20.003,39.6823,1453.63,-0.01349,0.00012
20.004667,100.25,1449.45,-0.00986,8e-05
20.006333,164.995,1443.18,-0.00604,8e-05
20.008,223.474,1426.48,-0.00214,0.00012
20.009667,284.042,1420.21,0.00183,0.00015
20.011333,342.521,1418.12,0.00585,0.00012
20.013,403.089,1422.3,0.00994,0.00012
20.014667,459.48,1430.65,0.01368,0.00012
20.016333,515.87,1443.18,0.01727,0.00015
20.018,572.261,1457.8,0.02058,0.00012
20.019667,624.474,1468.25,0.02362,0.00012
20.021333,670.422,1480.78,0.02635,0.00012
20.023,718.459,1491.22,0.02889,8e-05
20.024667,760.23,1501.66,0.03126,8e-05
20.026333,797.824,1512.11,0.03356,8e-05
20.028,835.417,1524.64,0.03571,0.00012
20.029667,870.923,1535.08,0.03754,4e-05
20.031333,900.162,1539.26,0.03906,0
20.033,925.225,1547.61,0.04031,0
20.034667,950.287,1555.96,0.04136,0
20.036333,964.907,1555.96,0.04218,-4e-05
20.038,981.615,1562.23,0.04288,0
20.039667,989.97,1564.32,0.04339,-4e-05
20.041333,996.235,1566.41,0.04382,-4e-05
20.043,998.324,1564.32,0.04401,-4e-05
20.044667,994.147,1566.41,0.04417,8e-05
20.046333,989.97,1566.41,0.04421,-4e-05
20.048,979.527,1566.41,0.04428,-4e-05
20.049667,964.907,1564.32,0.04421,-4e-05
20.051333,948.199,1564.32,0.04409,-4e-05
20.052833,927.313,1564.32,0.04397,-4e-05
20.0545,902.251,1560.14,0.0437,-4e-05
20.056167,873.011,1555.96,0.04339,-4e-05
20.057833,843.772,1555.96,0.04304,-4e-05
20.0595,810.355,1549.7,0.04257,-4e-05
20.061167,772.761,1545.52,0.04198,0.00012
20.062833,733.079,1541.35,0.04132,-4e-05
20.0645,687.131,1537.17,0.04046,0
20.066167,639.094,1530.9,0.03957,4e-05
20.067833,591.058,1524.64,0.03848,0
20.0695,538.844,1516.28,0.03727,0
20.071167,486.631,1510.02,0.0359,4e-05
20.072833,432.328,1501.66,0.03438,4e-05
20.0745,375.938,1493.31,0.03255,4e-05
20.076167,317.459,1482.87,0.03056,8e-05
20.077833,258.979,1474.51,0.0283,0.00019
20.0795,198.412,1466.16,0.02596,8e-05
20.081167,135.755,1459.89,0.02335,8e-05
20.082833,79.3647,1453.63,0.0205,0.00012
20.0845,18.7969,1451.54,0.01727,0.00012
20.086167,-43.8594,1449.45,0.01384,0.00012
20.087833,-104.427,1447.36,0.01025,0.00012
20.0895,-164.995,1449.45,0.00651,0.00012
20.091167,-225.563,1453.63,0.00265,0.00012
20.092833,-284.042,1470.33,-0.0014,0.00012
20.0945,-344.61,1476.6,-0.0055,0.00012
20.096167,-405.177,1482.87,-0.00943,0.00015
20.097833,-463.657,1489.13,-0.01325,8e-05
20.0995,-517.959,1499.57,-0.01688,0.00012
20.101167,-576.438,1510.02,-0.02027,0.00012
20.102833,-628.652,1524.64,-0.02331,0.00012
20.104333,-680.865,1537.17,-0.02604,0.00012
20.106,-724.725,1545.52,-0.02846,8e-05
20.107667,-770.673,1558.05,-0.03087,8e-05
20.109333,-808.266,1568.5,-0.03317,4e-05
20.111,-845.86,1578.94,-0.03532,8e-05
20.112667,-879.277,1587.29,-0.03731,8e-05
20.114333,-910.605,1593.56,-0.03902,8e-05
20.116,-939.845,1597.74,-0.04042,4e-05
20.117667,-962.819,1601.91,-0.04156,8e-05
20.119333,-981.615,1606.09,-0.04241,8e-05
20.121,-996.235,1608.18,-0.04311,4e-05
20.122667,-1008.77,1610.27,-0.04366,4e-05
20.124333,-1017.12,1608.18,-0.04405,4e-05
20.126,-1019.21,1610.27,-0.04436,4e-05
20.127667,-1015.03,1608.18,-0.04448,4e-05
20.129333,-1012.94,1606.09,-0.0446,8e-05
20.131,-1000.41,1606.09,-0.04456,4e-05
20.132667,-987.881,1606.09,-0.04456,0
20.134333,-973.261,1601.91,-0.04448,0
20.136,-952.376,1597.74,-0.04428,4e-05
20.137667,-927.313,1595.65,-0.04409,4e-05
20.139333,-900.162,1593.56,-0.04378,4e-05
20.141,-868.834,1587.29,-0.04335,0
20.142667,-833.329,1581.03,-0.04288,0
20.144333,-797.824,1576.85,-0.0423,4e-05
20.146,-756.053,1568.5,-0.04163,0.00012
20.147667,-710.105,1564.32,-0.04081,4e-05
20.149333,-666.245,1555.96,-0.03992,4e-05
20.151,-616.12,1549.7,-0.03887,0
20.152667,-568.084,1543.43,-0.03766,4e-05
20.154333,-511.693,1535.08,-0.03621,0
20.155833,-459.48,1524.64,-0.03462,0
20.1575,-401,1520.46,-0.03275,4e-05
20.159167,-344.61,1510.02,-0.03084,4e-05
20.160833,-284.042,1499.57,-0.02854,0
20.1625,-223.474,1489.13,-0.0262,0.00015
20.164167,-160.818,1478.69,-0.02366,4e-05
20.165833,-100.25,1466.16,-0.02086,4e-05
20.1675,-41.7709,1455.71,-0.01789,8e-05
20.169167,18.7969,1449.45,-0.01462,8e-05
20.170833,81.4532,1447.36,-0.01111,8e-05
20.1725,144.109,1441.09,-0.00729,8e-05
20.174167,202.589,1426.48,-0.00351,8e-05
20.175833,263.156,1416.03,0.00051,0.00012
20.1775,321.636,1411.86,0.00452,0.00012
20.179167,382.203,1411.86,0.00865,0.00019
20.180833,440.683,1422.3,0.01259,0.00012
20.1825,499.162,1436.92,0.01626,0.00015
20.184167,553.464,1449.45,0.01961,8e-05
20.185833,607.766,1459.89,0.02277,8e-05
20.1875,655.803,1474.51,0.02561,8e-05
20.189167,703.839,1484.95,0.02818,8e-05
20.190833,745.61,1493.31,0.0306,8e-05
20.1925,787.381,1505.84,0.03298,4e-05
20.194167,824.975,1516.28,0.03512,0
20.195833,860.48,1524.64,0.03707,4e-05
20.1975,889.72,1532.99,0.03871,4e-05
20.199167,921.048,1543.43,0.04003,0
20.200833,944.022,1547.61,0.04117,0
20.2025,960.73,1549.7,0.0421,0
20.204167,977.438,1555.96,0.0428,0
20.205667,987.881,1560.14,0.04331,-4e-05
20.207333,994.147,1560.14,0.04378,-4e-05
20.209,1000.41,1562.23,0.04409,-4e-05
20.210667,996.235,1564.32,0.04425,-4e-05
20.212333,989.97,1560.14,0.04428,-4e-05
20.214,983.704,1558.05,0.04436,-4e-05
20.215667,971.173,1562.23,0.04428,-4e-05
20.217333,956.553,1558.05,0.04428,-8e-05
20.219,931.49,1555.96,0.04413,-4e-05
20.220667,908.516,1555.96,0.04393,-8e-05
20.222333,881.365,1553.88,0.04366,-8e-05
20.224,852.126,1549.7,0.04335,-8e-05
20.225667,820.798,1545.52,0.04288,-8e-05
20.227333,785.292,1543.43,0.0423,-4e-05
20.229,745.61,1537.17,0.04167,-4e-05
20.230667,701.751,1530.9,0.04089,8e-05
20.232333,653.714,1524.64,0.03996,-4e-05
20.234,605.678,1522.55,0.03898,0
20.235667,555.553,1512.11,0.03781,0
20.237333,505.428,1505.84,0.03649,0
20.239,451.125,1499.57,0.03501,4e-05
20.240667,396.823,1491.22,0.03329,4e-05
20.242333,338.344,1478.69,0.03138,4e-05
20.244,277.776,1472.42,0.02924,8e-05
20.245667,217.209,1461.98,0.0269,8e-05
20.247333,158.729,1455.71,0.02436,0.00019
20.249,100.25,1449.45,0.0216,0.00012
20.250667,37.5938,1447.36,0.01852,0.00012
20.252333,-22.974,1443.18,0.01505,0.00012
20.254,-83.5417,1443.18,0.01154,0.00012
20.255667,-146.198,1443.18,0.0078,8e-05
20.257167,-204.677,1445.27,0.00398,8e-05
20.258833,-261.068,1455.71,-4e-05,0.00012
20.2605,-327.901,1472.42,-0.00421,8e-05
20.262167,-384.292,1476.6,-0.00811,0.00012
20.263833,-444.86,1480.78,-0.01201,0.00019
20.2655,-501.25,1489.13,-0.01579,0.00012
20.267167,-555.553,1503.75,-0.01922,0.00012
20.268833,-611.943,1512.11,-0.02238,0.00012
20.2705,-666.245,1524.64,-0.02526,8e-05
20.272167,-710.105,1541.35,-0.02779,8e-05
20.273833,-756.053,1549.7,-0.03021,8e-05
20.2755,-793.647,1555.96,-0.03255,8e-05
20.277167,-833.329,1568.5,-0.03473,8e-05
20.278833,-868.834,1576.85,-0.03676,8e-05
20.2805,-902.251,1585.2,-0.03863,8e-05
20.282167,-929.402,1591.47,-0.04015,4e-05
20.283833,-956.553,1597.74,-0.04136,4e-05
20.2855,-975.35,1599.82,-0.04226,4e-05
20.287167,-994.147,1601.91,-0.04304,4e-05
20.288833,-1004.59,1604,-0.04358,4e-05
20.2905,-1012.94,1604,-0.04409,4e-05
20.292167,-1019.21,1604,-0.0444,0
20.293833,-1017.12,1604,-0.04456,4e-05
20.2955,-1012.94,1601.91,-0.04467,4e-05
20.297167,-1006.68,1599.82,-0.04467,0
20.298833,-994.147,1601.91,-0.04471,0
20.3005,-979.527,1599.82,-0.0446,4e-05
20.302167,-958.641,1595.65,-0.04448,4e-05
20.303833,-935.667,1591.47,-0.04432,4e-05
20.3055,-908.516,1589.38,-0.04405,0
20.307167,-877.188,1585.2,-0.0437,0
20.308667,-845.86,1578.94,-0.04319,0
20.310333,-810.355,1574.76,-0.04265,0
20.312,-770.673,1568.5,-0.04198,0
20.313667,-726.813,1562.23,-0.04124,4e-05
20.315333,-680.865,1553.88,-0.04039,4e-05
20.317,-632.829,1547.61,-0.03933,0
20.318667,-582.704,1539.26,-0.0382,0
20.320333,-530.49,1530.9,-0.03688,4e-05
20.322,-478.276,1524.64,-0.03528,0
20.323667,-419.797,1516.28,-0.03349,4e-05
20.325333,-363.407,1505.84,-0.03154,4e-05
20.327,-302.839,1499.57,-0.02943,4e-05
20.328667,-244.36,1487.04,-0.02709,8e-05
20.330333,-179.615,1474.51,-0.02456,4e-05
20.332,-121.136,1466.16,-0.02187,0.00019
20.333667,-60.5678,1455.71,-0.01895,8e-05
20.335333,0,1443.18,-0.01583,8e-05
20.337,62.6563,1439.01,-0.01236,4e-05
20.338667,123.224,1439.01,-0.00862,8e-05
20.340333,183.792,1426.48,-0.00483,8e-05
20.342,242.271,1411.86,-0.00086,8e-05
20.343667,302.839,1411.86,0.00312,0.00012
20.345333,361.318,1407.68,0.00729,0.00015
20.347,421.886,1411.86,0.0113,0.00015
20.348667,480.365,1428.56,0.01509,0.00027
20.350333,534.667,1441.09,0.01856,0.00012
20.352,588.969,1449.45,0.02183,8e-05
20.353667,641.183,1464.07,0.02475,8e-05
20.355333,687.131,1476.6,0.02744,0.00012
20.357,733.079,1487.04,0.0299,8e-05
20.358667,772.761,1495.4,0.03228,4e-05
20.360167,810.355,1505.84,0.03458,8e-05
20.361833,847.949,1520.46,0.0366,4e-05
20.3635,881.365,1524.64,0.03832,0
20.365167,908.516,1537.17,0.03984,0.00012
20.366833,933.579,1541.35,0.04097,0
20.3685,956.553,1547.61,0.04198,-4e-05
20.370167,971.173,1549.7,0.04272,-4e-05
20.371833,985.792,1553.88,0.04339,-4e-05
20.3735,994.147,1555.96,0.04389,-8e-05
20.375167,998.324,1555.96,0.04425,-4e-05
20.376833,996.235,1558.05,0.0444,-8e-05
20.3785,994.147,1558.05,0.04452,-4e-05
20.380167,985.792,1558.05,0.04456,-8e-05
20.381833,977.438,1555.96,0.04452,0
20.3835,958.641,1553.88,0.04448,-8e-05
20.385167,941.933,1555.96,0.04432,-8e-05
20.386833,916.871,1553.88,0.04413,-4e-05
20.3885,891.808,1551.79,0.04393,-8e-05
20.390167,864.657,1549.7,0.04358,-8e-05
20.391833,831.24,1545.52,0.04319,-4e-05
20.3935,797.824,1541.35,0.04265,-4e-05
20.395167,758.141,1537.17,0.04202,-4e-05
20.396833,716.37,1530.9,0.04128,-4e-05
20.3985,668.334,1524.64,0.04039,-4e-05
20.400167,622.386,1518.37,0.03945,-4e-05
20.401833,572.261,1512.11,0.03836,0
20.4035,522.136,1505.84,0.03711,0
20.405167,467.834,1495.4,0.03567,0
20.406833,413.532,1489.13,0.03407,4e-05
20.4085,359.229,1480.78,0.03216,4e-05
20.41,296.573,1470.33,0.03006,8e-05
20.411667,236.005,1461.98,0.02779,8e-05
20.413333,177.526,1453.63,0.0253,0.00012
20.415,116.958,1445.27,0.02261,0.00012
20.416667,60.5678,1441.09,0.01965,0.00015
20.418333,0,1441.09,0.01629,8e-05
20.42,-62.6563,1439.01,0.01279,0.00012
20.421667,-125.313,1439.01,0.00908,8e-05
20.423333,-183.792,1441.09,0.0053,0.00012
20.425,-244.36,1447.36,0.00136,8e-05
20.426667,-304.927,1461.98,-0.00281,0.00012
20.428333,-363.407,1470.33,-0.00686,0.00012
20.43,-423.974,1474.51,-0.0108,0.00012
20.431667,-482.454,1480.78,-0.01462,0.00012
20.433333,-538.844,1495.4,-0.0182,0.00019
20.435,-595.235,1503.75,-0.02152,0.00012
20.436667,-647.448,1518.37,-0.0244,0.00012
20.438333,-697.574,1530.9,-0.02713,0.00012
20.44,-741.433,1543.43,-0.02955,0.00012
20.441667,-783.204,1551.79,-0.03181,8e-05
20.443333,-820.798,1560.14,-0.03415,8e-05
20.445,-856.303,1570.58,-0.03621,4e-05
20.446667,-889.72,1581.03,-0.03812,8e-05
20.448333,-921.048,1587.29,-0.03976,0
20.45,-948.199,1591.47,-0.04113,0.00012
20.451667,-971.173,1595.65,-0.0421,4e-05
20.453333,-987.881,1597.74,-0.04292,0
20.455,-1000.41,1597.74,-0.04354,4e-05
20.456667,-1012.94,1597.74,-0.04405,0
20.458333,-1017.12,1601.91,-0.0444,0
20.46,-1019.21,1599.82,-0.04463,0
20.4615,-1015.03,1597.74,-0.04475,0
20.463167,-1006.68,1599.82,-0.04483,0
20.464833,-998.324,1595.65,-0.04479,4e-05
20.4665,-985.792,1593.56,-0.04479,0.00012
20.468167,-964.907,1591.47,-0.04463,0
20.469833,-941.933,1589.38,-0.04444,0
20.4715,-916.871,1587.29,-0.04421,0
20.473167,-889.72,1583.12,-0.04389,0
20.474833,-856.303,1578.94,-0.04347,0
20.4765,-820.798,1572.67,-0.04292,0
20.478167,-781.115,1566.41,-0.04237,0
20.479833,-741.433,1560.14,-0.04163,0
20.4815,-693.396,1553.88,-0.04078,0
20.483167,-647.448,1543.43,-0.0398,4e-05
20.484833,-601.501,1537.17,-0.03875,4e-05
20.4865,-549.287,1530.9,-0.03742,0
20.488167,-494.985,1524.64,-0.03594,4e-05
20.489833,-438.594,1514.19,-0.03419,4e-05
20.4915,-382.203,1507.93,-0.03232,8e-05
20.493167,-321.636,1499.57,-0.03029,4e-05
20.494833,-263.156,1484.95,-0.02803,4e-05
20.4965,-202.589,1474.51,-0.02553,0
20.498167,-142.021,1464.07,-0.02288,4e-05
20.499833,-79.3647,1453.63,-0.02004,8e-05
20.5015,-18.7969,1445.27,-0.01696,4e-05
20.503167,39.6823,1439.01,-0.01357,8e-05
20.504833,100.25,1430.65,-0.0099,8e-05
20.5065,162.906,1424.39,-0.00608,8e-05
20.508167,223.474,1411.86,-0.00218,8e-05
20.509833,284.042,1405.59,0.00191,0.00012
20.5115,342.521,1401.41,0.00596,0.00012
20.513,401,1405.59,0.0101,0.00015
20.514667,459.48,1418.12,0.01396,0.00012
20.516333,517.959,1430.65,0.01754,0.00012
20.518,574.349,1443.18,0.02086,0.00019
20.519667,624.474,1457.8,0.0239,8e-05
20.521333,672.511,1468.25,0.02659,4e-05
20.523,718.459,1476.6,0.0292,8e-05
20.524667,760.23,1489.13,0.03165,8e-05
20.526333,799.912,1501.66,0.03388,4e-05
20.528,837.506,1512.11,0.03606,4e-05
20.529667,870.923,1518.37,0.03789,0
20.531333,902.251,1530.9,0.03941,0
20.533,927.313,1537.17,0.0407,-4e-05
20.534667,948.199,1543.43,0.04171,8e-05
20.536333,964.907,1545.52,0.04257,0
20.538,981.615,1549.7,0.04323,-4e-05
20.539667,989.97,1551.79,0.04374,-4e-05
20.541333,996.235,1553.88,0.04421,-8e-05
20.543,996.235,1555.96,0.0444,-4e-05
20.544667,994.147,1555.96,0.04456,-4e-05
20.546333,989.97,1551.79,0.04463,-8e-05
20.548,977.438,1553.88,0.04463,-4e-05
20.549667,966.996,1551.79,0.0446,-4e-05
20.551333,946.11,1551.79,0.04448,4e-05
20.553,927.313,1549.7,0.04432,-0.00012
20.554667,902.251,1549.7,0.04413,-4e-05
20.556333,875.1,1543.43,0.04382,-8e-05
20.558,841.683,1541.35,0.04347,-4e-05
20.559667,808.266,1539.26,0.04296,-4e-05
20.561333,772.761,1535.08,0.04237,-4e-05
20.563,730.99,1528.81,0.04171,0
20.5645,682.954,1522.55,0.04085,0
20.566167,639.094,1518.37,0.03992,-4e-05
20.567833,588.969,1512.11,0.03883,0.00012
20.5695,538.844,1501.66,0.03762,0
20.571167,486.631,1495.4,0.03621,0
20.572833,432.328,1489.13,0.03469,4e-05
20.5745,373.849,1478.69,0.0329,4e-05
20.576167,317.459,1468.25,0.03091,4e-05
20.577833,254.802,1461.98,0.02865,4e-05
20.5795,198.412,1449.45,0.02627,8e-05
20.581167,137.844,1443.18,0.02358,8e-05
20.582833,79.3647,1441.09,0.02074,0.00015
20.5845,18.7969,1439.01,0.0175,0.00012
20.586167,-41.7709,1434.83,0.01399,8e-05
20.587833,-104.427,1434.83,0.01041,8e-05
20.5895,-167.083,1434.83,0.00659,0.00012
20.591167,-227.651,1439.01,0.00269,0.00012
20.592833,-284.042,1455.71,-0.00136,8e-05
20.5945,-346.698,1464.07,-0.00554,0.00012
20.596167,-405.177,1468.25,-0.00947,0.00012
20.597833,-463.657,1470.33,-0.01337,8e-05
20.5995,-520.047,1484.95,-0.01707,0.00012
20.601167,-576.438,1495.4,-0.02043,0.00012
20.602833,-630.74,1507.93,-0.02355,0.00012
20.6045,-678.777,1520.46,-0.02631,8e-05
20.606167,-728.902,1532.99,-0.02881,8e-05
20.607833,-768.584,1541.35,-0.03115,8e-05
20.6095,-808.266,1549.7,-0.03352,4e-05
20.611167,-843.772,1562.23,-0.03563,4e-05
20.612833,-879.277,1570.58,-0.03766,4e-05
20.614333,-912.693,1576.85,-0.03937,4e-05
20.616,-939.845,1583.12,-0.04085,4e-05
20.617667,-962.819,1589.38,-0.04195,4e-05
20.619333,-981.615,1589.38,-0.04272,0.00015
20.621,-996.235,1591.47,-0.0435,0
20.622667,-1008.77,1595.65,-0.04401,0
20.624333,-1015.03,1593.56,-0.04444,0
20.626,-1019.21,1593.56,-0.04471,0
20.627667,-1017.12,1593.56,-0.04487,0
20.629333,-1012.94,1593.56,-0.04495,0
20.631,-1002.5,1589.38,-0.04491,0
20.632667,-989.97,1587.29,-0.04495,4e-05
20.634333,-969.084,1587.29,-0.04479,4e-05
20.636,-952.376,1583.12,-0.04463,0.00012
20.637667,-927.313,1581.03,-0.04448,0
20.639333,-898.074,1576.85,-0.04417,0
20.641,-866.746,1570.58,-0.04374,0
20.642667,-833.329,1566.41,-0.04323,0
20.644333,-795.735,1562.23,-0.04265,0
20.646,-756.053,1555.96,-0.04198,0
20.647667,-710.105,1545.52,-0.0412,0
20.649333,-666.245,1539.26,-0.04027,0
20.651,-616.12,1535.08,-0.03918,0
20.652667,-568.084,1526.73,-0.03801,0.00015
20.654333,-511.693,1518.37,-0.03657,0
20.656,-457.391,1512.11,-0.03493,0
20.657667,-401,1503.75,-0.0331,4e-05
20.659333,-342.521,1493.31,-0.03111,4e-05
20.661,-281.953,1482.87,-0.02885,4e-05
20.662667,-221.386,1474.51,-0.02643,0
20.664333,-162.906,1459.89,-0.02386,4e-05
20.665833,-100.25,1447.36,-0.02105,4e-05
20.6675,-39.6823,1441.09,-0.01805,4e-05
20.669167,20.8854,1432.74,-0.01477,0.00012
20.670833,79.3647,1424.39,-0.01123,8e-05
20.6725,142.021,1424.39,-0.00737,8e-05
20.674167,202.589,1411.86,-0.00351,4e-05
20.675833,263.156,1397.24,0.00051,0.00012
20.6775,321.636,1393.06,0.00456,8e-05
20.679167,382.203,1397.24,0.00877,0.00012
20.680833,440.683,1403.5,0.01267,8e-05
20.6825,497.073,1418.12,0.01637,0.00012
20.684167,553.464,1434.83,0.01984,4e-05
20.685833,607.766,1443.18,0.02304,8e-05
20.6875,655.803,1453.63,0.02585,4e-05
20.689167,703.839,1466.16,0.02846,8e-05
20.690833,747.699,1478.69,0.03095,4e-05
20.6925,787.381,1487.04,0.03329,4e-05
20.694167,822.886,1495.4,0.03547,4e-05
20.695833,860.48,1510.02,0.0375,4e-05
20.6975,891.808,1516.28,0.0391,0
20.699167,921.048,1520.46,0.04046,0
20.700833,941.933,1528.81,0.04156,-4e-05
20.7025,962.819,1535.08,0.04249,-4e-05
20.704167,977.438,1537.17,0.04319,0
20.705833,987.881,1539.26,0.04378,-8e-05
20.7075,996.235,1541.35,0.04421,-4e-05
20.709167,998.324,1543.43,0.04452,-8e-05
20.710833,996.235,1541.35,0.04471,-8e-05
20.7125,994.147,1543.43,0.04479,-4e-05
20.714167,983.704,1545.52,0.04479,-0.00012
20.715833,971.173,1541.35,0.04475,-8e-05
20.717333,952.376,1539.26,0.04467,-4e-05
20.719,933.579,1539.26,0.0446,-8e-05
20.720667,908.516,1539.26,0.04436,4e-05
20.722333,883.454,1532.99,0.04405,-0.00012
20.724,854.214,1532.99,0.04374,-8e-05
20.725667,820.798,1528.81,0.04327,-8e-05
20.727333,785.292,1524.64,0.04272,-4e-05
20.729,745.61,1518.37,0.0421,-8e-05
20.730667,701.751,1514.19,0.04132,-8e-05
20.732333,653.714,1505.84,0.04042,0
20.734,607.766,1499.57,0.03941,-4e-05
20.735667,557.641,1493.31,0.0382,-4e-05
20.737333,505.428,1487.04,0.03688,0.00012
20.739,449.037,1478.69,0.03536,0
20.740667,394.735,1468.25,0.03364,0
20.742333,338.344,1459.89,0.03169,0
20.744,277.776,1451.54,0.02959,4e-05
20.745667,217.209,1443.18,0.02721,4e-05
20.747333,160.818,1430.65,0.02464,8e-05
20.749,98.1615,1426.48,0.02183,8e-05
20.750667,39.6823,1424.39,0.01875,8e-05
20.752333,-22.974,1422.3,0.01524,8e-05
20.754,-85.6303,1424.39,0.01166,0.00015
20.755667,-146.198,1422.3,0.00791,8e-05
20.757333,-204.677,1422.3,0.00402,8e-05
20.759,-265.245,1434.83,0,8e-05
20.760667,-325.813,1449.45,-0.00417,8e-05
20.762333,-386.381,1455.71,-0.00823,8e-05
20.764,-444.86,1457.8,-0.01212,8e-05
20.765667,-501.25,1468.25,-0.0159,0.00012
20.767333,-559.73,1478.69,-0.01949,8e-05
20.768833,-614.032,1491.22,-0.02265,8e-05
20.7705,-664.157,1505.84,-0.02557,0.00012
20.772167,-712.193,1516.28,-0.02811,8e-05
20.773833,-756.053,1524.64,-0.03052,4e-05
20.7755,-795.735,1537.17,-0.03286,4e-05
20.777167,-833.329,1547.61,-0.03508,4e-05
20.778833,-866.746,1555.96,-0.03715,8e-05
20.7805,-900.162,1562.23,-0.03902,0
20.782167,-931.49,1570.58,-0.0405,4e-05
20.783833,-956.553,1576.85,-0.04171,4e-05
20.7855,-975.35,1576.85,-0.04261,4e-05
20.787167,-992.058,1581.03,-0.04339,0
20.788833,-1002.5,1581.03,-0.04401,4e-05
20.7905,-1012.94,1581.03,-0.04444,-4e-05
20.792167,-1017.12,1583.12,-0.04479,-4e-05
20.793833,-1019.21,1583.12,-0.04499,0
20.7955,-1012.94,1581.03,-0.04502,0
20.797167,-1004.59,1581.03,-0.04506,-4e-05
20.798833,-994.147,1576.85,-0.0451,0
20.8005,-981.615,1576.85,-0.04499,0
20.802167,-958.641,1572.67,-0.04483,-4e-05
20.803833,-933.579,1570.58,-0.04463,-4e-05
20.8055,-908.516,1568.5,-0.0444,4e-05
20.807167,-879.277,1562.23,-0.04405,-4e-05
20.808833,-845.86,1555.96,-0.04358,-4e-05
20.8105,-808.266,1551.79,-0.043,0
20.812167,-770.673,1545.52,-0.04237,0
20.813833,-728.902,1537.17,-0.04159,-4e-05
20.8155,-680.865,1532.99,-0.0407,0
20.817167,-630.74,1524.64,-0.03968,-4e-05
20.818667,-582.704,1516.28,-0.03855,0
20.820333,-530.49,1510.02,-0.03715,0
20.822,-478.276,1503.75,-0.03559,4e-05
20.823667,-419.797,1493.31,-0.0338,0
20.825333,-361.318,1487.04,-0.03189,0
20.827,-302.839,1476.6,-0.02974,0
20.828667,-242.271,1464.07,-0.0274,0
20.830333,-181.703,1453.63,-0.02479,0
20.832,-123.224,1443.18,-0.02206,0
20.833667,-58.4792,1430.65,-0.01914,4e-05
20.835333,0,1424.39,-0.01594,4e-05
20.837,60.5678,1418.12,-0.01247,4e-05
20.838667,123.224,1413.94,-0.00869,0.00019
20.840333,183.792,1403.5,-0.00487,8e-05
20.842,244.36,1390.97,-0.00082,8e-05
20.843667,302.839,1386.79,0.00324,8e-05
20.845333,361.318,1382.62,0.00733,0.00012
20.847,419.797,1390.97,0.01142,0.00012
20.848667,478.276,1405.59,0.01528,8e-05
20.850333,534.667,1418.12,0.01879,4e-05
20.852,588.969,1430.65,0.02206,8e-05
20.853667,641.183,1445.27,0.02503,8e-05
20.855333,689.219,1455.71,0.02772,0.00012
20.857,733.079,1464.07,0.03021,0
20.858667,772.761,1474.51,0.03263,4e-05
20.860333,810.355,1489.13,0.03497,4e-05
20.862,847.949,1495.4,0.03699,0
20.863667,881.365,1505.84,0.03867,0
20.865333,908.516,1516.28,0.04019,-4e-05
20.867,933.579,1518.37,0.04136,-4e-05
20.868667,956.553,1524.64,0.04237,-8e-05
20.870167,971.173,1530.9,0.04311,-4e-05
20.871833,985.792,1535.08,0.04374,-8e-05
20.8735,989.97,1532.99,0.04421,-8e-05
20.875167,998.324,1532.99,0.0446,-8e-05
20.876833,996.235,1537.17,0.04479,-8e-05
20.8785,994.147,1537.17,0.04491,-8e-05
20.880167,983.704,1532.99,0.04495,-8e-05
20.881833,975.35,1535.08,0.04491,-0.00012
20.8835,960.73,1537.17,0.04487,-0.00015
20.885167,939.845,1532.99,0.04475,-0.00012
20.886833,916.871,1530.9,0.04456,-0.00012
20.8885,891.808,1528.81,0.04428,-8e-05
20.890167,862.568,1526.73,0.04397,-4e-05
20.891833,831.24,1522.55,0.04358,-0.00012
20.8935,797.824,1520.46,0.04304,-0.00012
20.895167,758.141,1518.37,0.04245,-8e-05
20.896833,716.37,1507.93,0.04175,-8e-05
20.8985,670.422,1503.75,0.04085,-8e-05
20.900167,622.386,1497.49,0.03984,-4e-05
20.901833,572.261,1491.22,0.03875,-4e-05
20.9035,520.047,1480.78,0.03746,-4e-05
20.905167,465.745,1474.51,0.03602,-4e-05
20.906833,411.443,1468.25,0.03442,8e-05
20.9085,355.052,1455.71,0.03251,0
20.910167,298.662,1445.27,0.03041,4e-05
20.911833,236.005,1439.01,0.02815,4e-05
20.9135,177.526,1428.56,0.02565,8e-05
20.915167,116.958,1420.21,0.02288,4e-05
20.916833,58.4792,1418.12,0.01988,8e-05
20.9185,-2.08854,1416.03,0.01645,4e-05
20.920167,-64.7448,1416.03,0.01294,8e-05
20.921667,-123.224,1411.86,0.00924,8e-05
20.923333,-185.88,1418.12,0.00538,0.00019
20.925,-246.448,1424.39,0.00136,8e-05
20.926667,-304.927,1436.92,-0.00277,8e-05
20.928333,-365.495,1445.27,-0.0069,8e-05
20.93,-423.974,1453.63,-0.0108,8e-05
20.931667,-482.454,1461.98,-0.01474,8e-05
20.933333,-536.756,1468.25,-0.01836,8e-05
20.935,-595.235,1482.87,-0.02171,8e-05
20.936667,-647.448,1493.31,-0.02468,8e-05
20.938333,-697.574,1503.75,-0.02733,8e-05
20.94,-741.433,1516.28,-0.02982,0.00019
20.941667,-785.292,1526.73,-0.03216,4e-05
20.943333,-820.798,1537.17,-0.03446,0
20.945,-856.303,1547.61,-0.03657,4e-05
20.946667,-891.808,1555.96,-0.03859,4e-05
20.948333,-921.048,1564.32,-0.04019,0
20.95,-950.287,1568.5,-0.04152,4e-05
20.951667,-969.084,1572.67,-0.04249,0
20.953333,-987.881,1574.76,-0.04331,-4e-05
20.955,-1002.5,1576.85,-0.04393,-4e-05
20.956667,-1010.86,1576.85,-0.04444,4e-05
20.958333,-1015.03,1576.85,-0.04479,-4e-05
20.96,-1019.21,1576.85,-0.04506,-8e-05
20.961667,-1015.03,1576.85,-0.04514,-4e-05
20.963333,-1008.77,1574.76,-0.04518,-4e-05
20.965,-996.235,1572.67,-0.04518,-4e-05
20.966667,-985.792,1570.58,-0.04518,-4e-05
20.968333,-964.907,1568.5,-0.04502,-4e-05
20.97,-941.933,1564.32,-0.04483,-4e-05
20.9715,-916.871,1564.32,-0.0446,-4e-05
20.973167,-889.72,1555.96,-0.04428,-4e-05
20.974833,-856.303,1551.79,-0.04386,-4e-05
20.9765,-820.798,1549.7,-0.04335,-4e-05
20.978167,-781.115,1543.43,-0.04265,-4e-05
20.979833,-741.433,1535.08,-0.04202,-4e-05
20.9815,-695.485,1528.81,-0.04113,-4e-05
20.983167,-647.448,1522.55,-0.04023,-4e-05
20.984833,-599.412,1512.11,-0.0391,0
20.9865,-549.287,1505.84,-0.03777,-4e-05
20.988167,-494.985,1499.57,-0.03633,-4e-05
20.989833,-438.594,1491.22,-0.03454,0
20.9915,-382.203,1480.78,-0.03267,-4e-05
20.993167,-323.724,1474.51,-0.03056,0
20.994833,-263.156,1464.07,-0.02826,4e-05
20.9965,-202.589,1451.54,-0.02577,4e-05
20.998167,-144.109,1441.09,-0.02316,0
20.999833,-79.3647,1430.65,-0.02015,0
21.0015,-18.7969,1418.12,-0.01711,0
21.003167,41.7709,1411.86,-0.01376,8e-05
21.004833,100.25,1407.68,-0.00998,4e-05
21.0065,160.818,1403.5,-0.0062,4e-05
21.008167,223.474,1386.79,-0.00218,0.00012
21.009833,284.042,1380.53,0.00183,4e-05
21.0115,340.433,1376.35,0.00596,8e-05
21.013167,401,1380.53,0.01017,8e-05
21.014833,459.48,1395.15,0.01403,4e-05
21.0165,520.047,1411.86,0.01778,8e-05
21.018167,572.261,1422.3,0.02105,8e-05
21.019833,626.563,1432.74,0.02421,4e-05
21.0215,674.6,1447.36,0.02694,4e-05
21.023,720.547,1455.71,0.02955,0
21.024667,760.23,1466.16,0.03193,0.00012
21.026333,799.912,1480.78,0.03427,0
21.028,835.417,1489.13,0.03649,0
21.029667,873.011,1499.57,0.03832,-4e-05
21.031333,902.251,1510.02,0.03988,-4e-05
21.033,927.313,1516.28,0.04113,-4e-05
21.034667,950.287,1518.37,0.04222,-8e-05
21.036333,969.084,1526.73,0.04304,-8e-05
21.038,981.615,1528.81,0.04366,-8e-05
21.039667,989.97,1528.81,0.04425,-8e-05
21.041333,996.235,1532.99,0.0446,0
21.043,996.235,1535.08,0.04487,-0.00012
21.044667,994.147,1532.99,0.04502,-0.00012
21.046333,989.97,1530.9,0.04502,-8e-05
21.048,979.527,1530.9,0.04506,-0.00012
21.049667,964.907,1530.9,0.04502,-0.00012
21.051333,948.199,1530.9,0.04499,-0.00012
21.053,925.225,1528.81,0.04479,-8e-05
21.054667,902.251,1528.81,0.0446,-0.00012
21.056333,870.923,1524.64,0.04425,-0.00015
21.058,843.772,1520.46,0.04386,-4e-05
21.059667,808.266,1518.37,0.04339,-8e-05
21.061333,772.761,1514.19,0.0428,-8e-05
21.063,730.99,1507.93,0.0421,-8e-05
21.064667,685.042,1501.66,0.04124,-8e-05
21.066333,637.006,1495.4,0.04035,-8e-05
21.068,588.969,1489.13,0.03933,-4e-05
21.069667,538.844,1482.87,0.03805,-4e-05
21.071333,484.542,1474.51,0.03664,-4e-05
21.073,430.24,1466.16,0.03505,-4e-05
21.0745,373.849,1457.8,0.03329,-4e-05
21.076167,317.459,1449.45,0.03126,0
21.077833,258.979,1439.01,0.02904,4e-05
21.0795,198.412,1428.56,0.02655,4e-05
21.081167,135.755,1420.21,0.02386,8e-05
21.082833,77.2761,1416.03,0.02101,4e-05
21.0845,16.7083,1413.94,0.0177,4e-05
21.086167,-41.7709,1411.86,0.01419,4e-05
21.087833,-104.427,1411.86,0.01053,4e-05
21.0895,-167.083,1411.86,0.00667,8e-05
21.091167,-227.651,1416.03,0.00273,8e-05
21.092833,-284.042,1432.74,-0.0014,0.00012
21.0945,-346.698,1441.09,-0.00557,8e-05
21.096167,-405.177,1443.18,-0.00959,8e-05
21.097833,-463.657,1449.45,-0.01357,8e-05
21.0995,-522.136,1464.07,-0.01723,4e-05
21.101167,-578.527,1472.42,-0.0207,4e-05
21.102833,-630.74,1484.95,-0.02378,8e-05
21.1045,-680.865,1499.57,-0.02663,8e-05
21.106167,-724.725,1512.11,-0.02904,4e-05
21.107833,-768.584,1518.37,-0.0315,4e-05
21.1095,-808.266,1530.9,-0.03391,0.00012
21.111167,-845.86,1541.35,-0.03602,0
21.112833,-877.188,1549.7,-0.03801,0
21.1145,-910.605,1558.05,-0.0398,0
21.116167,-939.845,1568.5,-0.0412,0
21.117833,-964.907,1566.41,-0.0423,0
21.1195,-983.704,1568.5,-0.04311,-4e-05
21.121167,-996.235,1572.67,-0.04378,-4e-05
21.122833,-1008.77,1574.76,-0.04432,0
21.1245,-1015.03,1574.76,-0.04475,0
21.126,-1019.21,1576.85,-0.04506,4e-05
21.127667,-1017.12,1574.76,-0.04518,-4e-05
21.129333,-1012.94,1570.58,-0.04522,-4e-05
21.131,-1000.41,1570.58,-0.04522,-4e-05
21.132667,-989.97,1568.5,-0.04522,-4e-05
21.134333,-971.173,1564.32,-0.04514,0
21.136,-950.287,1564.32,-0.04499,-4e-05
21.137667,-927.313,1562.23,-0.04479,-4e-05
21.139333,-900.162,1558.05,-0.04448,-8e-05
21.141,-864.657,1551.79,-0.04409,-4e-05
21.142667,-833.329,1547.61,-0.04362,8e-05
21.144333,-795.735,1541.35,-0.043,-4e-05
21.146,-753.964,1535.08,-0.0423,-4e-05
21.147667,-710.105,1526.73,-0.04152,-4e-05
21.149333,-662.068,1522.55,-0.04066,-4e-05
21.151,-614.032,1512.11,-0.03957,0
21.152667,-563.907,1505.84,-0.0384,0
21.154333,-511.693,1499.57,-0.03692,-4e-05
21.156,-457.391,1493.31,-0.03528,0
21.157667,-401,1480.78,-0.03341,0
21.159333,-340.433,1474.51,-0.03142,4e-05
21.161,-281.953,1466.16,-0.02916,-4e-05
21.162667,-221.386,1453.63,-0.02674,0
21.164333,-160.818,1439.01,-0.02409,0
21.166,-98.1615,1430.65,-0.02125,4e-05
21.167667,-37.5938,1420.21,-0.01824,0
21.169333,22.974,1409.77,-0.01501,4e-05
21.171,81.4532,1405.59,-0.01134,4e-05
21.172667,142.021,1403.5,-0.00745,4e-05
21.174333,204.677,1390.97,-0.00359,8e-05
21.175833,265.245,1378.44,0.00055,4e-05
21.1775,321.636,1374.26,0.00464,8e-05
21.179167,382.203,1376.35,0.00885,8e-05
21.180833,438.594,1386.79,0.01286,8e-05
21.1825,499.162,1401.41,0.01657,8e-05
21.184167,555.553,1416.03,0.02008,8e-05
21.185833,607.766,1428.56,0.02327,4e-05
21.1875,659.98,1436.92,0.02612,4e-05
21.189167,705.928,1451.54,0.02881,4e-05
21.190833,747.699,1461.98,0.0313,0
21.1925,785.292,1474.51,0.03368,0
21.194167,824.975,1482.87,0.0359,4e-05
21.195833,862.568,1495.4,0.03785,0
21.1975,891.808,1503.75,0.03953,-4e-05
21.199167,921.048,1507.93,0.04085,-4e-05
21.200833,944.022,1514.19,0.04198,-4e-05
21.2025,962.819,1524.64,0.04292,-8e-05
21.204167,977.438,1524.64,0.04358,-8e-05
21.205833,989.97,1524.64,0.04421,-8e-05
21.2075,996.235,1532.99,0.04463,-0.00012
21.209167,998.324,1532.99,0.04491,-8e-05
21.210833,994.147,1530.9,0.04506,0
21.2125,994.147,1530.9,0.04514,-8e-05
21.214167,983.704,1530.9,0.04518,-0.00012
21.215833,971.173,1530.9,0.04514,-0.00012
21.2175,954.464,1526.73,0.0451,-0.00012
21.219167,933.579,1526.73,0.04495,-0.00012
21.220833,908.516,1526.73,0.04475,-0.00012
21.2225,881.365,1522.55,0.04444,-0.00012
21.224167,852.126,1520.46,0.04413,-0.00012
21.225833,816.62,1516.28,0.04366,-0.00012
21.227333,785.292,1514.19,0.04311,4e-05
21.229,745.61,1505.84,0.04249,-0.00012
21.230667,699.662,1501.66,0.04167,-8e-05
21.232333,653.714,1493.31,0.04078,-8e-05
21.234,605.678,1489.13,0.03976,-8e-05
21.235667,555.553,1480.78,0.03855,-4e-05
21.237333,501.25,1476.6,0.03723,-4e-05
21.239,446.948,1466.16,0.03571,-4e-05
21.240667,394.735,1457.8,0.03403,-4e-05
21.242333,334.167,1449.45,0.03212,4e-05
21.244,279.865,1441.09,0.0299,0.00012
21.245667,217.209,1428.56,0.02748,4e-05
21.247333,156.641,1424.39,0.02491,4e-05
21.249,100.25,1411.86,0.0221,4e-05
21.250667,39.6823,1409.77,0.01887,4e-05
21.252333,-22.974,1409.77,0.0154,4e-05
21.254,-85.6303,1407.68,0.01181,8e-05
21.255667,-146.198,1405.59,0.00799,4e-05
21.257333,-206.766,1409.77,0.00405,8e-05
21.259,-265.245,1422.3,0,8e-05
21.260667,-327.901,1436.92,-0.00425,8e-05
21.262333,-386.381,1439.01,-0.0083,8e-05
21.264,-444.86,1447.36,-0.01228,8e-05
21.265667,-501.25,1451.54,-0.0161,8e-05
21.267333,-559.73,1468.25,-0.01969,4e-05
21.269,-614.032,1480.78,-0.02288,4e-05
21.270667,-666.245,1493.31,-0.02577,4e-05
21.272333,-712.193,1503.75,-0.02838,8e-05
21.274,-756.053,1516.28,-0.0308,4e-05
21.275667,-795.735,1524.64,-0.03317,4e-05
21.277333,-835.417,1532.99,-0.0354,4e-05
21.278833,-866.746,1543.43,-0.03746,0
21.2805,-902.251,1553.88,-0.03941,0
21.282167,-929.402,1560.14,-0.04085,0
21.283833,-956.553,1562.23,-0.0421,0
21.2855,-975.35,1568.5,-0.043,0
21.287167,-994.147,1572.67,-0.04378,-4e-05
21.288833,-1004.59,1570.58,-0.04436,-4e-05
21.2905,-1012.94,1570.58,-0.04483,0
21.292167,-1017.12,1572.67,-0.04514,-4e-05
21.293833,-1019.21,1570.58,-0.04538,0
21.2955,-1015.03,1570.58,-0.04541,0
21.297167,-1006.68,1570.58,-0.04541,-4e-05
21.298833,-994.147,1566.41,-0.04545,-4e-05
21.3005,-977.438,1564.32,-0.04538,-4e-05
21.302167,-956.553,1564.32,-0.04522,0
21.303833,-933.579,1560.14,-0.04506,-4e-05
21.3055,-908.516,1555.96,-0.04475,-4e-05
21.307167,-877.188,1553.88,-0.0444,-4e-05
21.308833,-843.772,1547.61,-0.04393,-8e-05
21.3105,-808.266,1539.26,-0.04339,0
21.312167,-768.584,1537.17,-0.04272,4e-05
21.313833,-724.725,1528.81,-0.04198,-4e-05
21.3155,-680.865,1522.55,-0.04113,0
21.317167,-632.829,1512.11,-0.04007,-4e-05
21.318833,-580.615,1507.93,-0.0389,-4e-05
21.3205,-528.401,1499.57,-0.03762,0
21.322167,-476.188,1491.22,-0.03598,0
21.323833,-419.797,1482.87,-0.03415,0
21.3255,-361.318,1476.6,-0.0322,-4e-05
21.327167,-302.839,1466.16,-0.03006,-4e-05
21.328833,-242.271,1453.63,-0.02768,4e-05
21.330333,-179.615,1441.09,-0.02503,0
21.332,-121.136,1430.65,-0.0223,0
21.333667,-58.4792,1418.12,-0.01934,0
21.335333,0,1411.86,-0.01618,0
21.337,62.6563,1405.59,-0.01255,4e-05
21.338667,123.224,1399.32,-0.00881,0
21.340333,183.792,1393.06,-0.00491,4e-05
21.342,246.448,1378.44,-0.00086,4e-05
21.343667,302.839,1374.26,0.00324,4e-05
21.345333,363.407,1372.17,0.00748,0.00015
21.347,419.797,1384.7,0.01158,0.00012
21.348667,480.365,1397.24,0.01544,8e-05
21.350333,536.756,1405.59,0.01902,8e-05
21.352,588.969,1420.21,0.0223,4e-05
21.353667,643.271,1436.92,0.02534,8e-05
21.355333,689.219,1443.18,0.02807,4e-05
21.357,735.167,1453.63,0.0306,0
21.358667,772.761,1468.25,0.03294,0
21.360333,812.443,1478.69,0.03528,0
21.362,847.949,1487.04,0.03731,0
21.363667,879.277,1497.49,0.0391,-4e-05
21.365333,910.605,1507.93,0.04058,-8e-05
21.367,933.579,1512.11,0.04179,-4e-05
21.368667,956.553,1518.37,0.04272,-8e-05
21.370333,973.261,1522.55,0.04354,-8e-05
21.372,983.704,1526.73,0.04417,-8e-05
21.373667,992.058,1524.64,0.04467,-0.00012
21.375333,998.324,1528.81,0.04499,-8e-05
21.377,996.235,1530.9,0.04518,-0.00012
21.378667,994.147,1528.81,0.0453,-0.00012
21.380167,985.792,1524.64,0.04534,-0.00012
21.381833,975.35,1528.81,0.0453,-8e-05
21.3835,958.641,1524.64,0.04526,-0.00012
21.385167,939.845,1524.64,0.04518,-0.00012
21.386833,918.959,1524.64,0.04495,-0.00012
21.3885,889.72,1520.46,0.04467,-0.00012
21.390167,862.568,1518.37,0.0444,-0.00015
21.391833,833.329,1516.28,0.04397,-0.00012
21.3935,797.824,1512.11,0.04347,-8e-05
21.395167,760.23,1505.84,0.04284,-8e-05
21.396833,716.37,1499.57,0.0421,0
21.3985,668.334,1495.4,0.0412,-8e-05
21.400167,622.386,1489.13,0.04027,-8e-05
21.401833,572.261,1480.78,0.03914,-4e-05
21.4035,520.047,1474.51,0.03781,-4e-05
21.405167,463.657,1468.25,0.03637,-4e-05
21.406833,411.443,1455.71,0.03473,-4e-05
21.4085,352.964,1447.36,0.03286,0
21.410167,296.573,1441.09,0.03076,0
21.411833,236.005,1430.65,0.02838,0
21.4135,179.615,1420.21,0.02588,0.00012
21.415167,116.958,1411.86,0.02308,4e-05
21.416833,56.3907,1409.77,0.02008,8e-05
21.4185,-4.17709,1407.68,0.01665,4e-05
21.420167,-64.7448,1405.59,0.01302,4e-05
21.421833,-125.313,1403.5,0.00932,8e-05
21.4235,-183.792,1405.59,0.0055,8e-05
21.425167,-244.36,1413.94,0.00136,4e-05
21.426833,-307.016,1430.65,-0.00288,8e-05
21.4285,-365.495,1436.92,-0.00702,8e-05
21.430167,-423.974,1441.09,-0.01099,0.00015
21.431667,-484.542,1449.45,-0.01489,4e-05
21.433333,-536.756,1461.98,-0.01856,4e-05
21.435,-597.323,1474.51,-0.02195,0
21.436667,-647.448,1484.95,-0.02495,8e-05
21.438333,-697.574,1499.57,-0.02764,4e-05
21.44,-741.433,1507.93,-0.03013,4e-05
21.441667,-785.292,1518.37,-0.03255,4e-05
21.443333,-820.798,1528.81,-0.03477,0
21.445,-856.303,1541.35,-0.03696,0
21.446667,-889.72,1547.61,-0.03894,8e-05
21.448333,-923.136,1553.88,-0.04054,-4e-05
21.45,-950.287,1560.14,-0.04187,-4e-05
21.451667,-971.173,1564.32,-0.04288,-4e-05
21.453333,-987.881,1566.41,-0.0437,-4e-05
21.455,-1000.41,1568.5,-0.04428,-8e-05
21.456667,-1010.86,1570.58,-0.04479,-8e-05
21.458333,-1017.12,1570.58,-0.04518,-4e-05
21.46,-1017.12,1568.5,-0.04541,-8e-05
21.461667,-1017.12,1568.5,-0.04549,-8e-05
21.463333,-1008.77,1566.41,-0.04557,-8e-05
21.465,-998.324,1564.32,-0.04557,-8e-05
21.466667,-981.615,1562.23,-0.04557,-8e-05
21.468333,-962.819,1562.23,-0.04541,-8e-05
21.47,-946.11,1558.05,-0.04522,-4e-05
21.471667,-916.871,1551.79,-0.04495,-8e-05
21.473333,-887.631,1551.79,-0.04463,-4e-05
21.475,-854.214,1547.61,-0.04425,-4e-05
21.476667,-820.798,1541.35,-0.04366,-8e-05
21.478333,-779.027,1535.08,-0.04308,-4e-05
21.48,-741.433,1526.73,-0.04233,-4e-05
21.481667,-695.485,1520.46,-0.04152,-4e-05
21.483167,-647.448,1512.11,-0.04054,-4e-05
21.484833,-599.412,1507.93,-0.03945,-8e-05
21.4865,-547.198,1499.57,-0.0382,0
21.488167,-492.896,1491.22,-0.03668,-4e-05
21.489833,-438.594,1484.95,-0.03497,-4e-05
21.4915,-382.203,1474.51,-0.03298,0
21.493167,-321.636,1464.07,-0.03087,-4e-05
21.494833,-263.156,1455.71,-0.02857,-4e-05
21.4965,-200.5,1443.18,-0.02604,0
21.498167,-142.021,1430.65,-0.02335,8e-05
21.499833,-77.2761,1422.3,-0.02043,-4e-05
21.5015,-18.7969,1411.86,-0.01731,0
21.503167,41.7709,1403.5,-0.01388,0
21.504833,100.25,1399.32,-0.01017,0
21.5065,164.995,1399.32,-0.00628,4e-05
21.508167,223.474,1380.53,-0.00218,4e-05
21.509833,284.042,1370.08,0.00187,4e-05
21.5115,340.433,1365.91,0.00608,4e-05
21.513167,403.089,1376.35,0.01033,8e-05
21.514833,459.48,1386.79,0.01419,0.00012
21.5165,517.959,1399.32,0.01797,8e-05
21.518167,572.261,1416.03,0.02128,8e-05
21.519833,624.474,1426.48,0.0244,4e-05
21.5215,674.6,1436.92,0.02721,0
21.523167,720.547,1449.45,0.02982,4e-05
21.524833,760.23,1459.89,0.03228,0
21.5265,797.824,1472.42,0.03466,-8e-05
21.528167,837.506,1482.87,0.03684,-4e-05
21.529833,870.923,1493.31,0.03867,-4e-05
21.5315,900.162,1499.57,0.04019,8e-05
21.533167,927.313,1505.84,0.04156,-4e-05
21.534667,950.287,1514.19,0.04261,-8e-05
21.536333,966.996,1518.37,0.04339,-8e-05
21.538,981.615,1520.46,0.04409,-0.00012
21.539667,989.97,1524.64,0.0446,-8e-05
21.541333,996.235,1526.73,0.04495,-0.00012
21.543,996.235,1524.64,0.04518,-0.00012
21.544667,996.235,1524.64,0.04538,-0.00012
21.546333,989.97,1526.73,0.04541,-0.00012
21.548,979.527,1526.73,0.04545,-4e-05
21.549667,964.907,1522.55,0.04538,-0.00012
21.551333,950.287,1522.55,0.0453,-0.00012
21.553,925.225,1520.46,0.0451,-0.00012
21.554667,902.251,1518.37,0.04491,-0.00012
21.556333,870.923,1516.28,0.0446,-0.00012
21.558,841.683,1516.28,0.04425,-0.00012
21.559667,808.266,1507.93,0.0437,-0.00012
21.561333,772.761,1505.84,0.04315,-8e-05
21.563,730.99,1501.66,0.04249,-0.00012
21.564667,685.042,1493.31,0.04167,-0.00012
21.566333,637.006,1487.04,0.0407,-0.00012
21.568,588.969,1482.87,0.03965,-8e-05
21.569667,538.844,1476.6,0.03844,-8e-05
21.571333,486.631,1466.16,0.03696,-4e-05
21.573,430.24,1457.8,0.0354,-4e-05
21.574667,371.761,1449.45,0.0336,0
21.576333,315.37,1439.01,0.03161,0
21.578,258.979,1430.65,0.02935,4e-05
21.579667,198.412,1420.21,0.02686,4e-05
21.581333,135.755,1411.86,0.02417,8e-05
21.583,79.3647,1405.59,0.02117,8e-05
21.5845,18.7969,1405.59,0.01785,4e-05
21.586167,-41.7709,1405.59,0.01435,8e-05
21.587833,-104.427,1399.32,0.01064,8e-05
21.5895,-167.083,1401.41,0.00674,8e-05
21.591167,-227.651,1405.59,0.00273,4e-05
21.592833,-284.042,1424.39,-0.00144,8e-05
21.5945,-346.698,1430.65,-0.00561,4e-05
21.596167,-407.266,1436.92,-0.00971,4e-05
21.597833,-465.745,1445.27,-0.01372,4e-05
21.5995,-520.047,1455.71,-0.01743,0.00015
21.601167,-578.527,1464.07,-0.02097,4e-05
21.602833,-630.74,1478.69,-0.02401,8e-05
21.6045,-680.865,1493.31,-0.02686,0
21.606167,-726.813,1501.66,-0.02935,4e-05
21.607833,-770.673,1514.19,-0.03173,0
21.6095,-808.266,1524.64,-0.03411,0
21.611167,-845.86,1530.9,-0.03633,0
21.612833,-877.188,1541.35,-0.0384,0
21.6145,-912.693,1551.79,-0.04019,-4e-05
21.616167,-939.845,1555.96,-0.04159,0.00012
21.617833,-962.819,1560.14,-0.04269,-4e-05
21.6195,-983.704,1564.32,-0.04354,-4e-05
21.621167,-1000.41,1566.41,-0.04425,-4e-05
21.622833,-1008.77,1566.41,-0.04479,0
21.6245,-1015.03,1566.41,-0.04518,-4e-05
21.626167,-1017.12,1568.5,-0.04549,-4e-05
21.627833,-1019.21,1568.5,-0.04561,-4e-05
21.6295,-1012.94,1564.32,-0.04569,-8e-05
21.631167,-1002.5,1564.32,-0.04573,-8e-05
21.632833,-989.97,1564.32,-0.04569,8e-05
21.6345,-971.173,1562.23,-0.04557,-4e-05
21.636,-950.287,1555.96,-0.04541,-8e-05
21.637667,-927.313,1553.88,-0.04518,-4e-05
21.639333,-900.162,1551.79,-0.04495,-4e-05
21.641,-868.834,1545.52,-0.04452,-8e-05
21.642667,-833.329,1539.26,-0.04401,-4e-05
21.644333,-795.735,1537.17,-0.04339,-8e-05
21.646,-753.964,1528.81,-0.04269,-4e-05
21.647667,-710.105,1518.37,-0.04191,-4e-05
21.649333,-664.157,1514.19,-0.04101,0
21.651,-614.032,1505.84,-0.03992,-8e-05
21.652667,-563.907,1499.57,-0.03871,-4e-05
21.654333,-509.605,1491.22,-0.03727,-4e-05
21.656,-457.391,1487.04,-0.03563,-8e-05
21.657667,-398.912,1476.6,-0.03376,-4e-05
21.659333,-340.433,1468.25,-0.03169,-4e-05
21.661,-281.953,1455.71,-0.02943,-4e-05
21.662667,-221.386,1443.18,-0.02698,-4e-05
21.664333,-158.729,1432.74,-0.02429,0
21.666,-98.1615,1422.3,-0.02144,0
21.667667,-37.5938,1411.86,-0.0184,-4e-05
21.669333,22.974,1401.41,-0.01513,0
21.671,81.4532,1397.24,-0.01146,4e-05
21.672667,142.021,1393.06,-0.00756,0
21.674333,204.677,1382.62,-0.00363,4e-05
21.676,263.156,1368,0.00051,0
21.677667,321.636,1365.91,0.00468,8e-05
21.679333,384.292,1368,0.009,4e-05
21.681,438.594,1378.44,0.01298,8e-05
21.682667,501.25,1393.06,0.0168,8e-05
21.684333,555.553,1407.68,0.02027,0.00012
21.686,607.766,1418.12,0.02351,0
21.6875,657.891,1430.65,0.02643,4e-05
21.689167,705.928,1443.18,0.02908,0
21.690833,747.699,1453.63,0.03158,0
21.6925,789.469,1468.25,0.03399,0
21.694167,822.886,1478.69,0.03625,0
21.695833,860.48,1487.04,0.0382,-4e-05
21.6975,891.808,1495.4,0.03988,-4e-05
21.699167,921.048,1505.84,0.04132,-8e-05
21.700833,944.022,1512.11,0.04241,0
21.7025,964.907,1514.19,0.04331,-8e-05
21.704167,977.438,1518.37,0.04405,-0.00012
21.705833,987.881,1520.46,0.0446,-8e-05
21.7075,996.235,1522.55,0.04502,-0.00012
21.709167,1000.41,1524.64,0.04534,-0.00012
21.710833,996.235,1524.64,0.04549,-0.00012
21.7125,992.058,1524.64,0.04553,-0.00012
21.714167,981.615,1520.46,0.04557,-0.00012
21.715833,971.173,1522.55,0.04553,-8e-05
21.7175,956.553,1524.64,0.04553,0
21.719167,929.402,1518.37,0.0453,-0.00012
21.720833,910.605,1518.37,0.04514,-0.00012
21.7225,881.365,1518.37,0.04483,-8e-05
21.724167,852.126,1512.11,0.04456,-0.00012
21.725833,818.709,1507.93,0.04405,-8e-05
21.7275,783.204,1505.84,0.04347,-0.00012
21.729167,743.521,1499.57,0.04288,-0.00012
21.730833,697.574,1493.31,0.04206,-0.00012
21.7325,651.626,1487.04,0.04117,-8e-05
21.734167,605.678,1482.87,0.04015,0
21.735833,553.464,1470.33,0.03898,-8e-05
21.7375,501.25,1466.16,0.03758,-8e-05
21.739,446.948,1457.8,0.03606,-4e-05
21.740667,392.646,1449.45,0.03438,0
21.742333,334.167,1439.01,0.03243,-4e-05
21.744,277.776,1430.65,0.03021,4e-05
21.745667,217.209,1420.21,0.02779,0
21.747333,158.729,1411.86,0.02526,4e-05
21.749,98.1615,1405.59,0.0223,0
21.750667,37.5938,1403.5,0.01914,8e-05
21.752333,-25.0625,1401.41,0.01555,4e-05
21.754,-85.6303,1397.24,0.01197,4e-05
21.755667,-146.198,1399.32,0.00807,4e-05
21.757333,-204.677,1399.32,0.00413,8e-05
21.759,-263.156,1411.86,-4e-05,4e-05
21.760667,-327.901,1428.56,-0.00429,4e-05
21.762333,-386.381,1434.83,-0.00842,4e-05
21.764,-444.86,1436.92,-0.0124,4e-05
21.765667,-499.162,1445.27,-0.01629,4e-05
21.767333,-561.818,1459.89,-0.01988,8e-05
21.769,-614.032,1470.33,-0.02312,8e-05
21.770667,-666.245,1482.87,-0.02612,4e-05
21.772333,-712.193,1497.49,-0.02869,4e-05
21.774,-758.141,1507.93,-0.03115,4e-05
21.775667,-795.735,1514.19,-0.03352,4e-05
21.777333,-833.329,1526.73,-0.03579,0
21.779,-868.834,1539.26,-0.03785,0
21.780667,-902.251,1543.43,-0.0398,0
21.782333,-931.49,1551.79,-0.04124,-4e-05
21.784,-958.641,1558.05,-0.04245,0
21.785667,-975.35,1560.14,-0.04339,4e-05
21.787333,-994.147,1560.14,-0.04413,-4e-05
21.788833,-1004.59,1564.32,-0.04471,-4e-05
21.7905,-1012.94,1564.32,-0.04514,-4e-05
21.792167,-1017.12,1564.32,-0.04553,-4e-05
21.793833,-1019.21,1564.32,-0.04569,-4e-05
21.7955,-1012.94,1564.32,-0.0458,-4e-05
21.797167,-1004.59,1562.23,-0.04584,-4e-05
21.798833,-994.147,1558.05,-0.04584,-4e-05
21.8005,-977.438,1558.05,-0.04577,-4e-05
21.802167,-956.553,1558.05,-0.04553,4e-05
21.803833,-933.579,1551.79,-0.04541,-8e-05
21.8055,-906.428,1547.61,-0.04514,-4e-05
21.807167,-877.188,1545.52,-0.04475,-8e-05
21.808833,-843.772,1537.17,-0.04432,-4e-05
21.8105,-808.266,1532.99,-0.0437,-8e-05
21.812167,-766.495,1526.73,-0.04308,-4e-05
21.813833,-724.725,1520.46,-0.0423,-4e-05
21.8155,-678.777,1512.11,-0.04144,-8e-05
21.817167,-630.74,1505.84,-0.04039,-4e-05
21.818833,-580.615,1499.57,-0.03922,4e-05
21.8205,-528.401,1491.22,-0.03793,0
21.822167,-476.188,1480.78,-0.03637,-8e-05
21.823833,-419.797,1478.69,-0.03454,0
21.8255,-363.407,1466.16,-0.03255,-8e-05
21.827167,-302.839,1455.71,-0.03033,-4e-05
21.828833,-240.182,1447.36,-0.02795,-4e-05
21.8305,-179.615,1434.83,-0.0253,0
21.832167,-119.047,1422.3,-0.02249,0
21.833833,-58.4792,1411.86,-0.01953,0
21.8355,2.08854,1405.59,-0.01633,8e-05
21.837167,62.6563,1393.06,-0.01267,0
21.838833,123.224,1390.97,-0.00889,0
21.840333,185.88,1386.79,-0.00491,0
21.842,246.448,1368,-0.0009,4e-05
21.843667,302.839,1363.82,0.00327,4e-05
21.845333,361.318,1365.91,0.00752,4e-05
21.847,421.886,1374.26,0.01177,4e-05
21.848667,482.454,1386.79,0.01567,4e-05
21.850333,538.844,1401.41,0.01926,4e-05
21.852,588.969,1413.94,0.02253,4e-05
21.853667,641.183,1426.48,0.02557,4e-05
21.855333,689.219,1436.92,0.02834,4e-05
21.857,733.079,1449.45,0.03087,0
21.858667,772.761,1459.89,0.03337,0
21.860333,812.443,1472.42,0.03567,-4e-05
21.862,847.949,1480.78,0.0377,0
21.863667,881.365,1489.13,0.03945,0
21.865333,908.516,1501.66,0.04093,-4e-05
21.867,933.579,1503.75,0.04218,-4e-05
21.868667,956.553,1512.11,0.04311,-4e-05
21.870333,971.173,1516.28,0.04393,-8e-05
21.872,985.792,1518.37,0.0446,-0.00012
21.873667,992.058,1518.37,0.04506,-0.00012
21.875333,998.324,1522.55,0.04541,-0.00012
21.877,996.235,1524.64,0.04557,-0.00012
21.878667,992.058,1520.46,0.04573,-0.00012
21.880333,983.704,1522.55,0.04577,-0.00015
21.882,973.261,1520.46,0.04573,-0.00012
21.883667,958.641,1518.37,0.04573,-0.00012
21.885333,939.845,1520.46,0.04557,-0.00012
21.887,914.782,1518.37,0.04538,0
21.888667,889.72,1512.11,0.04506,-8e-05
21.890333,862.568,1512.11,0.04479,-0.00012
21.891833,829.152,1512.11,0.04436,-0.00012
21.8935,793.647,1503.75,0.04386,-8e-05
21.895167,758.141,1499.57,0.04323,-8e-05
21.896833,714.282,1493.31,0.04253,-8e-05
21.8985,668.334,1489.13,0.04159,-8e-05
21.900167,620.297,1480.78,0.04066,-4e-05
21.901833,570.172,1476.6,0.03949,-8e-05
21.9035,520.047,1468.25,0.03816,4e-05
21.905167,465.745,1457.8,0.03672,-8e-05
21.906833,411.443,1451.54,0.03505,0
21.9085,352.964,1441.09,0.03321,-4e-05
21.910167,296.573,1430.65,0.03103,0
21.911833,236.005,1420.21,0.02869,0
21.9135,177.526,1411.86,0.0262,4e-05
21.915167,116.958,1405.59,0.02335,4e-05
21.916833,58.4792,1399.32,0.02027,4e-05
21.9185,-4.17709,1399.32,0.0168,8e-05
21.920167,-64.7448,1397.24,0.01325,0.00019
21.921833,-127.401,1390.97,0.00939,4e-05
21.9235,-185.88,1397.24,0.0055,8e-05
21.925167,-246.448,1405.59,0.00136,8e-05
21.926833,-307.016,1422.3,-0.00285,8e-05
21.9285,-367.584,1428.56,-0.00706,4e-05
21.930167,-426.063,1434.83,-0.01115,8e-05
21.931833,-482.454,1439.01,-0.01501,4e-05
21.9335,-538.844,1451.54,-0.01875,8e-05
21.935167,-593.146,1468.25,-0.02214,4e-05
21.936833,-649.537,1476.6,-0.02522,0.00012
21.9385,-697.574,1489.13,-0.02791,4e-05
21.940167,-743.521,1501.66,-0.03045,4e-05
21.941833,-785.292,1512.11,-0.03282,4e-05
21.943333,-820.798,1518.37,-0.03512,4e-05
21.945,-856.303,1530.9,-0.03735,0
21.946667,-891.808,1541.35,-0.03933,0
21.948333,-921.048,1545.52,-0.04097,0
21.95,-950.287,1553.88,-0.04226,0
21.951667,-971.173,1558.05,-0.04323,0
21.953333,-989.97,1558.05,-0.04405,-4e-05
21.955,-1002.5,1558.05,-0.04467,-4e-05
21.956667,-1012.94,1564.32,-0.04518,-4e-05
21.958333,-1017.12,1564.32,-0.04553,-4e-05
21.96,-1019.21,1562.23,-0.0458,-4e-05
21.961667,-1015.03,1560.14,-0.04588,-4e-05
21.963333,-1008.77,1562.23,-0.04596,-4e-05
21.965,-998.324,1558.05,-0.04592,-4e-05
21.966667,-983.704,1555.96,-0.04588,-8e-05
21.968333,-964.907,1553.88,-0.04577,-4e-05
21.97,-944.022,1551.79,-0.04557,-8e-05
21.971667,-914.782,1547.61,-0.04534,-4e-05
21.973333,-887.631,1543.43,-0.04502,-4e-05
21.975,-852.126,1539.26,-0.04456,-4e-05
21.976667,-820.798,1532.99,-0.04405,-8e-05
21.978333,-779.027,1526.73,-0.04339,-4e-05
21.98,-739.344,1520.46,-0.04265,-8e-05
21.981667,-693.396,1514.19,-0.04183,-8e-05
21.983333,-647.448,1505.84,-0.04089,0
21.985,-597.323,1499.57,-0.0398,-4e-05
21.986667,-547.198,1493.31,-0.03848,-4e-05
21.988333,-492.896,1484.95,-0.03696,4e-05
21.99,-438.594,1474.51,-0.03524,0
21.991667,-380.115,1470.33,-0.03325,0
21.993167,-321.636,1455.71,-0.03115,-4e-05
21.994833,-261.068,1449.45,-0.02881,-4e-05
21.9965,-200.5,1436.92,-0.02627,0
21.998167,-142.021,1424.39,-0.02355,0
21.999833,-79.3647,1411.86,-0.02062,0
22.0015,-18.7969,1403.5,-0.01746,4e-05
22.003167,41.7709,1393.06,-0.01399,8e-05
22.004833,102.339,1388.88,-0.01025,0.00015
22.0065,167.083,1384.7,-0.00632,4e-05
22.008167,223.474,1372.17,-0.00226,4e-05
22.009833,284.042,1361.73,0.00191,4e-05
22.0115,340.433,1357.55,0.0062,8e-05
22.013167,403.089,1365.91,0.01045,8e-05
22.014833,459.48,1378.44,0.01438,8e-05
22.0165,520.047,1390.97,0.01813,8e-05
22.018167,572.261,1405.59,0.02156,8e-05
22.019833,624.474,1418.12,0.02471,4e-05
22.0215,674.6,1430.65,0.02748,0.00012
22.023167,718.459,1443.18,0.03013,4e-05
22.024833,760.23,1455.71,0.03263,0
22.0265,802.001,1466.16,0.03501,0
22.028167,837.506,1474.51,0.03723,0
22.029833,870.923,1487.04,0.03906,-4e-05
22.0315,902.251,1495.4,0.04066,-4e-05
22.033167,927.313,1501.66,0.04198,-8e-05
22.034833,950.287,1507.93,0.043,-4e-05
22.0365,966.996,1514.19,0.04382,-4e-05
22.038167,981.615,1512.11,0.04448,-4e-05
22.039833,989.97,1518.37,0.04499,-8e-05
22.0415,996.235,1520.46,0.04541,-8e-05
22.043167,998.324,1518.37,0.04565,-0.00012
22.044667,996.235,1518.37,0.04577,-8e-05
22.046333,989.97,1518.37,0.04584,-0.00012
22.048,977.438,1520.46,0.04588,-0.00012
22.049667,964.907,1516.28,0.0458,-0.00012
22.051333,946.11,1516.28,0.04573,-0.00012
22.053,921.048,1514.19,0.04549,-8e-05
22.054667,900.162,1514.19,0.0453,-0.00015
22.056333,873.011,1510.02,0.04502,-0.00012
22.058,841.683,1507.93,0.04467,-0.00012
22.059667,806.178,1505.84,0.04413,-0.00012
22.061333,772.761,1499.57,0.04354,-0.00012
22.063,728.902,1493.31,0.04288,-8e-05
22.064667,685.042,1489.13,0.04202,-0.00012
22.066333,637.006,1482.87,0.04109,-4e-05
22.068,586.881,1474.51,0.04003,-4e-05
22.069667,536.756,1466.16,0.03875,-8e-05
22.071333,484.542,1459.89,0.03731,-8e-05
22.073,430.24,1451.54,0.03575,0
22.074667,371.761,1441.09,0.03395,-4e-05
22.076333,315.37,1432.74,0.03193,0
22.078,254.802,1422.3,0.02963,0
22.079667,196.323,1411.86,0.02717,4e-05
22.081333,137.844,1405.59,0.0244,4e-05
22.083,79.3647,1397.24,0.02144,4e-05
22.084667,16.7083,1393.06,0.01801,4e-05
22.086333,-41.7709,1393.06,0.01446,4e-05
22.088,-106.516,1390.97,0.01072,8e-05
22.089667,-167.083,1390.97,0.00682,0.00012
22.091333,-225.563,1397.24,0.00281,8e-05
22.093,-286.13,1416.03,-0.00148,8e-05
22.094667,-348.787,1422.3,-0.00577,4e-05
22.096167,-407.266,1426.48,-0.00982,4e-05
22.097833,-463.657,1434.83,-0.01384,8e-05
22.0995,-520.047,1447.36,-0.01766,8e-05
22.101167,-578.527,1457.8,-0.02117,4e-05
22.102833,-630.74,1470.33,-0.02429,4e-05
22.1045,-682.954,1484.95,-0.02709,4e-05
22.106167,-728.902,1493.31,-0.02967,0.00015
22.107833,-770.673,1503.75,-0.03216,4e-05
22.1095,-808.266,1514.19,-0.03446,4e-05
22.111167,-843.772,1526.73,-0.03668,0
22.112833,-879.277,1532.99,-0.03875,4e-05
22.1145,-910.605,1541.35,-0.04054,-4e-05
22.116167,-941.933,1549.7,-0.04195,-4e-05
22.117833,-964.907,1551.79,-0.04304,-4e-05
22.1195,-983.704,1555.96,-0.04389,-8e-05
22.121167,-998.324,1558.05,-0.04463,-4e-05
22.122833,-1010.86,1562.23,-0.04518,0
22.1245,-1015.03,1558.05,-0.04557,-8e-05
22.126167,-1019.21,1560.14,-0.04584,-4e-05
22.127833,-1017.12,1562.23,-0.046,-8e-05
22.1295,-1010.86,1558.05,-0.04612,-4e-05
22.131167,-1002.5,1555.96,-0.04612,-4e-05
22.132833,-989.97,1555.96,-0.04604,-8e-05
22.1345,-971.173,1551.79,-0.04592,-4e-05
22.136167,-948.199,1549.7,-0.0458,-4e-05
22.137833,-927.313,1549.7,-0.04557,-4e-05
22.1395,-895.985,1543.43,-0.04526,-8e-05
22.141167,-864.657,1537.17,-0.04487,-8e-05
22.142833,-833.329,1530.9,-0.04436,-8e-05
22.1445,-795.735,1528.81,-0.04374,-8e-05
22.146167,-753.964,1518.37,-0.04304,-8e-05
22.147667,-710.105,1514.19,-0.04226,-8e-05
22.149333,-662.068,1507.93,-0.04132,-8e-05
22.151,-611.943,1499.57,-0.04023,-4e-05
22.152667,-561.818,1491.22,-0.03902,-4e-05
22.154333,-511.693,1484.95,-0.03762,0
22.156,-457.391,1478.69,-0.03594,-4e-05
22.157667,-398.912,1468.25,-0.03403,-8e-05
22.159333,-340.433,1457.8,-0.03197,-8e-05
22.161,-281.953,1451.54,-0.02978,-8e-05
22.162667,-219.297,1441.09,-0.02721,0
22.164333,-158.729,1426.48,-0.02456,0
22.166,-98.1615,1413.94,-0.02167,0
22.167667,-37.5938,1405.59,-0.01856,4e-05
22.169333,22.974,1393.06,-0.01524,0
22.171,81.4532,1388.88,-0.0115,0
22.172667,144.109,1386.79,-0.0076,8e-05
22.174333,204.677,1374.26,-0.00359,0.00012
22.176,267.334,1357.55,0.00055,8e-05
22.177667,321.636,1357.55,0.00476,8e-05
22.179333,382.203,1363.82,0.00908,8e-05
22.181,440.683,1374.26,0.01314,8e-05
22.182667,501.25,1386.79,0.01704,8e-05
22.184333,553.464,1401.41,0.0205,4e-05
22.186,607.766,1411.86,0.02374,4e-05
22.187667,657.891,1424.39,0.0267,8e-05
22.189333,705.928,1436.92,0.02943,0
22.191,747.699,1449.45,0.03197,0.00012
22.192667,787.381,1457.8,0.03438,0
22.194333,824.975,1470.33,0.03664,-4e-05
22.196,860.48,1480.78,0.03863,0
22.1975,889.72,1489.13,0.04027,-8e-05
22.199167,918.959,1497.49,0.04171,-4e-05
22.200833,944.022,1505.84,0.0428,-8e-05
22.2025,962.819,1507.93,0.04366,-8e-05
22.204167,977.438,1510.02,0.0444,-8e-05
22.205833,989.97,1516.28,0.04502,-0.00012
22.2075,994.147,1516.28,0.04541,0
22.209167,998.324,1518.37,0.04569,-0.00012
22.210833,994.147,1516.28,0.04588,-8e-05
22.2125,989.97,1518.37,0.04596,-0.00012
22.214167,981.615,1516.28,0.04596,-0.00012
22.215833,969.084,1514.19,0.04592,-0.00012
22.2175,952.376,1514.19,0.04592,-0.00012
22.219167,933.579,1512.11,0.04577,-0.00012
22.220833,906.428,1512.11,0.04549,-0.00012
22.2225,881.365,1507.93,0.04522,-0.00012
22.224167,852.126,1507.93,0.04491,0
22.225833,816.62,1503.75,0.04444,-0.00012
22.2275,781.115,1497.49,0.04386,-8e-05
22.229167,743.521,1491.22,0.04323,-8e-05
22.230833,699.662,1489.13,0.04241,-8e-05
22.2325,649.537,1480.78,0.04152,-8e-05
22.234167,605.678,1474.51,0.04054,-8e-05
22.235833,555.553,1468.25,0.03933,-8e-05
22.2375,501.25,1459.89,0.03797,-8e-05
22.239167,446.948,1449.45,0.03641,-4e-05
22.240833,390.558,1443.18,0.03466,0
22.2425,334.167,1432.74,0.03271,0
22.244167,277.776,1422.3,0.03056,4e-05
22.245833,217.209,1411.86,0.02807,0
22.2475,156.641,1401.41,0.02542,4e-05
22.249,98.1615,1397.24,0.02253,4e-05
22.250667,37.5938,1395.15,0.0193,4e-05
22.252333,-25.0625,1390.97,0.01575,8e-05
22.254,-85.6303,1390.97,0.01208,4e-05
22.255667,-148.287,1390.97,0.00819,8e-05
22.257333,-206.766,1388.88,0.00417,8e-05
22.259,-265.245,1405.59,0,8e-05
22.260667,-325.813,1420.21,-0.00425,4e-05
22.262333,-386.381,1422.3,-0.00846,4e-05
22.264,-444.86,1428.56,-0.01255,8e-05
22.265667,-503.339,1441.09,-0.01645,4e-05
22.267333,-559.73,1451.54,-0.02011,4e-05
22.269,-614.032,1464.07,-0.02339,4e-05
22.270667,-666.245,1476.6,-0.02635,4e-05
22.272333,-712.193,1489.13,-0.02896,4e-05
22.274,-756.053,1499.57,-0.0315,4e-05
22.275667,-795.735,1507.93,-0.0338,0.00012
22.277333,-833.329,1518.37,-0.0361,4e-05
22.279,-868.834,1526.73,-0.0382,4e-05
22.280667,-902.251,1537.17,-0.04015,0
22.282333,-931.49,1545.52,-0.04163,0
22.284,-958.641,1549.7,-0.04284,0
22.285667,-975.35,1549.7,-0.04378,0
22.287333,-994.147,1553.88,-0.04456,-4e-05
22.289,-1004.59,1555.96,-0.04506,-4e-05
22.290667,-1012.94,1558.05,-0.04553,-4e-05
22.292333,-1017.12,1558.05,-0.04584,8e-05
22.294,-1019.21,1555.96,-0.04608,-8e-05
22.295667,-1010.86,1555.96,-0.04616,-8e-05
22.297333,-1006.68,1553.88,-0.04619,-4e-05
22.299,-994.147,1551.79,-0.04619,-4e-05
22.3005,-975.35,1551.79,-0.04612,-4e-05
22.302167,-956.553,1549.7,-0.046,-8e-05
22.303833,-931.49,1547.61,-0.04577,-8e-05
22.3055,-904.339,1541.35,-0.04549,-4e-05
22.307167,-877.188,1539.26,-0.04514,-4e-05
22.308833,-841.683,1532.99,-0.04463,4e-05
22.3105,-808.266,1528.81,-0.04413,-4e-05
22.312167,-766.495,1518.37,-0.04335,0
22.313833,-726.813,1514.19,-0.04269,-4e-05
22.3155,-678.777,1507.93,-0.04175,-4e-05
22.317167,-630.74,1499.57,-0.04074,0
22.318833,-582.704,1493.31,-0.03965,-4e-05
22.3205,-526.313,1487.04,-0.0382,-4e-05
22.322167,-474.099,1478.69,-0.03668,-4e-05
22.323833,-417.709,1468.25,-0.03481,-4e-05
22.3255,-359.229,1461.98,-0.03282,8e-05
22.327167,-300.75,1451.54,-0.0306,0
22.328833,-240.182,1436.92,-0.02818,0
22.3305,-177.526,1428.56,-0.02553,-4e-05
22.332167,-119.047,1418.12,-0.02273,-4e-05
22.333833,-56.3907,1403.5,-0.01973,4e-05
22.3355,2.08854,1393.06,-0.01649,4e-05
22.337167,62.6563,1386.79,-0.01286,4e-05
22.338833,123.224,1382.62,-0.00897,0
22.3405,185.88,1374.26,-0.00495,0
22.342167,248.537,1361.73,-0.00086,4e-05
22.343833,304.927,1357.55,0.00335,8e-05
22.3455,363.407,1353.38,0.00764,8e-05
22.347167,421.886,1363.82,0.01185,8e-05
22.348833,478.276,1380.53,0.01583,8e-05
22.3505,538.844,1393.06,0.01941,8e-05
22.352,591.058,1403.5,0.02277,4e-05
22.353667,643.271,1418.12,0.02588,0
22.355333,691.308,1430.65,0.02865,0
22.357,733.079,1439.01,0.03122,4e-05
22.358667,774.85,1451.54,0.03368,-4e-05
22.360333,814.532,1464.07,0.03602,-8e-05
22.362,850.037,1474.51,0.03805,-4e-05
22.363667,881.365,1480.78,0.03984,0
22.365333,910.605,1493.31,0.04136,-4e-05
22.367,935.667,1501.66,0.04257,-4e-05
22.368667,956.553,1503.75,0.04354,-8e-05
22.370333,971.173,1505.84,0.04428,-8e-05
22.372,985.792,1512.11,0.04495,-8e-05
22.373667,992.058,1514.19,0.04538,-0.00012
22.375333,996.235,1512.11,0.04573,-0.00012
22.377,996.235,1512.11,0.04596,-4e-05
22.378667,994.147,1514.19,0.04612,-0.00012
22.380333,983.704,1514.19,0.04608,-0.00015
22.382,975.35,1512.11,0.04612,-0.00012
22.383667,958.641,1512.11,0.04608,-0.00012
22.385333,939.845,1512.11,0.04592,-8e-05
22.387,914.782,1507.93,0.04573,-0.00012
22.388667,891.808,1505.84,0.04545,-0.00012
22.390333,862.568,1505.84,0.04514,-0.00012
22.392,831.24,1501.66,0.04475,-8e-05
22.393667,795.735,1497.49,0.04421,0
22.395333,758.141,1493.31,0.04354,-8e-05
22.397,714.282,1489.13,0.04284,-8e-05
22.398667,668.334,1480.78,0.04198,-8e-05
22.400333,620.297,1474.51,0.04105,-4e-05
22.401833,568.084,1468.25,0.03988,-4e-05
22.4035,517.959,1459.89,0.03855,-8e-05
22.405167,465.745,1453.63,0.03707,-8e-05
22.406833,409.355,1443.18,0.03544,-4e-05
22.4085,352.964,1436.92,0.03352,-4e-05
22.410167,296.573,1424.39,0.03142,4e-05
22.411833,236.005,1413.94,0.02904,4e-05
22.4135,175.438,1405.59,0.02647,4e-05
22.415167,116.958,1395.15,0.02362,4e-05
22.416833,56.3907,1393.06,0.0205,4e-05
22.4185,-4.17709,1390.97,0.01704,8e-05
22.420167,-66.8334,1386.79,0.01337,8e-05
22.421833,-127.401,1384.7,0.00955,8e-05
22.4235,-187.969,1386.79,0.00557,4e-05
22.425167,-246.448,1395.15,0.00148,8e-05
22.426833,-307.016,1416.03,-0.00288,0.00015
22.4285,-365.495,1418.12,-0.00713,4e-05
22.430167,-426.063,1424.39,-0.01119,4e-05
22.431833,-484.542,1432.74,-0.0152,8e-05
22.4335,-538.844,1443.18,-0.01895,4e-05
22.435167,-597.323,1455.71,-0.02241,4e-05
22.436833,-647.448,1470.33,-0.02546,4e-05
22.4385,-697.574,1482.87,-0.02822,4e-05
22.440167,-743.521,1491.22,-0.03076,4e-05
22.441833,-783.204,1503.75,-0.0331,0
22.4435,-820.798,1514.19,-0.0354,0
22.445167,-856.303,1520.46,-0.03766,4e-05
22.446833,-889.72,1532.99,-0.03965,0
22.4485,-923.136,1541.35,-0.04132,0
22.450167,-948.199,1545.52,-0.04261,-4e-05
22.451833,-973.261,1547.61,-0.04358,-4e-05
22.453333,-987.881,1553.88,-0.04444,-4e-05
22.455,-1002.5,1555.96,-0.04502,-4e-05
22.456667,-1012.94,1553.88,-0.04549,-4e-05
22.458333,-1019.21,1553.88,-0.04588,-4e-05
22.46,-1019.21,1553.88,-0.04616,-4e-05
22.461667,-1017.12,1553.88,-0.04627,-4e-05
22.463333,-1008.77,1551.79,-0.04631,-8e-05
22.465,-998.324,1551.79,-0.04631,-4e-05
22.466667,-983.704,1551.79,-0.04623,-4e-05
22.468333,-962.819,1545.52,-0.04608,-4e-05
22.47,-944.022,1543.43,-0.04592,-8e-05
22.471667,-914.782,1541.35,-0.04569,-4e-05
22.473333,-887.631,1537.17,-0.04534,0
22.475,-854.214,1530.9,-0.04491,-4e-05
22.476667,-818.709,1524.64,-0.0444,-4e-05
22.478333,-781.115,1520.46,-0.04378,0.00012
22.48,-741.433,1512.11,-0.043,0
22.481667,-691.308,1507.93,-0.04218,-4e-05
22.483333,-645.36,1501.66,-0.04124,-4e-05
22.485,-599.412,1493.31,-0.04011,-4e-05
22.486667,-545.11,1487.04,-0.03879,-4e-05
22.488333,-492.896,1476.6,-0.03727,-4e-05
22.49,-438.594,1468.25,-0.03551,-4e-05
22.491667,-380.115,1461.98,-0.03352,-4e-05
22.493333,-321.636,1451.54,-0.03146,-4e-05
22.495,-261.068,1441.09,-0.02908,0.00012
22.496667,-198.412,1430.65,-0.02651,0
22.498333,-139.932,1418.12,-0.02382,0
22.5,-79.3647,1405.59,-0.02082,0
22.501667,-16.7083,1397.24,-0.01762,0
22.503333,43.8594,1390.97,-0.01415,4e-05
22.504833,102.339,1380.53,-0.01029,0
22.5065,164.995,1376.35,-0.00632,4e-05
22.508167,223.474,1365.91,-0.00222,4e-05
22.509833,284.042,1353.38,0.00195,4e-05
22.5115,340.433,1349.2,0.00624,0.00015
22.513167,401,1359.64,0.01053,8e-05
22.514833,461.568,1374.26,0.01462,4e-05
22.5165,517.959,1384.7,0.01836,8e-05
22.518167,572.261,1399.32,0.02179,4e-05
22.519833,628.652,1411.86,0.02499,4e-05
22.5215,674.6,1422.3,0.02783,4e-05
22.523167,720.547,1434.83,0.03052,0
22.524833,760.23,1447.36,0.03298,-4e-05
22.5265,804.089,1457.8,0.0354,0
22.528167,837.506,1468.25,0.0375,-4e-05
22.529833,873.011,1478.69,0.03941,0
22.5315,902.251,1489.13,0.04105,-4e-05
22.533167,929.402,1493.31,0.04233,-4e-05
22.534833,952.376,1499.57,0.04339,-8e-05
22.5365,969.084,1507.93,0.04421,-8e-05
22.538167,981.615,1507.93,0.04491,-0.00012
22.539833,989.97,1507.93,0.04545,-8e-05
22.5415,996.235,1514.19,0.04577,-0.00012
22.543167,996.235,1514.19,0.04604,-0.00012
22.544833,996.235,1510.02,0.04619,-0.00012
22.5465,989.97,1512.11,0.04619,-0.00015
22.548167,977.438,1512.11,0.04623,-0.00012
22.549833,964.907,1507.93,0.04616,-0.00012
22.5515,946.11,1507.93,0.04612,-0.00012
22.553167,921.048,1505.84,0.04592,-0.00012
22.554833,898.074,1503.75,0.04569,-0.00012
22.556333,868.834,1501.66,0.04538,-0.00012
22.558,841.683,1499.57,0.04506,-0.00012
22.559667,808.266,1495.4,0.04456,-0.00012
22.561333,768.584,1489.13,0.04393,-4e-05
22.563,726.813,1487.04,0.04323,-8e-05
22.564667,682.954,1482.87,0.04241,-8e-05
22.566333,637.006,1474.51,0.04148,-0.00012
22.568,588.969,1468.25,0.04042,-8e-05
22.569667,536.756,1461.98,0.03914,-8e-05
22.571333,482.454,1453.63,0.0377,-4e-05
22.573,428.151,1441.09,0.0361,-8e-05
22.574667,371.761,1434.83,0.0343,-4e-05
22.576333,315.37,1424.39,0.03228,0
22.578,254.802,1413.94,0.02998,4e-05
22.579667,198.412,1403.5,0.02744,0.00012
22.581333,135.755,1395.15,0.02464,4e-05
22.583,75.1876,1390.97,0.02167,4e-05
22.584667,16.7083,1386.79,0.01832,0.00012
22.586333,-43.8594,1384.7,0.01466,8e-05
22.588,-106.516,1380.53,0.01088,8e-05
22.589667,-167.083,1382.62,0.00694,8e-05
22.591333,-227.651,1388.88,0.00288,4e-05
22.593,-286.13,1405.59,-0.00144,4e-05
22.594667,-348.787,1413.94,-0.00573,4e-05
22.596333,-405.177,1420.21,-0.00986,8e-05
22.598,-465.745,1426.48,-0.01403,4e-05
22.599667,-524.224,1436.92,-0.01778,4e-05
22.601333,-578.527,1449.45,-0.02136,0
22.603,-630.74,1464.07,-0.0246,4e-05
22.604667,-682.954,1476.6,-0.02744,4e-05
22.606333,-728.902,1489.13,-0.03002,4e-05
22.607833,-772.761,1497.49,-0.03243,0
22.6095,-808.266,1507.93,-0.03481,0
22.611167,-845.86,1518.37,-0.03707,0
22.612833,-879.277,1526.73,-0.03914,0.00012
22.6145,-914.782,1532.99,-0.04093,-4e-05
22.616167,-939.845,1541.35,-0.0423,-4e-05
22.617833,-964.907,1545.52,-0.04343,-4e-05
22.6195,-983.704,1545.52,-0.04428,-4e-05
22.621167,-1000.41,1551.79,-0.04499,-4e-05
22.622833,-1006.68,1551.79,-0.04553,-4e-05
22.6245,-1017.12,1551.79,-0.04592,-4e-05
22.626167,-1019.21,1551.79,-0.04619,-8e-05
22.627833,-1017.12,1549.7,-0.04631,-8e-05
22.6295,-1010.86,1549.7,-0.04639,0
22.631167,-1000.41,1547.61,-0.04635,-4e-05
22.632833,-987.881,1547.61,-0.04635,-4e-05
22.6345,-971.173,1543.43,-0.04631,-4e-05
22.636167,-950.287,1543.43,-0.04608,-4e-05
22.637833,-923.136,1539.26,-0.04584,-4e-05
22.6395,-898.074,1537.17,-0.04553,-4e-05
22.641167,-866.746,1532.99,-0.04518,-4e-05
22.642833,-833.329,1524.64,-0.04471,-4e-05
22.6445,-793.647,1518.37,-0.04405,-4e-05
22.646167,-753.964,1514.19,-0.04335,-4e-05
22.647833,-708.016,1507.93,-0.04257,-4e-05
22.6495,-662.068,1499.57,-0.04163,-4e-05
22.651167,-611.943,1493.31,-0.04054,0
22.652833,-561.818,1482.87,-0.03933,-4e-05
22.6545,-513.782,1476.6,-0.03793,-4e-05
22.656167,-455.302,1470.33,-0.03625,-8e-05
22.657667,-398.912,1461.98,-0.03438,-4e-05
22.659333,-340.433,1449.45,-0.03228,-4e-05
22.661,-281.953,1441.09,-0.02998,-4e-05
22.662667,-219.297,1428.56,-0.02744,0
22.664333,-158.729,1418.12,-0.02479,8e-05
22.666,-98.1615,1407.68,-0.02191,4e-05
22.667667,-35.5052,1397.24,-0.01871,4e-05
22.669333,22.974,1384.7,-0.01544,4e-05
22.671,81.4532,1380.53,-0.01166,4e-05
22.672667,144.109,1376.35,-0.00768,4e-05
22.674333,204.677,1363.82,-0.0037,0
22.676,265.245,1353.38,0.00051,4e-05
22.677667,321.636,1349.2,0.00483,4e-05
22.679333,384.292,1349.2,0.00916,4e-05
22.681,442.771,1365.91,0.01325,0.00015
22.682667,499.162,1380.53,0.01715,8e-05
22.684333,553.464,1388.88,0.02066,8e-05
22.686,609.855,1403.5,0.02397,4e-05
22.687667,657.891,1418.12,0.02698,4e-05
22.689333,703.839,1428.56,0.02974,0
22.691,745.61,1439.01,0.03232,0
22.692667,787.381,1451.54,0.03477,0
22.694333,824.975,1461.98,0.03699,-4e-05
22.696,862.568,1472.42,0.03894,-4e-05
22.697667,889.72,1484.95,0.04062,4e-05
22.699333,921.048,1491.22,0.04206,-8e-05
22.701,944.022,1493.31,0.04315,-8e-05
22.702667,962.819,1501.66,0.04409,-8e-05
22.704333,977.438,1505.84,0.04483,-8e-05
22.706,989.97,1507.93,0.04541,-8e-05
22.707667,996.235,1510.02,0.0458,-0.00012
22.709167,996.235,1510.02,0.04612,-8e-05
22.710833,996.235,1512.11,0.04627,-0.00015
22.7125,992.058,1507.93,0.04635,-0.00012
22.714167,981.615,1507.93,0.04635,-4e-05
22.715833,971.173,1507.93,0.04635,-0.00012
22.7175,952.376,1507.93,0.04631,-0.00012
22.719167,931.49,1503.75,0.04608,-0.00012
22.720833,908.516,1501.66,0.04588,-8e-05
22.7225,881.365,1503.75,0.04565,-0.00015
22.724167,852.126,1499.57,0.0453,-0.00012
22.725833,816.62,1495.4,0.04483,-0.00015
22.7275,781.115,1491.22,0.04428,-8e-05
22.729167,741.433,1487.04,0.04358,-0.00012
22.730833,697.574,1478.69,0.04276,-8e-05
22.7325,651.626,1474.51,0.04191,-0.00012
22.734167,605.678,1466.16,0.04089,-8e-05
22.735833,553.464,1455.71,0.03965,-8e-05
22.7375,501.25,1451.54,0.03832,-4e-05
22.739167,446.948,1443.18,0.03676,-4e-05
22.740833,390.558,1434.83,0.03501,-4e-05
22.7425,334.167,1422.3,0.03302,0
22.744167,277.776,1416.03,0.03084,0
22.745833,215.12,1403.5,0.02842,4e-05
22.7475,154.552,1393.06,0.02573,4e-05
22.749167,98.1615,1388.88,0.02277,4e-05
22.750833,37.5938,1384.7,0.01949,4e-05
22.7525,-25.0625,1380.53,0.01594,4e-05
22.754167,-85.6303,1378.44,0.01224,4e-05
22.755833,-146.198,1380.53,0.0083,8e-05
22.7575,-206.766,1382.62,0.00421,8e-05
22.759167,-265.245,1399.32,0,8e-05
22.760667,-325.813,1411.86,-0.00433,8e-05
22.762333,-388.469,1411.86,-0.00854,8e-05
22.764,-444.86,1418.12,-0.01263,4e-05
22.765667,-501.25,1432.74,-0.01661,0.00015
22.767333,-561.818,1441.09,-0.02031,8e-05
22.769,-616.12,1453.63,-0.02358,4e-05
22.770667,-666.245,1468.25,-0.02663,0
22.772333,-714.282,1480.78,-0.02928,4e-05
22.774,-760.23,1491.22,-0.03177,4e-05
22.775667,-797.824,1499.57,-0.03411,4e-05
22.777333,-833.329,1512.11,-0.03645,0
22.779,-868.834,1522.55,-0.03855,-4e-05
22.780667,-902.251,1528.81,-0.0405,-4e-05
22.782333,-933.579,1537.17,-0.04202,8e-05
22.784,-956.553,1543.43,-0.04319,-4e-05
22.785667,-979.527,1543.43,-0.04405,0
22.787333,-994.147,1545.52,-0.04491,-4e-05
22.789,-1004.59,1549.7,-0.04549,-4e-05
22.790667,-1015.03,1549.7,-0.04596,-4e-05
22.792333,-1019.21,1547.61,-0.04627,-4e-05
22.794,-1017.12,1545.52,-0.04643,-4e-05
22.795667,-1012.94,1549.7,-0.04658,-8e-05
22.797333,-1006.68,1545.52,-0.04658,-8e-05
22.799,-994.147,1545.52,-0.04658,8e-05
22.800667,-975.35,1543.43,-0.04647,-4e-05
22.802333,-956.553,1541.35,-0.04631,-4e-05
22.804,-933.579,1537.17,-0.04616,-4e-05
22.805667,-904.339,1532.99,-0.04588,-4e-05
22.807333,-877.188,1528.81,-0.04549,-4e-05
22.809,-843.772,1524.64,-0.04499,-4e-05
22.810667,-808.266,1516.28,-0.04444,-4e-05
22.812167,-766.495,1514.19,-0.04378,-4e-05
22.813833,-722.636,1505.84,-0.04304,-4e-05
22.8155,-678.777,1499.57,-0.04214,4e-05
22.817167,-628.652,1491.22,-0.04109,0
22.818833,-580.615,1482.87,-0.03996,-4e-05
22.8205,-530.49,1476.6,-0.03859,-4e-05
22.822167,-474.099,1470.33,-0.03696,-4e-05
22.823833,-417.709,1461.98,-0.03512,-4e-05
22.8255,-361.318,1449.45,-0.0331,-4e-05
22.827167,-300.75,1441.09,-0.03091,-4e-05
22.828833,-240.182,1430.65,-0.02846,0
22.8305,-181.703,1418.12,-0.02581,-4e-05
22.832167,-119.047,1405.59,-0.02296,-4e-05
22.833833,-56.3907,1397.24,-0.01988,4e-05
22.8355,2.08854,1386.79,-0.01665,0
22.837167,62.6563,1376.35,-0.01294,0
22.838833,123.224,1374.26,-0.00912,4e-05
22.8405,185.88,1368,-0.00499,4e-05
22.842167,244.36,1349.2,-0.00086,4e-05
22.843833,302.839,1345.02,0.00343,8e-05
22.8455,365.495,1347.11,0.0078,8e-05
22.847167,421.886,1355.46,0.01205,8e-05
22.848833,482.454,1370.08,0.01598,4e-05
22.8505,538.844,1386.79,0.01969,8e-05
22.852167,593.146,1399.32,0.02308,4e-05
22.853833,643.271,1409.77,0.02612,4e-05
22.8555,691.308,1420.21,0.02892,0
22.857167,733.079,1432.74,0.03161,0
22.858833,774.85,1443.18,0.03407,0
22.8605,814.532,1455.71,0.03641,-4e-05
22.862,847.949,1468.25,0.03848,-4e-05
22.863667,883.454,1480.78,0.04031,-4e-05
22.865333,912.693,1482.87,0.04183,-4e-05
22.867,935.667,1493.31,0.04296,0
22.868667,956.553,1499.57,0.04393,-8e-05
22.870333,971.173,1499.57,0.04471,-8e-05
22.872,983.704,1503.75,0.04534,-8e-05
22.873667,994.147,1505.84,0.0458,-8e-05
22.875333,996.235,1505.84,0.04616,-0.00012
22.877,996.235,1505.84,0.04639,-0.00012
22.878667,992.058,1507.93,0.04647,-0.00012
22.880333,985.792,1507.93,0.04651,-0.00012
22.882,975.35,1507.93,0.04647,-0.00012
22.883667,960.73,1505.84,0.04643,-4e-05
22.885333,937.756,1505.84,0.04631,-0.00012
22.887,916.871,1501.66,0.04616,-8e-05
22.888667,891.808,1501.66,0.04584,-0.00012
22.890333,860.48,1497.49,0.04553,-8e-05
22.892,831.24,1495.4,0.04514,-0.00012
22.893667,795.735,1487.04,0.0446,-0.00012
22.895333,756.053,1482.87,0.04397,-0.00012
22.897,712.193,1480.78,0.04323,-8e-05
22.898667,668.334,1472.42,0.04233,-8e-05
22.900333,620.297,1468.25,0.0414,0
22.902,572.261,1461.98,0.04027,-8e-05
22.903667,517.959,1453.63,0.0389,-8e-05
22.905333,463.657,1443.18,0.03746,-4e-05
22.907,409.355,1434.83,0.03579,-4e-05
22.908667,352.964,1426.48,0.03384,0
22.910333,294.485,1416.03,0.03173,0
22.912,236.005,1405.59,0.02939,0
22.9135,177.526,1397.24,0.02678,4e-05
22.915167,114.87,1384.7,0.02382,8e-05
22.916833,56.3907,1380.53,0.02066,8e-05
22.9185,-6.26563,1382.62,0.01723,4e-05
22.920167,-64.7448,1378.44,0.01357,4e-05
22.921833,-127.401,1374.26,0.00967,4e-05
22.9235,-187.969,1378.44,0.00561,4e-05
22.925167,-246.448,1388.88,0.00148,4e-05
22.926833,-307.016,1403.5,-0.00285,8e-05
22.9285,-367.584,1409.77,-0.00713,4e-05
22.930167,-426.063,1418.12,-0.01127,4e-05
22.931833,-484.542,1422.3,-0.01536,4e-05
22.9335,-543.021,1432.74,-0.0191,4e-05
22.935167,-597.323,1449.45,-0.02253,4e-05
22.936833,-647.448,1461.98,-0.02565,4e-05
22.9385,-697.574,1470.33,-0.0285,4e-05
22.940167,-743.521,1484.95,-0.03103,4e-05
22.941833,-783.204,1495.4,-0.03349,4e-05
22.9435,-820.798,1503.75,-0.03575,4e-05
22.945167,-856.303,1514.19,-0.03793,4e-05
22.946833,-893.897,1526.73,-0.04004,0
22.9485,-923.136,1532.99,-0.04167,0
22.950167,-950.287,1535.08,-0.04296,0
22.951833,-971.173,1543.43,-0.04397,4e-05
22.9535,-989.97,1545.52,-0.04483,-4e-05
22.955167,-1002.5,1543.43,-0.04541,-8e-05
22.956833,-1012.94,1545.52,-0.04592,-4e-05
22.9585,-1017.12,1547.61,-0.04627,-4e-05
22.960167,-1021.3,1545.52,-0.04651,-8e-05
22.961833,-1017.12,1543.43,-0.04666,-4e-05
22.9635,-1008.77,1545.52,-0.0467,-4e-05
22.965,-998.324,1543.43,-0.0467,-4e-05
22.966667,-983.704,1539.26,-0.04666,-4e-05
22.968333,-964.907,1537.17,-0.04651,4e-05
22.97,-941.933,1539.26,-0.04631,-4e-05
22.971667,-916.871,1532.99,-0.04608,-8e-05
22.973333,-887.631,1526.73,-0.04577,-8e-05
22.975,-852.126,1522.55,-0.0453,-8e-05
22.976667,-820.798,1518.37,-0.04479,0
22.978333,-781.115,1512.11,-0.04409,-8e-05
22.98,-737.256,1503.75,-0.04339,-8e-05
22.981667,-691.308,1501.66,-0.04253,-4e-05
22.983333,-645.36,1491.22,-0.04156,-4e-05
22.985,-595.235,1482.87,-0.04042,4e-05
22.986667,-543.021,1478.69,-0.03918,-4e-05
22.988333,-492.896,1468.25,-0.03762,-4e-05
22.99,-436.506,1459.89,-0.03586,-4e-05
22.991667,-378.026,1451.54,-0.03391,-4e-05
22.993333,-319.547,1443.18,-0.03173,-4e-05
22.995,-261.068,1432.74,-0.02939,-4e-05
22.996667,-200.5,1420.21,-0.02678,0
22.998333,-139.932,1407.68,-0.02397,4e-05
23,-75.1876,1393.06,-0.02097,0
23.001667,-16.7083,1386.79,-0.01781,8e-05
23.003333,43.8594,1380.53,-0.01431,4e-05
23.005,102.339,1372.17,-0.01045,4e-05
23.006667,164.995,1365.91,-0.00647,4e-05
23.008333,225.563,1353.38,-0.00234,4e-05
23.01,284.042,1342.93,0.00199,4e-05
23.011667,344.61,1340.84,0.00628,8e-05
23.013333,405.177,1349.2,0.01064,8e-05
23.015,461.568,1363.82,0.01474,4e-05
23.0165,520.047,1376.35,0.01856,8e-05
23.018167,574.349,1390.97,0.02203,8e-05
23.019833,626.563,1403.5,0.02522,4e-05
23.0215,674.6,1413.94,0.02815,0
23.023167,720.547,1426.48,0.03084,4e-05
23.024833,762.318,1441.09,0.03337,0
23.0265,804.089,1451.54,0.03579,-4e-05
23.028167,839.594,1461.98,0.03793,-8e-05
23.029833,873.011,1474.51,0.0398,-4e-05
23.0315,902.251,1482.87,0.04136,-4e-05
23.033167,929.402,1487.04,0.04276,-4e-05
23.034833,950.287,1493.31,0.04378,-8e-05
23.0365,969.084,1497.49,0.04463,-4e-05
23.038167,979.527,1499.57,0.04526,-8e-05
23.039833,992.058,1499.57,0.0458,-0.00012
23.0415,996.235,1505.84,0.04616,-8e-05
23.043167,996.235,1505.84,0.04635,-0.00015
23.044833,994.147,1501.66,0.04662,-8e-05
23.0465,985.792,1505.84,0.04662,-0.00012
23.048167,979.527,1503.75,0.04662,-0.00012
23.049833,962.819,1499.57,0.04662,-0.00015
23.0515,946.11,1501.66,0.04655,-0.00012
23.053167,925.225,1501.66,0.04627,-4e-05
23.054833,898.074,1497.49,0.04604,-0.00012
23.0565,870.923,1493.31,0.04577,-0.00012
23.058167,841.683,1495.4,0.04538,-0.00012
23.059833,806.178,1489.13,0.04491,-8e-05
23.0615,768.584,1482.87,0.04432,-8e-05
23.063167,728.902,1478.69,0.04358,-8e-05
23.064833,680.865,1472.42,0.04276,-8e-05
23.066333,634.917,1466.16,0.04187,-0.00012
23.068,586.881,1457.8,0.04078,-8e-05
23.069667,536.756,1455.71,0.03953,4e-05
23.071333,484.542,1443.18,0.03809,-4e-05
23.073,428.151,1430.65,0.03649,0
23.074667,371.761,1424.39,0.03462,0
23.076333,313.282,1418.12,0.03263,0
23.078,254.802,1405.59,0.03033,0
23.079667,196.323,1393.06,0.02779,4e-05
23.081333,135.755,1386.79,0.02495,4e-05
23.083,77.2761,1380.53,0.02195,0
23.084667,18.7969,1380.53,0.01848,8e-05
23.086333,-43.8594,1376.35,0.01485,0.00015
23.088,-104.427,1374.26,0.01103,8e-05
23.089667,-167.083,1374.26,0.00706,8e-05
23.091333,-227.651,1380.53,0.00296,8e-05
23.093,-286.13,1397.24,-0.00136,8e-05
23.094667,-348.787,1405.59,-0.00569,8e-05
23.096333,-405.177,1409.77,-0.00994,4e-05
23.098,-465.745,1416.03,-0.01399,8e-05
23.099667,-520.047,1428.56,-0.01793,4e-05
23.101333,-580.615,1441.09,-0.02156,4e-05
23.103,-630.74,1455.71,-0.02479,0.00015
23.104667,-682.954,1468.25,-0.02772,0
23.106333,-728.902,1476.6,-0.03033,8e-05
23.108,-772.761,1487.04,-0.03278,4e-05
23.109667,-808.266,1501.66,-0.03512,4e-05
23.111333,-845.86,1510.02,-0.03738,0
23.113,-879.277,1518.37,-0.03949,0
23.114667,-914.782,1526.73,-0.04128,0
23.116333,-941.933,1532.99,-0.04269,0
23.117833,-964.907,1537.17,-0.04382,-4e-05
23.1195,-985.792,1539.26,-0.04463,0
23.121167,-1000.41,1541.35,-0.04538,-8e-05
23.122833,-1006.68,1543.43,-0.04588,-4e-05
23.1245,-1015.03,1545.52,-0.04627,-4e-05
23.126167,-1019.21,1545.52,-0.04655,-4e-05
23.127833,-1017.12,1543.43,-0.04674,-4e-05
23.1295,-1012.94,1543.43,-0.04682,-8e-05
23.131167,-1002.5,1541.35,-0.04678,-4e-05
23.132833,-987.881,1541.35,-0.04678,-4e-05
23.1345,-969.084,1539.26,-0.04666,-4e-05
23.136167,-950.287,1535.08,-0.04655,-4e-05
23.137833,-923.136,1530.9,-0.04631,-8e-05
23.1395,-895.985,1528.81,-0.046,0
23.141167,-866.746,1524.64,-0.04557,-4e-05
23.142833,-831.24,1518.37,-0.04506,-4e-05
23.1445,-791.558,1512.11,-0.04444,-8e-05
23.146167,-753.964,1503.75,-0.04374,-4e-05
23.147833,-710.105,1497.49,-0.043,-4e-05
23.1495,-659.98,1491.22,-0.04202,0
23.151167,-611.943,1487.04,-0.04097,-4e-05
23.152833,-561.818,1476.6,-0.03972,-4e-05
23.1545,-509.605,1468.25,-0.03832,4e-05
23.156167,-457.391,1461.98,-0.0366,-8e-05
23.157833,-396.823,1455.71,-0.03466,0
23.1595,-340.433,1443.18,-0.03259,-4e-05
23.161167,-277.776,1430.65,-0.03029,-4e-05
23.162833,-221.386,1422.3,-0.02776,0
23.1645,-156.641,1411.86,-0.02507,0
23.166167,-98.1615,1397.24,-0.02214,4e-05
23.167833,-35.5052,1386.79,-0.01891,4e-05
23.169333,22.974,1378.44,-0.01555,0
23.171,83.5417,1374.26,-0.01177,0.00012
23.172667,146.198,1365.91,-0.00776,4e-05
23.174333,204.677,1355.46,-0.00366,4e-05
23.176,263.156,1342.93,0.00051,4e-05
23.177667,321.636,1338.76,0.00491,4e-05
23.179333,384.292,1340.84,0.00928,8e-05
23.181,442.771,1355.46,0.01345,8e-05
23.182667,501.25,1370.08,0.01739,4e-05
23.184333,555.553,1386.79,0.02097,8e-05
23.186,609.855,1395.15,0.02433,4e-05
23.187667,659.98,1409.77,0.02725,0.00019
23.189333,705.928,1422.3,0.03006,0
23.191,747.699,1430.65,0.03267,4e-05
23.192667,789.469,1443.18,0.03512,0
23.194333,822.886,1455.71,0.03735,-4e-05
23.196,860.48,1468.25,0.03937,-4e-05
23.197667,891.808,1476.6,0.04105,-4e-05
23.199333,921.048,1484.95,0.04249,-4e-05
23.201,944.022,1491.22,0.04358,-8e-05
23.202667,964.907,1495.4,0.04452,-8e-05
23.204333,977.438,1499.57,0.04522,-4e-05
23.206,989.97,1499.57,0.04584,-8e-05
23.207667,996.235,1501.66,0.04619,-0.00012
23.209333,998.324,1505.84,0.04651,-0.00012
23.211,996.235,1503.75,0.04658,-0.00012
23.212667,992.058,1499.57,0.0467,-0.00012
23.214333,981.615,1501.66,0.04674,-0.00012
23.216,971.173,1501.66,0.0467,-0.00012
23.217667,952.376,1499.57,0.04666,-0.00012
23.219333,929.402,1495.4,0.04647,-8e-05
23.220833,908.516,1495.4,0.04627,-0.00012
23.2225,879.277,1495.4,0.04596,-8e-05
23.224167,850.037,1491.22,0.04569,-0.00012
23.225833,818.709,1489.13,0.04522,-8e-05
23.2275,781.115,1484.95,0.0446,-0.00012
23.229167,741.433,1478.69,0.04397,-8e-05
23.230833,695.485,1470.33,0.04315,-8e-05
23.2325,649.537,1468.25,0.04226,-8e-05
23.234167,603.589,1461.98,0.04124,-8e-05
23.235833,551.375,1451.54,0.04003,-8e-05
23.2375,501.25,1443.18,0.03863,-4e-05
23.239167,444.86,1434.83,0.03707,0
23.240833,388.469,1424.39,0.03536,0
23.2425,329.99,1416.03,0.03337,-4e-05
23.244167,277.776,1407.68,0.03119,0
23.245833,215.12,1397.24,0.02873,4e-05
23.2475,156.641,1384.7,0.026,8e-05
23.249167,98.1615,1378.44,0.02296,4e-05
23.250833,37.5938,1376.35,0.01973,4e-05
23.2525,-25.0625,1372.17,0.0161,4e-05
23.254167,-85.6303,1372.17,0.01232,4e-05
23.255833,-148.287,1372.17,0.00838,0.00015
23.2575,-206.766,1374.26,0.00433,8e-05
23.259167,-265.245,1388.88,4e-05,8e-05
23.260833,-325.813,1401.41,-0.00437,4e-05
23.2625,-386.381,1405.59,-0.00862,8e-05
23.264167,-444.86,1411.86,-0.01279,4e-05
23.265833,-501.25,1422.3,-0.0168,8e-05
23.2675,-559.73,1436.92,-0.0205,4e-05
23.269167,-616.12,1449.45,-0.02382,8e-05
23.270667,-666.245,1459.89,-0.02682,4e-05
23.272333,-714.282,1472.42,-0.02955,0.00019
23.274,-758.141,1484.95,-0.03208,4e-05
23.275667,-799.912,1493.31,-0.03446,8e-05
23.277333,-833.329,1503.75,-0.03676,4e-05
23.279,-870.923,1514.19,-0.03894,0
23.280667,-904.339,1522.55,-0.04089,0
23.282333,-931.49,1530.9,-0.04241,0
23.284,-958.641,1535.08,-0.04362,-4e-05
23.285667,-977.438,1537.17,-0.04452,-4e-05
23.287333,-994.147,1539.26,-0.04526,-4e-05
23.289,-1006.68,1543.43,-0.04584,8e-05
23.290667,-1012.94,1541.35,-0.04635,-4e-05
23.292333,-1017.12,1541.35,-0.04662,-4e-05
23.294,-1019.21,1543.43,-0.04682,-0.00012
23.295667,-1015.03,1541.35,-0.04693,-4e-05
23.297333,-1006.68,1539.26,-0.04693,-8e-05
23.299,-992.058,1537.17,-0.0469,-4e-05
23.300667,-977.438,1539.26,-0.04682,-4e-05
23.302333,-956.553,1532.99,-0.0467,-4e-05
23.304,-931.49,1530.9,-0.04651,-4e-05
23.305667,-904.339,1528.81,-0.04619,4e-05
23.307333,-877.188,1524.64,-0.04584,-4e-05
23.309,-841.683,1518.37,-0.04534,-8e-05
23.310667,-804.089,1512.11,-0.04475,-4e-05
23.312333,-764.407,1507.93,-0.04413,-4e-05
23.314,-722.636,1497.49,-0.04331,-4e-05
23.315667,-678.777,1491.22,-0.04245,-4e-05
23.317333,-630.74,1484.95,-0.04144,-4e-05
23.319,-578.527,1480.78,-0.04027,-4e-05
23.320667,-528.401,1468.25,-0.03894,-4e-05
23.322167,-476.188,1461.98,-0.03731,-4e-05
23.323833,-417.709,1453.63,-0.03544,-4e-05
23.3255,-359.229,1445.27,-0.03341,0
23.327167,-300.75,1430.65,-0.03119,0
23.328833,-240.182,1424.39,-0.02873,-4e-05
23.3305,-177.526,1411.86,-0.02608,-4e-05
23.332167,-119.047,1399.32,-0.02319,0
23.333833,-56.3907,1386.79,-0.02004,4e-05
23.3355,4.17709,1380.53,-0.01676,0
23.337167,62.6563,1368,-0.01318,4e-05
23.338833,123.224,1365.91,-0.0092,0
23.3405,185.88,1361.73,-0.00511,4e-05
23.342167,244.36,1342.93,-0.00097,4e-05
23.343833,302.839,1338.76,0.00343,4e-05
23.3455,363.407,1338.76,0.00787,4e-05
23.347167,423.974,1349.2,0.0122,4e-05
23.348833,482.454,1361.73,0.01614,8e-05
23.3505,538.844,1376.35,0.01988,4e-05
23.352167,593.146,1390.97,0.02327,4e-05
23.353833,643.271,1403.5,0.02631,4e-05
23.3555,689.219,1413.94,0.0292,0
23.357167,735.167,1428.56,0.03193,0.00012
23.358833,776.938,1439.01,0.03446,-4e-05
23.3605,814.532,1449.45,0.03676,-4e-05
23.362167,850.037,1464.07,0.03883,-8e-05
23.363833,883.454,1470.33,0.04066,-4e-05
23.3655,912.693,1478.69,0.04218,-4e-05
23.367167,935.667,1487.04,0.04339,-4e-05
23.368833,958.641,1493.31,0.04436,-8e-05
23.3705,971.173,1495.4,0.04514,-8e-05
23.372167,985.792,1497.49,0.04577,-8e-05
23.373667,992.058,1501.66,0.04619,0
23.375333,996.235,1501.66,0.04651,-0.00012
23.377,996.235,1499.57,0.0467,-0.00012
23.378667,992.058,1499.57,0.04682,-0.00012
23.380333,983.704,1501.66,0.04682,-8e-05
23.382,973.261,1499.57,0.0469,-0.00012
23.383667,958.641,1497.49,0.04686,-8e-05
23.385333,939.845,1499.57,0.04666,-8e-05
23.387,914.782,1495.4,0.04651,-0.00012
23.388667,889.72,1493.31,0.04623,-0.00012
23.390333,860.48,1491.22,0.04592,-4e-05
23.392,831.24,1487.04,0.04557,-8e-05
23.393667,791.558,1480.78,0.04502,-8e-05
23.395333,756.053,1478.69,0.04436,-0.00012
23.397,710.105,1474.51,0.04362,-8e-05
23.398667,666.245,1466.16,0.04272,-0.00012
23.400333,618.209,1461.98,0.04179,-0.00012
23.402,568.084,1455.71,0.04066,-8e-05
23.403667,520.047,1445.27,0.03933,-4e-05
23.405333,463.657,1436.92,0.03781,-8e-05
23.407,407.266,1428.56,0.03606,4e-05
23.408667,352.964,1418.12,0.03419,0
23.410333,292.396,1405.59,0.03208,0
23.412,236.005,1397.24,0.0297,0
23.413667,175.438,1386.79,0.02705,4e-05
23.415333,114.87,1376.35,0.02405,4e-05
23.417,56.3907,1374.26,0.02089,4e-05
23.418667,-4.17709,1374.26,0.01739,4e-05
23.420333,-66.8334,1370.08,0.01364,4e-05
23.422,-127.401,1365.91,0.00975,4e-05
23.423667,-187.969,1370.08,0.00573,8e-05
23.425167,-246.448,1378.44,0.00152,8e-05
23.426833,-307.016,1393.06,-0.00285,8e-05
23.4285,-365.495,1401.41,-0.00713,8e-05
23.430167,-426.063,1407.68,-0.01138,4e-05
23.431833,-484.542,1411.86,-0.01548,8e-05
23.4335,-540.933,1426.48,-0.0193,0
23.435167,-599.412,1441.09,-0.02277,0
23.436833,-649.537,1453.63,-0.02596,4e-05
23.4385,-697.574,1461.98,-0.02877,4e-05
23.440167,-741.433,1478.69,-0.0313,8e-05
23.441833,-785.292,1489.13,-0.03376,0.00012
23.4435,-820.798,1497.49,-0.03614,0
23.445167,-858.391,1507.93,-0.03836,0
23.446833,-891.808,1516.28,-0.04035,4e-05
23.4485,-923.136,1524.64,-0.04206,0
23.450167,-950.287,1530.9,-0.04335,0
23.451833,-971.173,1532.99,-0.04428,0
23.4535,-989.97,1537.17,-0.0451,0
23.455167,-1004.59,1537.17,-0.04577,-4e-05
23.456833,-1012.94,1537.17,-0.04627,-4e-05
23.4585,-1015.03,1543.43,-0.04666,8e-05
23.460167,-1017.12,1539.26,-0.0469,-4e-05
23.461833,-1017.12,1539.26,-0.04705,-8e-05
23.4635,-1008.77,1537.17,-0.04705,-4e-05
23.465167,-998.324,1537.17,-0.04705,-4e-05
23.466833,-985.792,1530.9,-0.04697,-8e-05
23.4685,-962.819,1530.9,-0.0469,-4e-05
23.470167,-939.845,1528.81,-0.0467,-8e-05
23.471833,-914.782,1524.64,-0.04647,-4e-05
23.4735,-887.631,1520.46,-0.04608,-4e-05
23.475,-852.126,1520.46,-0.04565,8e-05
23.476667,-820.798,1507.93,-0.04518,-4e-05
23.478333,-779.027,1503.75,-0.04448,-4e-05
23.48,-735.167,1499.57,-0.04374,-4e-05
23.481667,-693.396,1491.22,-0.04284,-4e-05
23.483333,-645.36,1480.78,-0.04191,-4e-05
23.485,-595.235,1474.51,-0.04078,-8e-05
23.486667,-543.021,1468.25,-0.03949,-8e-05
23.488333,-492.896,1461.98,-0.03797,-4e-05
23.49,-436.506,1451.54,-0.03618,-4e-05
23.491667,-375.938,1447.36,-0.03415,8e-05
23.493333,-319.547,1436.92,-0.03204,0
23.495,-258.979,1422.3,-0.02967,0
23.496667,-198.412,1411.86,-0.02701,0
23.498333,-139.932,1399.32,-0.02425,0
23.5,-75.1876,1386.79,-0.02117,0
23.501667,-16.7083,1376.35,-0.01793,4e-05
23.503333,43.8594,1370.08,-0.01442,4e-05
23.505,102.339,1363.82,-0.01056,4e-05
23.506667,167.083,1357.55,-0.00647,4e-05
23.508333,225.563,1347.11,-0.00234,0
23.51,284.042,1336.67,0.00199,4e-05
23.511667,342.521,1332.49,0.00639,4e-05
23.513333,403.089,1340.84,0.0108,8e-05
23.515,461.568,1359.64,0.01493,0.00012
23.516667,520.047,1368,0.01871,8e-05
23.518333,574.349,1380.53,0.02226,8e-05
23.52,626.563,1395.15,0.02553,4e-05
23.521667,674.6,1405.59,0.02842,4e-05
23.523333,720.547,1416.03,0.03115,0
23.525,762.318,1430.65,0.03372,0
23.5265,802.001,1443.18,0.03614,0
23.528167,837.506,1451.54,0.03832,-4e-05
23.529833,870.923,1464.07,0.04023,-4e-05
23.5315,902.251,1476.6,0.04183,-4e-05
23.533167,929.402,1480.78,0.04315,-4e-05
23.534833,952.376,1484.95,0.04417,-8e-05
23.5365,969.084,1493.31,0.04502,-8e-05
23.538167,981.615,1493.31,0.04569,-8e-05
23.539833,992.058,1495.4,0.04623,-8e-05
23.5415,996.235,1497.49,0.04655,-8e-05
23.543167,998.324,1501.66,0.04682,0
23.544833,996.235,1497.49,0.04697,-0.00012
23.5465,987.881,1495.4,0.04693,-0.00012
23.548167,977.438,1497.49,0.04701,-0.00012
23.549833,962.819,1497.49,0.0469,-8e-05
23.5515,946.11,1493.31,0.04686,-8e-05
23.553167,923.136,1493.31,0.04655,-8e-05
23.554833,898.074,1491.22,0.04647,-0.00012
23.5565,870.923,1487.04,0.04612,-0.00012
23.558167,839.594,1482.87,0.04577,-8e-05
23.559833,804.089,1480.78,0.04522,-4e-05
23.5615,768.584,1474.51,0.04467,-0.00015
23.563167,726.813,1468.25,0.04397,-8e-05
23.564833,680.865,1466.16,0.04311,-8e-05
23.5665,634.917,1459.89,0.04222,-0.00012
23.568167,586.881,1449.45,0.04117,-0.00012
23.569833,536.756,1443.18,0.03988,-8e-05
23.5715,482.454,1436.92,0.03844,-4e-05
23.573167,426.063,1428.56,0.0368,-4e-05
23.574833,371.761,1418.12,0.03497,0
23.5765,311.193,1409.77,0.0329,8e-05
23.578,254.802,1399.32,0.03064,0
23.579667,198.412,1386.79,0.02811,0
23.581333,135.755,1376.35,0.02522,4e-05
23.583,77.2761,1374.26,0.02214,4e-05
23.584667,16.7083,1372.17,0.01867,4e-05
23.586333,-43.8594,1368,0.01497,4e-05
23.588,-106.516,1365.91,0.01115,8e-05
23.589667,-164.995,1368,0.00717,4e-05
23.591333,-227.651,1374.26,0.00296,4e-05
23.593,-286.13,1388.88,-0.0014,0.00015
23.594667,-346.698,1397.24,-0.00581,4e-05
23.596333,-407.266,1403.5,-0.00998,8e-05
23.598,-463.657,1405.59,-0.01419,8e-05
23.599667,-522.136,1418.12,-0.01809,4e-05
23.601333,-580.615,1432.74,-0.02175,4e-05
23.603,-630.74,1445.27,-0.02495,4e-05
23.604667,-682.954,1457.8,-0.02795,4e-05
23.606333,-728.902,1470.33,-0.03056,4e-05
23.608,-772.761,1480.78,-0.03306,4e-05
23.609667,-808.266,1489.13,-0.03544,4e-05
23.611333,-845.86,1503.75,-0.03777,4e-05
23.613,-881.365,1512.11,-0.03984,0
23.614667,-914.782,1518.37,-0.04167,4e-05
23.616333,-939.845,1526.73,-0.04304,0
23.618,-964.907,1530.9,-0.04413,0
23.619667,-983.704,1532.99,-0.04502,-4e-05
23.621333,-998.324,1535.08,-0.04573,-4e-05
23.623,-1008.77,1537.17,-0.04627,-4e-05
23.624667,-1019.21,1539.26,-0.0467,-4e-05
23.626333,-1017.12,1535.08,-0.04693,-4e-05
23.628,-1015.03,1535.08,-0.04709,-4e-05
23.6295,-1012.94,1537.17,-0.04717,-4e-05
23.631167,-1002.5,1530.9,-0.04713,0
23.632833,-987.881,1528.81,-0.04717,-4e-05
23.6345,-969.084,1530.9,-0.04701,-4e-05
23.636167,-946.11,1526.73,-0.04686,-4e-05
23.637833,-923.136,1522.55,-0.0467,-4e-05
23.6395,-895.985,1518.37,-0.04631,-8e-05
23.641167,-864.657,1514.19,-0.04592,-4e-05
23.642833,-829.152,1507.93,-0.04545,-4e-05
23.6445,-791.558,1505.84,-0.04483,4e-05
23.646167,-751.876,1497.49,-0.04413,-4e-05
23.647833,-705.928,1489.13,-0.04331,-4e-05
23.6495,-662.068,1482.87,-0.04237,-4e-05
23.651167,-611.943,1476.6,-0.04128,-4e-05
23.652833,-561.818,1470.33,-0.04007,-4e-05
23.6545,-507.516,1461.98,-0.03867,-4e-05
23.656167,-455.302,1453.63,-0.03696,-8e-05
23.657833,-396.823,1443.18,-0.03501,0
23.6595,-338.344,1436.92,-0.0329,-4e-05
23.661167,-279.865,1428.56,-0.03056,8e-05
23.662833,-219.297,1411.86,-0.02803,0
23.6645,-158.729,1401.41,-0.02526,0
23.666167,-96.073,1390.97,-0.0223,4e-05
23.667833,-35.5052,1378.44,-0.01902,0
23.6695,22.974,1365.91,-0.01567,0
23.671167,85.6303,1361.73,-0.01189,0
23.672833,146.198,1359.64,-0.00784,4e-05
23.6745,206.766,1347.11,-0.00374,0
23.676167,265.245,1334.58,0.00051,8e-05
23.677833,323.724,1334.58,0.00491,0.00015
23.679333,384.292,1334.58,0.00943,4e-05
23.681,442.771,1349.2,0.01357,8e-05
23.682667,501.25,1363.82,0.01754,8e-05
23.684333,555.553,1376.35,0.02125,8e-05
23.686,609.855,1384.7,0.02452,8e-05
23.687667,659.98,1399.32,0.02752,4e-05
23.689333,703.839,1413.94,0.03037,4e-05
23.691,747.699,1424.39,0.03298,4e-05
23.692667,789.469,1434.83,0.03551,0
23.694333,829.152,1449.45,0.03773,4e-05
23.696,860.48,1461.98,0.03972,-4e-05
23.697667,889.72,1466.16,0.0414,-8e-05
23.699333,921.048,1476.6,0.04284,-8e-05
23.701,944.022,1482.87,0.04397,-4e-05
23.702667,964.907,1487.04,0.04483,-8e-05
23.704333,977.438,1489.13,0.04561,-0.00012
23.706,987.881,1493.31,0.04612,-8e-05
23.707667,994.147,1495.4,0.04651,-0.00012
23.709333,1000.41,1493.31,0.0469,-8e-05
23.711,996.235,1493.31,0.04705,-0.00015
23.712667,989.97,1495.4,0.04705,-8e-05
23.714333,981.615,1493.31,0.04709,-0.00012
23.716,971.173,1493.31,0.04713,-0.00012
23.717667,950.287,1491.22,0.04697,-0.00012
23.719333,933.579,1491.22,0.0469,-0.00012
23.721,908.516,1487.04,0.04674,-0.00012
23.722667,883.454,1487.04,0.04631,-0.00012
23.724333,850.037,1487.04,0.04608,-0.00012
23.726,816.62,1480.78,0.04557,-8e-05
23.727667,779.027,1474.51,0.04499,-0.00012
23.729333,741.433,1470.33,0.04432,-4e-05
23.730833,695.485,1464.07,0.04347,-8e-05
23.7325,649.537,1457.8,0.04265,-8e-05
23.734167,599.412,1453.63,0.04159,-4e-05
23.735833,549.287,1445.27,0.04039,-4e-05
23.7375,501.25,1434.83,0.03902,-4e-05
23.739167,444.86,1426.48,0.03742,-8e-05
23.740833,390.558,1418.12,0.03563,0
23.7425,329.99,1407.68,0.03368,-4e-05
23.744167,271.511,1397.24,0.0315,0
23.745833,215.12,1390.97,0.02908,0.00012
23.7475,156.641,1376.35,0.02627,4e-05
23.749167,96.073,1370.08,0.02323,0
23.750833,35.5052,1368,0.01996,8e-05
23.7525,-25.0625,1365.91,0.01633,4e-05
23.754167,-85.6303,1363.82,0.01251,8e-05
23.755833,-148.287,1361.73,0.00854,8e-05
23.7575,-206.766,1368,0.00444,8e-05
23.759167,-265.245,1382.62,0.00012,8e-05
23.760833,-325.813,1393.06,-0.00429,8e-05
23.7625,-388.469,1397.24,-0.00865,0.00015
23.764167,-444.86,1403.5,-0.01286,8e-05
23.765833,-501.25,1413.94,-0.01688,4e-05
23.7675,-559.73,1424.39,-0.02066,8e-05
23.769167,-614.032,1439.01,-0.02401,8e-05
23.770833,-666.245,1451.54,-0.02713,4e-05
23.7725,-714.282,1461.98,-0.02986,4e-05
23.774167,-756.053,1474.51,-0.03239,4e-05
23.775833,-797.824,1487.04,-0.03477,8e-05
23.7775,-835.417,1493.31,-0.03711,4e-05
23.779167,-870.923,1505.84,-0.03933,8e-05
23.780833,-904.339,1516.28,-0.04124,0
23.782333,-933.579,1522.55,-0.04276,4e-05
23.784,-958.641,1524.64,-0.04393,0
23.785667,-979.527,1530.9,-0.04487,0
23.787333,-994.147,1532.99,-0.04561,-4e-05
23.789,-1006.68,1535.08,-0.04623,0
23.790667,-1015.03,1535.08,-0.0467,0
23.792333,-1019.21,1535.08,-0.04701,-4e-05
23.794,-1017.12,1535.08,-0.04721,-4e-05
23.795667,-1012.94,1532.99,-0.04729,0
23.797333,-1006.68,1530.9,-0.04729,-4e-05
23.799,-994.147,1530.9,-0.04725,0
23.800667,-975.35,1524.64,-0.04717,-4e-05
23.802333,-956.553,1526.73,-0.04709,-4e-05
23.804,-933.579,1524.64,-0.0469,-4e-05
23.805667,-904.339,1518.37,-0.04655,-4e-05
23.807333,-877.188,1514.19,-0.04619,-8e-05
23.809,-839.594,1512.11,-0.04573,-4e-05
23.810667,-804.089,1503.75,-0.04518,-4e-05
23.812333,-764.407,1495.4,-0.04448,0
23.814,-722.636,1491.22,-0.04374,-4e-05
23.815667,-676.688,1484.95,-0.0428,0
23.817333,-628.652,1474.51,-0.04179,-4e-05
23.819,-578.527,1468.25,-0.04066,0
23.820667,-526.313,1464.07,-0.03926,-4e-05
23.822333,-474.099,1455.71,-0.03762,-4e-05
23.824,-417.709,1445.27,-0.03586,-4e-05
23.825667,-357.141,1436.92,-0.03372,0
23.827333,-300.75,1428.56,-0.0315,-4e-05
23.829,-240.182,1416.03,-0.029,-4e-05
23.830667,-177.526,1401.41,-0.02631,4e-05
23.832333,-116.958,1390.97,-0.02343,4e-05
23.833833,-56.3907,1380.53,-0.02027,4e-05
23.8355,4.17709,1368,-0.01696,0
23.837167,64.7448,1359.64,-0.01322,4e-05
23.838833,123.224,1359.64,-0.00924,0
23.8405,185.88,1349.2,-0.00515,4e-05
23.842167,244.36,1334.58,-0.0009,4e-05
23.843833,304.927,1332.49,0.00351,4e-05
23.8455,363.407,1330.4,0.00799,8e-05
23.847167,423.974,1340.84,0.01228,0.00019
23.848833,482.454,1355.46,0.01629,8e-05
23.8505,538.844,1368,0.02011,8e-05
23.852167,593.146,1380.53,0.02351,8e-05
23.853833,643.271,1390.97,0.02666,8e-05
23.8555,689.219,1405.59,0.02955,0
23.857167,735.167,1418.12,0.03228,4e-05
23.858833,776.938,1428.56,0.03481,0
23.8605,816.62,1443.18,0.03715,0
23.862167,852.126,1453.63,0.03918,0
23.863833,883.454,1461.98,0.04105,8e-05
23.8655,910.605,1468.25,0.04253,-4e-05
23.867167,935.667,1476.6,0.04374,-4e-05
23.868833,958.641,1480.78,0.04471,-4e-05
23.8705,973.261,1487.04,0.04549,-8e-05
23.872167,983.704,1489.13,0.04608,-8e-05
23.873833,992.058,1493.31,0.04666,-8e-05
23.8755,996.235,1493.31,0.0469,-8e-05
23.877167,996.235,1491.22,0.04705,-8e-05
23.878833,992.058,1491.22,0.04725,-8e-05
23.8805,987.881,1493.31,0.04725,0
23.882167,973.261,1489.13,0.04725,-0.00012
23.883667,956.553,1489.13,0.04713,-0.00012
23.885333,939.845,1489.13,0.04709,-8e-05
23.887,914.782,1487.04,0.0469,-8e-05
23.888667,889.72,1482.87,0.04666,-8e-05
23.890333,860.48,1480.78,0.04623,-8e-05
23.892,829.152,1478.69,0.04592,-8e-05
23.893667,793.647,1474.51,0.04538,-0.00012
23.895333,756.053,1470.33,0.04471,-8e-05
23.897,712.193,1464.07,0.04393,-8e-05
23.898667,668.334,1455.71,0.04311,-8e-05
23.900333,618.209,1451.54,0.0421,-8e-05
23.902,568.084,1445.27,0.04101,-8e-05
23.903667,520.047,1436.92,0.03965,-4e-05
23.905333,463.657,1428.56,0.03812,-4e-05
23.907,407.266,1418.12,0.03637,0
23.908667,350.875,1405.59,0.0345,0
23.910333,292.396,1397.24,0.03239,4e-05
23.912,236.005,1390.97,0.03002,4e-05
23.913667,173.349,1378.44,0.0274,8e-05
23.915333,112.781,1368,0.02436,4e-05
23.917,56.3907,1365.91,0.02113,4e-05
23.918667,-6.26563,1361.73,0.01754,4e-05
23.920333,-66.8334,1357.55,0.0138,8e-05
23.922,-129.49,1357.55,0.0099,8e-05
23.923667,-187.969,1359.64,0.00585,8e-05
23.925333,-246.448,1370.08,0.0016,4e-05
23.927,-304.927,1386.79,-0.00285,8e-05
23.928667,-367.584,1390.97,-0.00725,8e-05
23.930333,-426.063,1397.24,-0.01146,8e-05
23.932,-484.542,1405.59,-0.01555,8e-05
23.933667,-543.021,1418.12,-0.01945,4e-05
23.935167,-597.323,1432.74,-0.023,8e-05
23.936833,-651.626,1443.18,-0.0262,4e-05
23.9385,-699.662,1455.71,-0.02904,4e-05
23.940167,-743.521,1470.33,-0.03161,4e-05
23.941833,-783.204,1480.78,-0.03403,0
23.9435,-820.798,1487.04,-0.03645,4e-05
23.945167,-858.391,1499.57,-0.03871,0
23.946833,-891.808,1512.11,-0.04074,0
23.9485,-923.136,1516.28,-0.04241,8e-05
23.950167,-950.287,1520.46,-0.0437,-4e-05
23.951833,-969.084,1526.73,-0.04467,0
23.9535,-987.881,1526.73,-0.04549,0
23.955167,-1004.59,1524.64,-0.04619,-4e-05
23.956833,-1010.86,1530.9,-0.04666,-4e-05
23.9585,-1017.12,1535.08,-0.04701,0
23.960167,-1019.21,1530.9,-0.04729,-4e-05
23.961833,-1015.03,1528.81,-0.04736,0
23.9635,-1006.68,1530.9,-0.0474,-4e-05
23.965167,-998.324,1528.81,-0.04744,8e-05
23.966833,-983.704,1526.73,-0.0474,-4e-05
23.9685,-964.907,1520.46,-0.04725,-4e-05
23.970167,-939.845,1520.46,-0.04705,-4e-05
23.971833,-914.782,1516.28,-0.04686,0
23.9735,-885.542,1512.11,-0.04647,-4e-05
23.975167,-852.126,1507.93,-0.046,-4e-05
23.976833,-818.709,1499.57,-0.04545,-4e-05
23.9785,-779.027,1493.31,-0.04487,-8e-05
23.980167,-737.256,1487.04,-0.04413,-4e-05
23.981833,-691.308,1482.87,-0.04327,4e-05
23.9835,-643.271,1474.51,-0.0423,-4e-05
23.985167,-593.146,1466.16,-0.04109,-4e-05
23.986667,-545.11,1459.89,-0.03984,-4e-05
23.988333,-488.719,1453.63,-0.03824,-4e-05
23.99,-434.417,1445.27,-0.03657,-8e-05
23.991667,-378.026,1434.83,-0.0345,-4e-05
23.993333,-319.547,1426.48,-0.03236,0
23.995,-258.979,1413.94,-0.02994,-4e-05
23.996667,-198.412,1403.5,-0.02725,0
23.998333,-135.755,1390.97,-0.02448,0
24,-77.2761,1376.35,-0.02144,4e-05
24.001667,-16.7083,1368,-0.01813,0
24.003333,43.8594,1361.73,-0.01462,4e-05
24.005,104.427,1353.38,-0.01064,4e-05
24.006667,167.083,1351.29,-0.00655,8e-05
24.008333,225.563,1336.67,-0.00238,8e-05
24.01,284.042,1324.14,0.00199,8e-05
24.011667,340.433,1324.14,0.00639,8e-05
24.013333,403.089,1330.4,0.01092,0.00012
24.015,461.568,1347.11,0.01505,8e-05
24.016667,520.047,1359.64,0.01891,8e-05
24.018333,572.261,1372.17,0.02241,4e-05
24.02,626.563,1384.7,0.02573,8e-05
24.021667,674.6,1399.32,0.02869,4e-05
24.023333,720.547,1409.77,0.03154,4e-05
24.025,762.318,1424.39,0.03407,4e-05
24.026667,804.089,1434.83,0.03649,0
24.028333,841.683,1445.27,0.03863,-4e-05
24.03,873.011,1455.71,0.04054,-4e-05
24.031667,902.251,1466.16,0.04222,-4e-05
24.033333,931.49,1474.51,0.04354,4e-05
24.035,952.376,1480.78,0.04456,-8e-05
24.036667,971.173,1482.87,0.04541,-8e-05
24.038167,983.704,1487.04,0.04604,-4e-05
24.039833,989.97,1489.13,0.04666,-8e-05
24.0415,996.235,1493.31,0.04693,-0.00012
24.043167,998.324,1489.13,0.04717,-8e-05
24.044833,996.235,1491.22,0.04736,-8e-05
24.0465,989.97,1491.22,0.04732,-8e-05
24.048167,977.438,1491.22,0.04736,-8e-05
24.049833,964.907,1487.04,0.04732,-4e-05
24.0515,946.11,1487.04,0.04725,-8e-05
24.053167,923.136,1487.04,0.04701,-0.00012
24.054833,895.985,1482.87,0.04682,-8e-05
24.0565,870.923,1478.69,0.04658,-0.00012
24.058167,839.594,1476.6,0.04612,-8e-05
24.059833,804.089,1474.51,0.04561,-8e-05
24.0615,766.495,1470.33,0.04506,-8e-05
24.063167,726.813,1461.98,0.04432,-0.00012
24.064833,680.865,1457.8,0.04347,-8e-05
24.0665,632.829,1451.54,0.04253,0
24.068167,586.881,1445.27,0.04156,-4e-05
24.069833,532.579,1436.92,0.04019,-8e-05
24.0715,482.454,1426.48,0.03875,-4e-05
24.073167,426.063,1420.21,0.03715,-4e-05
24.074833,371.761,1407.68,0.03528,0
24.0765,309.104,1399.32,0.03321,0
24.078167,254.802,1388.88,0.03095,4e-05
24.079833,194.235,1380.53,0.02834,4e-05
24.0815,135.755,1365.91,0.02549,4e-05
24.083167,75.1876,1363.82,0.02234,0.00012
24.084833,14.6198,1361.73,0.01887,8e-05
24.0865,-45.948,1357.55,0.01513,8e-05
24.088,-106.516,1353.38,0.0113,8e-05
24.089667,-167.083,1353.38,0.00725,4e-05
24.091333,-227.651,1361.73,0.00308,8e-05
24.093,-284.042,1380.53,-0.00133,8e-05
24.094667,-348.787,1386.79,-0.00581,8e-05
24.096333,-407.266,1390.97,-0.0101,0.00012
24.098,-463.657,1401.41,-0.01431,4e-05
24.099667,-522.136,1411.86,-0.01824,8e-05
24.101333,-580.615,1422.3,-0.02191,8e-05
24.103,-630.74,1436.92,-0.02526,8e-05
24.104667,-685.042,1449.45,-0.02822,4e-05
24.106333,-728.902,1459.89,-0.03087,4e-05
24.108,-774.85,1470.33,-0.03341,0
24.109667,-810.355,1482.87,-0.03579,4e-05
24.111333,-845.86,1491.22,-0.03812,0
24.113,-881.365,1501.66,-0.04023,4e-05
24.114667,-914.782,1512.11,-0.04198,0
24.116333,-941.933,1518.37,-0.04339,0
24.118,-966.996,1520.46,-0.04452,0
24.119667,-981.615,1524.64,-0.04538,0
24.121333,-998.324,1526.73,-0.04612,-4e-05
24.123,-1010.86,1528.81,-0.04662,0
24.124667,-1015.03,1526.73,-0.04705,-4e-05
24.126333,-1017.12,1526.73,-0.04732,-4e-05
24.128,-1015.03,1526.73,-0.04748,-4e-05
24.129667,-1010.86,1524.64,-0.04756,-4e-05
24.131333,-1000.41,1520.46,-0.04756,-4e-05
24.133,-987.881,1522.55,-0.04752,-8e-05
24.134667,-969.084,1520.46,-0.0474,8e-05
24.136333,-948.199,1518.37,-0.04721,-4e-05
24.138,-923.136,1514.19,-0.04701,-4e-05
24.1395,-895.985,1512.11,-0.0467,0
24.141167,-864.657,1505.84,-0.04623,0
24.142833,-827.063,1501.66,-0.04577,-4e-05
24.1445,-793.647,1497.49,-0.04518,-4e-05
24.146167,-753.964,1487.04,-0.0444,0
24.147833,-710.105,1480.78,-0.04366,0
24.1495,-659.98,1474.51,-0.04265,-4e-05
24.151167,-611.943,1468.25,-0.04163,4e-05
24.152833,-561.818,1459.89,-0.04042,-4e-05
24.1545,-507.516,1453.63,-0.0389,-4e-05
24.156167,-455.302,1443.18,-0.03723,-4e-05
24.157833,-398.912,1436.92,-0.03532,-4e-05
24.1595,-340.433,1424.39,-0.03321,0
24.161167,-277.776,1416.03,-0.03084,0
24.162833,-221.386,1401.41,-0.0283,0
24.1645,-156.641,1388.88,-0.02553,0
24.166167,-98.1615,1378.44,-0.02257,0
24.167833,-35.5052,1372.17,-0.01926,0.00015
24.1695,25.0625,1357.55,-0.01583,8e-05
24.171167,83.5417,1353.38,-0.01201,4e-05
24.172833,146.198,1349.2,-0.00791,4e-05
24.1745,206.766,1338.76,-0.00378,8e-05
24.176167,265.245,1322.05,0.00051,8e-05
24.177833,323.724,1322.05,0.00503,8e-05
24.1795,384.292,1326.23,0.00951,8e-05
24.181167,442.771,1338.76,0.01372,0.00012
24.182833,501.25,1353.38,0.01778,8e-05
24.1845,557.641,1370.08,0.0214,0.00012
24.186167,609.855,1380.53,0.02479,8e-05
24.187833,657.891,1393.06,0.02787,4e-05
24.1895,703.839,1403.5,0.03068,4e-05
24.191,747.699,1416.03,0.03337,4e-05
24.192667,791.558,1428.56,0.03586,0
24.194333,827.063,1439.01,0.03805,0
24.196,862.568,1451.54,0.04007,-4e-05
24.197667,891.808,1461.98,0.04183,-4e-05
24.199333,921.048,1468.25,0.04323,-8e-05
24.201,944.022,1474.51,0.04436,-8e-05
24.202667,964.907,1478.69,0.04526,-8e-05
24.204333,977.438,1480.78,0.04596,-8e-05
24.206,989.97,1484.95,0.04655,-8e-05
24.207667,996.235,1489.13,0.04705,-0.00012
24.209333,998.324,1489.13,0.04729,-8e-05
24.211,996.235,1487.04,0.04732,-8e-05
24.212667,992.058,1489.13,0.04748,-8e-05
24.214333,983.704,1487.04,0.04752,-0.00012
24.216,971.173,1487.04,0.04752,-0.00012
24.217667,950.287,1484.95,0.04732,-0.00012
24.219333,933.579,1484.95,0.04725,-4e-05
24.221,906.428,1480.78,0.04709,-0.00012
24.222667,879.277,1476.6,0.04686,-8e-05
24.224333,850.037,1476.6,0.04643,-0.00012
24.226,816.62,1472.42,0.04588,-8e-05
24.227667,779.027,1468.25,0.04534,-8e-05
24.229333,741.433,1464.07,0.04471,-0.00012
24.231,695.485,1457.8,0.04389,-8e-05
24.232667,649.537,1449.45,0.04296,-8e-05
24.234333,601.501,1443.18,0.04198,-0.00012
24.236,551.375,1436.92,0.04078,4e-05
24.237667,499.162,1428.56,0.03933,-4e-05
24.239333,444.86,1418.12,0.03777,0
24.241,388.469,1409.77,0.03602,-4e-05
24.2425,329.99,1399.32,0.03399,0
24.244167,273.599,1388.88,0.03189,4e-05
24.245833,215.12,1378.44,0.02939,4e-05
24.2475,154.552,1368,0.02659,4e-05
24.249167,93.9845,1361.73,0.02351,4e-05
24.250833,37.5938,1359.64,0.02015,8e-05
24.2525,-25.0625,1359.64,0.01641,0.00012
24.254167,-85.6303,1353.38,0.01267,8e-05
24.255833,-148.287,1353.38,0.00873,4e-05
24.2575,-206.766,1355.46,0.00456,8e-05
24.259167,-265.245,1370.08,0.00019,8e-05
24.260833,-325.813,1380.53,-0.00425,0.00012
24.2625,-384.292,1386.79,-0.00865,8e-05
24.264167,-444.86,1393.06,-0.0129,8e-05
24.265833,-499.162,1403.5,-0.01696,8e-05
24.2675,-559.73,1418.12,-0.02086,8e-05
24.269167,-614.032,1432.74,-0.02429,0.00019
24.270833,-668.334,1443.18,-0.0274,4e-05
24.2725,-716.37,1453.63,-0.03013,4e-05
24.274167,-758.141,1466.16,-0.03271,0
24.275833,-797.824,1478.69,-0.03512,0
24.2775,-833.329,1489.13,-0.0375,0
24.279167,-870.923,1499.57,-0.03968,4e-05
24.280833,-904.339,1505.84,-0.04159,0
24.2825,-933.579,1512.11,-0.04311,0
24.284167,-960.73,1518.37,-0.04432,0
24.285833,-977.438,1524.64,-0.04522,0
24.2875,-996.235,1522.55,-0.04604,-4e-05
24.289167,-1006.68,1526.73,-0.04658,-4e-05
24.290833,-1012.94,1530.9,-0.04705,0
24.292333,-1019.21,1524.64,-0.04736,-4e-05
24.294,-1019.21,1522.55,-0.0476,-4e-05
24.295667,-1012.94,1524.64,-0.04768,-4e-05
24.297333,-1002.5,1522.55,-0.04764,-4e-05
24.299,-994.147,1520.46,-0.04768,0
24.300667,-977.438,1518.37,-0.0476,-4e-05
24.302333,-956.553,1518.37,-0.0474,-4e-05
24.304,-933.579,1512.11,-0.04725,-4e-05
24.305667,-904.339,1505.84,-0.04701,0
24.307333,-875.1,1505.84,-0.04658,-4e-05
24.309,-839.594,1501.66,-0.04608,-4e-05
24.310667,-806.178,1493.31,-0.04553,-8e-05
24.312333,-764.407,1487.04,-0.04487,0
24.314,-722.636,1482.87,-0.04409,0
24.315667,-672.511,1474.51,-0.04315,0
24.317333,-626.563,1468.25,-0.04218,-4e-05
24.319,-576.438,1461.98,-0.04101,-4e-05
24.320667,-526.313,1453.63,-0.03961,4e-05
24.322333,-472.011,1443.18,-0.03801,-4e-05
24.324,-413.532,1436.92,-0.0361,0
24.325667,-357.141,1428.56,-0.03403,-4e-05
24.327333,-296.573,1416.03,-0.03177,0
24.329,-240.182,1403.5,-0.02931,-4e-05
24.330667,-179.615,1393.06,-0.02655,4e-05
24.332333,-116.958,1378.44,-0.02362,0
24.334,-54.3021,1365.91,-0.02039,0
24.335667,4.17709,1361.73,-0.01707,4e-05
24.337333,64.7448,1353.38,-0.01337,0.00012
24.339,123.224,1345.02,-0.00936,4e-05
24.340667,185.88,1340.84,-0.00518,4e-05
24.342333,246.448,1326.23,-0.0009,4e-05
24.343833,302.839,1317.87,0.00347,4e-05
24.3455,365.495,1317.87,0.00803,4e-05
24.347167,421.886,1334.58,0.01244,8e-05
24.348833,482.454,1347.11,0.01649,8e-05
24.3505,538.844,1359.64,0.02031,8e-05
24.352167,591.058,1374.26,0.02378,4e-05
24.353833,643.271,1386.79,0.02701,0.00012
24.3555,691.308,1397.24,0.02982,4e-05
24.357167,733.079,1409.77,0.03259,0
24.358833,774.85,1424.39,0.0352,0
24.3605,816.62,1432.74,0.03754,-4e-05
24.362167,852.126,1445.27,0.03961,-4e-05
24.363833,883.454,1455.71,0.04144,0
24.3655,912.693,1464.07,0.04296,-4e-05
24.367167,935.667,1470.33,0.04413,-8e-05
24.368833,958.641,1474.51,0.04514,-4e-05
24.3705,973.261,1480.78,0.04584,4e-05
24.372167,985.792,1480.78,0.04647,-8e-05
24.373833,992.058,1480.78,0.0469,-8e-05
24.3755,998.324,1484.95,0.04721,-4e-05
24.377167,994.147,1487.04,0.04752,-8e-05
24.378833,994.147,1482.87,0.04764,-0.00012
24.3805,985.792,1482.87,0.04764,-0.00015
24.382167,973.261,1484.95,0.0476,-8e-05
24.383833,960.73,1482.87,0.04756,-0.00012
24.3855,937.756,1480.78,0.04748,-8e-05
24.387167,914.782,1480.78,0.04732,-0.00012
24.388833,889.72,1478.69,0.04697,-0.00012
24.3905,858.391,1472.42,0.04666,-8e-05
24.392167,829.152,1470.33,0.04627,-0.00012
24.393833,793.647,1468.25,0.04565,-8e-05
24.395333,753.964,1461.98,0.04506,-0.00015
24.397,710.105,1457.8,0.04428,-0.00012
24.398667,666.245,1451.54,0.04347,-8e-05
24.400333,618.209,1441.09,0.04245,-8e-05
24.402,570.172,1436.92,0.0414,-4e-05
24.403667,515.87,1430.65,0.04,-4e-05
24.405333,463.657,1418.12,0.03848,-4e-05
24.407,409.355,1409.77,0.03676,-4e-05
24.408667,350.875,1399.32,0.03485,4e-05
24.410333,290.308,1388.88,0.03271,4e-05
24.412,231.828,1378.44,0.03033,4e-05
24.413667,175.438,1368,0.02764,4e-05
24.415333,114.87,1359.64,0.0246,4e-05
24.417,56.3907,1353.38,0.02136,4e-05
24.418667,-6.26563,1353.38,0.01774,4e-05
24.420333,-66.8334,1349.2,0.01396,0.00012
24.422,-127.401,1347.11,0.0101,0.00015
24.423667,-185.88,1349.2,0.00593,8e-05
24.425333,-246.448,1359.64,0.00168,4e-05
24.427,-302.839,1376.35,-0.00281,8e-05
24.428667,-365.495,1382.62,-0.00725,8e-05
24.430333,-423.974,1388.88,-0.0115,8e-05
24.432,-482.454,1395.15,-0.01571,8e-05
24.433667,-543.021,1411.86,-0.01965,4e-05
24.435333,-599.412,1422.3,-0.02323,4e-05
24.437,-649.537,1436.92,-0.02651,4e-05
24.438667,-699.662,1449.45,-0.02935,8e-05
24.440333,-745.61,1457.8,-0.03193,4e-05
24.442,-785.292,1468.25,-0.03446,4e-05
24.443667,-822.886,1480.78,-0.03676,4e-05
24.445333,-858.391,1491.22,-0.0391,0
24.446833,-891.808,1499.57,-0.04113,0
24.4485,-925.225,1510.02,-0.0428,0
24.450167,-950.287,1514.19,-0.04405,0
24.451833,-973.261,1516.28,-0.04506,0
24.4535,-987.881,1520.46,-0.04592,-4e-05
24.455167,-1000.41,1524.64,-0.04658,8e-05
24.456833,-1010.86,1520.46,-0.04705,-4e-05
24.4585,-1019.21,1522.55,-0.04744,-4e-05
24.460167,-1015.03,1524.64,-0.04764,-4e-05
24.461833,-1015.03,1524.64,-0.04775,-4e-05
24.4635,-1006.68,1518.37,-0.04783,0
24.465167,-996.235,1518.37,-0.04783,-4e-05
24.466833,-983.704,1518.37,-0.04779,-4e-05
24.4685,-964.907,1514.19,-0.04764,-4e-05
24.470167,-939.845,1512.11,-0.04744,-4e-05
24.471833,-914.782,1510.02,-0.04721,4e-05
24.4735,-885.542,1501.66,-0.0469,-4e-05
24.475167,-854.214,1499.57,-0.04643,-4e-05
24.476833,-818.709,1493.31,-0.04588,-4e-05
24.4785,-779.027,1487.04,-0.04526,-4e-05
24.480167,-737.256,1478.69,-0.04452,-4e-05
24.481833,-691.308,1474.51,-0.04362,-4e-05
24.4835,-643.271,1468.25,-0.04261,-4e-05
24.485167,-593.146,1457.8,-0.04148,-4e-05
24.486833,-543.021,1451.54,-0.04019,-4e-05
24.4885,-488.719,1447.36,-0.03867,-4e-05
24.490167,-436.506,1436.92,-0.03692,-4e-05
24.491833,-375.938,1428.56,-0.03485,-4e-05
24.4935,-317.459,1418.12,-0.03267,0
24.495167,-258.979,1405.59,-0.03021,-4e-05
24.496667,-198.412,1393.06,-0.02756,0
24.498333,-137.844,1380.53,-0.02471,0
24.5,-75.1876,1372.17,-0.0216,0
24.501667,-14.6198,1359.64,-0.01828,0
24.503333,45.948,1347.11,-0.01474,4e-05
24.505,104.427,1347.11,-0.01076,0
24.506667,164.995,1340.84,-0.00667,4e-05
24.508333,225.563,1324.14,-0.00246,0
24.51,284.042,1315.78,0.00203,4e-05
24.511667,342.521,1315.78,0.00655,4e-05
24.513333,403.089,1322.05,0.01099,4e-05
24.515,461.568,1340.84,0.01516,8e-05
24.516667,520.047,1353.38,0.01914,8e-05
24.518333,572.261,1363.82,0.02269,4e-05
24.52,628.652,1378.44,0.026,4e-05
24.521667,674.6,1390.97,0.029,4e-05
24.523333,718.459,1403.5,0.03181,0.00015
24.525,760.23,1413.94,0.03442,0
24.526667,804.089,1428.56,0.03688,0
24.528333,837.506,1441.09,0.03906,-4e-05
24.53,873.011,1449.45,0.04097,-4e-05
24.531667,902.251,1457.8,0.04261,-4e-05
24.533333,929.402,1468.25,0.04389,-4e-05
24.535,952.376,1474.51,0.04499,-8e-05
24.536667,969.084,1474.51,0.04577,-8e-05
24.538333,983.704,1478.69,0.04639,-0.00012
24.54,994.147,1484.95,0.04693,0
24.541667,998.324,1480.78,0.04732,-0.00012
24.543333,996.235,1480.78,0.04756,-0.00012
24.545,994.147,1484.95,0.04771,-8e-05
24.546667,989.97,1480.78,0.04771,-8e-05
24.548167,977.438,1480.78,0.04771,-0.00012
24.549833,964.907,1480.78,0.04771,-0.00012
24.5515,946.11,1480.78,0.04764,-0.00012
24.553167,923.136,1476.6,0.0474,-0.00012
24.554833,895.985,1474.51,0.04717,-0.00012
24.5565,870.923,1474.51,0.04686,4e-05
24.558167,837.506,1468.25,0.04647,-0.00012
24.559833,802.001,1466.16,0.04596,-0.00012
24.5615,766.495,1461.98,0.04541,-0.00012
24.563167,726.813,1455.71,0.04471,-0.00012
24.564833,680.865,1449.45,0.04378,-0.00012
24.5665,632.829,1445.27,0.04296,-0.00012
24.568167,584.792,1439.01,0.04187,-8e-05
24.569833,532.579,1428.56,0.04062,-8e-05
24.5715,482.454,1418.12,0.03914,-8e-05
24.573167,426.063,1407.68,0.03746,4e-05
24.574833,371.761,1401.41,0.03563,-4e-05
24.5765,311.193,1388.88,0.03356,0
24.578167,252.714,1380.53,0.0313,0
24.579833,196.323,1370.08,0.02865,4e-05
24.5815,135.755,1357.55,0.02573,4e-05
24.583167,75.1876,1349.2,0.02257,4e-05
24.584833,16.7083,1351.29,0.01906,8e-05
24.5865,-43.8594,1349.2,0.01532,8e-05
24.588167,-106.516,1345.02,0.0115,8e-05
24.589833,-169.172,1340.84,0.00737,8e-05
24.5915,-227.651,1351.29,0.00312,8e-05
24.593167,-284.042,1368,-0.00129,4e-05
24.594833,-344.61,1376.35,-0.00573,8e-05
24.5965,-405.177,1382.62,-0.01014,8e-05
24.598167,-465.745,1393.06,-0.01442,4e-05
24.599667,-522.136,1399.32,-0.01844,0.00012
24.601333,-580.615,1416.03,-0.02222,8e-05
24.603,-630.74,1430.65,-0.02549,4e-05
24.604667,-685.042,1443.18,-0.02854,4e-05
24.606333,-728.902,1453.63,-0.03122,4e-05
24.608,-774.85,1464.07,-0.03376,8e-05
24.609667,-810.355,1476.6,-0.03614,4e-05
24.611333,-845.86,1487.04,-0.03844,4e-05
24.613,-881.365,1495.4,-0.04062,4e-05
24.614667,-914.782,1503.75,-0.04241,-4e-05
24.616333,-944.022,1510.02,-0.04378,-4e-05
24.618,-966.996,1512.11,-0.04491,-4e-05
24.619667,-983.704,1518.37,-0.04577,0
24.621333,-998.324,1518.37,-0.04643,-4e-05
24.623,-1006.68,1518.37,-0.04701,-4e-05
24.624667,-1017.12,1520.46,-0.04744,8e-05
24.626333,-1019.21,1518.37,-0.04771,-4e-05
24.628,-1017.12,1520.46,-0.04787,-4e-05
24.629667,-1008.77,1518.37,-0.04795,0
24.631333,-1000.41,1518.37,-0.04791,-4e-05
24.633,-987.881,1516.28,-0.04791,-4e-05
24.634667,-969.084,1512.11,-0.04779,-4e-05
24.636333,-950.287,1512.11,-0.04768,-4e-05
24.638,-923.136,1507.93,-0.0474,-4e-05
24.639667,-893.897,1503.75,-0.04709,-4e-05
24.641333,-864.657,1499.57,-0.0467,4e-05
24.643,-829.152,1493.31,-0.04616,-8e-05
24.644667,-791.558,1487.04,-0.04557,0
24.646333,-751.876,1480.78,-0.04487,-4e-05
24.648,-705.928,1476.6,-0.04405,-4e-05
24.649667,-659.98,1470.33,-0.04311,-4e-05
24.651167,-611.943,1457.8,-0.04198,-4e-05
24.652833,-561.818,1453.63,-0.04081,-4e-05
24.6545,-507.516,1449.45,-0.03929,-8e-05
24.656167,-455.302,1434.83,-0.03762,0
24.657833,-396.823,1430.65,-0.03571,4e-05
24.6595,-338.344,1420.21,-0.03352,0
24.661167,-277.776,1407.68,-0.03115,0
24.662833,-217.209,1393.06,-0.02857,0
24.6645,-156.641,1384.7,-0.02577,4e-05
24.666167,-98.1615,1372.17,-0.02277,4e-05
24.667833,-35.5052,1357.55,-0.01949,0
24.6695,25.0625,1349.2,-0.01598,4e-05
24.671167,85.6303,1342.93,-0.01208,4e-05
24.672833,146.198,1338.76,-0.00803,0
24.6745,204.677,1326.23,-0.00386,8e-05
24.676167,265.245,1317.87,0.00055,4e-05
24.677833,323.724,1315.78,0.00507,8e-05
24.6795,384.292,1315.78,0.00959,8e-05
24.681167,442.771,1330.4,0.01384,8e-05
24.682833,501.25,1347.11,0.01789,8e-05
24.6845,557.641,1357.55,0.0216,8e-05
24.686167,607.766,1370.08,0.02499,4e-05
24.687833,662.068,1386.79,0.02811,0
24.6895,705.928,1397.24,0.03099,8e-05
24.691167,747.699,1405.59,0.03368,0
24.692833,789.469,1422.3,0.03618,-4e-05
24.6945,827.063,1436.92,0.03851,0
24.696167,860.48,1443.18,0.04046,-4e-05
24.697833,891.808,1455.71,0.04226,-4e-05
24.6995,921.048,1464.07,0.04362,-4e-05
24.701,941.933,1468.25,0.04479,-8e-05
24.702667,964.907,1472.42,0.04565,-8e-05
24.704333,977.438,1478.69,0.04635,-8e-05
24.706,987.881,1480.78,0.0469,-8e-05
24.707667,994.147,1478.69,0.04729,-0.00012
24.709333,1000.41,1480.78,0.04764,0
24.711,996.235,1482.87,0.04783,-8e-05
24.712667,992.058,1480.78,0.04783,-0.00012
24.714333,981.615,1476.6,0.04791,-0.00015
24.716,966.996,1478.69,0.04783,-0.00012
24.717667,952.376,1476.6,0.04779,-0.00015
24.719333,931.49,1476.6,0.04768,-0.00015
24.721,906.428,1474.51,0.0474,-0.00012
24.722667,879.277,1472.42,0.04709,-0.00012
24.724333,850.037,1468.25,0.04674,-0.00015
24.726,816.62,1466.16,0.04627,-4e-05
24.727667,779.027,1461.98,0.04573,-0.00012
24.729333,741.433,1457.8,0.04506,-8e-05
24.731,693.396,1449.45,0.04425,-0.00012
24.732667,649.537,1443.18,0.04339,-0.00012
24.734333,599.412,1439.01,0.04241,-4e-05
24.736,549.287,1426.48,0.04117,-4e-05
24.737667,499.162,1418.12,0.03968,-4e-05
24.739333,442.771,1411.86,0.03812,-8e-05
24.741,388.469,1401.41,0.03637,-4e-05
24.742667,327.901,1393.06,0.03438,8e-05
24.744333,271.511,1380.53,0.0322,4e-05
24.746,213.031,1370.08,0.02967,0
24.747667,154.552,1359.64,0.0269,4e-05
24.749333,93.9845,1351.29,0.02374,4e-05
24.751,37.5938,1349.2,0.02035,8e-05
24.7525,-25.0625,1342.93,0.01661,8e-05
24.754167,-85.6303,1342.93,0.01283,8e-05
24.755833,-148.287,1342.93,0.00873,4e-05
24.7575,-206.766,1342.93,0.00456,8e-05
24.759167,-265.245,1361.73,0.00019,0.00015
24.760833,-325.813,1374.26,-0.00433,8e-05
24.7625,-386.381,1378.44,-0.00873,4e-05
24.764167,-444.86,1384.7,-0.01302,8e-05
24.765833,-503.339,1395.15,-0.01719,8e-05
24.7675,-559.73,1407.68,-0.02101,8e-05
24.769167,-616.12,1418.12,-0.02456,8e-05
24.770833,-666.245,1434.83,-0.0276,8e-05
24.7725,-716.37,1449.45,-0.03045,4e-05
24.774167,-760.23,1457.8,-0.03302,4e-05
24.775833,-799.912,1466.16,-0.03544,4e-05
24.7775,-835.417,1478.69,-0.03781,4e-05
24.779167,-870.923,1491.22,-0.04004,8e-05
24.780833,-904.339,1497.49,-0.04198,0
24.7825,-933.579,1505.84,-0.0435,0
24.784167,-960.73,1510.02,-0.04467,0
24.785833,-977.438,1512.11,-0.04561,-4e-05
24.7875,-996.235,1512.11,-0.04639,-8e-05
24.789167,-1006.68,1518.37,-0.04697,-8e-05
24.790833,-1012.94,1518.37,-0.04744,-4e-05
24.7925,-1019.21,1516.28,-0.04775,-4e-05
24.794167,-1019.21,1518.37,-0.04799,-4e-05
24.795833,-1012.94,1516.28,-0.04803,-8e-05
24.7975,-1004.59,1514.19,-0.04807,-4e-05
24.799167,-992.058,1512.11,-0.04807,-4e-05
24.800833,-975.35,1512.11,-0.04803,-4e-05
24.8025,-956.553,1507.93,-0.04783,-4e-05
24.804,-933.579,1505.84,-0.04768,-4e-05
24.805667,-904.339,1501.66,-0.04736,0
24.807333,-875.1,1497.49,-0.04697,-4e-05
24.809,-839.594,1491.22,-0.04651,0
24.810667,-802.001,1487.04,-0.04592,4e-05
24.812333,-764.407,1482.87,-0.04522,-4e-05
24.814,-722.636,1472.42,-0.04448,-4e-05
24.815667,-674.6,1464.07,-0.04358,-4e-05
24.817333,-626.563,1459.89,-0.04253,-8e-05
24.819,-576.438,1453.63,-0.04132,-4e-05
24.820667,-524.224,1443.18,-0.04,-4e-05
24.822333,-469.922,1436.92,-0.03832,-4e-05
24.824,-415.62,1430.65,-0.03653,-4e-05
24.825667,-357.141,1418.12,-0.03438,-4e-05
24.827333,-298.662,1409.77,-0.03216,8e-05
24.829,-240.182,1397.24,-0.02959,0
24.830667,-177.526,1386.79,-0.02682,0
24.832333,-116.958,1372.17,-0.02386,-4e-05
24.834,-54.3021,1363.82,-0.02066,0
24.835667,6.26563,1351.29,-0.01723,4e-05
24.837333,64.7448,1340.84,-0.01353,4e-05
24.839,123.224,1336.67,-0.00943,4e-05
24.840667,185.88,1332.49,-0.00526,4e-05
24.842333,244.36,1315.78,-0.0009,4e-05
24.844,302.839,1311.61,0.00363,0.00012
24.845667,365.495,1311.61,0.00819,0.00012
24.847333,423.974,1324.14,0.01255,8e-05
24.849,480.365,1336.67,0.01668,0.00012
24.850667,538.844,1353.38,0.02054,8e-05
24.852333,593.146,1365.91,0.02401,8e-05
24.853833,643.271,1378.44,0.02725,4e-05
24.8555,691.308,1388.88,0.03021,0
24.857167,735.167,1403.5,0.03302,0
24.858833,776.938,1416.03,0.03551,-4e-05
24.8605,816.62,1426.48,0.03785,8e-05
24.862167,850.037,1439.01,0.04,-4e-05
24.863833,883.454,1451.54,0.04183,-8e-05
24.8655,914.782,1457.8,0.04335,-8e-05
24.867167,937.756,1461.98,0.04452,-8e-05
24.868833,958.641,1470.33,0.04549,-8e-05
24.8705,973.261,1474.51,0.04623,-8e-05
24.872167,985.792,1474.51,0.0469,-0.00012
24.873833,992.058,1480.78,0.04732,-8e-05
24.8755,998.324,1480.78,0.04768,-0.00012
24.877167,996.235,1478.69,0.04783,-0.00012
24.878833,992.058,1476.6,0.04795,-0.00012
24.8805,983.704,1478.69,0.04803,-0.00012
24.882167,973.261,1476.6,0.04803,-0.00012
24.883833,956.553,1474.51,0.04791,-0.00012
24.8855,939.845,1474.51,0.04783,-0.00012
24.887167,912.693,1472.42,0.0476,-0.00012
24.888833,887.631,1468.25,0.04736,-0.00015
24.8905,858.391,1466.16,0.04709,-0.00012
24.892167,829.152,1464.07,0.04662,-8e-05
24.893833,791.558,1461.98,0.04608,-0.00012
24.8955,753.964,1455.71,0.04549,-0.00012
24.897167,710.105,1449.45,0.04467,-8e-05
24.898833,666.245,1443.18,0.04382,-0.00012
24.9005,614.032,1436.92,0.04284,-4e-05
24.902167,570.172,1428.56,0.04179,-8e-05
24.903833,513.782,1420.21,0.04039,-4e-05
24.905333,461.568,1411.86,0.0389,0
24.907,407.266,1401.41,0.03707,-4e-05
24.908667,350.875,1390.97,0.0352,4e-05
24.910333,290.308,1382.62,0.03306,4e-05
24.912,233.917,1372.17,0.03072,0.00012
24.913667,173.349,1359.64,0.02795,8e-05
24.915333,114.87,1351.29,0.02491,8e-05
24.917,56.3907,1347.11,0.0216,8e-05
24.918667,-6.26563,1342.93,0.01797,8e-05
24.920333,-66.8334,1338.76,0.01415,8e-05
24.922,-129.49,1338.76,0.01014,8e-05
24.923667,-187.969,1340.84,0.00596,8e-05
24.925333,-246.448,1351.29,0.00172,8e-05
24.927,-307.016,1368,-0.00281,4e-05
24.928667,-365.495,1374.26,-0.00729,0.00012
24.930333,-423.974,1378.44,-0.01166,8e-05
24.932,-482.454,1386.79,-0.0159,8e-05
24.933667,-543.021,1401.41,-0.01984,4e-05
24.935333,-599.412,1416.03,-0.02347,4e-05
24.937,-651.626,1426.48,-0.02674,4e-05
24.938667,-699.662,1436.92,-0.02963,4e-05
24.940333,-745.61,1453.63,-0.03224,4e-05
24.942,-785.292,1461.98,-0.03477,4e-05
24.943667,-822.886,1470.33,-0.03711,4e-05
24.945333,-858.391,1484.95,-0.03941,0.00012
24.947,-891.808,1493.31,-0.04148,0
24.948667,-925.225,1501.66,-0.04319,0
24.950333,-950.287,1505.84,-0.04444,-4e-05
24.952,-973.261,1510.02,-0.04545,0
24.953667,-992.058,1512.11,-0.04627,0
24.955333,-1002.5,1514.19,-0.0469,-4e-05
24.956833,-1012.94,1514.19,-0.04744,0
24.9585,-1019.21,1512.11,-0.04783,-4e-05
24.960167,-1017.12,1516.28,-0.04799,-4e-05
24.961833,-1017.12,1516.28,-0.04818,4e-05
24.9635,-1006.68,1512.11,-0.04822,-4e-05
24.965167,-994.147,1510.02,-0.04818,-4e-05
24.966833,-983.704,1510.02,-0.04814,-4e-05
24.9685,-962.819,1505.84,-0.04803,-4e-05
24.970167,-941.933,1503.75,-0.04787,-8e-05
24.971833,-914.782,1501.66,-0.0476,-4e-05
24.9735,-885.542,1495.4,-0.04721,-4e-05
24.975167,-852.126,1491.22,-0.04678,-4e-05
24.976833,-816.62,1487.04,-0.04623,-4e-05
24.9785,-779.027,1480.78,-0.04557,0
24.980167,-735.167,1470.33,-0.04487,-8e-05
24.981833,-689.219,1466.16,-0.04397,-8e-05
24.9835,-643.271,1459.89,-0.043,-4e-05
24.985167,-593.146,1453.63,-0.04183,-0.00012
24.986833,-543.021,1443.18,-0.04058,-8e-05
24.9885,-488.719,1439.01,-0.03898,-4e-05
24.990167,-432.328,1430.65,-0.03719,-4e-05
24.991833,-375.938,1420.21,-0.03516,-4e-05
24.9935,-317.459,1407.68,-0.03298,-4e-05
24.995167,-256.891,1401.41,-0.03045,0
24.996833,-198.412,1384.7,-0.02783,4e-05
24.9985,-135.755,1372.17,-0.02495,0
25.000167,-77.2761,1363.82,-0.02183,0
25.001833,-14.6198,1353.38,-0.01848,4e-05
25.0035,45.948,1340.84,-0.01489,0
25.005167,106.516,1336.67,-0.01092,4e-05
25.006833,167.083,1332.49,-0.00671,4e-05
25.008333,223.474,1317.87,-0.00242,4e-05
25.01,284.042,1307.43,0.00207,8e-05
25.011667,344.61,1307.43,0.00663,8e-05
25.013333,405.177,1317.87,0.01115,0.00019
25.015,463.657,1330.4,0.01532,8e-05
25.016667,520.047,1345.02,0.01934,8e-05
25.018333,574.349,1359.64,0.02296,4e-05
25.02,628.652,1368,0.02627,4e-05
25.021667,674.6,1380.53,0.02931,4e-05
25.023333,722.636,1397.24,0.0322,4e-05
25.025,762.318,1409.77,0.03473,0
25.026667,802.001,1418.12,0.03723,0
25.028333,837.506,1432.74,0.03941,-4e-05
25.03,873.011,1445.27,0.04136,8e-05
25.031667,902.251,1451.54,0.04296,-4e-05
25.033333,931.49,1457.8,0.04436,-8e-05
25.035,952.376,1468.25,0.04534,-8e-05
25.036667,966.996,1468.25,0.04612,-0.00012
25.038333,983.704,1472.42,0.04682,-0.00012
25.04,994.147,1478.69,0.04732,-8e-05
25.041667,996.235,1474.51,0.04771,-8e-05
25.043333,998.324,1474.51,0.04795,-8e-05
25.045,996.235,1476.6,0.04807,-8e-05
25.046667,987.881,1478.69,0.04807,4e-05
25.048333,977.438,1474.51,0.04807,-0.00012
25.05,962.819,1474.51,0.04807,-0.00012
25.051667,946.11,1472.42,0.04795,-0.00012
25.053333,921.048,1470.33,0.04775,-0.00012
25.055,895.985,1468.25,0.04752,-0.00015
25.056667,868.834,1468.25,0.04721,-0.00012
25.058167,837.506,1464.07,0.04686,-0.00012
25.059833,802.001,1455.71,0.04631,-0.00012
25.0615,766.495,1455.71,0.04573,-8e-05
25.063167,724.725,1449.45,0.04506,-4e-05
25.064833,678.777,1443.18,0.04413,-8e-05
25.0665,630.74,1436.92,0.04323,-8e-05
25.068167,582.704,1430.65,0.04222,-8e-05
25.069833,532.579,1422.3,0.04089,-8e-05
25.0715,480.365,1411.86,0.03945,-4e-05
25.073167,423.974,1403.5,0.03777,0
25.074833,369.672,1395.15,0.03598,0
25.0765,309.104,1380.53,0.03384,0
25.078167,252.714,1370.08,0.03158,0
25.079833,194.235,1361.73,0.02892,4e-05
25.0815,135.755,1353.38,0.02608,4e-05
25.083167,75.1876,1342.93,0.02277,4e-05
25.084833,16.7083,1340.84,0.0193,4e-05
25.0865,-45.948,1340.84,0.01552,4e-05
25.088167,-106.516,1334.58,0.01154,8e-05
25.089833,-167.083,1334.58,0.00741,8e-05
25.0915,-225.563,1345.02,0.00316,8e-05
25.093167,-284.042,1359.64,-0.00129,8e-05
25.094833,-344.61,1365.91,-0.00585,8e-05
25.0965,-405.177,1374.26,-0.01025,8e-05
25.098167,-463.657,1380.53,-0.01458,0.00012
25.099833,-524.224,1390.97,-0.01863,8e-05
25.1015,-580.615,1407.68,-0.02238,4e-05
25.103167,-634.917,1422.3,-0.02577,4e-05
25.104833,-685.042,1432.74,-0.02881,4e-05
25.1065,-730.99,1445.27,-0.03154,4e-05
25.108167,-772.761,1457.8,-0.03407,4e-05
25.109667,-810.355,1466.16,-0.03645,4e-05
25.111333,-845.86,1474.51,-0.03883,0
25.113,-881.365,1487.04,-0.04093,4e-05
25.114667,-914.782,1499.57,-0.04284,8e-05
25.116333,-941.933,1501.66,-0.04413,0
25.118,-969.084,1503.75,-0.04526,-4e-05
25.119667,-983.704,1510.02,-0.04616,0
25.121333,-1000.41,1510.02,-0.04686,0
25.123,-1006.68,1512.11,-0.04736,-4e-05
25.124667,-1017.12,1512.11,-0.04779,-4e-05
25.126333,-1019.21,1514.19,-0.0481,-4e-05
25.128,-1015.03,1510.02,-0.04826,-4e-05
25.129667,-1010.86,1507.93,-0.04834,-8e-05
25.131333,-1002.5,1510.02,-0.04834,0.00012
25.133,-987.881,1505.84,-0.0483,-4e-05
25.134667,-971.173,1505.84,-0.04822,-8e-05
25.136333,-946.11,1503.75,-0.04799,-4e-05
25.138,-923.136,1499.57,-0.04783,-4e-05
25.139667,-895.985,1493.31,-0.04752,-4e-05
25.141333,-864.657,1491.22,-0.04705,0
25.143,-827.063,1484.95,-0.04658,-4e-05
25.144667,-791.558,1478.69,-0.04596,-4e-05
25.146333,-751.876,1472.42,-0.04522,-4e-05
25.148,-708.016,1466.16,-0.04444,4e-05
25.149667,-659.98,1457.8,-0.0435,-4e-05
25.151333,-609.855,1451.54,-0.04233,-4e-05
25.153,-559.73,1445.27,-0.04109,-4e-05
25.154667,-505.428,1436.92,-0.03968,-4e-05
25.156333,-451.125,1428.56,-0.03793,0
25.158,-396.823,1422.3,-0.03602,0
25.159667,-340.433,1411.86,-0.03388,-4e-05
25.161167,-277.776,1399.32,-0.03146,-4e-05
25.162833,-217.209,1386.79,-0.02885,4e-05
25.1645,-156.641,1376.35,-0.02604,8e-05
25.166167,-96.073,1361.73,-0.02296,0
25.167833,-35.5052,1349.2,-0.01965,4e-05
25.1695,25.0625,1340.84,-0.01622,4e-05
25.171167,87.7188,1334.58,-0.01228,4e-05
25.172833,146.198,1328.31,-0.00815,4e-05
25.1745,206.766,1317.87,-0.0039,0
25.176167,265.245,1307.43,0.00055,4e-05
25.177833,323.724,1303.25,0.00507,0.00012
25.1795,384.292,1303.25,0.00967,4e-05
25.181167,444.86,1324.14,0.01399,8e-05
25.182833,501.25,1340.84,0.01809,4e-05
25.1845,555.553,1351.29,0.02183,8e-05
25.186167,611.943,1363.82,0.0253,4e-05
25.187833,662.068,1378.44,0.02842,8e-05
25.1895,705.928,1388.88,0.0313,4e-05
25.191167,749.787,1401.41,0.03399,4e-05
25.192833,791.558,1413.94,0.03653,0
25.1945,827.063,1430.65,0.03883,0
25.196167,862.568,1436.92,0.04085,0
25.197833,893.897,1449.45,0.04261,-4e-05
25.1995,923.136,1457.8,0.04397,8e-05
25.201167,944.022,1459.89,0.0451,-8e-05
25.202833,964.907,1464.07,0.046,-8e-05
25.2045,977.438,1468.25,0.04674,-8e-05
25.206167,989.97,1472.42,0.04729,-8e-05
25.207833,994.147,1472.42,0.04771,-0.00012
25.2095,998.324,1474.51,0.04799,-0.00012
25.211167,996.235,1474.51,0.04822,-0.00015
25.212667,992.058,1474.51,0.0483,-0.00012
25.214333,981.615,1470.33,0.04822,-0.00012
25.216,969.084,1474.51,0.04822,-4e-05
25.217667,952.376,1470.33,0.04814,-0.00012
25.219333,929.402,1468.25,0.04799,-0.00012
25.221,908.516,1466.16,0.04775,-0.00012
25.222667,877.188,1466.16,0.04744,-0.00012
25.224333,847.949,1461.98,0.04717,-0.00012
25.226,816.62,1457.8,0.04666,-0.00012
25.227667,779.027,1455.71,0.04608,-8e-05
25.229333,741.433,1449.45,0.04541,-0.00012
25.231,693.396,1441.09,0.0446,-8e-05
25.232667,647.448,1436.92,0.04366,4e-05
25.234333,599.412,1430.65,0.04269,-0.00012
25.236,551.375,1422.3,0.04148,-8e-05
25.237667,499.162,1413.94,0.04007,-8e-05
25.239333,442.771,1403.5,0.03848,-4e-05
25.241,388.469,1395.15,0.03668,0
25.242667,327.901,1382.62,0.03469,0
25.244333,271.511,1374.26,0.03251,0
25.246,210.943,1363.82,0.02994,4e-05
25.247667,154.552,1351.29,0.02713,4e-05
25.249333,91.8959,1340.84,0.02397,8e-05
25.251,37.5938,1338.76,0.02058,4e-05
25.252667,-27.1511,1336.67,0.01684,8e-05
25.254333,-85.6303,1330.4,0.01294,8e-05
25.256,-148.287,1332.49,0.00881,8e-05
25.257667,-208.854,1336.67,0.00464,8e-05
25.259333,-265.245,1349.2,0.00023,8e-05
25.261,-325.813,1365.91,-0.00433,8e-05
25.262667,-384.292,1368,-0.00877,4e-05
25.264167,-442.771,1374.26,-0.01314,4e-05
25.265833,-503.339,1386.79,-0.01735,8e-05
25.2675,-561.818,1399.32,-0.02128,4e-05
25.269167,-616.12,1411.86,-0.02475,8e-05
25.270833,-666.245,1424.39,-0.02791,4e-05
25.2725,-716.37,1439.01,-0.0308,4e-05
25.274167,-760.23,1449.45,-0.03333,8e-05
25.275833,-799.912,1461.98,-0.03582,4e-05
25.2775,-835.417,1472.42,-0.03816,0
25.279167,-870.923,1480.78,-0.04042,4e-05
25.280833,-904.339,1489.13,-0.04237,4e-05
25.2825,-933.579,1495.4,-0.04389,0
25.284167,-960.73,1503.75,-0.0451,0
25.285833,-977.438,1503.75,-0.04604,0
25.2875,-994.147,1505.84,-0.04678,0
25.289167,-1006.68,1510.02,-0.04736,0
25.290833,-1015.03,1510.02,-0.04787,-4e-05
25.2925,-1017.12,1507.93,-0.04818,-4e-05
25.294167,-1019.21,1507.93,-0.04838,-4e-05
25.295833,-1012.94,1507.93,-0.04846,-4e-05
25.2975,-1006.68,1507.93,-0.04849,-4e-05
25.299167,-992.058,1505.84,-0.04846,-4e-05
25.300833,-975.35,1501.66,-0.04838,0
25.3025,-954.464,1499.57,-0.04826,-4e-05
25.304167,-931.49,1495.4,-0.04807,-4e-05
25.305833,-904.339,1493.31,-0.04775,-4e-05
25.3075,-877.188,1487.04,-0.04732,-4e-05
25.309167,-839.594,1484.95,-0.0469,-4e-05
25.310833,-804.089,1478.69,-0.04631,-4e-05
25.3125,-762.318,1472.42,-0.04561,-4e-05
25.314,-720.547,1466.16,-0.04487,-8e-05
25.315667,-672.511,1457.8,-0.04401,-4e-05
25.317333,-626.563,1453.63,-0.04288,4e-05
25.319,-574.349,1445.27,-0.04167,-4e-05
25.320667,-526.313,1436.92,-0.04035,-4e-05
25.322333,-469.922,1430.65,-0.03863,-4e-05
25.324,-413.532,1424.39,-0.0368,-4e-05
25.325667,-357.141,1411.86,-0.03473,0
25.327333,-296.573,1401.41,-0.03239,0
25.329,-238.094,1388.88,-0.02986,0
25.330667,-177.526,1374.26,-0.02709,0
25.332333,-116.958,1363.82,-0.02413,0
25.334,-56.3907,1355.46,-0.02086,0.00012
25.335667,6.26563,1340.84,-0.01746,4e-05
25.337333,66.8334,1332.49,-0.01368,4e-05
25.339,123.224,1328.31,-0.00959,4e-05
25.340667,185.88,1322.05,-0.00534,8e-05
25.342333,246.448,1303.25,-0.00097,4e-05
25.344,302.839,1303.25,0.00355,8e-05
25.345667,363.407,1301.16,0.00819,8e-05
25.347333,423.974,1315.78,0.01263,8e-05
25.349,482.454,1328.31,0.0168,8e-05
25.350667,538.844,1347.11,0.02074,0.00012
25.352333,593.146,1357.55,0.02425,8e-05
25.354,643.271,1368,0.02748,0
25.355667,691.308,1380.53,0.03048,8e-05
25.357333,737.256,1399.32,0.03329,4e-05
25.359,779.027,1405.59,0.03586,0
25.360667,814.532,1420.21,0.0382,0
25.362333,850.037,1434.83,0.04035,0
25.364,883.454,1443.18,0.04222,-4e-05
25.3655,912.693,1449.45,0.04366,-8e-05
25.367167,939.845,1457.8,0.04495,-4e-05
25.368833,958.641,1464.07,0.04588,-4e-05
25.3705,973.261,1464.07,0.04658,-4e-05
25.372167,985.792,1466.16,0.04721,-8e-05
25.373833,994.147,1472.42,0.04771,-8e-05
25.3755,998.324,1472.42,0.04803,-8e-05
25.377167,998.324,1468.25,0.04822,-0.00012
25.378833,994.147,1468.25,0.04838,-0.00012
25.3805,985.792,1470.33,0.04826,-0.00012
25.382167,973.261,1468.25,0.04834,-0.00015
25.383833,958.641,1466.16,0.04834,-0.00012
25.3855,937.756,1468.25,0.04818,-8e-05
25.387167,914.782,1464.07,0.04795,-8e-05
25.388833,887.631,1461.98,0.04771,-0.00012
25.3905,858.391,1461.98,0.04736,-8e-05
25.392167,827.063,1457.8,0.04697,-0.00012
25.393833,791.558,1451.54,0.04643,-0.00012
25.3955,753.964,1447.36,0.04577,-8e-05
25.397167,710.105,1443.18,0.04506,-0.00012
25.398833,662.068,1434.83,0.04413,-8e-05
25.4005,618.209,1426.48,0.04315,-4e-05
25.402167,568.084,1424.39,0.04206,4e-05
25.403833,515.87,1413.94,0.0407,-8e-05
25.4055,463.657,1403.5,0.03918,-4e-05
25.407167,407.266,1395.15,0.03742,-4e-05
25.408833,348.787,1386.79,0.03544,0
25.4105,292.396,1374.26,0.03329,0
25.412167,233.917,1363.82,0.03091,4e-05
25.413833,173.349,1353.38,0.02815,8e-05
25.4155,112.781,1342.93,0.0251,4e-05
25.417,56.3907,1336.67,0.02179,8e-05
25.418667,-6.26563,1336.67,0.01813,0.00015
25.420333,-66.8334,1332.49,0.01427,8e-05
25.422,-127.401,1328.31,0.01029,8e-05
25.423667,-190.057,1330.4,0.00604,8e-05
25.425333,-246.448,1342.93,0.00172,4e-05
25.427,-304.927,1359.64,-0.00285,8e-05
25.428667,-365.495,1365.91,-0.00737,4e-05
25.430333,-426.063,1372.17,-0.01173,4e-05
25.432,-484.542,1380.53,-0.01602,8e-05
25.433667,-543.021,1393.06,-0.02008,8e-05
25.435333,-599.412,1405.59,-0.0237,0.00015
25.437,-651.626,1418.12,-0.02698,8e-05
25.438667,-701.751,1430.65,-0.02994,4e-05
25.440333,-745.61,1443.18,-0.03259,4e-05
25.442,-785.292,1453.63,-0.03512,0
25.443667,-822.886,1464.07,-0.0375,4e-05
25.445333,-858.391,1474.51,-0.03984,4e-05
25.447,-891.808,1484.95,-0.04187,4e-05
25.448667,-923.136,1493.31,-0.04354,0
25.450333,-950.287,1497.49,-0.04487,0
25.452,-971.173,1501.66,-0.04588,0
25.453667,-989.97,1505.84,-0.0467,0
25.455333,-1002.5,1505.84,-0.04732,-4e-05
25.457,-1010.86,1505.84,-0.04783,0
25.458667,-1019.21,1507.93,-0.04818,-4e-05
25.460333,-1017.12,1507.93,-0.04846,0
25.462,-1015.03,1505.84,-0.04861,-4e-05
25.463667,-1006.68,1505.84,-0.04861,-4e-05
25.465333,-996.235,1501.66,-0.04865,-4e-05
25.467,-981.615,1501.66,-0.04857,-4e-05
25.4685,-962.819,1499.57,-0.04842,-4e-05
25.470167,-939.845,1497.49,-0.04826,-4e-05
25.471833,-914.782,1491.22,-0.04799,-4e-05
25.4735,-885.542,1487.04,-0.04764,0
25.475167,-852.126,1484.95,-0.04713,-4e-05
25.476833,-816.62,1474.51,-0.04662,-4e-05
25.4785,-776.938,1468.25,-0.04604,-4e-05
25.480167,-735.167,1466.16,-0.04522,-4e-05
25.481833,-689.219,1455.71,-0.04436,-4e-05
25.4835,-641.183,1449.45,-0.04339,-4e-05
25.485167,-593.146,1443.18,-0.04218,-4e-05
25.486833,-543.021,1436.92,-0.04093,0
25.4885,-488.719,1426.48,-0.03933,-4e-05
25.490167,-432.328,1422.3,-0.03758,-4e-05
25.491833,-375.938,1416.03,-0.03551,-4e-05
25.4935,-317.459,1399.32,-0.03329,-4e-05
25.495167,-256.891,1388.88,-0.03084,0
25.496833,-196.323,1380.53,-0.02811,0
25.4985,-135.755,1365.91,-0.02522,0
25.500167,-73.099,1351.29,-0.02206,0
25.501833,-12.5313,1340.84,-0.01867,4e-05
25.5035,43.8594,1334.58,-0.01505,0.00015
25.505167,104.427,1328.31,-0.01107,4e-05
25.506833,167.083,1319.96,-0.00678,4e-05
25.5085,227.651,1309.52,-0.00242,8e-05
25.510167,284.042,1303.25,0.00211,8e-05
25.511833,342.521,1294.9,0.00667,8e-05
25.5135,403.089,1307.43,0.01119,8e-05
25.515167,463.657,1324.14,0.01552,8e-05
25.516833,522.136,1336.67,0.01953,8e-05
25.518333,574.349,1347.11,0.02316,8e-05
25.52,628.652,1365.91,0.02655,0.00019
25.521667,674.6,1378.44,0.02959,4e-05
25.523333,720.547,1386.79,0.03247,4e-05
25.525,762.318,1401.41,0.03508,4e-05
25.526667,804.089,1416.03,0.03754,0
25.528333,839.594,1424.39,0.03976,-4e-05
25.53,870.923,1436.92,0.04171,-8e-05
25.531667,902.251,1447.36,0.04335,-4e-05
25.533333,931.49,1455.71,0.04471,-8e-05
25.535,952.376,1455.71,0.04569,-0.00012
25.536667,971.173,1461.98,0.04655,0
25.538333,981.615,1468.25,0.04717,-0.00012
25.54,994.147,1468.25,0.04771,-0.00012
25.541667,996.235,1468.25,0.04807,-0.00012
25.543333,1000.41,1468.25,0.0483,-0.00012
25.545,996.235,1468.25,0.04842,-0.00015
25.546667,987.881,1466.16,0.04849,-0.00012
25.548333,977.438,1464.07,0.04846,-0.00012
25.55,962.819,1468.25,0.04853,-0.00015
25.551667,946.11,1468.25,0.04838,-0.00012
25.553333,921.048,1461.98,0.04818,-4e-05
25.555,895.985,1459.89,0.04791,-0.00012
25.556667,870.923,1459.89,0.0476,-0.00012
25.558333,837.506,1455.71,0.04725,-8e-05
25.56,804.089,1449.45,0.0467,-0.00012
25.561667,766.495,1447.36,0.04612,-0.00012
25.563333,724.725,1443.18,0.04538,-8e-05
25.565,678.777,1434.83,0.04452,-0.00012
25.566667,630.74,1428.56,0.04362,-0.00012
25.568333,582.704,1424.39,0.04257,-0.00012
25.569833,530.49,1413.94,0.04124,-4e-05
25.5715,480.365,1405.59,0.03976,-4e-05
25.573167,426.063,1395.15,0.03812,-8e-05
25.574833,367.584,1386.79,0.03625,0
25.5765,309.104,1372.17,0.03415,0
25.578167,250.625,1365.91,0.03185,4e-05
25.579833,192.146,1355.46,0.0292,4e-05
25.5815,135.755,1340.84,0.02631,4e-05
25.583167,75.1876,1334.58,0.023,4e-05
25.584833,14.6198,1336.67,0.01949,4e-05
25.5865,-45.948,1328.31,0.01567,8e-05
25.588167,-106.516,1326.23,0.01169,0.00012
25.589833,-167.083,1328.31,0.00748,8e-05
25.5915,-227.651,1334.58,0.0032,8e-05
25.593167,-284.042,1351.29,-0.00136,8e-05
25.594833,-344.61,1359.64,-0.00596,8e-05
25.5965,-405.177,1365.91,-0.01033,8e-05
25.598167,-463.657,1374.26,-0.0147,8e-05
25.599833,-522.136,1384.7,-0.01883,8e-05
25.6015,-580.615,1399.32,-0.02265,8e-05
25.603167,-634.917,1411.86,-0.02604,4e-05
25.604833,-685.042,1424.39,-0.02912,0.00012
25.6065,-733.079,1436.92,-0.03181,4e-05
25.608167,-774.85,1449.45,-0.03446,4e-05
25.609833,-812.443,1457.8,-0.03692,0
25.6115,-847.949,1470.33,-0.03922,0
25.613167,-883.454,1478.69,-0.04136,4e-05
25.614833,-916.871,1487.04,-0.04323,0
25.6165,-944.022,1491.22,-0.0446,0
25.618167,-966.996,1499.57,-0.04577,0
25.619833,-987.881,1501.66,-0.04658,0
25.621333,-1000.41,1501.66,-0.04729,8e-05
25.623,-1010.86,1503.75,-0.04783,-4e-05
25.624667,-1017.12,1505.84,-0.04826,-4e-05
25.626333,-1017.12,1505.84,-0.04857,-4e-05
25.628,-1017.12,1503.75,-0.04869,-8e-05
25.629667,-1008.77,1503.75,-0.04873,-8e-05
25.631333,-1000.41,1501.66,-0.04877,-4e-05
25.633,-987.881,1499.57,-0.04877,-4e-05
25.634667,-969.084,1499.57,-0.04861,-8e-05
25.636333,-946.11,1493.31,-0.04846,-4e-05
25.638,-921.048,1493.31,-0.04826,8e-05
25.639667,-893.897,1489.13,-0.04791,-8e-05
25.641333,-864.657,1480.78,-0.04752,-4e-05
25.643,-827.063,1474.51,-0.04693,-8e-05
25.644667,-789.469,1470.33,-0.04631,-8e-05
25.646333,-749.787,1466.16,-0.04561,-4e-05
25.648,-705.928,1457.8,-0.04479,-4e-05
25.649667,-657.891,1449.45,-0.04378,-4e-05
25.651333,-609.855,1443.18,-0.04272,-4e-05
25.653,-559.73,1436.92,-0.04144,-4e-05
25.654667,-505.428,1426.48,-0.03996,0
25.656333,-451.125,1422.3,-0.03824,-4e-05
25.658,-394.735,1413.94,-0.03629,-4e-05
25.659667,-338.344,1401.41,-0.03419,0
25.661333,-277.776,1393.06,-0.03177,0
25.663,-217.209,1380.53,-0.02916,4e-05
25.664667,-154.552,1368,-0.02627,0
25.666333,-93.9845,1351.29,-0.02323,4e-05
25.668,-31.3282,1340.84,-0.01984,0
25.669667,25.0625,1332.49,-0.01633,4e-05
25.671333,87.7188,1324.14,-0.0124,4e-05
25.672833,146.198,1322.05,-0.00826,4e-05
25.6745,208.854,1313.69,-0.0039,8e-05
25.676167,265.245,1296.99,0.00058,4e-05
25.677833,321.636,1290.72,0.00511,8e-05
25.6795,384.292,1299.07,0.00971,0.00012
25.681167,444.86,1317.87,0.01415,4e-05
25.682833,501.25,1328.31,0.0182,8e-05
25.6845,557.641,1342.93,0.02206,8e-05
25.686167,611.943,1359.64,0.02557,4e-05
25.687833,659.98,1368,0.02869,0
25.6895,705.928,1382.62,0.03161,8e-05
25.691167,751.876,1395.15,0.03438,0
25.692833,791.558,1407.68,0.03684,0
25.6945,827.063,1418.12,0.03914,-4e-05
25.696167,860.48,1430.65,0.0412,-4e-05
25.697833,893.897,1443.18,0.043,-4e-05
25.6995,921.048,1449.45,0.04444,-8e-05
25.701167,944.022,1455.71,0.04549,-8e-05
25.702833,964.907,1459.89,0.04639,-8e-05
25.7045,977.438,1461.98,0.04705,-8e-05
25.706167,987.881,1461.98,0.04768,0
25.707833,994.147,1464.07,0.04807,-0.00012
25.7095,998.324,1468.25,0.04838,-0.00012
25.711167,996.235,1468.25,0.04853,-0.00012
25.712833,989.97,1464.07,0.04861,-0.00012
25.7145,981.615,1464.07,0.04861,-0.00015
25.716167,969.084,1464.07,0.04861,-8e-05
25.717833,950.287,1461.98,0.04857,-0.00012
25.7195,929.402,1459.89,0.0483,-0.00012
25.721167,906.428,1459.89,0.04814,-0.00012
25.722667,877.188,1455.71,0.04779,-4e-05
25.724333,845.86,1451.54,0.04744,-0.00012
25.726,816.62,1449.45,0.04701,-0.00012
25.727667,779.027,1449.45,0.04647,-0.00015
25.729333,741.433,1441.09,0.04577,-8e-05
25.731,693.396,1436.92,0.04499,-0.00012
25.732667,647.448,1430.65,0.04409,-4e-05
25.734333,599.412,1422.3,0.04304,-8e-05
25.736,549.287,1411.86,0.04183,-8e-05
25.737667,499.162,1405.59,0.04042,-4e-05
25.739333,442.771,1399.32,0.03887,4e-05
25.741,388.469,1386.79,0.03699,0
25.742667,327.901,1378.44,0.03501,0
25.744333,269.422,1365.91,0.03275,0
25.746,213.031,1355.46,0.03029,0
25.747667,154.552,1342.93,0.02737,4e-05
25.749333,93.9845,1332.49,0.02417,8e-05
25.751,35.5052,1330.4,0.0207,8e-05
25.752667,-27.1511,1328.31,0.01696,8e-05
25.754333,-87.7188,1324.14,0.01306,8e-05
25.756,-148.287,1322.05,0.00893,4e-05
25.757667,-208.854,1328.31,0.00468,8e-05
25.759333,-265.245,1340.84,0.00019,8e-05
25.761,-325.813,1353.38,-0.00437,8e-05
25.762667,-386.381,1357.55,-0.00885,4e-05
25.764333,-444.86,1368,-0.01322,4e-05
25.766,-501.25,1380.53,-0.01754,4e-05
25.767667,-559.73,1390.97,-0.02148,8e-05
25.769333,-618.209,1403.5,-0.02503,4e-05
25.771,-668.334,1418.12,-0.02815,4e-05
25.772667,-716.37,1430.65,-0.03107,4e-05
25.774167,-760.23,1441.09,-0.03372,4e-05
25.775833,-797.824,1451.54,-0.03621,0
25.7775,-835.417,1464.07,-0.03859,4e-05
25.779167,-870.923,1474.51,-0.04085,4e-05
25.780833,-906.428,1478.69,-0.0428,0
25.7825,-935.667,1487.04,-0.04428,0
25.784167,-962.819,1495.4,-0.04553,-4e-05
25.785833,-979.527,1493.31,-0.04643,-8e-05
25.7875,-996.235,1499.57,-0.04721,0
25.789167,-1006.68,1501.66,-0.04779,-4e-05
25.790833,-1017.12,1501.66,-0.04826,4e-05
25.7925,-1017.12,1499.57,-0.04861,0
25.794167,-1019.21,1501.66,-0.04877,-4e-05
25.795833,-1010.86,1501.66,-0.04888,-4e-05
25.7975,-1006.68,1497.49,-0.04892,0
25.799167,-989.97,1497.49,-0.04885,-4e-05
25.800833,-975.35,1495.4,-0.04885,-4e-05
25.8025,-954.464,1493.31,-0.04865,-8e-05
25.804167,-931.49,1491.22,-0.04846,-4e-05
25.805833,-902.251,1487.04,-0.04814,-4e-05
25.8075,-875.1,1484.95,-0.04779,0
25.809167,-839.594,1478.69,-0.04729,-4e-05
25.810833,-802.001,1470.33,-0.0467,-4e-05
25.8125,-760.23,1461.98,-0.046,-4e-05
25.814167,-720.547,1457.8,-0.04526,-4e-05
25.815833,-672.511,1451.54,-0.04432,-4e-05
25.8175,-626.563,1443.18,-0.04327,-4e-05
25.819167,-574.349,1434.83,-0.04206,-4e-05
25.820833,-522.136,1430.65,-0.04066,0
25.8225,-469.922,1424.39,-0.03898,0
25.824167,-413.532,1411.86,-0.03719,8e-05
25.825667,-357.141,1403.5,-0.03501,0
25.827333,-296.573,1393.06,-0.03275,0
25.829,-238.094,1378.44,-0.03021,0
25.830667,-175.438,1365.91,-0.02737,0
25.832333,-116.958,1355.46,-0.02436,0
25.834,-56.3907,1342.93,-0.02109,0
25.835667,6.26563,1330.4,-0.01762,0
25.837333,64.7448,1324.14,-0.0138,4e-05
25.839,125.313,1319.96,-0.00971,0
25.840667,185.88,1313.69,-0.00538,4e-05
25.842333,244.36,1299.07,-0.00097,8e-05
25.844,302.839,1292.81,0.00359,8e-05
25.845667,363.407,1290.72,0.00819,8e-05
25.847333,423.974,1309.52,0.01279,4e-05
25.849,480.365,1324.14,0.017,4e-05
25.850667,538.844,1336.67,0.02086,8e-05
25.852333,593.146,1349.2,0.02448,4e-05
25.854,643.271,1363.82,0.02776,4e-05
25.855667,693.396,1374.26,0.03076,4e-05
25.857333,737.256,1386.79,0.0336,0
25.859,779.027,1401.41,0.03618,0
25.860667,816.62,1411.86,0.03855,0
25.862333,850.037,1422.3,0.04062,-4e-05
25.864,883.454,1436.92,0.04257,-4e-05
25.865667,914.782,1443.18,0.04413,-4e-05
25.867333,939.845,1451.54,0.04534,-4e-05
25.869,958.641,1453.63,0.04627,-8e-05
25.870667,975.35,1459.89,0.04709,-8e-05
25.872333,985.792,1464.07,0.04768,-0.00012
25.874,994.147,1461.98,0.04807,-8e-05
25.875667,998.324,1464.07,0.04849,-4e-05
25.877167,998.324,1466.16,0.04869,-0.00012
25.878833,996.235,1464.07,0.04881,-0.00012
25.8805,983.704,1461.98,0.04888,-8e-05
25.882167,973.261,1461.98,0.04881,-0.00012
25.883833,958.641,1461.98,0.04881,-0.00015
25.8855,935.667,1457.8,0.04865,-0.00012
25.887167,914.782,1455.71,0.04834,-0.00012
25.888833,887.631,1455.71,0.0481,-8e-05
25.8905,858.391,1453.63,0.04779,-8e-05
25.892167,827.063,1449.45,0.04732,0
25.893833,789.469,1443.18,0.04678,-8e-05
25.8955,753.964,1441.09,0.04619,-0.00012
25.897167,710.105,1430.65,0.04541,-0.00012
25.898833,662.068,1426.48,0.04448,-8e-05
25.9005,616.12,1422.3,0.04354,-8e-05
25.902167,565.995,1413.94,0.04241,-8e-05
25.903833,515.87,1405.59,0.04105,-8e-05
25.9055,463.657,1397.24,0.03953,-4e-05
25.907167,405.177,1386.79,0.03773,0
25.908833,348.787,1376.35,0.03582,8e-05
25.9105,288.219,1365.91,0.03352,4e-05
25.912167,233.917,1357.55,0.03122,0
25.913833,173.349,1345.02,0.02846,4e-05
25.9155,114.87,1330.4,0.02534,4e-05
25.917167,56.3907,1328.31,0.02203,8e-05
25.918833,-6.26563,1328.31,0.01832,8e-05
25.9205,-66.8334,1319.96,0.01438,8e-05
25.922167,-127.401,1319.96,0.01037,8e-05
25.923833,-190.057,1324.14,0.00612,4e-05
25.9255,-246.448,1336.67,0.00172,0.00012
25.927167,-304.927,1349.2,-0.00292,8e-05
25.928667,-367.584,1355.46,-0.00745,4e-05
25.930333,-426.063,1361.73,-0.01189,8e-05
25.932,-484.542,1370.08,-0.01626,8e-05
25.933667,-543.021,1386.79,-0.02027,4e-05
25.935333,-599.412,1399.32,-0.02397,4e-05
25.937,-651.626,1409.77,-0.02729,8e-05
25.938667,-701.751,1422.3,-0.03025,8e-05
25.940333,-747.699,1436.92,-0.03294,8e-05
25.942,-787.381,1445.27,-0.03544,8e-05
25.943667,-822.886,1455.71,-0.03785,0
25.945333,-860.48,1468.25,-0.04019,0
25.947,-895.985,1474.51,-0.04226,0
25.948667,-927.313,1480.78,-0.04393,0
25.950333,-952.376,1489.13,-0.04526,0
25.952,-975.35,1495.4,-0.04627,-4e-05
25.953667,-989.97,1495.4,-0.04705,0
25.955333,-1002.5,1497.49,-0.04768,-4e-05
25.957,-1012.94,1499.57,-0.04822,-4e-05
25.958667,-1017.12,1499.57,-0.04865,-4e-05
25.960333,-1019.21,1499.57,-0.04888,-4e-05
25.962,-1015.03,1497.49,-0.049,0
25.963667,-1006.68,1499.57,-0.04904,-4e-05
25.965333,-996.235,1497.49,-0.04908,0
25.967,-981.615,1491.22,-0.04896,-4e-05
25.968667,-962.819,1491.22,-0.04885,-4e-05
25.970333,-937.756,1487.04,-0.04865,-4e-05
25.972,-912.693,1482.87,-0.04838,0
25.973667,-883.454,1478.69,-0.04807,-4e-05
25.975333,-852.126,1476.6,-0.0476,-4e-05
25.977,-814.532,1468.25,-0.04705,0
25.9785,-776.938,1461.98,-0.04639,-8e-05
25.980167,-735.167,1455.71,-0.04565,-8e-05
25.981833,-689.219,1451.54,-0.04479,-4e-05
25.9835,-641.183,1439.01,-0.04374,-8e-05
25.985167,-591.058,1436.92,-0.04253,-4e-05
25.986833,-540.933,1428.56,-0.04124,0
25.9885,-486.631,1418.12,-0.03968,-8e-05
25.990167,-432.328,1411.86,-0.03793,-4e-05
25.991833,-373.849,1405.59,-0.03586,-8e-05
25.9935,-317.459,1395.15,-0.03364,8e-05
25.995167,-256.891,1378.44,-0.03115,0
25.996833,-198.412,1368,-0.02842,0
25.9985,-135.755,1355.46,-0.02542,0
26.000167,-73.099,1340.84,-0.0223,4e-05
26.001833,-12.5313,1334.58,-0.01879,0
26.0035,45.948,1326.23,-0.0152,4e-05
26.005167,104.427,1315.78,-0.01111,4e-05
26.006833,167.083,1311.61,-0.00686,4e-05
26.0085,229.74,1301.16,-0.00246,4e-05
26.010167,286.13,1294.9,0.00211,0.00015
26.011833,342.521,1286.54,0.0067,8e-05
26.0135,405.177,1301.16,0.0113,8e-05
26.015167,463.657,1317.87,0.01571,8e-05
26.016833,520.047,1328.31,0.01969,8e-05
26.0185,576.438,1340.84,0.02347,4e-05
26.020167,628.652,1357.55,0.02682,8e-05
26.021833,674.6,1368,0.0299,4e-05
26.0235,720.547,1378.44,0.03278,4e-05
26.025167,766.495,1393.06,0.03547,4e-05
26.026833,804.089,1409.77,0.03793,0.00012
26.0285,837.506,1416.03,0.04007,-4e-05
26.03,873.011,1428.56,0.0421,0
26.031667,902.251,1441.09,0.04374,-4e-05
26.033333,929.402,1445.27,0.04506,-8e-05
26.035,952.376,1449.45,0.04608,-8e-05
26.036667,969.084,1455.71,0.04686,-4e-05
26.038333,983.704,1461.98,0.0476,-0.00012
26.04,989.97,1459.89,0.0481,-0.00012
26.041667,996.235,1459.89,0.04846,-0.00012
26.043333,998.324,1464.07,0.04861,-8e-05
26.045,994.147,1461.98,0.04892,-0.00015
26.046667,987.881,1459.89,0.04892,-0.00015
26.048333,977.438,1459.89,0.04896,-0.00015
26.05,962.819,1459.89,0.04892,-0.00012
26.051667,941.933,1455.71,0.04884,-0.00012
26.053333,923.136,1455.71,0.04865,-0.00015
26.055,895.985,1455.71,0.04838,-0.00012
26.056667,868.834,1451.54,0.04799,-0.00012
26.058333,837.506,1447.36,0.04764,-0.00012
26.06,802.001,1445.27,0.04713,-0.00015
26.061667,764.407,1436.92,0.04655,-0.00012
26.063333,724.725,1432.74,0.0458,-8e-05
26.065,676.688,1428.56,0.04495,-8e-05
26.066667,630.74,1422.3,0.04401,-8e-05
26.068333,582.704,1411.86,0.04292,-8e-05
26.07,532.579,1405.59,0.04167,-8e-05
26.071667,480.365,1397.24,0.04015,-4e-05
26.073333,421.886,1386.79,0.03848,0
26.075,367.584,1376.35,0.0366,0
26.076667,309.104,1365.91,0.03446,0
26.078333,250.625,1359.64,0.0322,0.00012
26.08,192.146,1340.84,0.02955,4e-05
26.0815,135.755,1332.49,0.02655,4e-05
26.083167,75.1876,1328.31,0.02327,8e-05
26.084833,16.7083,1324.14,0.01973,8e-05
26.0865,-48.0365,1317.87,0.01579,4e-05
26.088167,-108.604,1317.87,0.01185,8e-05
26.089833,-167.083,1317.87,0.00764,4e-05
26.0915,-225.563,1324.14,0.00327,0.00012
26.093167,-284.042,1340.84,-0.00133,8e-05
26.094833,-344.61,1351.29,-0.00589,0.00015
26.0965,-403.089,1353.38,-0.01041,8e-05
26.098167,-463.657,1365.91,-0.01481,8e-05
26.099833,-522.136,1376.35,-0.01895,8e-05
26.1015,-580.615,1384.7,-0.0228,8e-05
26.103167,-634.917,1401.41,-0.02631,8e-05
26.104833,-685.042,1418.12,-0.02939,4e-05
26.1065,-730.99,1428.56,-0.03224,8e-05
26.108167,-776.938,1439.01,-0.03481,4e-05
26.109833,-812.443,1451.54,-0.03719,0
26.1115,-847.949,1464.07,-0.03961,8e-05
26.113167,-883.454,1470.33,-0.04179,4e-05
26.114833,-918.959,1480.78,-0.04354,4e-05
26.1165,-944.022,1487.04,-0.04499,-4e-05
26.118167,-969.084,1491.22,-0.04612,0
26.119833,-985.792,1491.22,-0.04697,-4e-05
26.1215,-1000.41,1493.31,-0.04768,0
26.123167,-1008.77,1497.49,-0.04826,0
26.124833,-1017.12,1497.49,-0.04865,-4e-05
26.1265,-1019.21,1495.4,-0.04892,-4e-05
26.128167,-1015.03,1495.4,-0.04908,0
26.129833,-1010.86,1495.4,-0.04916,-4e-05
26.1315,-1000.41,1491.22,-0.04916,-8e-05
26.133,-985.792,1491.22,-0.04908,-4e-05
26.134667,-971.173,1489.13,-0.04904,-4e-05
26.136333,-946.11,1487.04,-0.04885,-4e-05
26.138,-921.048,1480.78,-0.04861,-4e-05
26.139667,-893.897,1478.69,-0.0483,-4e-05
26.141333,-862.568,1474.51,-0.04787,-8e-05
26.143,-827.063,1468.25,-0.04732,-4e-05
26.144667,-789.469,1464.07,-0.0467,-4e-05
26.146333,-749.787,1455.71,-0.04604,-8e-05
26.148,-705.928,1449.45,-0.04522,-4e-05
26.149667,-657.891,1441.09,-0.04417,0
26.151333,-609.855,1434.83,-0.04304,-4e-05
26.153,-557.641,1428.56,-0.04179,-4e-05
26.154667,-505.428,1420.21,-0.04027,-4e-05
26.156333,-451.125,1416.03,-0.03859,0
26.158,-394.735,1403.5,-0.03664,-4e-05
26.159667,-338.344,1393.06,-0.0345,0
26.161333,-277.776,1382.62,-0.03208,0
26.163,-215.12,1372.17,-0.02939,0
26.164667,-154.552,1357.55,-0.02651,0
26.166333,-96.073,1342.93,-0.02343,4e-05
26.168,-33.4167,1334.58,-0.02004,4e-05
26.169667,25.0625,1322.05,-0.01645,4e-05
26.171333,85.6303,1315.78,-0.01251,8e-05
26.173,146.198,1313.69,-0.0083,0
26.174667,208.854,1303.25,-0.00386,4e-05
26.176333,265.245,1286.54,0.00055,8e-05
26.178,323.724,1284.45,0.00522,0.00012
26.179667,384.292,1292.81,0.00986,0.00015
26.181333,442.771,1309.52,0.01435,8e-05
26.182833,501.25,1317.87,0.01844,8e-05
26.1845,557.641,1336.67,0.02234,8e-05
26.186167,611.943,1349.2,0.02585,4e-05
26.187833,659.98,1359.64,0.029,4e-05
26.1895,708.016,1372.17,0.03197,4e-05
26.191167,751.876,1388.88,0.03469,0
26.192833,791.558,1397.24,0.03727,0
26.1945,829.152,1411.86,0.03953,-4e-05
26.196167,862.568,1424.39,0.04156,0.00012
26.197833,893.897,1434.83,0.04335,-4e-05
26.1995,921.048,1439.01,0.04479,-4e-05
26.201167,946.11,1447.36,0.04588,-8e-05
26.202833,964.907,1453.63,0.04674,-4e-05
26.2045,977.438,1455.71,0.04752,-8e-05
26.206167,989.97,1455.71,0.04807,-8e-05
26.207833,994.147,1457.8,0.04853,-8e-05
26.2095,996.235,1461.98,0.04881,-8e-05
26.211167,994.147,1455.71,0.04896,-0.00012
26.212833,989.97,1459.89,0.04908,0
26.2145,977.438,1457.8,0.04904,-0.00015
26.216167,966.996,1455.71,0.049,-0.00012
26.217833,950.287,1453.63,0.049,-0.00012
26.2195,927.313,1455.71,0.04881,-0.00012
26.221167,904.339,1453.63,0.04857,-0.00012
26.222833,879.277,1449.45,0.04822,-0.00012
26.2245,847.949,1445.27,0.04791,-0.00015
26.226167,814.532,1443.18,0.04744,-0.00012
26.227833,779.027,1436.92,0.04682,-0.00015
26.2295,739.344,1432.74,0.04619,-4e-05
26.231167,691.308,1428.56,0.04534,-8e-05
26.232833,645.36,1424.39,0.04448,-4e-05
26.234333,599.412,1411.86,0.04343,-8e-05
26.236,549.287,1405.59,0.0423,-4e-05
26.237667,494.985,1399.32,0.04078,0
26.239333,442.771,1386.79,0.03918,0
26.241,386.381,1378.44,0.03731,0
26.242667,327.901,1368,0.03528,0
26.244333,269.422,1357.55,0.03302,4e-05
26.246,210.943,1345.02,0.03056,4e-05
26.247667,154.552,1332.49,0.02768,4e-05
26.249333,93.9845,1326.23,0.0244,8e-05
26.251,37.5938,1319.96,0.02097,8e-05
26.252667,-27.1511,1317.87,0.01715,8e-05
26.254333,-87.7188,1315.78,0.01322,8e-05
26.256,-148.287,1311.61,0.00904,8e-05
26.257667,-206.766,1317.87,0.00479,8e-05
26.259333,-265.245,1334.58,0.00023,8e-05
26.261,-325.813,1345.02,-0.00444,8e-05
26.262667,-386.381,1349.2,-0.00893,8e-05
26.264333,-444.86,1357.55,-0.01337,0.00012
26.266,-503.339,1368,-0.0177,8e-05
26.267667,-561.818,1380.53,-0.02167,8e-05
26.269333,-618.209,1395.15,-0.02526,4e-05
26.271,-668.334,1411.86,-0.02846,4e-05
26.272667,-716.37,1422.3,-0.03138,4e-05
26.274333,-760.23,1432.74,-0.03403,4e-05
26.276,-802.001,1443.18,-0.03649,8e-05
26.277667,-837.506,1455.71,-0.0389,4e-05
26.279333,-870.923,1466.16,-0.04117,-4e-05
26.281,-906.428,1474.51,-0.04311,0.00015
26.282667,-935.667,1480.78,-0.04467,0
26.284333,-960.73,1487.04,-0.04588,0
26.285833,-979.527,1487.04,-0.04682,0
26.2875,-994.147,1493.31,-0.04752,0
26.289167,-1006.68,1493.31,-0.04814,0
26.290833,-1017.12,1491.22,-0.04869,0
26.2925,-1019.21,1493.31,-0.049,-4e-05
26.294167,-1019.21,1493.31,-0.0492,0
26.295833,-1015.03,1491.22,-0.04927,-4e-05
26.2975,-1004.59,1489.13,-0.04931,0
26.299167,-989.97,1489.13,-0.04927,-4e-05
26.300833,-977.438,1487.04,-0.04923,-4e-05
26.3025,-956.553,1480.78,-0.04904,-4e-05
26.304167,-931.49,1480.78,-0.04885,-4e-05
26.305833,-902.251,1474.51,-0.04853,0
26.3075,-873.011,1470.33,-0.04814,-4e-05
26.309167,-839.594,1468.25,-0.04764,-4e-05
26.310833,-804.089,1461.98,-0.04709,0
26.3125,-762.318,1453.63,-0.04643,-4e-05
26.314167,-720.547,1447.36,-0.04565,8e-05
26.315833,-672.511,1441.09,-0.04467,-4e-05
26.3175,-624.474,1432.74,-0.04362,-4e-05
26.319167,-574.349,1428.56,-0.04237,-4e-05
26.320833,-524.224,1420.21,-0.04101,0
26.3225,-467.834,1413.94,-0.03933,0
26.324167,-413.532,1403.5,-0.03746,-4e-05
26.325833,-355.052,1393.06,-0.0354,0
26.3275,-296.573,1384.7,-0.03306,0
26.329167,-236.005,1372.17,-0.03041,0
26.330833,-177.526,1357.55,-0.0276,4e-05
26.3325,-116.958,1347.11,-0.0246,4e-05
26.334167,-52.2136,1336.67,-0.02125,4e-05
26.335833,6.26563,1322.05,-0.01774,4e-05
26.337333,66.8334,1315.78,-0.01396,4e-05
26.339,125.313,1311.61,-0.00978,4e-05
26.340667,187.969,1303.25,-0.00542,8e-05
26.342333,244.36,1286.54,-0.00094,8e-05
26.344,304.927,1286.54,0.00366,0.00012
26.345667,365.495,1282.37,0.00838,0.00012
26.347333,423.974,1299.07,0.0129,8e-05
26.349,482.454,1315.78,0.01723,4e-05
26.350667,538.844,1328.31,0.02121,8e-05
26.352333,593.146,1340.84,0.02479,8e-05
26.354,643.271,1353.38,0.02807,4e-05
26.355667,691.308,1365.91,0.03111,0
26.357333,735.167,1376.35,0.03391,8e-05
26.359,779.027,1390.97,0.03653,0
26.360667,816.62,1405.59,0.03894,0
26.362333,850.037,1416.03,0.04113,0
26.364,883.454,1428.56,0.04292,-4e-05
26.365667,914.782,1436.92,0.04452,4e-05
26.367333,937.756,1443.18,0.04573,-0.00012
26.369,958.641,1447.36,0.04662,-0.00012
26.370667,977.438,1451.54,0.04744,-8e-05
26.372333,985.792,1455.71,0.04799,-8e-05
26.374,994.147,1455.71,0.04857,-8e-05
26.375667,996.235,1455.71,0.04892,-8e-05
26.377333,996.235,1457.8,0.04904,-0.00012
26.379,994.147,1455.71,0.0492,-0.00012
26.380667,983.704,1455.71,0.0492,-8e-05
26.382333,973.261,1455.71,0.04923,4e-05
26.384,956.553,1453.63,0.04912,-8e-05
26.385667,935.667,1451.54,0.049,-0.00012
26.387167,912.693,1449.45,0.04884,-0.00012
26.388833,887.631,1447.36,0.04849,-0.00012
26.3905,858.391,1443.18,0.04818,-8e-05
26.392167,824.975,1441.09,0.04771,-8e-05
26.393833,789.469,1436.92,0.04717,-8e-05
26.3955,751.876,1432.74,0.04658,-8e-05
26.397167,708.016,1424.39,0.04584,-0.00012
26.398833,662.068,1420.21,0.04495,4e-05
26.4005,616.12,1413.94,0.04397,-8e-05
26.402167,565.995,1405.59,0.04284,-8e-05
26.403833,513.782,1397.24,0.04152,0
26.4055,461.568,1388.88,0.03996,-4e-05
26.407167,403.089,1380.53,0.03816,0
26.408833,348.787,1368,0.03621,0
26.4105,290.308,1359.64,0.03403,4e-05
26.412167,231.828,1347.11,0.03165,8e-05
26.413833,173.349,1336.67,0.02881,4e-05
26.4155,114.87,1324.14,0.02573,0.00015
26.417167,56.3907,1317.87,0.02234,8e-05
26.418833,-6.26563,1315.78,0.01859,0.00012
26.4205,-66.8334,1309.52,0.01466,8e-05
26.422167,-129.49,1309.52,0.01056,8e-05
26.423833,-187.969,1313.69,0.00624,8e-05
26.4255,-246.448,1324.14,0.00179,8e-05
26.427167,-304.927,1336.67,-0.00285,0.00012
26.428833,-365.495,1345.02,-0.00748,8e-05
26.4305,-426.063,1353.38,-0.01197,8e-05
26.432167,-484.542,1361.73,-0.01637,8e-05
26.433833,-543.021,1374.26,-0.02039,8e-05
26.4355,-599.412,1390.97,-0.02421,8e-05
26.437167,-653.714,1399.32,-0.02756,8e-05
26.438667,-701.751,1411.86,-0.03056,4e-05
26.440333,-747.699,1428.56,-0.03325,8e-05
26.442,-789.469,1439.01,-0.03582,4e-05
26.443667,-824.975,1447.36,-0.03824,4e-05
26.445333,-860.48,1459.89,-0.04058,0
26.447,-893.897,1468.25,-0.04265,0
26.448667,-927.313,1474.51,-0.04432,4e-05
26.450333,-952.376,1480.78,-0.04557,0
26.452,-975.35,1484.95,-0.04666,0
26.453667,-989.97,1489.13,-0.04748,4e-05
26.455333,-1002.5,1489.13,-0.04814,-4e-05
26.457,-1012.94,1491.22,-0.04861,0
26.458667,-1019.21,1491.22,-0.049,0
26.460333,-1017.12,1489.13,-0.04927,-4e-05
26.462,-1015.03,1489.13,-0.04939,-4e-05
26.463667,-1006.68,1489.13,-0.04947,-4e-05
26.465333,-994.147,1487.04,-0.04939,0
26.467,-981.615,1482.87,-0.04939,4e-05
26.468667,-960.73,1482.87,-0.04923,0
26.470333,-937.756,1480.78,-0.04904,0
26.472,-912.693,1476.6,-0.04877,0
26.473667,-883.454,1472.42,-0.04846,-4e-05
26.475333,-852.126,1468.25,-0.04795,-4e-05
26.477,-816.62,1461.98,-0.04744,-4e-05
26.478667,-776.938,1455.71,-0.04674,-4e-05
26.480333,-735.167,1449.45,-0.04604,-4e-05
26.482,-689.219,1443.18,-0.04514,-4e-05
26.483667,-641.183,1436.92,-0.04409,8e-05
26.485333,-591.058,1426.48,-0.04296,-4e-05
26.487,-540.933,1416.03,-0.04163,-4e-05
26.488667,-488.719,1411.86,-0.04004,0
26.490167,-432.328,1405.59,-0.03824,-4e-05
26.491833,-375.938,1393.06,-0.03621,0
26.4935,-315.37,1384.7,-0.03395,-4e-05
26.495167,-254.802,1374.26,-0.03142,0
26.496833,-198.412,1359.64,-0.02865,0
26.4985,-135.755,1347.11,-0.02565,4e-05
26.500167,-73.099,1336.67,-0.02241,0.00012
26.501833,-12.5313,1324.14,-0.01898,8e-05
26.5035,45.948,1313.69,-0.01532,4e-05
26.505167,104.427,1307.43,-0.01119,4e-05
26.506833,167.083,1303.25,-0.0069,4e-05
26.5085,229.74,1290.72,-0.00249,8e-05
26.510167,288.219,1280.28,0.00211,8e-05
26.511833,344.61,1278.19,0.00678,8e-05
26.5135,403.089,1290.72,0.0115,0.00015
26.515167,461.568,1305.34,0.01579,8e-05
26.516833,520.047,1319.96,0.01996,0.00019
26.5185,578.527,1336.67,0.02374,0.00012
26.520167,628.652,1345.02,0.02713,8e-05
26.521833,674.6,1359.64,0.03025,8e-05
26.5235,722.636,1374.26,0.03317,4e-05
26.525167,764.407,1384.7,0.03582,0
26.526833,804.089,1395.15,0.03824,-4e-05
26.5285,841.683,1411.86,0.0405,0
26.530167,873.011,1424.39,0.04253,-4e-05
26.531833,902.251,1428.56,0.04417,-4e-05
26.5335,933.579,1439.01,0.04545,-4e-05
26.535167,952.376,1443.18,0.04651,-4e-05
26.536833,971.173,1447.36,0.04732,-0.00012
26.5385,983.704,1449.45,0.04799,-8e-05
26.540167,992.058,1453.63,0.04849,-8e-05
26.541667,996.235,1455.71,0.04892,-8e-05
26.543333,996.235,1453.63,0.0492,-0.00012
26.545,992.058,1455.71,0.0492,-8e-05
26.546667,989.97,1455.71,0.04931,-4e-05
26.548333,977.438,1451.54,0.04931,-0.00012
26.55,964.907,1449.45,0.04927,-0.00012
26.551667,941.933,1451.54,0.0492,-0.00015
26.553333,921.048,1449.45,0.04904,-8e-05
26.555,895.985,1445.27,0.04873,-8e-05
26.556667,868.834,1443.18,0.04842,-0.00012
26.558333,837.506,1441.09,0.04799,-0.00012
26.56,802.001,1436.92,0.04748,-8e-05
26.561667,764.407,1428.56,0.0469,-8e-05
26.563333,722.636,1426.48,0.04616,-8e-05
26.565,678.777,1420.21,0.04534,-4e-05
26.566667,630.74,1411.86,0.04432,-8e-05
26.568333,582.704,1405.59,0.04327,8e-05
26.57,528.401,1397.24,0.04202,-4e-05
26.571667,478.276,1388.88,0.04054,0
26.573333,423.974,1376.35,0.03883,0
26.575,367.584,1368,0.03696,0
26.576667,307.016,1359.64,0.03473,0
26.578333,250.625,1347.11,0.03251,0
26.58,192.146,1334.58,0.02982,4e-05
26.581667,133.667,1324.14,0.02678,8e-05
26.583333,73.099,1317.87,0.02347,4e-05
26.585,16.7083,1315.78,0.01988,0.00019
26.586667,-50.125,1309.52,0.0159,4e-05
26.588333,-108.604,1307.43,0.01201,0.00012
26.59,-167.083,1305.34,0.00772,8e-05
26.5915,-227.651,1315.78,0.00327,8e-05
26.593167,-284.042,1334.58,-0.0014,0.00012
26.594833,-346.698,1340.84,-0.006,0.00012
26.5965,-407.266,1342.93,-0.01056,8e-05
26.598167,-463.657,1355.46,-0.01497,8e-05
26.599833,-522.136,1365.91,-0.01918,8e-05
26.6015,-580.615,1378.44,-0.02308,0.00019
26.603167,-634.917,1393.06,-0.02655,8e-05
26.604833,-685.042,1409.77,-0.02967,8e-05
26.6065,-733.079,1416.03,-0.03251,8e-05
26.608167,-774.85,1430.65,-0.03516,8e-05
26.609833,-814.532,1443.18,-0.03758,4e-05
26.6115,-850.037,1453.63,-0.04,4e-05
26.613167,-883.454,1459.89,-0.04214,0
26.614833,-918.959,1470.33,-0.04393,4e-05
26.6165,-944.022,1476.6,-0.04538,4e-05
26.618167,-969.084,1482.87,-0.04647,4e-05
26.619833,-987.881,1484.95,-0.04732,4e-05
26.6215,-1002.5,1487.04,-0.04803,0
26.623167,-1010.86,1487.04,-0.04865,-4e-05
26.624833,-1017.12,1487.04,-0.04908,0
26.6265,-1019.21,1489.13,-0.04931,0
26.628167,-1019.21,1487.04,-0.04947,-4e-05
26.629833,-1008.77,1484.95,-0.04955,-4e-05
26.6315,-1000.41,1484.95,-0.04955,-4e-05
26.633167,-985.792,1480.78,-0.04955,0
26.634833,-969.084,1480.78,-0.04947,-4e-05
26.6365,-946.11,1478.69,-0.04923,-4e-05
26.638167,-921.048,1474.51,-0.049,-4e-05
26.639833,-891.808,1470.33,-0.04865,-4e-05
26.6415,-862.568,1466.16,-0.0483,-4e-05
26.643,-827.063,1459.89,-0.04771,-4e-05
26.644667,-789.469,1453.63,-0.04713,-4e-05
26.646333,-747.699,1447.36,-0.04643,-4e-05
26.648,-705.928,1441.09,-0.04557,-4e-05
26.649667,-655.803,1436.92,-0.04463,0
26.651333,-607.766,1428.56,-0.04347,0
26.653,-557.641,1418.12,-0.04222,0
26.654667,-505.428,1411.86,-0.04074,0
26.656333,-449.037,1405.59,-0.03898,0
26.658,-394.735,1395.15,-0.03703,0
26.659667,-336.255,1384.7,-0.03481,0
26.661333,-277.776,1374.26,-0.03243,4e-05
26.663,-217.209,1361.73,-0.0297,0
26.664667,-154.552,1347.11,-0.02682,0
26.666333,-93.9845,1334.58,-0.0237,4e-05
26.668,-33.4167,1324.14,-0.02023,8e-05
26.669667,25.0625,1313.69,-0.01668,0.00012
26.671333,87.7188,1305.34,-0.01271,8e-05
26.673,146.198,1303.25,-0.00838,8e-05
26.674667,208.854,1290.72,-0.00394,4e-05
26.676333,265.245,1278.19,0.00055,8e-05
26.678,325.813,1276.1,0.00526,8e-05
26.679667,384.292,1280.28,0.00994,0.00012
26.681333,444.86,1299.07,0.0145,0.00015
26.683,501.25,1313.69,0.01871,8e-05
26.684667,557.641,1328.31,0.02261,8e-05
26.686333,611.943,1338.76,0.02612,0.00012
26.688,662.068,1351.29,0.02928,4e-05
26.689667,705.928,1365.91,0.03232,4e-05
26.691333,749.787,1378.44,0.03512,4e-05
26.693,791.558,1388.88,0.03762,4e-05
26.6945,829.152,1405.59,0.03992,4e-05
26.696167,862.568,1418.12,0.04198,0
26.697833,893.897,1424.39,0.04378,-4e-05
26.6995,923.136,1434.83,0.04522,-4e-05
26.701167,946.11,1443.18,0.04631,-4e-05
26.702833,964.907,1443.18,0.04721,8e-05
26.7045,977.438,1445.27,0.04783,-8e-05
26.706167,989.97,1449.45,0.04849,-0.00012
26.707833,994.147,1449.45,0.04884,-8e-05
26.7095,996.235,1449.45,0.04923,-0.00012
26.711167,994.147,1451.54,0.04939,-0.00012
26.712833,989.97,1453.63,0.04943,-0.00012
26.7145,979.527,1449.45,0.04947,-0.00012
26.716167,969.084,1447.36,0.04939,-0.00012
26.717833,952.376,1447.36,0.04931,-0.00012
26.7195,927.313,1447.36,0.04923,0
26.721167,904.339,1443.18,0.04892,-0.00012
26.722833,877.188,1441.09,0.04861,-8e-05
26.7245,845.86,1439.01,0.04826,-0.00012
26.726167,814.532,1434.83,0.04783,-0.00012
26.727833,776.938,1428.56,0.04721,-0.00012
26.7295,737.256,1424.39,0.04658,-8e-05
26.731167,693.396,1420.21,0.04573,-8e-05
26.732833,649.537,1411.86,0.04483,-8e-05
26.7345,597.323,1405.59,0.04374,-4e-05
26.736167,547.198,1399.32,0.04261,-4e-05
26.737833,494.985,1388.88,0.04117,0
26.7395,442.771,1378.44,0.03953,0
26.741167,384.292,1370.08,0.03766,0
26.742833,327.901,1359.64,0.03563,0
26.7445,269.422,1349.2,0.03341,8e-05
26.746,210.943,1340.84,0.03091,4e-05
26.747667,154.552,1326.23,0.02791,8e-05
26.749333,91.8959,1313.69,0.02464,4e-05
26.751,33.4167,1311.61,0.02117,0.00012
26.752667,-25.0625,1309.52,0.01739,8e-05
26.754333,-85.6303,1303.25,0.01337,0.00012
26.756,-148.287,1305.34,0.0092,8e-05
26.757667,-206.766,1309.52,0.00483,0.00012
26.759333,-265.245,1326.23,0.00023,0.00012
26.761,-325.813,1334.58,-0.00448,8e-05
26.762667,-384.292,1340.84,-0.00904,8e-05
26.764333,-444.86,1347.11,-0.0136,0.00012
26.766,-501.25,1359.64,-0.01781,0.00012
26.767667,-561.818,1374.26,-0.02183,8e-05
26.769333,-616.12,1386.79,-0.02549,8e-05
26.771,-668.334,1401.41,-0.02877,0.00019
26.772667,-716.37,1413.94,-0.03173,8e-05
26.774333,-760.23,1424.39,-0.03438,4e-05
26.776,-802.001,1436.92,-0.03688,4e-05
26.777667,-835.417,1443.18,-0.03926,4e-05
26.779333,-870.923,1455.71,-0.04159,0
26.781,-906.428,1466.16,-0.0435,0
26.782667,-933.579,1472.42,-0.04506,4e-05
26.784333,-960.73,1476.6,-0.04623,0
26.786,-979.527,1480.78,-0.04717,0
26.787667,-996.235,1487.04,-0.04799,8e-05
26.789333,-1006.68,1480.78,-0.04865,0
26.791,-1015.03,1484.95,-0.04908,-4e-05
26.792667,-1017.12,1487.04,-0.04939,-4e-05
26.794333,-1019.21,1487.04,-0.04959,0
26.795833,-1012.94,1482.87,-0.0497,0
26.7975,-1002.5,1480.78,-0.0497,-4e-05
26.799167,-992.058,1480.78,-0.0497,-4e-05
26.800833,-975.35,1478.69,-0.04962,-4e-05
26.8025,-956.553,1478.69,-0.04947,-4e-05
26.804167,-929.402,1474.51,-0.04927,8e-05
26.805833,-902.251,1468.25,-0.04896,-4e-05
26.8075,-875.1,1464.07,-0.04861,-4e-05
26.809167,-837.506,1461.98,-0.04807,-4e-05
26.810833,-804.089,1453.63,-0.04752,-4e-05
26.8125,-762.318,1447.36,-0.04678,-4e-05
26.814167,-718.459,1439.01,-0.04604,-4e-05
26.815833,-672.511,1434.83,-0.04506,-4e-05
26.8175,-624.474,1426.48,-0.04401,-8e-05
26.819167,-574.349,1418.12,-0.0428,0
26.820833,-522.136,1413.94,-0.04136,0
26.8225,-467.834,1405.59,-0.03972,-4e-05
26.824167,-413.532,1397.24,-0.03785,0
26.825833,-352.964,1386.79,-0.03571,0
26.8275,-294.485,1374.26,-0.03337,0
26.829167,-233.917,1361.73,-0.03076,4e-05
26.830833,-175.438,1349.2,-0.02787,4e-05
26.8325,-112.781,1338.76,-0.02479,4e-05
26.834167,-54.3021,1322.05,-0.02144,8e-05
26.835833,6.26563,1315.78,-0.01797,4e-05
26.8375,66.8334,1305.34,-0.01411,4e-05
26.839167,125.313,1299.07,-0.0099,4e-05
26.840833,185.88,1290.72,-0.00554,4e-05
26.8425,246.448,1278.19,-0.00097,8e-05
26.844167,307.016,1276.1,0.00374,8e-05
26.845833,365.495,1274.01,0.00846,8e-05
26.847333,426.063,1290.72,0.01302,0.00012
26.849,482.454,1305.34,0.01739,8e-05
26.850667,538.844,1317.87,0.02144,8e-05
26.852333,593.146,1332.49,0.02507,4e-05
26.854,643.271,1347.11,0.02834,4e-05
26.855667,691.308,1359.64,0.03142,0.00012
26.857333,737.256,1370.08,0.03427,4e-05
26.859,779.027,1380.53,0.03688,0
26.860667,816.62,1399.32,0.03929,-4e-05
26.862333,850.037,1407.68,0.0414,-4e-05
26.864,883.454,1418.12,0.04335,-4e-05
26.865667,914.782,1430.65,0.04491,-4e-05
26.867333,937.756,1436.92,0.04612,-4e-05
26.869,958.641,1439.01,0.04705,-8e-05
26.870667,977.438,1443.18,0.04783,-8e-05
26.872333,985.792,1447.36,0.04842,0.00012
26.874,994.147,1447.36,0.04884,-4e-05
26.875667,996.235,1449.45,0.04916,-8e-05
26.877333,998.324,1451.54,0.04943,-0.00012
26.879,989.97,1449.45,0.04951,-0.00012
26.880667,985.792,1445.27,0.04955,-0.00012
26.882333,973.261,1447.36,0.04951,-0.00012
26.884,954.464,1447.36,0.04947,-0.00012
26.885667,937.756,1443.18,0.04939,-0.00012
26.887333,912.693,1443.18,0.04923,-0.00012
26.889,883.454,1443.18,0.04888,4e-05
26.890667,856.303,1436.92,0.04857,-8e-05
26.892333,824.975,1432.74,0.0481,-8e-05
26.894,789.469,1428.56,0.04756,-0.00012
26.895667,749.787,1426.48,0.04697,-4e-05
26.897333,703.839,1416.03,0.04612,-8e-05
26.898833,662.068,1411.86,0.04526,-4e-05
26.9005,611.943,1405.59,0.04432,-8e-05
26.902167,565.995,1399.32,0.04319,-4e-05
26.903833,513.782,1388.88,0.04183,-4e-05
26.9055,459.48,1380.53,0.04031,8e-05
26.907167,403.089,1372.17,0.03844,0
26.908833,346.698,1359.64,0.03645,0
26.9105,288.219,1347.11,0.0343,0
26.912167,231.828,1340.84,0.03193,8e-05
26.913833,173.349,1326.23,0.02904,8e-05
26.9155,112.781,1313.69,0.02588,8e-05
26.917167,54.3021,1311.61,0.02249,8e-05
26.918833,-6.26563,1311.61,0.01871,0.00012
26.9205,-66.8334,1303.25,0.01481,8e-05
26.922167,-127.401,1299.07,0.01064,0.00012
26.923833,-187.969,1303.25,0.00624,8e-05
26.9255,-246.448,1315.78,0.00172,0.00012
26.927167,-304.927,1330.4,-0.00296,0.00012
26.928833,-367.584,1336.67,-0.00756,8e-05
26.9305,-426.063,1342.93,-0.01216,8e-05
26.932167,-482.454,1351.29,-0.01653,8e-05
26.933833,-543.021,1365.91,-0.0207,8e-05
26.9355,-599.412,1380.53,-0.02448,8e-05
26.937167,-653.714,1393.06,-0.02787,8e-05
26.938833,-703.839,1405.59,-0.03091,8e-05
26.9405,-747.699,1418.12,-0.03364,8e-05
26.942167,-789.469,1428.56,-0.03618,4e-05
26.943833,-824.975,1439.01,-0.03863,4e-05
26.9455,-862.568,1449.45,-0.04097,4e-05
26.947167,-895.985,1461.98,-0.04304,4e-05
26.948833,-927.313,1468.25,-0.04471,0
26.950333,-952.376,1470.33,-0.04604,4e-05
26.952,-975.35,1476.6,-0.04705,0
26.953667,-992.058,1480.78,-0.04783,0
26.955333,-1004.59,1480.78,-0.04857,-4e-05
26.957,-1010.86,1482.87,-0.04912,8e-05
26.958667,-1017.12,1487.04,-0.04943,0
26.960333,-1017.12,1480.78,-0.0497,-4e-05
26.962,-1015.03,1480.78,-0.04986,0
26.963667,-1006.68,1480.78,-0.0499,0
26.965333,-996.235,1476.6,-0.04986,0
26.967,-977.438,1474.51,-0.04982,0
26.968667,-962.819,1474.51,-0.0497,-4e-05
26.970333,-939.845,1472.42,-0.04947,0
26.972,-912.693,1468.25,-0.04923,0
26.973667,-883.454,1464.07,-0.04888,8e-05
26.975333,-852.126,1459.89,-0.04838,0
26.977,-814.532,1453.63,-0.04783,-4e-05
26.978667,-776.938,1445.27,-0.04717,-4e-05
26.980333,-735.167,1441.09,-0.04647,-4e-05
26.982,-689.219,1432.74,-0.04553,-4e-05
26.983667,-641.183,1424.39,-0.04452,0
26.985333,-591.058,1418.12,-0.04331,0
26.987,-540.933,1411.86,-0.04206,-4e-05
26.988667,-486.631,1403.5,-0.04046,0
26.990333,-432.328,1397.24,-0.03867,4e-05
26.992,-373.849,1386.79,-0.0366,-4e-05
26.993667,-315.37,1378.44,-0.03427,0
26.995333,-254.802,1365.91,-0.03173,0
26.997,-198.412,1351.29,-0.029,0
26.998667,-133.667,1336.67,-0.02588,8e-05
27.000167,-73.099,1326.23,-0.02273,4e-05
27.001833,-12.5313,1313.69,-0.01926,4e-05
27.0035,45.948,1305.34,-0.01548,4e-05
27.005167,106.516,1299.07,-0.0113,4e-05
27.006833,167.083,1292.81,-0.00698,0.00015
27.0085,227.651,1280.28,-0.00246,4e-05
27.010167,286.13,1274.01,0.00214,8e-05
27.011833,344.61,1267.75,0.0069,8e-05
27.0135,407.266,1280.28,0.01158,0.00012
27.015167,463.657,1299.07,0.01602,0.00012
27.016833,522.136,1309.52,0.02015,8e-05
27.0185,576.438,1322.05,0.0239,8e-05
27.020167,628.652,1340.84,0.02737,8e-05
27.021833,674.6,1351.29,0.03052,8e-05
27.0235,722.636,1363.82,0.03345,4e-05
27.025167,766.495,1378.44,0.03614,4e-05
27.026833,804.089,1393.06,0.03863,4e-05
27.0285,839.594,1401.41,0.04081,0
27.030167,873.011,1411.86,0.04288,-4e-05
27.031833,904.339,1424.39,0.04456,-4e-05
27.0335,931.49,1430.65,0.04584,-4e-05
27.035167,952.376,1432.74,0.0469,-4e-05
27.036833,971.173,1439.01,0.04768,-4e-05
27.0385,983.704,1443.18,0.04842,-0.00012
27.040167,994.147,1443.18,0.049,-8e-05
27.041833,998.324,1445.27,0.04923,-0.00012
27.0435,998.324,1449.45,0.04955,-8e-05
27.045167,996.235,1445.27,0.04962,-0.00012
27.046833,987.881,1443.18,0.0497,-8e-05
27.0485,975.35,1445.27,0.04966,-0.00012
27.050167,964.907,1443.18,0.04962,-8e-05
27.051667,946.11,1441.09,0.04955,-0.00012
27.053333,921.048,1441.09,0.04935,-8e-05
27.055,895.985,1436.92,0.04908,-8e-05
27.056667,866.746,1434.83,0.04888,-0.00012
27.058333,835.417,1432.74,0.04842,4e-05
27.06,799.912,1430.65,0.04783,-8e-05
27.061667,764.407,1424.39,0.04725,-8e-05
27.063333,722.636,1418.12,0.04655,-8e-05
27.065,674.6,1411.86,0.04565,-4e-05
27.066667,630.74,1405.59,0.04471,-8e-05
27.068333,580.615,1399.32,0.04366,-8e-05
27.07,530.49,1388.88,0.04241,-4e-05
27.071667,478.276,1380.53,0.04089,4e-05
27.073333,419.797,1372.17,0.03918,-4e-05
27.075,365.495,1363.82,0.03723,8e-05
27.076667,307.016,1349.2,0.03512,4e-05
27.078333,248.537,1338.76,0.03282,4e-05
27.08,192.146,1324.14,0.03017,8e-05
27.081667,131.578,1313.69,0.02709,8e-05
27.083333,73.099,1307.43,0.0237,0.00012
27.085,14.6198,1305.34,0.02011,8e-05
27.086667,-48.0365,1299.07,0.01614,4e-05
27.088333,-108.604,1296.99,0.01208,8e-05
27.09,-167.083,1299.07,0.0078,8e-05
27.091667,-227.651,1305.34,0.00335,0.00015
27.093333,-286.13,1324.14,-0.00136,0.00012
27.095,-346.698,1330.4,-0.006,0.00015
27.096667,-405.177,1336.67,-0.0106,0.00012
27.098333,-463.657,1345.02,-0.01513,0.00012
27.1,-524.224,1355.46,-0.01937,8e-05
27.101667,-580.615,1374.26,-0.02327,8e-05
27.103167,-637.006,1386.79,-0.02682,8e-05
27.104833,-685.042,1399.32,-0.02994,8e-05
27.1065,-733.079,1409.77,-0.03282,8e-05
27.108167,-774.85,1424.39,-0.03544,0.00012
27.109833,-814.532,1434.83,-0.03797,4e-05
27.1115,-852.126,1443.18,-0.04039,4e-05
27.113167,-883.454,1453.63,-0.04257,4e-05
27.114833,-918.959,1466.16,-0.04436,0
27.1165,-946.11,1468.25,-0.04577,4e-05
27.118167,-969.084,1472.42,-0.0469,0
27.119833,-987.881,1476.6,-0.04779,4e-05
27.1215,-1000.41,1478.69,-0.04849,0
27.123167,-1008.77,1478.69,-0.04904,0
27.124833,-1015.03,1480.78,-0.04951,0
27.1265,-1019.21,1480.78,-0.04978,0
27.128167,-1017.12,1478.69,-0.04998,-4e-05
27.129833,-1010.86,1478.69,-0.04994,0
27.1315,-1000.41,1476.6,-0.04994,-4e-05
27.133167,-987.881,1474.51,-0.04994,-4e-05
27.134833,-971.173,1472.42,-0.0499,-4e-05
27.1365,-944.022,1470.33,-0.04962,-4e-05
27.138167,-921.048,1468.25,-0.04947,-4e-05
27.139833,-891.808,1461.98,-0.04912,-4e-05
27.1415,-862.568,1457.8,-0.04869,-4e-05
27.143167,-827.063,1453.63,-0.04814,0
27.144833,-791.558,1449.45,-0.04752,-4e-05
27.1465,-747.699,1441.09,-0.04678,0
27.148167,-703.839,1430.65,-0.04596,0
27.149833,-653.714,1426.48,-0.04499,-4e-05
27.1515,-605.678,1418.12,-0.04382,-8e-05
27.153167,-555.553,1411.86,-0.04253,0
27.154667,-505.428,1405.59,-0.04109,0
27.156333,-449.037,1397.24,-0.03933,0
27.158,-392.646,1393.06,-0.03735,0
27.159667,-336.255,1378.44,-0.0352,0.00012
27.161333,-275.688,1365.91,-0.03267,0
27.163,-217.209,1353.38,-0.02998,0
27.164667,-154.552,1342.93,-0.02701,0
27.166333,-93.9845,1328.31,-0.02386,4e-05
27.168,-33.4167,1315.78,-0.02043,8e-05
27.169667,25.0625,1303.25,-0.0168,8e-05
27.171333,87.7188,1299.07,-0.01275,8e-05
27.173,146.198,1290.72,-0.00846,8e-05
27.174667,208.854,1282.37,-0.00402,8e-05
27.176333,265.245,1271.92,0.00058,0.00019
27.178,323.724,1267.75,0.00534,8e-05
27.179667,384.292,1271.92,0.01006,0.00012
27.181333,444.86,1290.72,0.01462,0.00015
27.183,501.25,1305.34,0.01887,8e-05
27.184667,557.641,1317.87,0.0228,8e-05
27.186333,611.943,1330.4,0.02635,8e-05
27.188,662.068,1347.11,0.02959,8e-05
27.189667,705.928,1357.55,0.03263,4e-05
27.191333,753.964,1370.08,0.0354,4e-05
27.193,791.558,1384.7,0.03793,0.00015
27.194667,829.152,1399.32,0.04027,0
27.196333,862.568,1407.68,0.04241,4e-05
27.198,895.985,1418.12,0.04413,0
27.199667,923.136,1428.56,0.04561,-4e-05
27.201333,946.11,1430.65,0.0467,-4e-05
27.203,964.907,1434.83,0.04756,-8e-05
27.2045,977.438,1441.09,0.0483,-4e-05
27.206167,987.881,1441.09,0.04888,-8e-05
27.207833,996.235,1443.18,0.04931,-8e-05
27.2095,996.235,1445.27,0.04962,-4e-05
27.211167,996.235,1445.27,0.04974,-8e-05
27.212833,989.97,1441.09,0.04982,-8e-05
27.2145,979.527,1441.09,0.04982,-0.00012
27.216167,966.996,1443.18,0.04974,-8e-05
27.217833,948.199,1441.09,0.0497,-8e-05
27.2195,927.313,1436.92,0.04959,-0.00012
27.221167,902.251,1436.92,0.04939,-0.00012
27.222833,877.188,1436.92,0.04908,-0.00012
27.2245,845.86,1428.56,0.04869,-0.00012
27.226167,816.62,1426.48,0.04818,-8e-05
27.227833,779.027,1422.3,0.04764,-8e-05
27.2295,737.256,1418.12,0.04693,-8e-05
27.231167,693.396,1411.86,0.04608,-8e-05
27.232833,645.36,1403.5,0.04526,-4e-05
27.2345,595.235,1399.32,0.04417,-4e-05
27.236167,549.287,1390.97,0.04296,-4e-05
27.237833,494.985,1380.53,0.04156,0
27.2395,442.771,1372.17,0.03996,0
27.241167,384.292,1359.64,0.03805,0
27.242833,327.901,1347.11,0.03598,4e-05
27.2445,269.422,1342.93,0.03372,8e-05
27.246167,210.943,1328.31,0.03119,4e-05
27.247833,152.464,1313.69,0.02822,4e-05
27.2495,93.9845,1307.43,0.02495,8e-05
27.251167,33.4167,1303.25,0.0214,8e-05
27.252833,-29.2396,1296.99,0.01754,8e-05
27.2545,-87.7188,1294.9,0.01353,0.00012
27.256,-148.287,1294.9,0.00928,0.00012
27.257667,-208.854,1299.07,0.00479,0.00012
27.259333,-265.245,1315.78,0.00019,8e-05
27.261,-327.901,1328.31,-0.00456,0.00023
27.262667,-388.469,1330.4,-0.0092,8e-05
27.264333,-444.86,1338.76,-0.01372,8e-05
27.266,-501.25,1353.38,-0.01809,8e-05
27.267667,-563.907,1365.91,-0.02214,8e-05
27.269333,-618.209,1378.44,-0.02581,8e-05
27.271,-670.422,1390.97,-0.02904,8e-05
27.272667,-718.459,1405.59,-0.032,4e-05
27.274333,-760.23,1411.86,-0.03469,8e-05
27.276,-802.001,1426.48,-0.03727,4e-05
27.277667,-837.506,1439.01,-0.03968,0.00012
27.279333,-873.011,1449.45,-0.04195,4e-05
27.281,-906.428,1455.71,-0.04389,4e-05
27.282667,-933.579,1464.07,-0.04545,0
27.284333,-960.73,1468.25,-0.04666,0
27.286,-981.615,1470.33,-0.04764,0
27.287667,-996.235,1474.51,-0.04834,0
27.289333,-1006.68,1480.78,-0.04904,-4e-05
27.291,-1015.03,1478.69,-0.04947,0
27.292667,-1017.12,1476.6,-0.04986,0
27.294333,-1017.12,1478.69,-0.05001,8e-05
27.296,-1012.94,1478.69,-0.05013,0
27.297667,-1002.5,1472.42,-0.05017,0
27.299333,-989.97,1472.42,-0.05009,-4e-05
27.301,-975.35,1470.33,-0.05005,-4e-05
27.302667,-954.464,1468.25,-0.0499,-4e-05
27.304333,-929.402,1461.98,-0.04966,-4e-05
27.306,-902.251,1461.98,-0.04939,-4e-05
27.3075,-873.011,1453.63,-0.04896,-4e-05
27.309167,-839.594,1449.45,-0.04846,0
27.310833,-802.001,1445.27,-0.04787,0
27.3125,-762.318,1439.01,-0.04721,-8e-05
27.314167,-718.459,1432.74,-0.04643,-4e-05
27.315833,-672.511,1424.39,-0.04549,-4e-05
27.3175,-624.474,1418.12,-0.0444,-4e-05
27.319167,-572.261,1411.86,-0.04315,0
27.320833,-522.136,1401.41,-0.04179,-4e-05
27.3225,-467.834,1395.15,-0.04011,-4e-05
27.324167,-411.443,1388.88,-0.0382,0
27.325833,-355.052,1380.53,-0.03602,0
27.3275,-296.573,1365.91,-0.03368,0
27.329167,-233.917,1353.38,-0.03107,4e-05
27.330833,-173.349,1340.84,-0.02818,0
27.3325,-112.781,1328.31,-0.02503,4e-05
27.334167,-54.3021,1315.78,-0.02175,8e-05
27.335833,8.35417,1305.34,-0.01817,4e-05
27.3375,66.8334,1292.81,-0.01423,8e-05
27.339167,127.401,1292.81,-0.00994,8e-05
27.340833,185.88,1284.45,-0.00557,8e-05
27.3425,246.448,1269.83,-0.00097,4e-05
27.344167,304.927,1265.66,0.0037,8e-05
27.345833,365.495,1265.66,0.0085,0.00019
27.3475,426.063,1280.28,0.01318,0.00012
27.349167,482.454,1292.81,0.01758,0.00012
27.350833,540.933,1311.61,0.02167,0.00012
27.3525,593.146,1324.14,0.0253,8e-05
27.354167,643.271,1336.67,0.02865,8e-05
27.355833,691.308,1351.29,0.03177,8e-05
27.357333,737.256,1365.91,0.03473,4e-05
27.359,779.027,1376.35,0.03723,4e-05
27.360667,816.62,1390.97,0.03968,0
27.362333,850.037,1405.59,0.04183,8e-05
27.364,885.542,1411.86,0.04374,0
27.365667,914.782,1422.3,0.0453,-4e-05
27.367333,939.845,1430.65,0.04651,-4e-05
27.369,958.641,1430.65,0.04744,-8e-05
27.370667,973.261,1434.83,0.04822,-8e-05
27.372333,985.792,1439.01,0.04888,-4e-05
27.374,994.147,1441.09,0.04923,-8e-05
27.375667,996.235,1439.01,0.04962,-0.00012
27.377333,996.235,1441.09,0.04982,-8e-05
27.379,992.058,1443.18,0.04994,0
27.380667,985.792,1441.09,0.04994,-0.00012
27.382333,971.173,1436.92,0.04994,-0.00012
27.384,958.641,1436.92,0.04986,-8e-05
27.385667,935.667,1436.92,0.04974,-8e-05
27.387333,910.605,1432.74,0.04951,-0.00012
27.389,885.542,1432.74,0.04931,-8e-05
27.390667,856.303,1430.65,0.04888,-0.00012
27.392333,824.975,1426.48,0.04853,-0.00012
27.394,789.469,1422.3,0.04799,-0.00012
27.395667,751.876,1418.12,0.04732,4e-05
27.397333,708.016,1411.86,0.04651,-0.00012
27.399,662.068,1403.5,0.04561,-8e-05
27.400667,611.943,1397.24,0.04463,-8e-05
27.402333,563.907,1393.06,0.0435,0
27.404,513.782,1380.53,0.04222,-4e-05
27.405667,459.48,1372.17,0.04058,0
27.407333,403.089,1361.73,0.03883,0
27.408833,346.698,1351.29,0.03684,4e-05
27.4105,286.13,1340.84,0.03462,4e-05
27.412167,231.828,1328.31,0.0322,4e-05
27.413833,171.261,1317.87,0.02931,4e-05
27.4155,114.87,1307.43,0.02616,8e-05
27.417167,52.2136,1296.99,0.02265,8e-05
27.418833,-6.26563,1299.07,0.01891,8e-05
27.4205,-66.8334,1292.81,0.01489,8e-05
27.422167,-129.49,1290.72,0.01076,0.00012
27.423833,-187.969,1292.81,0.00632,8e-05
27.4255,-246.448,1309.52,0.00179,0.00012
27.427167,-307.016,1324.14,-0.00296,0.00012
27.428833,-367.584,1324.14,-0.00764,0.00012
27.4305,-426.063,1334.58,-0.01224,0.00012
27.432167,-484.542,1345.02,-0.01672,0.00012
27.433833,-545.11,1355.46,-0.02093,0.00012
27.4355,-599.412,1370.08,-0.02471,8e-05
27.437167,-653.714,1384.7,-0.02811,8e-05
27.438833,-703.839,1399.32,-0.03119,8e-05
27.4405,-747.699,1405.59,-0.03395,8e-05
27.442167,-789.469,1420.21,-0.03657,8e-05
27.443833,-827.063,1432.74,-0.03902,4e-05
27.4455,-860.48,1443.18,-0.04136,0
27.447167,-895.985,1453.63,-0.04347,8e-05
27.448833,-929.402,1461.98,-0.04514,0
27.4505,-950.287,1466.16,-0.04643,0
27.452167,-975.35,1468.25,-0.04748,0
27.453833,-992.058,1472.42,-0.0483,0
27.4555,-1004.59,1474.51,-0.049,0
27.457167,-1010.86,1476.6,-0.04951,0
27.458833,-1019.21,1474.51,-0.04986,-4e-05
27.460333,-1015.03,1474.51,-0.05013,0
27.462,-1012.94,1474.51,-0.05021,-4e-05
27.463667,-1006.68,1474.51,-0.05025,8e-05
27.465333,-994.147,1470.33,-0.05029,-8e-05
27.467,-981.615,1468.25,-0.05021,-4e-05
27.468667,-960.73,1468.25,-0.05005,-8e-05
27.470333,-937.756,1464.07,-0.04986,-4e-05
27.472,-910.605,1461.98,-0.04962,0
27.473667,-883.454,1455.71,-0.04927,-4e-05
27.475333,-850.037,1451.54,-0.04881,-4e-05
27.477,-814.532,1445.27,-0.04822,0
27.478667,-774.85,1439.01,-0.04756,0
27.480333,-733.079,1432.74,-0.04686,8e-05
27.482,-685.042,1426.48,-0.04592,0
27.483667,-641.183,1418.12,-0.04495,0
27.485333,-591.058,1409.77,-0.0437,-4e-05
27.487,-536.756,1403.5,-0.04241,0
27.488667,-486.631,1399.32,-0.04085,0
27.490333,-430.24,1386.79,-0.03898,4e-05
27.492,-369.672,1378.44,-0.03692,0
27.493667,-315.37,1368,-0.03462,0
27.495333,-252.714,1353.38,-0.03208,0
27.497,-196.323,1340.84,-0.02931,8e-05
27.498667,-133.667,1330.4,-0.02624,4e-05
27.500333,-75.1876,1317.87,-0.02296,0
27.502,-12.5313,1305.34,-0.0193,8e-05
27.503667,48.0365,1292.81,-0.01559,8e-05
27.505333,106.516,1290.72,-0.01142,4e-05
27.507,167.083,1286.54,-0.00702,8e-05
27.508667,227.651,1271.92,-0.00249,4e-05
27.510333,286.13,1265.66,0.00218,8e-05
27.511833,344.61,1261.48,0.00702,8e-05
27.5135,405.177,1276.1,0.01169,0.00012
27.515167,463.657,1288.63,0.01622,0.00012
27.516833,522.136,1305.34,0.02039,8e-05
27.5185,576.438,1315.78,0.02421,8e-05
27.520167,626.563,1330.4,0.02764,8e-05
27.521833,676.688,1345.02,0.03087,4e-05
27.5235,722.636,1357.55,0.03384,8e-05
27.525167,766.495,1368,0.03653,4e-05
27.526833,806.178,1382.62,0.03898,0
27.5285,841.683,1397.24,0.04124,0
27.530167,870.923,1407.68,0.04327,0
27.531833,904.339,1418.12,0.04491,0
27.5335,931.49,1426.48,0.04627,-4e-05
27.535167,952.376,1426.48,0.04725,-8e-05
27.536833,971.173,1432.74,0.0481,-8e-05
27.5385,981.615,1436.92,0.04877,-4e-05
27.540167,992.058,1439.01,0.04931,-8e-05
27.541833,994.147,1436.92,0.04966,-8e-05
27.5435,996.235,1439.01,0.04994,-0.00012
27.545167,994.147,1439.01,0.05005,-0.00012
27.546833,985.792,1436.92,0.05005,-0.00012
27.5485,977.438,1436.92,0.05005,0
27.550167,960.73,1436.92,0.05005,-8e-05
27.551833,941.933,1434.83,0.04994,-0.00012
27.5535,921.048,1430.65,0.04974,-8e-05
27.555167,895.985,1428.56,0.04955,-0.00012
27.556833,868.834,1430.65,0.0492,-0.00012
27.5585,835.417,1424.39,0.04888,-8e-05
27.560167,804.089,1420.21,0.04822,-8e-05
27.561667,764.407,1418.12,0.04768,-4e-05
27.563333,722.636,1409.77,0.04693,-8e-05
27.565,674.6,1403.5,0.04608,4e-05
27.566667,630.74,1399.32,0.0451,-4e-05
27.568333,580.615,1393.06,0.04401,-4e-05
27.57,530.49,1382.62,0.04276,-4e-05
27.571667,476.188,1374.26,0.04132,-4e-05
27.573333,419.797,1363.82,0.03957,0
27.575,365.495,1351.29,0.03762,0
27.576667,302.839,1342.93,0.03544,4e-05
27.578333,248.537,1332.49,0.03314,4e-05
27.58,190.057,1315.78,0.03041,4e-05
27.581667,133.667,1305.34,0.02729,0.00019
27.583333,71.0105,1299.07,0.0239,8e-05
27.585,12.5313,1296.99,0.02027,8e-05
27.586667,-48.0365,1290.72,0.01629,0.00012
27.588333,-108.604,1288.63,0.01224,8e-05
27.59,-167.083,1290.72,0.00784,8e-05
27.591667,-225.563,1299.07,0.00335,8e-05
27.593333,-286.13,1313.69,-0.00144,0.00012
27.595,-346.698,1322.05,-0.00612,0.00012
27.596667,-405.177,1328.31,-0.01076,0.00012
27.598333,-465.745,1336.67,-0.01532,0.00012
27.6,-524.224,1349.2,-0.01961,8e-05
27.601667,-580.615,1365.91,-0.02355,8e-05
27.603333,-637.006,1376.35,-0.02713,8e-05
27.605,-685.042,1388.88,-0.03029,4e-05
27.606667,-730.99,1403.5,-0.03314,0.00012
27.608333,-774.85,1413.94,-0.03579,8e-05
27.61,-812.443,1424.39,-0.03828,4e-05
27.611667,-850.037,1434.83,-0.0407,8e-05
27.613167,-885.542,1449.45,-0.04292,0
27.614833,-916.871,1453.63,-0.04475,0
27.6165,-944.022,1457.8,-0.04616,0
27.618167,-969.084,1466.16,-0.04729,0
27.619833,-985.792,1466.16,-0.04818,0
27.6215,-1000.41,1470.33,-0.04892,-4e-05
27.623167,-1010.86,1472.42,-0.04947,0
27.624833,-1017.12,1472.42,-0.0499,-4e-05
27.6265,-1019.21,1472.42,-0.05021,0
27.628167,-1017.12,1470.33,-0.05037,-4e-05
27.629833,-1010.86,1472.42,-0.0504,-8e-05
27.6315,-998.324,1470.33,-0.05044,-4e-05
27.633167,-987.881,1468.25,-0.0504,0
27.634833,-969.084,1464.07,-0.05025,0
27.6365,-944.022,1461.98,-0.05013,-4e-05
27.638167,-921.048,1455.71,-0.0499,-4e-05
27.639833,-891.808,1455.71,-0.04951,-4e-05
27.6415,-860.48,1449.45,-0.04912,-4e-05
27.643167,-824.975,1443.18,-0.04857,-4e-05
27.644833,-791.558,1436.92,-0.04795,-4e-05
27.6465,-747.699,1430.65,-0.04721,0
27.648167,-701.751,1426.48,-0.04643,0
27.649833,-653.714,1418.12,-0.04541,0
27.6515,-605.678,1409.77,-0.04428,-4e-05
27.653167,-555.553,1403.5,-0.043,-4e-05
27.654833,-503.339,1395.15,-0.04148,-4e-05
27.6565,-446.948,1386.79,-0.03972,0
27.658167,-390.558,1378.44,-0.03774,4e-05
27.659833,-334.167,1370.08,-0.03559,0
27.6615,-275.688,1355.46,-0.03306,0
27.663167,-215.12,1345.02,-0.03033,0
27.664667,-154.552,1330.4,-0.02733,4e-05
27.666333,-91.8959,1317.87,-0.02417,0.00015
27.668,-31.3282,1303.25,-0.02074,4e-05
27.669667,27.1511,1296.99,-0.01704,8e-05
27.671333,87.7188,1288.63,-0.0129,4e-05
27.673,146.198,1282.37,-0.00862,4e-05
27.674667,208.854,1274.01,-0.00409,8e-05
27.676333,265.245,1263.57,0.00058,4e-05
27.678,325.813,1257.3,0.00534,8e-05
27.679667,384.292,1265.66,0.01014,8e-05
27.681333,444.86,1282.37,0.01477,8e-05
27.683,503.339,1299.07,0.0191,0.00015
27.684667,559.73,1305.34,0.02304,8e-05
27.686333,611.943,1322.05,0.02659,4e-05
27.688,662.068,1336.67,0.02994,8e-05
27.689667,705.928,1347.11,0.03298,4e-05
27.691333,753.964,1363.82,0.03582,0
27.693,793.647,1380.53,0.03836,0
27.694667,829.152,1388.88,0.0407,4e-05
27.696333,862.568,1397.24,0.04276,-4e-05
27.698,895.985,1411.86,0.04456,0
27.699667,921.048,1420.21,0.04604,0
27.701333,946.11,1422.3,0.04713,0
27.703,964.907,1428.56,0.04799,-4e-05
27.704667,977.438,1432.74,0.04877,-4e-05
27.706333,987.881,1430.65,0.0492,-8e-05
27.708,996.235,1434.83,0.04966,-0.00012
27.709667,996.235,1436.92,0.04998,-4e-05
27.711333,996.235,1436.92,0.05013,-8e-05
27.713,989.97,1434.83,0.05017,-0.00012
27.714667,977.438,1434.83,0.05021,-8e-05
27.716167,971.173,1434.83,0.05021,-8e-05
27.717833,948.199,1428.56,0.05009,-0.00012
27.7195,927.313,1428.56,0.04994,-0.00012
27.721167,902.251,1428.56,0.04974,-0.00012
27.722833,875.1,1426.48,0.04939,-8e-05
27.7245,847.949,1418.12,0.049,-8e-05
27.726167,812.443,1418.12,0.04865,-8e-05
27.727833,774.85,1416.03,0.04807,-8e-05
27.7295,737.256,1407.68,0.04736,-8e-05
27.731167,693.396,1403.5,0.04651,-8e-05
27.732833,645.36,1399.32,0.04557,-4e-05
27.7345,597.323,1390.97,0.04456,-4e-05
27.736167,547.198,1380.53,0.04335,-4e-05
27.737833,494.985,1372.17,0.04195,-4e-05
27.7395,442.771,1365.91,0.04027,-4e-05
27.741167,384.292,1351.29,0.0384,-4e-05
27.742833,325.813,1342.93,0.03633,4e-05
27.7445,267.334,1330.4,0.03403,4e-05
27.746167,210.943,1317.87,0.0315,4e-05
27.747833,152.464,1305.34,0.02854,4e-05
27.7495,93.9845,1299.07,0.02518,0.00012
27.751167,35.5052,1294.9,0.02164,0.00015
27.752833,-29.2396,1288.63,0.01774,8e-05
27.7545,-87.7188,1284.45,0.01372,0.00015
27.756167,-148.287,1284.45,0.00939,0.00012
27.757833,-208.854,1288.63,0.00491,8e-05
27.7595,-265.245,1305.34,0.00027,8e-05
27.761167,-327.901,1315.78,-0.00452,0.00012
27.762833,-388.469,1322.05,-0.0092,8e-05
27.7645,-444.86,1328.31,-0.01384,8e-05
27.766,-505.428,1340.84,-0.01828,8e-05
27.767667,-561.818,1357.55,-0.02234,0.00015
27.769333,-618.209,1368,-0.02612,8e-05
27.771,-670.422,1382.62,-0.02935,8e-05
27.772667,-718.459,1397.24,-0.03232,4e-05
27.774333,-762.318,1405.59,-0.03505,4e-05
27.776,-802.001,1418.12,-0.03762,4e-05
27.777667,-835.417,1430.65,-0.04007,4e-05
27.779333,-873.011,1441.09,-0.04233,4e-05
27.781,-908.516,1447.36,-0.04432,0
27.782667,-937.756,1455.71,-0.04588,0
27.784333,-962.819,1461.98,-0.04713,0.00012
27.786,-979.527,1464.07,-0.04807,-4e-05
27.787667,-996.235,1466.16,-0.04885,0
27.789333,-1008.77,1470.33,-0.04951,0
27.791,-1015.03,1470.33,-0.04994,0
27.792667,-1019.21,1468.25,-0.05029,-4e-05
27.794333,-1015.03,1468.25,-0.05048,-4e-05
27.796,-1010.86,1470.33,-0.05052,-4e-05
27.797667,-1004.59,1468.25,-0.05056,0
27.799333,-992.058,1461.98,-0.0506,0
27.801,-973.261,1461.98,-0.05048,-4e-05
27.802667,-954.464,1461.98,-0.05033,-4e-05
27.804333,-931.49,1457.8,-0.05013,0
27.806,-902.251,1451.54,-0.04982,0
27.807667,-873.011,1449.45,-0.04947,0
27.809333,-839.594,1443.18,-0.04892,-4e-05
27.811,-802.001,1436.92,-0.04834,0
27.812667,-760.23,1430.65,-0.04756,-4e-05
27.814333,-718.459,1424.39,-0.0469,-4e-05
27.816,-670.422,1418.12,-0.04588,-4e-05
27.8175,-624.474,1411.86,-0.04483,-4e-05
27.819167,-574.349,1403.5,-0.04354,-4e-05
27.820833,-522.136,1395.15,-0.04214,-4e-05
27.8225,-463.657,1386.79,-0.0405,-4e-05
27.824167,-409.355,1380.53,-0.03855,0
27.825833,-352.964,1368,-0.03641,4e-05
27.8275,-296.573,1355.46,-0.03407,0
27.829167,-233.917,1342.93,-0.03146,0
27.830833,-173.349,1332.49,-0.0285,0
27.8325,-112.781,1317.87,-0.02534,4e-05
27.834167,-52.2136,1305.34,-0.02199,4e-05
27.835833,8.35417,1296.99,-0.01824,0.00012
27.8375,66.8334,1286.54,-0.01442,8e-05
27.839167,127.401,1280.28,-0.01017,4e-05
27.840833,185.88,1276.1,-0.00569,8e-05
27.8425,246.448,1263.57,-0.00105,8e-05
27.844167,304.927,1255.21,0.00366,8e-05
27.845833,363.407,1255.21,0.00854,8e-05
27.8475,423.974,1276.1,0.01329,0.00012
27.849167,482.454,1288.63,0.01778,0.00012
27.850833,540.933,1301.16,0.02179,0.00012
27.8525,595.235,1317.87,0.02549,0.00012
27.854167,647.448,1330.4,0.02896,8e-05
27.855833,691.308,1340.84,0.03204,4e-05
27.8575,737.256,1353.38,0.03501,4e-05
27.859167,779.027,1370.08,0.03762,0
27.860833,818.709,1380.53,0.04,0
27.8625,852.126,1393.06,0.04218,0
27.864167,885.542,1405.59,0.04413,0
27.865833,914.782,1413.94,0.04565,-4e-05
27.8675,939.845,1418.12,0.0469,0
27.869,958.641,1424.39,0.04787,4e-05
27.870667,975.35,1430.65,0.04861,-4e-05
27.872333,985.792,1430.65,0.04916,-8e-05
27.874,996.235,1430.65,0.0497,-8e-05
27.875667,996.235,1434.83,0.05005,-0.00012
27.877333,996.235,1434.83,0.05025,-8e-05
27.879,992.058,1430.65,0.05033,-8e-05
27.880667,985.792,1432.74,0.05033,-8e-05
27.882333,975.35,1432.74,0.05033,-0.00012
27.884,956.553,1430.65,0.05029,-8e-05
27.885667,933.579,1428.56,0.05017,0
27.887333,912.693,1426.48,0.04994,-8e-05
27.889,885.542,1424.39,0.04962,-8e-05
27.890667,856.303,1420.21,0.04931,-0.00012
27.892333,822.886,1418.12,0.04888,-8e-05
27.894,787.381,1413.94,0.04842,-8e-05
27.895667,749.787,1407.68,0.04771,-8e-05
27.897333,705.928,1401.41,0.0469,-8e-05
27.899,662.068,1399.32,0.046,-8e-05
27.900667,611.943,1390.97,0.04502,-8e-05
27.902333,561.818,1380.53,0.04389,-4e-05
27.904,511.693,1372.17,0.04253,-4e-05
27.905667,457.391,1365.91,0.04101,0
27.907333,403.089,1351.29,0.03918,0
27.909,346.698,1342.93,0.03719,4e-05
27.910667,286.13,1332.49,0.03493,4e-05
27.912333,229.74,1322.05,0.03255,4e-05
27.914,173.349,1305.34,0.0297,8e-05
27.915667,114.87,1296.99,0.02651,8e-05
27.917333,54.3021,1290.72,0.02296,8e-05
27.919,-8.35417,1286.54,0.01922,0.00012
27.9205,-66.8334,1284.45,0.01516,0.00012
27.922167,-127.401,1280.28,0.01092,0.00012
27.923833,-187.969,1280.28,0.00647,0.00012
27.9255,-244.36,1299.07,0.00187,8e-05
27.927167,-307.016,1311.61,-0.003,0.00012
27.928833,-365.495,1313.69,-0.00764,0.00012
27.9305,-426.063,1319.96,-0.01232,0.00012
27.932167,-482.454,1334.58,-0.01684,0.00012
27.933833,-543.021,1349.2,-0.02109,0.00012
27.9355,-601.501,1359.64,-0.02503,8e-05
27.937167,-653.714,1374.26,-0.02842,0.00019
27.938833,-703.839,1393.06,-0.0315,8e-05
27.9405,-749.787,1399.32,-0.0343,8e-05
27.942167,-789.469,1409.77,-0.03692,8e-05
27.943833,-827.063,1424.39,-0.03941,8e-05
27.9455,-862.568,1430.65,-0.04183,8e-05
27.947167,-898.074,1443.18,-0.04386,8e-05
27.948833,-929.402,1451.54,-0.04557,4e-05
27.9505,-952.376,1457.8,-0.0469,4e-05
27.952167,-975.35,1459.89,-0.04791,0
27.953833,-992.058,1464.07,-0.04881,0.00012
27.9555,-1004.59,1466.16,-0.04947,0
27.957167,-1012.94,1466.16,-0.04998,0
27.958833,-1019.21,1466.16,-0.05037,-4e-05
27.9605,-1019.21,1468.25,-0.05064,0
27.962167,-1012.94,1466.16,-0.05072,-4e-05
27.963833,-1006.68,1464.07,-0.05076,0
27.9655,-994.147,1461.98,-0.05076,-8e-05
27.967167,-981.615,1461.98,-0.05068,-4e-05
27.968833,-960.73,1455.71,-0.05052,-4e-05
27.970333,-937.756,1455.71,-0.05037,8e-05
27.972,-912.693,1451.54,-0.05009,-4e-05
27.973667,-881.365,1449.45,-0.0497,-4e-05
27.975333,-852.126,1441.09,-0.04927,-4e-05
27.977,-814.532,1436.92,-0.04869,0
27.978667,-772.761,1430.65,-0.04803,0
27.980333,-735.167,1424.39,-0.04725,-4e-05
27.982,-687.131,1418.12,-0.04639,-4e-05
27.983667,-641.183,1411.86,-0.04538,-4e-05
27.985333,-591.058,1403.5,-0.04417,0
27.987,-536.756,1393.06,-0.0428,0
27.988667,-484.542,1386.79,-0.04117,0
27.990333,-430.24,1380.53,-0.03937,0
27.992,-369.672,1368,-0.03723,-4e-05
27.993667,-315.37,1357.55,-0.03501,0
27.995333,-254.802,1347.11,-0.03247,0
27.997,-196.323,1330.4,-0.02959,4e-05
27.998667,-133.667,1315.78,-0.02647,4e-05
28.000333,-73.099,1305.34,-0.02319,4e-05
28.002,-12.5313,1296.99,-0.01961,8e-05
28.003667,45.948,1284.45,-0.01583,8e-05
28.005333,106.516,1278.19,-0.01154,4e-05
28.007,167.083,1276.1,-0.00717,4e-05
28.008667,229.74,1263.57,-0.00253,8e-05
28.010333,286.13,1253.13,0.00218,4e-05
28.012,346.698,1253.13,0.00706,0.00012
28.013667,405.177,1269.83,0.01181,0.00012
28.015333,463.657,1278.19,0.01637,0.00012
28.017,520.047,1292.81,0.02058,8e-05
28.018667,578.527,1311.61,0.02448,8e-05
28.020333,628.652,1322.05,0.02795,8e-05
28.021833,676.688,1334.58,0.03119,8e-05
28.0235,722.636,1351.29,0.03419,8e-05
28.025167,766.495,1363.82,0.03688,4e-05
28.026833,806.178,1372.17,0.03933,0
28.0285,841.683,1386.79,0.04163,4e-05
28.030167,875.1,1399.32,0.04366,0
28.031833,904.339,1409.77,0.04534,-4e-05
28.0335,931.49,1416.03,0.0467,-4e-05
28.035167,952.376,1420.21,0.04768,-4e-05
28.036833,971.173,1424.39,0.04857,-8e-05
28.0385,981.615,1426.48,0.04908,0
28.040167,992.058,1430.65,0.04966,-8e-05
28.041833,996.235,1430.65,0.05009,-0.00012
28.0435,996.235,1430.65,0.05033,-8e-05
28.045167,996.235,1428.56,0.05044,-0.00012
28.046833,987.881,1430.65,0.05044,-8e-05
28.0485,977.438,1430.65,0.05052,-8e-05
28.050167,960.73,1428.56,0.05048,-8e-05
28.051833,941.933,1426.48,0.05033,-0.00012
28.0535,923.136,1426.48,0.05013,-0.00012
28.055167,893.897,1424.39,0.0499,0
28.056833,866.746,1418.12,0.04962,-0.00012
28.0585,835.417,1416.03,0.04916,-8e-05
28.060167,802.001,1413.94,0.04873,-8e-05
28.061833,762.318,1405.59,0.04803,-4e-05
28.0635,724.725,1403.5,0.04736,-8e-05
28.065167,674.6,1397.24,0.04643,-8e-05
28.066833,628.652,1388.88,0.04553,-4e-05
28.0685,578.527,1378.44,0.04444,-4e-05
28.070167,530.49,1374.26,0.04311,-4e-05
28.071833,476.188,1365.91,0.04167,8e-05
28.073333,421.886,1353.38,0.03992,4e-05
28.075,365.495,1342.93,0.03797,4e-05
28.076667,304.927,1332.49,0.03582,4e-05
28.078333,248.537,1319.96,0.03345,0
28.08,192.146,1309.52,0.03076,8e-05
28.081667,133.667,1294.9,0.02768,8e-05
28.083333,71.0105,1290.72,0.02421,8e-05
28.085,12.5313,1286.54,0.0205,8e-05
28.086667,-48.0365,1280.28,0.01653,8e-05
28.088333,-108.604,1280.28,0.01244,0.00015
28.09,-167.083,1278.19,0.00799,8e-05
28.091667,-227.651,1288.63,0.00343,8e-05
28.093333,-284.042,1307.43,-0.00133,0.00012
28.095,-346.698,1313.69,-0.00616,0.00012
28.096667,-407.266,1315.78,-0.0108,0.00012
28.098333,-463.657,1328.31,-0.01536,8e-05
28.1,-524.224,1340.84,-0.01976,0.00012
28.101667,-580.615,1351.29,-0.02382,8e-05
28.103333,-637.006,1365.91,-0.0274,8e-05
28.105,-687.131,1382.62,-0.03056,8e-05
28.106667,-735.167,1393.06,-0.03352,8e-05
28.108333,-776.938,1403.5,-0.03625,8e-05
28.11,-816.62,1416.03,-0.03871,8e-05
28.111667,-847.949,1428.56,-0.04113,4e-05
28.113333,-883.454,1436.92,-0.04331,4e-05
28.115,-918.959,1447.36,-0.04514,4e-05
28.116667,-946.11,1453.63,-0.04662,0
28.118333,-969.084,1455.71,-0.04775,0
28.12,-987.881,1459.89,-0.04861,0
28.121667,-1000.41,1464.07,-0.04935,0
28.123333,-1010.86,1464.07,-0.04994,4e-05
28.124833,-1019.21,1464.07,-0.05037,-4e-05
28.1265,-1019.21,1466.16,-0.05064,-4e-05
28.128167,-1017.12,1461.98,-0.05079,-4e-05
28.129833,-1012.94,1461.98,-0.05087,-4e-05
28.1315,-1000.41,1459.89,-0.05087,-4e-05
28.133167,-985.792,1459.89,-0.05083,-4e-05
28.134833,-966.996,1455.71,-0.05072,-4e-05
28.1365,-946.11,1453.63,-0.05056,-4e-05
28.138167,-921.048,1451.54,-0.05033,-4e-05
28.139833,-891.808,1447.36,-0.05001,0.00012
28.1415,-860.48,1441.09,-0.04955,-4e-05
28.143167,-824.975,1436.92,-0.049,-4e-05
28.144833,-787.381,1430.65,-0.04834,-4e-05
28.1465,-747.699,1424.39,-0.04764,-4e-05
28.148167,-701.751,1416.03,-0.04678,-4e-05
28.149833,-653.714,1409.77,-0.0458,-4e-05
28.1515,-605.678,1405.59,-0.04467,0
28.153167,-555.553,1395.15,-0.04339,0
28.154833,-503.339,1386.79,-0.04187,-4e-05
28.1565,-449.037,1380.53,-0.04011,4e-05
28.158167,-388.469,1372.17,-0.03812,-4e-05
28.159833,-332.078,1359.64,-0.0359,0
28.1615,-275.688,1347.11,-0.03345,0
28.163167,-215.12,1334.58,-0.03064,4e-05
28.164833,-154.552,1322.05,-0.02764,4e-05
28.1665,-91.8959,1305.34,-0.02448,4e-05
28.168167,-31.3282,1294.9,-0.02097,0
28.169833,27.1511,1286.54,-0.01719,8e-05
28.1715,87.7188,1278.19,-0.01306,4e-05
28.173167,146.198,1271.92,-0.00869,0.00015
28.174667,208.854,1267.75,-0.00413,4e-05
28.176333,265.245,1253.13,0.00058,4e-05
28.178,325.813,1246.86,0.00538,0.00012
28.179667,384.292,1255.21,0.01017,0.00012
28.181333,442.771,1276.1,0.01493,0.00012
28.183,501.25,1288.63,0.01934,0.00012
28.184667,559.73,1299.07,0.02331,8e-05
28.186333,611.943,1313.69,0.02686,8e-05
28.188,662.068,1328.31,0.03021,8e-05
28.189667,708.016,1342.93,0.03337,4e-05
28.191333,753.964,1353.38,0.03614,4e-05
28.193,793.647,1365.91,0.03867,0
28.194667,829.152,1382.62,0.04109,0
28.196333,864.657,1390.97,0.04323,0
28.198,895.985,1401.41,0.04499,0
28.199667,923.136,1411.86,0.04643,-4e-05
28.201333,946.11,1418.12,0.04752,-4e-05
28.203,964.907,1420.21,0.04838,-8e-05
28.204667,979.527,1424.39,0.0492,-8e-05
28.206333,989.97,1428.56,0.0497,-8e-05
28.208,994.147,1426.48,0.05009,-8e-05
28.209667,996.235,1426.48,0.05037,-8e-05
28.211333,996.235,1430.65,0.0506,-0.00012
28.213,987.881,1430.65,0.0506,-8e-05
28.214667,977.438,1426.48,0.0506,-0.00012
28.216333,969.084,1426.48,0.0506,-8e-05
28.218,948.199,1424.39,0.05052,-8e-05
28.219667,927.313,1424.39,0.05037,-0.00012
28.221333,902.251,1422.3,0.05013,-0.00012
28.223,877.188,1420.21,0.04986,-8e-05
28.224667,845.86,1416.03,0.04943,-4e-05
28.226167,810.355,1411.86,0.04896,-8e-05
28.227833,774.85,1407.68,0.04842,-8e-05
28.2295,735.167,1403.5,0.04775,-4e-05
28.231167,689.219,1395.15,0.0469,-0.00012
28.232833,643.271,1388.88,0.046,-8e-05
28.2345,597.323,1382.62,0.04495,-4e-05
28.236167,547.198,1374.26,0.0437,-4e-05
28.237833,492.896,1363.82,0.0423,-4e-05
28.2395,442.771,1355.46,0.0407,0
28.241167,382.203,1347.11,0.03879,8e-05
28.242833,325.813,1334.58,0.03664,0
28.2445,267.334,1322.05,0.03434,4e-05
28.246167,210.943,1313.69,0.03177,8e-05
28.247833,150.375,1296.99,0.02889,0.00012
28.2495,93.9845,1286.54,0.02546,8e-05
28.251167,33.4167,1284.45,0.02187,0.00012
28.252833,-27.1511,1280.28,0.01797,8e-05
28.2545,-87.7188,1276.1,0.01388,8e-05
28.256167,-148.287,1276.1,0.00955,8e-05
28.257833,-206.766,1284.45,0.00499,0.00019
28.2595,-265.245,1299.07,0.00027,0.00012
28.261167,-325.813,1307.43,-0.00456,8e-05
28.262833,-388.469,1311.61,-0.00932,0.00012
28.2645,-444.86,1317.87,-0.01392,0.00012
28.266167,-505.428,1330.4,-0.0184,8e-05
28.267833,-561.818,1347.11,-0.02253,8e-05
28.2695,-618.209,1359.64,-0.02631,8e-05
28.271167,-670.422,1372.17,-0.02963,0.00012
28.272833,-718.459,1386.79,-0.03271,4e-05
28.2745,-762.318,1399.32,-0.0354,0.00015
28.276167,-802.001,1409.77,-0.03801,4e-05
28.277667,-837.506,1420.21,-0.04046,4e-05
28.279333,-875.1,1430.65,-0.04276,0
28.281,-906.428,1443.18,-0.04471,4e-05
28.282667,-937.756,1445.27,-0.04631,0
28.284333,-960.73,1453.63,-0.04748,0
28.286,-981.615,1459.89,-0.04853,-4e-05
28.287667,-996.235,1457.8,-0.04927,0
28.289333,-1006.68,1457.8,-0.04998,0
28.291,-1012.94,1461.98,-0.0504,0
28.292667,-1019.21,1461.98,-0.05072,-4e-05
28.294333,-1019.21,1461.98,-0.05095,-4e-05
28.296,-1010.86,1459.89,-0.05103,0
28.297667,-1002.5,1461.98,-0.05103,-4e-05
28.299333,-989.97,1455.71,-0.05103,-4e-05
28.301,-975.35,1453.63,-0.05091,0
28.302667,-952.376,1451.54,-0.05079,0
28.304333,-929.402,1449.45,-0.05052,-4e-05
28.306,-902.251,1445.27,-0.05025,0
28.307667,-870.923,1443.18,-0.04986,-4e-05
28.309333,-839.594,1434.83,-0.04939,-4e-05
28.311,-802.001,1430.65,-0.04877,-4e-05
28.312667,-760.23,1424.39,-0.04799,-4e-05
28.314333,-716.37,1418.12,-0.04721,-4e-05
28.316,-670.422,1409.77,-0.04631,-4e-05
28.317667,-622.386,1401.41,-0.04522,-4e-05
28.319333,-572.261,1393.06,-0.04397,-4e-05
28.321,-522.136,1388.88,-0.04257,0
28.322667,-465.745,1380.53,-0.04081,0
28.324333,-411.443,1372.17,-0.03898,-4e-05
28.326,-350.875,1363.82,-0.0368,4e-05
28.327667,-294.485,1349.2,-0.03442,0
28.329167,-233.917,1336.67,-0.03169,4e-05
28.330833,-175.438,1322.05,-0.02877,4e-05
28.3325,-110.693,1309.52,-0.02561,8e-05
28.334167,-52.2136,1294.9,-0.02222,4e-05
28.335833,10.4427,1286.54,-0.01852,8e-05
28.3375,68.9219,1278.19,-0.01458,8e-05
28.339167,127.401,1271.92,-0.01025,4e-05
28.340833,185.88,1265.66,-0.00577,8e-05
28.3425,248.537,1253.13,-0.00101,0.00019
28.344167,304.927,1246.86,0.0037,8e-05
28.345833,363.407,1248.95,0.00865,8e-05
28.3475,423.974,1267.75,0.01341,0.00012
28.349167,482.454,1278.19,0.01785,0.00015
28.350833,538.844,1290.72,0.02203,8e-05
28.3525,593.146,1307.43,0.02581,8e-05
28.354167,645.36,1324.14,0.02928,8e-05
28.355833,693.396,1334.58,0.03243,8e-05
28.3575,737.256,1349.2,0.0354,4e-05
28.359167,779.027,1363.82,0.03797,0.00015
28.360833,816.62,1374.26,0.04042,0
28.3625,850.037,1384.7,0.04265,-4e-05
28.364167,885.542,1397.24,0.0446,0
28.365833,914.782,1405.59,0.04612,0
28.3675,939.845,1411.86,0.04732,-4e-05
28.369167,958.641,1413.94,0.0483,-8e-05
28.370833,977.438,1422.3,0.04904,-8e-05
28.3725,985.792,1424.39,0.04966,-0.00012
28.374167,994.147,1424.39,0.05017,-8e-05
28.375833,998.324,1426.48,0.05044,0
28.3775,996.235,1428.56,0.0506,-8e-05
28.379,989.97,1424.39,0.05076,-8e-05
28.380667,985.792,1424.39,0.05076,-0.00012
28.382333,971.173,1424.39,0.05079,-0.00012
28.384,954.464,1424.39,0.05072,-8e-05
28.385667,937.756,1420.21,0.05056,-8e-05
28.387333,912.693,1420.21,0.05037,-0.00012
28.389,883.454,1416.03,0.05005,-8e-05
28.390667,856.303,1413.94,0.04982,-0.00012
28.392333,822.886,1411.86,0.04923,-8e-05
28.394,785.292,1405.59,0.04877,-4e-05
28.395667,749.787,1399.32,0.04807,-8e-05
28.397333,705.928,1395.15,0.04729,-4e-05
28.399,659.98,1388.88,0.04643,-4e-05
28.400667,611.943,1380.53,0.04541,-4e-05
28.402333,563.907,1374.26,0.04428,-4e-05
28.404,507.516,1365.91,0.04292,-4e-05
28.405667,457.391,1355.46,0.04144,0
28.407333,403.089,1342.93,0.03957,0
28.409,346.698,1334.58,0.03754,4e-05
28.410667,286.13,1324.14,0.03524,0
28.412333,229.74,1313.69,0.03282,4e-05
28.414,171.261,1296.99,0.02998,8e-05
28.415667,110.693,1288.63,0.0267,8e-05
28.417333,52.2136,1282.37,0.02308,8e-05
28.419,-6.26563,1278.19,0.01937,8e-05
28.420667,-68.9219,1274.01,0.01528,8e-05
28.422333,-127.401,1274.01,0.01103,0.00012
28.424,-185.88,1274.01,0.00655,0.00012
28.425667,-244.36,1290.72,0.00191,0.00015
28.427333,-304.927,1305.34,-0.003,0.00015
28.429,-367.584,1305.34,-0.00776,0.00012
28.4305,-426.063,1311.61,-0.01244,0.00012
28.432167,-484.542,1324.14,-0.017,0.00012
28.433833,-543.021,1338.76,-0.02132,8e-05
28.4355,-599.412,1353.38,-0.02522,8e-05
28.437167,-653.714,1368,-0.02869,8e-05
28.438833,-703.839,1382.62,-0.03181,8e-05
28.4405,-747.699,1388.88,-0.03466,8e-05
28.442167,-789.469,1401.41,-0.03727,8e-05
28.443833,-827.063,1418.12,-0.0398,0.00012
28.4455,-864.657,1424.39,-0.04218,4e-05
28.447167,-895.985,1432.74,-0.04428,4e-05
28.448833,-929.402,1441.09,-0.04596,0
28.4505,-954.464,1449.45,-0.04725,0
28.452167,-977.438,1453.63,-0.04838,0
28.453833,-992.058,1455.71,-0.04916,-4e-05
28.4555,-1006.68,1457.8,-0.0499,-4e-05
28.457167,-1010.86,1461.98,-0.05044,0
28.458833,-1019.21,1459.89,-0.05083,0
28.4605,-1019.21,1459.89,-0.05103,0.00012
28.462167,-1012.94,1457.8,-0.05115,0
28.463833,-1006.68,1455.71,-0.05115,0
28.4655,-996.235,1455.71,-0.05115,-4e-05
28.467167,-981.615,1453.63,-0.05111,0
28.468833,-962.819,1451.54,-0.05095,-4e-05
28.4705,-935.667,1447.36,-0.05079,-4e-05
28.472167,-912.693,1443.18,-0.05048,-4e-05
28.473833,-879.277,1441.09,-0.05009,0
28.4755,-847.949,1434.83,-0.04966,-4e-05
28.477167,-812.443,1430.65,-0.04904,4e-05
28.478833,-772.761,1424.39,-0.04842,-4e-05
28.4805,-730.99,1418.12,-0.04771,0
28.482,-685.042,1411.86,-0.04678,-4e-05
28.483667,-641.183,1403.5,-0.04573,0
28.485333,-588.969,1393.06,-0.0446,0
28.487,-540.933,1386.79,-0.04315,0
28.488667,-486.631,1380.53,-0.04156,0
28.490333,-428.151,1370.08,-0.03976,-4e-05
28.492,-369.672,1363.82,-0.03762,0
28.493667,-315.37,1353.38,-0.03536,0
28.495333,-252.714,1340.84,-0.03278,4e-05
28.497,-194.235,1324.14,-0.0299,4e-05
28.498667,-133.667,1311.61,-0.02682,4e-05
28.500333,-73.099,1299.07,-0.02347,0
28.502,-10.4427,1286.54,-0.01988,8e-05
28.503667,48.0365,1274.01,-0.01598,4e-05
28.505333,108.604,1271.92,-0.01169,4e-05
28.507,167.083,1267.75,-0.00721,4e-05
28.508667,227.651,1253.13,-0.00261,4e-05
28.510333,286.13,1246.86,0.00218,4e-05
28.512,346.698,1244.77,0.00709,0.00015
28.513667,403.089,1259.39,0.01189,8e-05
28.515333,463.657,1271.92,0.01653,8e-05
28.517,522.136,1288.63,0.02078,0.00012
28.518667,578.527,1303.25,0.02471,8e-05
28.520333,628.652,1313.69,0.02818,8e-05
28.522,678.777,1328.31,0.03154,4e-05
28.523667,724.725,1342.93,0.03458,4e-05
28.525333,766.495,1353.38,0.03727,4e-05
28.527,804.089,1365.91,0.03972,0
28.528667,839.594,1384.7,0.04206,8e-05
28.530333,877.188,1390.97,0.04409,-4e-05
28.532,904.339,1401.41,0.04577,-4e-05
28.5335,933.579,1409.77,0.04709,-4e-05
28.535167,952.376,1413.94,0.04807,-4e-05
28.536833,969.084,1418.12,0.04884,-8e-05
28.5385,981.615,1418.12,0.04955,-8e-05
28.540167,992.058,1424.39,0.05013,-8e-05
28.541833,994.147,1424.39,0.05048,-8e-05
28.5435,994.147,1422.3,0.05072,-8e-05
28.545167,994.147,1424.39,0.05087,-4e-05
28.546833,987.881,1424.39,0.05091,-8e-05
28.5485,977.438,1422.3,0.05091,-0.00012
28.550167,958.641,1420.21,0.05087,-8e-05
28.551833,941.933,1418.12,0.05076,-0.00012
28.5535,918.959,1418.12,0.0506,-8e-05
28.555167,895.985,1416.03,0.05037,-8e-05
28.556833,866.746,1413.94,0.05001,-8e-05
28.5585,835.417,1411.86,0.04959,-0.00012
28.560167,802.001,1405.59,0.04908,-8e-05
28.561833,764.407,1399.32,0.04846,4e-05
28.5635,722.636,1397.24,0.04771,-8e-05
28.565167,674.6,1388.88,0.04686,-4e-05
28.566833,628.652,1382.62,0.04592,-4e-05
28.5685,580.615,1376.35,0.04483,0
28.570167,526.313,1365.91,0.04354,-4e-05
28.571833,474.099,1355.46,0.04202,-4e-05
28.5735,419.797,1347.11,0.04031,0
28.575167,365.495,1336.67,0.03836,0
28.576833,304.927,1324.14,0.03614,0
28.5785,248.537,1313.69,0.03376,8e-05
28.580167,190.057,1303.25,0.03111,8e-05
28.581833,131.578,1284.45,0.02795,8e-05
28.5835,73.099,1278.19,0.02444,0.00012
28.585,12.5313,1278.19,0.02074,0.00012
28.586667,-48.0365,1271.92,0.01672,4e-05
28.588333,-106.516,1269.83,0.01255,4e-05
28.59,-167.083,1271.92,0.00807,0.00012
28.591667,-227.651,1278.19,0.00351,0.00012
28.593333,-286.13,1296.99,-0.00133,0.00012
28.595,-346.698,1303.25,-0.0062,0.00012
28.596667,-407.266,1309.52,-0.01095,0.00012
28.598333,-463.657,1315.78,-0.01555,0.00012
28.6,-524.224,1330.4,-0.01996,8e-05
28.601667,-580.615,1345.02,-0.02401,8e-05
28.603333,-637.006,1361.73,-0.02768,8e-05
28.605,-685.042,1374.26,-0.03087,8e-05
28.606667,-735.167,1386.79,-0.03384,4e-05
28.608333,-776.938,1399.32,-0.03649,8e-05
28.61,-814.532,1411.86,-0.03906,4e-05
28.611667,-850.037,1418.12,-0.04156,4e-05
28.613333,-887.631,1428.56,-0.04374,0.00012
28.615,-918.959,1439.01,-0.04561,4e-05
28.616667,-946.11,1447.36,-0.04705,4e-05
28.618333,-969.084,1449.45,-0.04822,0
28.62,-987.881,1453.63,-0.04912,-4e-05
28.621667,-1000.41,1457.8,-0.04986,0
28.623333,-1012.94,1455.71,-0.0504,-4e-05
28.625,-1019.21,1455.71,-0.05087,-4e-05
28.626667,-1019.21,1457.8,-0.05111,-4e-05
28.628333,-1019.21,1459.89,-0.0513,-8e-05
28.63,-1008.77,1455.71,-0.0513,4e-05
28.631667,-1000.41,1451.54,-0.05134,-4e-05
28.633333,-985.792,1453.63,-0.0513,0
28.634833,-969.084,1449.45,-0.05122,0
28.6365,-944.022,1447.36,-0.05099,0
28.638167,-921.048,1443.18,-0.05079,-4e-05
28.639833,-893.897,1439.01,-0.05044,0
28.6415,-860.48,1434.83,-0.04998,-4e-05
28.643167,-824.975,1428.56,-0.04943,0
28.644833,-785.292,1424.39,-0.04881,-4e-05
28.6465,-745.61,1418.12,-0.04807,8e-05
28.648167,-701.751,1409.77,-0.04725,-4e-05
28.649833,-653.714,1403.5,-0.04627,-4e-05
28.6515,-605.678,1393.06,-0.04506,-4e-05
28.653167,-555.553,1386.79,-0.04378,0
28.654833,-501.25,1380.53,-0.04222,4e-05
28.6565,-444.86,1372.17,-0.0405,-4e-05
28.658167,-392.646,1361.73,-0.03851,-4e-05
28.659833,-332.078,1353.38,-0.03621,0
28.6615,-271.511,1342.93,-0.03368,4e-05
28.663167,-215.12,1324.14,-0.03095,0.00012
28.664833,-154.552,1313.69,-0.02787,4e-05
28.6665,-91.8959,1303.25,-0.02464,4e-05
28.668167,-31.3282,1288.63,-0.02109,8e-05
28.669833,27.1511,1276.1,-0.01731,8e-05
28.6715,87.7188,1271.92,-0.0131,8e-05
28.673167,146.198,1265.66,-0.00869,8e-05
28.674833,208.854,1255.21,-0.00409,4e-05
28.6765,267.334,1242.68,0.00058,8e-05
28.678167,325.813,1240.59,0.0055,8e-05
28.679833,384.292,1248.95,0.01033,0.00012
28.6815,444.86,1265.66,0.01509,0.00012
28.683167,501.25,1278.19,0.01953,0.00012
28.684833,559.73,1290.72,0.02358,0.00012
28.686333,611.943,1307.43,0.02725,8e-05
28.688,664.157,1322.05,0.03056,8e-05
28.689667,708.016,1334.58,0.03372,4e-05
28.691333,753.964,1347.11,0.0366,4e-05
28.693,793.647,1361.73,0.0391,0
28.694667,831.24,1376.35,0.04148,0
28.696333,864.657,1384.7,0.04358,0
28.698,895.985,1397.24,0.04534,0
28.699667,925.225,1405.59,0.04682,-4e-05
28.701333,948.199,1411.86,0.04791,-4e-05
28.703,964.907,1411.86,0.04881,-4e-05
28.704667,977.438,1416.03,0.04947,-8e-05
28.706333,989.97,1422.3,0.05005,-8e-05
28.708,994.147,1422.3,0.05052,-8e-05
28.709667,996.235,1420.21,0.05076,-0.00012
28.711333,994.147,1420.21,0.05103,-8e-05
28.713,989.97,1420.21,0.05107,-8e-05
28.714667,981.615,1420.21,0.05099,-4e-05
28.716333,966.996,1420.21,0.05099,-8e-05
28.718,948.199,1420.21,0.05095,-8e-05
28.719667,927.313,1416.03,0.05072,-8e-05
28.721333,904.339,1411.86,0.05052,-8e-05
28.723,875.1,1411.86,0.05025,-0.00012
28.724667,843.772,1405.59,0.04994,-8e-05
28.726333,810.355,1403.5,0.04935,-8e-05
28.728,774.85,1401.41,0.04881,-4e-05
28.729667,735.167,1395.15,0.04814,-4e-05
28.731333,689.219,1388.88,0.04725,4e-05
28.733,643.271,1380.53,0.04639,-8e-05
28.734667,593.146,1374.26,0.0453,-4e-05
28.736333,547.198,1365.91,0.04405,-4e-05
28.737833,492.896,1357.55,0.04265,-4e-05
28.7395,438.594,1349.2,0.04109,4e-05
28.741167,382.203,1336.67,0.03918,0
28.742833,325.813,1324.14,0.03699,0
28.7445,265.245,1313.69,0.03469,4e-05
28.746167,208.854,1303.25,0.0322,4e-05
28.747833,152.464,1290.72,0.02916,0.00015
28.7495,93.9845,1280.28,0.02573,8e-05
28.751167,33.4167,1276.1,0.0221,8e-05
28.752833,-27.1511,1269.83,0.01817,8e-05
28.7545,-85.6303,1269.83,0.01399,8e-05
28.756167,-148.287,1269.83,0.00963,8e-05
28.757833,-206.766,1271.92,0.00507,8e-05
28.7595,-265.245,1290.72,0.00031,0.00012
28.761167,-327.901,1299.07,-0.00464,0.00012
28.762833,-388.469,1303.25,-0.00936,8e-05
28.7645,-444.86,1311.61,-0.01411,0.00015
28.766167,-505.428,1322.05,-0.01856,8e-05
28.767833,-561.818,1340.84,-0.02277,8e-05
28.7695,-620.297,1353.38,-0.02659,8e-05
28.771167,-670.422,1365.91,-0.02998,8e-05
28.772833,-718.459,1380.53,-0.03298,8e-05
28.7745,-764.407,1390.97,-0.03579,8e-05
28.776167,-802.001,1401.41,-0.0384,4e-05
28.777833,-839.594,1413.94,-0.04085,4e-05
28.7795,-875.1,1424.39,-0.04319,0
28.781167,-908.516,1430.65,-0.04514,4e-05
28.782833,-937.756,1439.01,-0.04674,4e-05
28.7845,-960.73,1443.18,-0.04799,0
28.786167,-981.615,1449.45,-0.04892,0
28.787833,-996.235,1449.45,-0.04974,-4e-05
28.789333,-1006.68,1455.71,-0.05037,0
28.791,-1015.03,1455.71,-0.05087,0
28.792667,-1019.21,1455.71,-0.05118,0
28.794333,-1017.12,1451.54,-0.05134,-4e-05
28.796,-1012.94,1453.63,-0.05146,-4e-05
28.797667,-1004.59,1449.45,-0.05146,-4e-05
28.799333,-992.058,1449.45,-0.05142,-4e-05
28.801,-973.261,1447.36,-0.05134,-4e-05
28.802667,-952.376,1445.27,-0.05122,-4e-05
28.804333,-929.402,1443.18,-0.05099,-4e-05
28.806,-902.251,1436.92,-0.05064,-4e-05
28.807667,-870.923,1434.83,-0.05033,-4e-05
28.809333,-835.417,1428.56,-0.04978,-4e-05
28.811,-802.001,1424.39,-0.04916,-4e-05
28.812667,-760.23,1416.03,-0.04846,0
28.814333,-716.37,1409.77,-0.04768,-4e-05
28.816,-672.511,1403.5,-0.0467,4e-05
28.817667,-624.474,1395.15,-0.04561,-4e-05
28.819333,-570.172,1384.7,-0.04436,0
28.821,-520.047,1378.44,-0.04296,0
28.822667,-465.745,1374.26,-0.04124,0
28.824333,-409.355,1365.91,-0.03933,0
28.826,-350.875,1349.2,-0.03715,0
28.827667,-294.485,1338.76,-0.03481,-4e-05
28.829333,-231.828,1328.31,-0.032,4e-05
28.831,-173.349,1313.69,-0.02904,4e-05
28.832667,-112.781,1299.07,-0.02588,0.00012
28.834333,-50.125,1288.63,-0.02245,4e-05
28.836,10.4427,1280.28,-0.01863,8e-05
28.837667,68.9219,1269.83,-0.0147,4e-05
28.839167,125.313,1261.48,-0.01033,4e-05
28.840833,190.057,1257.3,-0.00577,8e-05
28.8425,248.537,1244.77,-0.00101,8e-05
28.844167,304.927,1236.42,0.00382,0.00012
28.845833,365.495,1240.59,0.00873,0.00012
28.8475,423.974,1259.39,0.01357,0.00012
28.849167,482.454,1271.92,0.01813,0.00019
28.850833,540.933,1284.45,0.0223,0.00012
28.8525,593.146,1299.07,0.02608,8e-05
28.854167,645.36,1311.61,0.02955,4e-05
28.855833,691.308,1326.23,0.03275,4e-05
28.8575,739.344,1340.84,0.03571,4e-05
28.859167,779.027,1353.38,0.03836,4e-05
28.860833,816.62,1365.91,0.04081,0
28.8625,852.126,1378.44,0.04304,4e-05
28.864167,887.631,1390.97,0.04499,0
28.865833,914.782,1399.32,0.04651,0
28.8675,939.845,1401.41,0.04775,-4e-05
28.869167,958.641,1407.68,0.04865,-4e-05
28.870833,975.35,1416.03,0.04943,-8e-05
28.8725,985.792,1416.03,0.04994,-8e-05
28.874167,996.235,1418.12,0.05052,-8e-05
28.875833,998.324,1418.12,0.05083,-8e-05
28.8775,996.235,1418.12,0.05107,-8e-05
28.879167,992.058,1418.12,0.05114,-0.00012
28.880833,983.704,1418.12,0.05114,-8e-05
28.8825,971.173,1413.94,0.05114,-0.00012
28.884167,958.641,1413.94,0.05111,-0.00012
28.885833,935.667,1411.86,0.05095,-8e-05
28.8875,912.693,1411.86,0.05076,-0.00012
28.889167,885.542,1407.68,0.05048,-8e-05
28.890667,856.303,1405.59,0.05013,-8e-05
28.892333,822.886,1403.5,0.04966,-8e-05
28.894,787.381,1395.15,0.04923,-8e-05
28.895667,747.699,1390.97,0.04849,-8e-05
28.897333,705.928,1388.88,0.04771,-8e-05
28.899,657.891,1380.53,0.04678,-8e-05
28.900667,611.943,1372.17,0.0458,0
28.902333,561.818,1365.91,0.04467,-4e-05
28.904,507.516,1357.55,0.04327,-4e-05
28.905667,457.391,1347.11,0.04175,0
28.907333,401,1334.58,0.03996,0
28.909,344.61,1324.14,0.03785,4e-05
28.910667,286.13,1315.78,0.03551,4e-05
28.912333,227.651,1303.25,0.0331,8e-05
28.914,169.172,1290.72,0.03029,8e-05
28.915667,112.781,1278.19,0.02709,8e-05
28.917333,52.2136,1274.01,0.02339,0.00015
28.919,-6.26563,1269.83,0.01957,8e-05
28.920667,-66.8334,1265.66,0.01544,8e-05
28.922333,-125.313,1263.57,0.01115,8e-05
28.924,-187.969,1263.57,0.00659,8e-05
28.925667,-244.36,1284.45,0.00191,0.00012
28.927333,-307.016,1292.81,-0.00304,8e-05
28.929,-367.584,1294.9,-0.00787,8e-05
28.930667,-426.063,1305.34,-0.01263,8e-05
28.932333,-484.542,1317.87,-0.01719,0.00012
28.934,-543.021,1328.31,-0.02152,0.00015
28.935667,-601.501,1342.93,-0.02553,0.00012
28.937333,-653.714,1359.64,-0.029,0.00012
28.939,-703.839,1374.26,-0.03208,8e-05
28.940667,-747.699,1384.7,-0.03501,8e-05
28.942167,-791.558,1393.06,-0.03766,8e-05
28.943833,-827.063,1405.59,-0.04019,8e-05
28.9455,-864.657,1418.12,-0.04261,4e-05
28.947167,-895.985,1426.48,-0.04467,4e-05
28.948833,-929.402,1430.65,-0.04639,4e-05
28.9505,-954.464,1439.01,-0.04775,0.00019
28.952167,-979.527,1445.27,-0.04885,0
28.953833,-994.147,1449.45,-0.04966,-4e-05
28.9555,-1004.59,1447.36,-0.05037,4e-05
28.957167,-1012.94,1451.54,-0.05087,0
28.958833,-1019.21,1453.63,-0.05118,-4e-05
28.9605,-1017.12,1449.45,-0.05146,0
28.962167,-1015.03,1447.36,-0.05161,-4e-05
28.963833,-1006.68,1449.45,-0.05161,0
28.9655,-996.235,1447.36,-0.05157,-4e-05
28.967167,-979.527,1443.18,-0.05157,4e-05
28.968833,-958.641,1439.01,-0.05146,0
28.9705,-937.756,1439.01,-0.05118,-4e-05
28.972167,-910.605,1436.92,-0.05091,-4e-05
28.973833,-881.365,1430.65,-0.0506,-4e-05
28.9755,-847.949,1426.48,-0.05013,0
28.977167,-812.443,1420.21,-0.04959,-4e-05
28.978833,-772.761,1413.94,-0.04888,0
28.9805,-728.902,1405.59,-0.0481,0
28.982167,-685.042,1399.32,-0.04721,-4e-05
28.983833,-637.006,1390.97,-0.04616,0
28.9855,-586.881,1386.79,-0.04499,-4e-05
28.987167,-538.844,1378.44,-0.04358,0
28.988833,-482.454,1370.08,-0.04198,0
28.9905,-430.24,1363.82,-0.04015,-4e-05
28.992167,-369.672,1355.46,-0.03801,0
28.993667,-313.282,1340.84,-0.03571,0
28.995333,-252.714,1328.31,-0.03306,0
28.997,-194.235,1315.78,-0.03017,4e-05
28.998667,-133.667,1301.16,-0.02701,4e-05
29.000333,-73.099,1286.54,-0.02374,4e-05
29.002,-12.5313,1278.19,-0.02,0.00012
29.003667,48.0365,1267.75,-0.0161,4e-05
29.005333,110.693,1261.48,-0.01181,8e-05
29.007,167.083,1257.3,-0.00733,4e-05
29.008667,227.651,1244.77,-0.00261,4e-05
29.010333,286.13,1234.33,0.00214,4e-05
29.012,346.698,1234.33,0.00713,0.00012
29.013667,405.177,1251.04,0.01205,8e-05
29.015333,463.657,1263.57,0.01672,0.00012
29.017,522.136,1276.1,0.02101,0.00012
29.018667,576.438,1292.81,0.02495,0.00019
29.020333,628.652,1305.34,0.02854,0.00012
29.022,678.777,1317.87,0.03185,8e-05
29.023667,724.725,1330.4,0.03489,8e-05
29.025333,766.495,1347.11,0.03766,8e-05
29.027,806.178,1359.64,0.04015,4e-05
29.028667,841.683,1372.17,0.04245,0
29.030333,877.188,1384.7,0.04452,4e-05
29.032,906.428,1395.15,0.04619,0
29.033667,931.49,1399.32,0.04748,-4e-05
29.035333,950.287,1403.5,0.04849,4e-05
29.037,971.173,1409.77,0.04939,-4e-05
29.038667,981.615,1413.94,0.04998,-4e-05
29.040333,989.97,1411.86,0.05052,-4e-05
29.042,996.235,1413.94,0.05091,-8e-05
29.0435,998.324,1413.94,0.05114,-8e-05
29.045167,994.147,1416.03,0.0513,-0.00012
29.046833,985.792,1416.03,0.05134,-8e-05
29.0485,975.35,1411.86,0.0513,-8e-05
29.050167,960.73,1411.86,0.05126,-0.00012
29.051833,941.933,1411.86,0.05118,-8e-05
29.0535,918.959,1405.59,0.05091,-0.00012
29.055167,893.897,1403.5,0.05072,-0.00012
29.056833,866.746,1401.41,0.05044,-8e-05
29.0585,833.329,1399.32,0.04994,-8e-05
29.060167,799.912,1395.15,0.04947,-4e-05
29.061833,762.318,1390.97,0.04888,-8e-05
29.0635,720.547,1386.79,0.04814,-4e-05
29.065167,674.6,1380.53,0.04725,-8e-05
29.066833,626.563,1374.26,0.04627,-4e-05
29.0685,578.527,1365.91,0.04518,-4e-05
29.070167,530.49,1359.64,0.04389,-4e-05
29.071833,476.188,1347.11,0.04245,0
29.0735,419.797,1334.58,0.04066,0
29.075167,363.407,1324.14,0.03867,0
29.076833,302.839,1315.78,0.03645,0
29.0785,246.448,1303.25,0.03411,8e-05
29.080167,187.969,1290.72,0.03138,8e-05
29.081833,131.578,1278.19,0.02826,8e-05
29.0835,75.1876,1269.83,0.02471,8e-05
29.085167,12.5313,1265.66,0.02101,8e-05
29.086833,-50.125,1261.48,0.01692,8e-05
29.0885,-106.516,1259.39,0.01271,8e-05
29.090167,-167.083,1257.3,0.00815,0.00012
29.091833,-227.651,1269.83,0.00351,0.00012
29.0935,-284.042,1286.54,-0.0014,0.00012
29.095,-346.698,1290.72,-0.00624,0.00012
29.096667,-407.266,1296.99,-0.01107,0.00012
29.098333,-463.657,1305.34,-0.01575,0.00012
29.1,-526.313,1319.96,-0.02019,0.00015
29.101667,-580.615,1334.58,-0.02421,0.00012
29.103333,-637.006,1351.29,-0.02795,0.00012
29.105,-687.131,1363.82,-0.03126,8e-05
29.106667,-735.167,1376.35,-0.03419,8e-05
29.108333,-776.938,1386.79,-0.03692,8e-05
29.11,-814.532,1401.41,-0.03953,4e-05
29.111667,-852.126,1411.86,-0.04198,4e-05
29.113333,-887.631,1420.21,-0.04417,4e-05
29.115,-916.871,1428.56,-0.046,4e-05
29.116667,-948.199,1436.92,-0.04748,4e-05
29.118333,-969.084,1439.01,-0.04865,0
29.12,-987.881,1443.18,-0.04955,0.00012
29.121667,-1002.5,1447.36,-0.05037,0
29.123333,-1012.94,1449.45,-0.05087,-4e-05
29.125,-1019.21,1447.36,-0.05134,-8e-05
29.126667,-1019.21,1447.36,-0.05157,0
29.128333,-1019.21,1449.45,-0.05177,0
29.13,-1010.86,1445.27,-0.05177,-4e-05
29.131667,-1000.41,1443.18,-0.05181,0
29.133333,-987.881,1443.18,-0.05177,-4e-05
29.135,-964.907,1439.01,-0.05165,-4e-05
29.136667,-946.11,1436.92,-0.0515,0.00012
29.138333,-918.959,1434.83,-0.05126,-4e-05
29.14,-891.808,1428.56,-0.05087,-4e-05
29.141667,-858.391,1424.39,-0.05044,-4e-05
29.143333,-822.886,1420.21,-0.0499,0
29.145,-787.381,1413.94,-0.04923,-8e-05
29.1465,-743.521,1405.59,-0.04853,-4e-05
29.148167,-701.751,1397.24,-0.04764,-4e-05
29.149833,-653.714,1393.06,-0.04666,-4e-05
29.1515,-605.678,1384.7,-0.04549,-4e-05
29.153167,-555.553,1376.35,-0.04421,0.00012
29.154833,-501.25,1370.08,-0.04269,0
29.1565,-444.86,1365.91,-0.04093,-4e-05
29.158167,-390.558,1351.29,-0.0389,0
29.159833,-334.167,1342.93,-0.03664,0
29.1615,-271.511,1330.4,-0.03415,0
29.163167,-213.031,1317.87,-0.03134,4e-05
29.164833,-154.552,1301.16,-0.02826,4e-05
29.1665,-91.8959,1290.72,-0.02495,8e-05
29.168167,-31.3282,1278.19,-0.02144,4e-05
29.169833,29.2396,1265.66,-0.01762,4e-05
29.1715,87.7188,1259.39,-0.01337,8e-05
29.173167,148.287,1257.3,-0.00885,8e-05
29.174833,208.854,1246.86,-0.00421,4e-05
29.1765,265.245,1228.06,0.00047,8e-05
29.178167,323.724,1228.06,0.00542,0.00012
29.179833,384.292,1242.68,0.01049,8e-05
29.1815,444.86,1257.3,0.01524,0.00012
29.183167,501.25,1267.75,0.01969,0.00012
29.184833,561.818,1284.45,0.02386,0.00012
29.1865,611.943,1296.99,0.02752,8e-05
29.188167,662.068,1309.52,0.03091,0.00012
29.189833,710.105,1324.14,0.03403,4e-05
29.1915,753.964,1338.76,0.03688,4e-05
29.193167,795.735,1349.2,0.03941,4e-05
29.194833,829.152,1361.73,0.04183,0
29.1965,864.657,1378.44,0.04401,0
29.198,895.985,1388.88,0.0458,0
29.199667,925.225,1393.06,0.04721,-4e-05
29.201333,948.199,1401.41,0.04834,-4e-05
29.203,964.907,1405.59,0.04927,-4e-05
29.204667,979.527,1407.68,0.04994,0
29.206333,989.97,1407.68,0.05048,-8e-05
29.208,996.235,1411.86,0.05095,-0.00012
29.209667,1000.41,1413.94,0.05126,-8e-05
29.211333,996.235,1411.86,0.05142,-0.00012
29.213,992.058,1409.77,0.05142,-8e-05
29.214667,979.527,1411.86,0.05142,-8e-05
29.216333,966.996,1409.77,0.05146,-8e-05
29.218,948.199,1405.59,0.05134,-8e-05
29.219667,927.313,1405.59,0.05114,-8e-05
29.221333,902.251,1403.5,0.05095,4e-05
29.223,875.1,1399.32,0.05068,-4e-05
29.224667,843.772,1399.32,0.05033,-0.00012
29.226333,810.355,1393.06,0.04982,-8e-05
29.228,774.85,1388.88,0.04927,-4e-05
29.229667,735.167,1382.62,0.04857,-8e-05
29.231333,687.131,1376.35,0.0476,-8e-05
29.233,643.271,1368,0.04674,-8e-05
29.234667,593.146,1363.82,0.04573,-8e-05
29.236333,545.11,1355.46,0.04448,-4e-05
29.238,492.896,1349.2,0.04304,4e-05
29.239667,438.594,1336.67,0.04144,0
29.241333,384.292,1326.23,0.03949,0
29.243,323.724,1317.87,0.03735,4e-05
29.244667,267.334,1303.25,0.03505,4e-05
29.246333,208.854,1290.72,0.03251,8e-05
29.248,152.464,1280.28,0.02947,8e-05
29.2495,91.8959,1267.75,0.02604,8e-05
29.251167,33.4167,1263.57,0.02238,8e-05
29.252833,-27.1511,1259.39,0.01832,8e-05
29.2545,-87.7188,1257.3,0.01419,0.00015
29.256167,-148.287,1253.13,0.00978,8e-05
29.257833,-206.766,1259.39,0.00515,0.00012
29.2595,-265.245,1280.28,0.00023,0.00012
29.261167,-327.901,1282.37,-0.00468,0.00012
29.262833,-388.469,1290.72,-0.00955,0.00012
29.2645,-444.86,1299.07,-0.01427,0.00012
29.266167,-505.428,1311.61,-0.01887,0.00012
29.267833,-561.818,1322.05,-0.02304,0.00012
29.2695,-620.297,1340.84,-0.02694,0.00012
29.271167,-672.511,1355.46,-0.03033,8e-05
29.272833,-718.459,1365.91,-0.03341,8e-05
29.2745,-764.407,1378.44,-0.03621,8e-05
29.276167,-804.089,1390.97,-0.03883,8e-05
29.277833,-839.594,1401.41,-0.04132,4e-05
29.2795,-877.188,1411.86,-0.04362,4e-05
29.281167,-908.516,1420.21,-0.04561,4e-05
29.282833,-937.756,1430.65,-0.04717,0
29.2845,-962.819,1436.92,-0.04846,0
29.286167,-981.615,1436.92,-0.04947,0
29.287833,-998.324,1441.09,-0.05025,0
29.2895,-1010.86,1443.18,-0.05091,0
29.291167,-1012.94,1441.09,-0.05134,0
29.292833,-1019.21,1443.18,-0.05165,-4e-05
29.2945,-1017.12,1443.18,-0.05185,-4e-05
29.296167,-1010.86,1443.18,-0.05196,-4e-05
29.297833,-1002.5,1436.92,-0.052,-4e-05
29.299333,-992.058,1439.01,-0.05196,-4e-05
29.301,-971.173,1436.92,-0.05189,0
29.302667,-954.464,1432.74,-0.05173,-4e-05
29.304333,-929.402,1430.65,-0.0515,-4e-05
29.306,-902.251,1428.56,-0.05118,8e-05
29.307667,-870.923,1422.3,-0.05079,-4e-05
29.309333,-837.506,1416.03,-0.05029,0
29.311,-799.912,1409.77,-0.04966,-4e-05
29.312667,-758.141,1403.5,-0.04892,-4e-05
29.314333,-716.37,1397.24,-0.04814,0
29.316,-670.422,1390.97,-0.04721,0
29.317667,-622.386,1382.62,-0.04612,-4e-05
29.319333,-570.172,1376.35,-0.04483,0
29.321,-520.047,1370.08,-0.04339,0
29.322667,-463.657,1361.73,-0.04167,0.00012
29.324333,-409.355,1349.2,-0.03972,0
29.326,-350.875,1342.93,-0.03754,0
29.327667,-292.396,1330.4,-0.03516,4e-05
29.329333,-233.917,1313.69,-0.03239,4e-05
29.331,-173.349,1299.07,-0.02939,0
29.332667,-110.693,1290.72,-0.02616,4e-05
29.334333,-52.2136,1276.1,-0.02273,4e-05
29.336,10.4427,1263.57,-0.01895,4e-05
29.337667,68.9219,1253.13,-0.01489,4e-05
29.339333,129.49,1253.13,-0.01045,0.00015
29.341,187.969,1244.77,-0.00585,4e-05
29.342667,248.537,1228.06,-0.00113,4e-05
29.344333,307.016,1225.97,0.00374,8e-05
29.346,365.495,1228.06,0.00881,0.00012
29.347667,423.974,1244.77,0.01372,0.00012
29.349333,482.454,1259.39,0.01824,8e-05
29.350833,540.933,1274.01,0.02253,8e-05
29.3525,595.235,1290.72,0.02631,0.00012
29.354167,645.36,1301.16,0.02982,8e-05
29.355833,691.308,1313.69,0.0331,8e-05
29.3575,739.344,1328.31,0.0361,4e-05
29.359167,779.027,1342.93,0.03871,4e-05
29.360833,818.709,1353.38,0.04113,0
29.3625,852.126,1365.91,0.04339,-4e-05
29.364167,885.542,1378.44,0.04541,-4e-05
29.365833,914.782,1386.79,0.0469,-4e-05
29.3675,939.845,1393.06,0.0481,-4e-05
29.369167,958.641,1399.32,0.049,-8e-05
29.370833,975.35,1401.41,0.04974,-8e-05
29.3725,985.792,1403.5,0.05044,-8e-05
29.374167,994.147,1405.59,0.05095,-8e-05
29.375833,996.235,1405.59,0.0513,-0.00012
29.3775,996.235,1405.59,0.05146,-0.00012
29.379167,989.97,1407.68,0.05161,-0.00012
29.380833,983.704,1405.59,0.05161,-8e-05
29.3825,971.173,1403.5,0.05157,-0.00012
29.384167,956.553,1403.5,0.05153,-0.00012
29.385833,933.579,1403.5,0.05138,-8e-05
29.3875,912.693,1399.32,0.05114,-4e-05
29.389167,885.542,1399.32,0.05091,-0.00012
29.390833,854.214,1395.15,0.05052,-4e-05
29.3925,822.886,1390.97,0.05009,-0.00012
29.394167,787.381,1384.7,0.04947,-4e-05
29.395833,747.699,1380.53,0.04884,-4e-05
29.3975,703.839,1376.35,0.0481,-4e-05
29.399167,657.891,1368,0.04725,-4e-05
29.400833,609.855,1363.82,0.04619,-8e-05
29.402333,561.818,1353.38,0.04506,-4e-05
29.404,509.605,1347.11,0.04366,-4e-05
29.405667,457.391,1332.49,0.04214,0
29.407333,401,1324.14,0.04031,0
29.409,342.521,1315.78,0.03816,4e-05
29.410667,284.042,1301.16,0.0359,4e-05
29.412333,227.651,1290.72,0.03349,4e-05
29.414,167.083,1278.19,0.03064,8e-05
29.415667,112.781,1265.66,0.0274,8e-05
29.417333,52.2136,1259.39,0.0237,8e-05
29.419,-6.26563,1255.21,0.01988,8e-05
29.420667,-66.8334,1251.04,0.01571,8e-05
29.422333,-127.401,1248.95,0.01138,8e-05
29.424,-187.969,1251.04,0.00674,0.00015
29.425667,-242.271,1265.66,0.00203,8e-05
29.427333,-304.927,1278.19,-0.003,0.00012
29.429,-365.495,1282.37,-0.00787,8e-05
29.430667,-426.063,1290.72,-0.01271,8e-05
29.432333,-482.454,1303.25,-0.01739,0.00012
29.434,-543.021,1315.78,-0.02175,8e-05
29.435667,-599.412,1330.4,-0.02573,8e-05
29.437333,-655.803,1342.93,-0.02931,0.00012
29.439,-703.839,1355.46,-0.03255,8e-05
29.440667,-747.699,1372.17,-0.0354,0.00019
29.442333,-791.558,1384.7,-0.03809,8e-05
29.444,-827.063,1393.06,-0.04066,4e-05
29.445667,-864.657,1403.5,-0.04304,4e-05
29.447333,-900.162,1413.94,-0.04518,4e-05
29.449,-931.49,1424.39,-0.04693,0
29.450667,-956.553,1430.65,-0.04822,4e-05
29.452333,-977.438,1432.74,-0.04939,0
29.453833,-994.147,1436.92,-0.05017,0
29.4555,-1006.68,1436.92,-0.05091,0
29.457167,-1012.94,1439.01,-0.05142,0
29.458833,-1019.21,1436.92,-0.05177,-4e-05
29.4605,-1019.21,1439.01,-0.052,0
29.462167,-1017.12,1439.01,-0.05212,-4e-05
29.463833,-1006.68,1436.92,-0.05212,0
29.4655,-996.235,1434.83,-0.05216,-4e-05
29.467167,-979.527,1432.74,-0.05208,-4e-05
29.468833,-960.73,1430.65,-0.05196,-4e-05
29.4705,-935.667,1430.65,-0.05173,0
29.472167,-908.516,1424.39,-0.0515,-4e-05
29.473833,-879.277,1420.21,-0.05111,-4e-05
29.4755,-845.86,1418.12,-0.0506,-4e-05
29.477167,-810.355,1407.68,-0.05001,0
29.478833,-772.761,1401.41,-0.04935,0
29.4805,-730.99,1397.24,-0.04857,-4e-05
29.482167,-685.042,1390.97,-0.04768,-4e-05
29.483833,-637.006,1380.53,-0.04666,-4e-05
29.4855,-588.969,1372.17,-0.04549,-4e-05
29.487167,-536.756,1368,-0.04405,0
29.488833,-482.454,1359.64,-0.04245,0
29.4905,-428.151,1349.2,-0.04058,-4e-05
29.492167,-369.672,1342.93,-0.03844,8e-05
29.493833,-313.282,1330.4,-0.03614,0
29.4955,-252.714,1315.78,-0.03345,0
29.497167,-194.235,1303.25,-0.0306,4e-05
29.498833,-131.578,1286.54,-0.02737,4e-05
29.5005,-71.0105,1276.1,-0.02401,0
29.502167,-10.4427,1263.57,-0.02031,0
29.503667,48.0365,1253.13,-0.01637,4e-05
29.505333,106.516,1248.95,-0.01201,4e-05
29.507,167.083,1240.59,-0.00745,0
29.508667,229.74,1228.06,-0.00273,0.00015
29.510333,286.13,1221.8,0.00214,8e-05
29.512,344.61,1217.62,0.00717,0.00012
29.513667,403.089,1234.33,0.01208,8e-05
29.515333,463.657,1251.04,0.01684,8e-05
29.517,522.136,1265.66,0.02125,8e-05
29.518667,580.615,1278.19,0.02522,8e-05
29.520333,630.74,1290.72,0.02881,4e-05
29.522,676.688,1307.43,0.0322,4e-05
29.523667,724.725,1322.05,0.03532,0
29.525333,770.673,1334.58,0.03801,0.00015
29.527,806.178,1347.11,0.0405,0
29.528667,841.683,1361.73,0.04288,0
29.530333,877.188,1372.17,0.04495,-4e-05
29.532,906.428,1378.44,0.04655,-4e-05
29.533667,933.579,1388.88,0.04791,-4e-05
29.535333,952.376,1390.97,0.04896,-4e-05
29.537,969.084,1395.15,0.04982,-8e-05
29.538667,983.704,1401.41,0.05048,-4e-05
29.540333,992.058,1403.5,0.05095,-8e-05
29.542,996.235,1401.41,0.0513,0
29.543667,998.324,1403.5,0.05161,-0.00012
29.545333,992.058,1403.5,0.05169,-8e-05
29.547,983.704,1401.41,0.05177,-8e-05
29.548667,975.35,1397.24,0.05177,-8e-05
29.550333,958.641,1399.32,0.05173,-0.00012
29.552,939.845,1397.24,0.05161,-0.00012
29.553667,918.959,1395.15,0.05138,-0.00012
29.555167,891.808,1393.06,0.05118,-0.00012
29.556833,866.746,1393.06,0.05087,-0.00012
29.5585,835.417,1386.79,0.05044,-8e-05
29.560167,797.824,1382.62,0.04994,-8e-05
29.561833,760.23,1378.44,0.04931,-0.00012
29.5635,722.636,1374.26,0.04857,-0.00012
29.565167,672.511,1365.91,0.04764,-8e-05
29.566833,628.652,1361.73,0.0467,-4e-05
29.5685,576.438,1351.29,0.04561,-4e-05
29.570167,528.401,1342.93,0.04432,-8e-05
29.571833,474.099,1336.67,0.04284,-4e-05
29.5735,419.797,1326.23,0.04109,0
29.575167,365.495,1313.69,0.0391,0
29.576833,302.839,1303.25,0.03684,0
29.5785,246.448,1290.72,0.03446,4e-05
29.580167,187.969,1278.19,0.03173,4e-05
29.581833,131.578,1263.57,0.02861,4e-05
29.5835,73.099,1257.3,0.02499,4e-05
29.585167,12.5313,1255.21,0.02121,8e-05
29.586833,-48.0365,1246.86,0.01707,8e-05
29.5885,-108.604,1242.68,0.01286,4e-05
29.590167,-167.083,1246.86,0.0083,8e-05
29.591833,-227.651,1261.48,0.00359,8e-05
29.5935,-286.13,1274.01,-0.00136,0.00015
29.595167,-344.61,1278.19,-0.00632,8e-05
29.596833,-407.266,1284.45,-0.01115,0.00012
29.5985,-463.657,1290.72,-0.0159,0.00012
29.600167,-524.224,1307.43,-0.02043,0.00012
29.601833,-580.615,1322.05,-0.02452,8e-05
29.6035,-637.006,1334.58,-0.02818,0.00012
29.605167,-687.131,1349.2,-0.0315,4e-05
29.606667,-735.167,1363.82,-0.03458,4e-05
29.608333,-776.938,1374.26,-0.03727,4e-05
29.61,-814.532,1384.7,-0.03992,0.00015
29.611667,-852.126,1399.32,-0.04237,4e-05
29.613333,-885.542,1405.59,-0.04463,4e-05
29.615,-918.959,1416.03,-0.04647,4e-05
29.616667,-946.11,1424.39,-0.04795,0
29.618333,-969.084,1428.56,-0.04912,0
29.62,-987.881,1430.65,-0.05005,0
29.621667,-1002.5,1430.65,-0.05076,0
29.623333,-1010.86,1436.92,-0.05138,0
29.625,-1019.21,1434.83,-0.05181,0
29.626667,-1019.21,1436.92,-0.05208,0.00012
29.628333,-1019.21,1434.83,-0.05224,-4e-05
29.63,-1010.86,1430.65,-0.05228,-4e-05
29.631667,-1000.41,1430.65,-0.05228,0
29.633333,-985.792,1428.56,-0.0522,-4e-05
29.635,-969.084,1426.48,-0.05216,0
29.636667,-944.022,1424.39,-0.05196,-4e-05
29.638333,-921.048,1420.21,-0.05169,-4e-05
29.64,-891.808,1418.12,-0.05138,-4e-05
29.641667,-860.48,1409.77,-0.05095,-4e-05
29.643333,-824.975,1405.59,-0.05037,4e-05
29.645,-785.292,1401.41,-0.0497,-4e-05
29.646667,-745.61,1393.06,-0.04896,-4e-05
29.648333,-699.662,1386.79,-0.04814,-4e-05
29.65,-653.714,1380.53,-0.04713,0
29.651667,-605.678,1372.17,-0.04596,-4e-05
29.653333,-553.464,1363.82,-0.04467,-4e-05
29.655,-501.25,1357.55,-0.04311,0
29.6565,-444.86,1349.2,-0.04128,0
29.658167,-388.469,1338.76,-0.03929,0
29.659833,-332.078,1328.31,-0.03699,-4e-05
29.6615,-271.511,1315.78,-0.0345,0
29.663167,-213.031,1305.34,-0.03177,0
29.664833,-152.464,1284.45,-0.02857,4e-05
29.6665,-91.8959,1274.01,-0.02526,8e-05
29.668167,-31.3282,1265.66,-0.02156,4e-05
29.669833,29.2396,1251.04,-0.0177,4e-05
29.6715,87.7188,1240.59,-0.01357,4e-05
29.673167,148.287,1240.59,-0.00893,4e-05
29.674833,208.854,1232.24,-0.00425,4e-05
29.6765,265.245,1215.53,0.00055,8e-05
29.678167,327.901,1213.44,0.0055,8e-05
29.679833,384.292,1228.06,0.01056,0.00012
29.6815,444.86,1240.59,0.0154,0.00012
29.683167,501.25,1255.21,0.01988,8e-05
29.684833,561.818,1271.92,0.02409,8e-05
29.6865,611.943,1286.54,0.02776,8e-05
29.688167,662.068,1294.9,0.03122,4e-05
29.689833,710.105,1313.69,0.03442,4e-05
29.6915,753.964,1328.31,0.03727,4e-05
29.693167,793.647,1336.67,0.03976,-4e-05
29.694833,831.24,1353.38,0.04222,8e-05
29.6965,864.657,1365.91,0.0444,-4e-05
29.698167,898.074,1378.44,0.04627,-4e-05
29.699833,925.225,1380.53,0.04764,-8e-05
29.7015,946.11,1386.79,0.04877,-4e-05
29.703167,964.907,1390.97,0.04974,-8e-05
29.704833,979.527,1393.06,0.0504,-4e-05
29.7065,987.881,1393.06,0.05095,-8e-05
29.708,996.235,1399.32,0.05142,-8e-05
29.709667,998.324,1401.41,0.05173,-8e-05
29.711333,994.147,1397.24,0.05181,0
29.713,992.058,1397.24,0.05192,-8e-05
29.714667,979.527,1399.32,0.05192,-0.00012
29.716333,966.996,1397.24,0.05189,-0.00015
29.718,946.11,1390.97,0.05177,-0.00012
29.719667,927.313,1395.15,0.05165,-0.00012
29.721333,902.251,1390.97,0.05142,-8e-05
29.723,875.1,1384.7,0.05111,-8e-05
29.724667,845.86,1384.7,0.05079,-8e-05
29.726333,810.355,1382.62,0.05033,-0.00012
29.728,772.761,1378.44,0.04974,-4e-05
29.729667,735.167,1370.08,0.04896,-8e-05
29.731333,687.131,1365.91,0.04807,-8e-05
29.733,641.183,1359.64,0.04717,-0.00012
29.734667,591.058,1351.29,0.04612,-8e-05
29.736333,543.021,1342.93,0.04487,-8e-05
29.738,492.896,1332.49,0.0435,-4e-05
29.739667,438.594,1324.14,0.04191,0
29.741333,382.203,1311.61,0.03992,-4e-05
29.743,321.636,1303.25,0.03773,4e-05
29.744667,265.245,1290.72,0.03544,8e-05
29.746333,208.854,1278.19,0.03282,4e-05
29.748,150.375,1267.75,0.02978,4e-05
29.749667,93.9845,1255.21,0.02635,4e-05
29.751333,33.4167,1251.04,0.02261,8e-05
29.753,-27.1511,1242.68,0.01863,8e-05
29.754667,-87.7188,1240.59,0.01435,8e-05
29.756333,-148.287,1240.59,0.00994,8e-05
29.758,-206.766,1244.77,0.00518,0.00012
29.7595,-265.245,1265.66,0.00031,0.00012
29.761167,-327.901,1274.01,-0.00468,0.00012
29.762833,-386.381,1278.19,-0.00959,8e-05
29.7645,-444.86,1286.54,-0.01438,8e-05
29.766167,-503.339,1299.07,-0.01898,8e-05
29.767833,-563.907,1313.69,-0.02331,8e-05
29.7695,-622.386,1326.23,-0.02717,0.00012
29.771167,-670.422,1340.84,-0.0306,0.00012
29.772833,-720.547,1353.38,-0.03376,8e-05
29.7745,-762.318,1365.91,-0.03657,4e-05
29.776167,-804.089,1376.35,-0.03922,4e-05
29.777833,-839.594,1390.97,-0.04171,4e-05
29.7795,-877.188,1399.32,-0.04409,8e-05
29.781167,-908.516,1409.77,-0.04608,0
29.782833,-939.845,1418.12,-0.04764,0
29.7845,-962.819,1424.39,-0.04896,0
29.786167,-983.704,1424.39,-0.04994,0
29.787833,-996.235,1428.56,-0.05072,0
29.7895,-1008.77,1432.74,-0.05134,-4e-05
29.791167,-1015.03,1430.65,-0.05185,-4e-05
29.792833,-1019.21,1428.56,-0.05212,-4e-05
29.7945,-1017.12,1430.65,-0.05235,-4e-05
29.796167,-1012.94,1432.74,-0.05243,4e-05
29.797833,-1002.5,1428.56,-0.05247,-4e-05
29.7995,-989.97,1426.48,-0.05239,-4e-05
29.801167,-975.35,1424.39,-0.05235,-8e-05
29.802833,-952.376,1422.3,-0.05216,-8e-05
29.8045,-927.313,1418.12,-0.05196,-4e-05
29.806167,-898.074,1416.03,-0.05161,0
29.807833,-870.923,1411.86,-0.05122,-4e-05
29.8095,-837.506,1405.59,-0.05076,-4e-05
29.811,-797.824,1397.24,-0.05013,-4e-05
29.812667,-760.23,1395.15,-0.04939,4e-05
29.814333,-716.37,1382.62,-0.04857,-4e-05
29.816,-670.422,1380.53,-0.0476,0
29.817667,-622.386,1374.26,-0.04651,-4e-05
29.819333,-572.261,1361.73,-0.04526,-4e-05
29.821,-520.047,1355.46,-0.04382,0
29.822667,-463.657,1351.29,-0.04206,0
29.824333,-407.266,1338.76,-0.04015,-4e-05
29.826,-350.875,1328.31,-0.03793,4e-05
29.827667,-292.396,1317.87,-0.03555,0
29.829333,-229.74,1305.34,-0.03275,0.00012
29.831,-173.349,1288.63,-0.02978,0
29.832667,-110.693,1271.92,-0.02647,0
29.834333,-50.125,1263.57,-0.02292,4e-05
29.836,10.4427,1255.21,-0.0191,0
29.837667,68.9219,1238.51,-0.01505,4e-05
29.839333,129.49,1234.33,-0.0106,0
29.841,190.057,1232.24,-0.00593,4e-05
29.842667,248.537,1215.53,-0.00117,8e-05
29.844333,309.104,1209.27,0.00382,8e-05
29.846,365.495,1215.53,0.00893,0.00015
29.847667,423.974,1232.24,0.01384,0.00012
29.849333,484.542,1246.86,0.01852,8e-05
29.851,540.933,1263.57,0.02284,8e-05
29.852667,595.235,1276.1,0.02666,8e-05
29.854333,647.448,1288.63,0.03017,8e-05
29.856,693.396,1303.25,0.03349,8e-05
29.857667,741.433,1319.96,0.03657,4e-05
29.859333,781.115,1330.4,0.03914,4e-05
29.860833,816.62,1342.93,0.04159,-4e-05
29.8625,854.214,1361.73,0.04386,-4e-05
29.864167,887.631,1368,0.04584,-4e-05
29.865833,914.782,1374.26,0.04732,-8e-05
29.8675,939.845,1382.62,0.04853,-4e-05
29.869167,958.641,1388.88,0.04951,-4e-05
29.870833,975.35,1390.97,0.05029,-8e-05
29.8725,983.704,1390.97,0.05087,-8e-05
29.874167,994.147,1395.15,0.05142,-8e-05
29.875833,996.235,1395.15,0.05173,-0.00012
29.8775,996.235,1393.06,0.05192,-8e-05
29.879167,989.97,1393.06,0.05204,-0.00012
29.880833,983.704,1397.24,0.05212,-4e-05
29.8825,971.173,1390.97,0.05204,-0.00012
29.884167,956.553,1388.88,0.05196,-0.00012
29.885833,933.579,1393.06,0.05181,-8e-05
29.8875,910.605,1386.79,0.05161,-0.00012
29.889167,883.454,1386.79,0.05138,-0.00012
29.890833,854.214,1384.7,0.05107,-8e-05
29.8925,822.886,1380.53,0.0506,-0.00012
29.894167,785.292,1372.17,0.05001,-8e-05
29.895833,747.699,1370.08,0.04939,-0.00012
29.8975,703.839,1368,0.04849,0
29.899167,657.891,1355.46,0.0476,-8e-05
29.900833,609.855,1351.29,0.04662,-8e-05
29.9025,559.73,1342.93,0.04545,-8e-05
29.904167,507.516,1334.58,0.04405,-4e-05
29.905833,455.302,1322.05,0.04253,-4e-05
29.9075,401,1313.69,0.04066,-4e-05
29.909167,342.521,1303.25,0.03859,0
29.910833,284.042,1286.54,0.03629,4e-05
29.912333,225.563,1278.19,0.03388,4e-05
29.914,167.083,1265.66,0.03099,0.00012
29.915667,112.781,1251.04,0.02764,8e-05
29.917333,52.2136,1246.86,0.02394,8e-05
29.919,-8.35417,1242.68,0.02,8e-05
29.920667,-66.8334,1238.51,0.01583,8e-05
29.922333,-129.49,1234.33,0.0115,4e-05
29.924,-187.969,1236.42,0.00682,0.00012
29.925667,-246.448,1257.3,0.00199,8e-05
29.927333,-307.016,1265.66,-0.00312,8e-05
29.929,-365.495,1269.83,-0.00799,4e-05
29.930667,-426.063,1280.28,-0.0129,0.00012
29.932333,-484.542,1290.72,-0.01762,8e-05
29.934,-545.11,1303.25,-0.02203,8e-05
29.935667,-599.412,1317.87,-0.026,4e-05
29.937333,-653.714,1336.67,-0.02959,0.00012
29.939,-703.839,1345.02,-0.03282,4e-05
29.940667,-749.787,1357.55,-0.03575,4e-05
29.942333,-789.469,1372.17,-0.03851,8e-05
29.944,-827.063,1378.44,-0.04105,4e-05
29.945667,-864.657,1390.97,-0.04347,4e-05
29.947333,-898.074,1403.5,-0.04557,0
29.949,-929.402,1411.86,-0.04729,0
29.950667,-954.464,1416.03,-0.04869,0
29.952333,-977.438,1422.3,-0.04974,-4e-05
29.954,-992.058,1424.39,-0.0506,-4e-05
29.955667,-1008.77,1424.39,-0.05134,-4e-05
29.957333,-1015.03,1424.39,-0.05189,-4e-05
29.959,-1019.21,1430.65,-0.0522,-4e-05
29.960667,-1019.21,1428.56,-0.05243,-4e-05
29.962333,-1015.03,1426.48,-0.05255,-4e-05
29.963833,-1006.68,1424.39,-0.05259,-4e-05
29.9655,-994.147,1424.39,-0.05255,-4e-05
29.967167,-981.615,1422.3,-0.05251,-4e-05
29.968833,-956.553,1418.12,-0.05239,-4e-05
29.9705,-935.667,1418.12,-0.05216,-4e-05
29.972167,-908.516,1411.86,-0.05189,-4e-05
29.973833,-879.277,1405.59,-0.0515,-4e-05
29.9755,-847.949,1403.5,-0.05107,-4e-05
29.977167,-808.266,1397.24,-0.05048,-4e-05
29.978833,-772.761,1390.97,-0.04982,-4e-05
29.9805,-728.902,1384.7,-0.04904,-4e-05
29.982167,-685.042,1378.44,-0.0481,4e-05
29.983833,-637.006,1370.08,-0.04705,-4e-05
29.9855,-586.881,1361.73,-0.04588,-4e-05
29.987167,-536.756,1355.46,-0.04444,0
29.988833,-482.454,1349.2,-0.0428,-4e-05
29.9905,-426.063,1340.84,-0.04093,-4e-05
29.992167,-369.672,1328.31,-0.03883,-4e-05
29.993833,-309.104,1319.96,-0.03653,0
29.9955,-252.714,1305.34,-0.03384,0
29.997167,-192.146,1290.72,-0.03091,0
29.998833,-131.578,1278.19,-0.02764,0.00012
30.0005,-73.099,1265.66,-0.02421,0
30.002167,-10.4427,1251.04,-0.02043,0
30.003833,50.125,1238.51,-0.01649,4e-05
30.0055,110.693,1236.42,-0.01212,0
30.007167,167.083,1228.06,-0.00748,0
30.008833,229.74,1215.53,-0.00277,0
30.0105,286.13,1207.18,0.00218,4e-05
30.012167,346.698,1207.18,0.00725,0.00012
30.013833,403.089,1223.89,0.01228,8e-05
30.015333,463.657,1236.42,0.01704,0.00023
30.017,522.136,1255.21,0.02156,8e-05
30.018667,580.615,1267.75,0.02553,8e-05
30.020333,630.74,1278.19,0.02912,4e-05
30.022,676.688,1294.9,0.03263,4e-05
30.023667,726.813,1309.52,0.03571,4e-05
30.025333,768.584,1322.05,0.0384,0
30.027,806.178,1334.58,0.04093,-4e-05
30.028667,841.683,1353.38,0.04331,-4e-05
30.030333,877.188,1361.73,0.04534,-4e-05
30.032,908.516,1372.17,0.04705,0
30.033667,931.49,1378.44,0.04834,-4e-05
30.035333,952.376,1380.53,0.04935,-4e-05
30.037,971.173,1384.7,0.05025,-8e-05
30.038667,981.615,1388.88,0.05083,-8e-05
30.040333,992.058,1390.97,0.05142,-8e-05
30.042,996.235,1393.06,0.05177,-0.00012
30.043667,996.235,1393.06,0.052,-8e-05
30.045333,992.058,1393.06,0.05216,-0.00012
30.047,989.97,1390.97,0.05224,-0.00012
30.048667,973.261,1388.88,0.05224,-0.00012
30.050333,962.819,1388.88,0.05212,-0.00012
30.052,939.845,1388.88,0.05204,-0.00012
30.053667,918.959,1384.7,0.05189,-8e-05
30.055333,891.808,1380.53,0.05165,-0.00012
30.057,866.746,1380.53,0.05134,-0.00012
30.058667,833.329,1378.44,0.05091,-0.00012
30.060333,797.824,1372.17,0.05029,-0.00012
30.062,760.23,1368,0.04982,-0.00012
30.063667,720.547,1363.82,0.049,-8e-05
30.065167,672.511,1355.46,0.04807,-0.00012
30.066833,626.563,1349.2,0.04713,-4e-05
30.0685,576.438,1342.93,0.046,-8e-05
30.070167,526.313,1334.58,0.04475,-4e-05
30.071833,472.011,1322.05,0.04323,-4e-05
30.0735,417.709,1315.78,0.04148,-4e-05
30.075167,361.318,1301.16,0.03949,0
30.076833,302.839,1290.72,0.03723,0
30.0785,244.36,1278.19,0.03477,0
30.080167,185.88,1269.83,0.03208,4e-05
30.081833,131.578,1251.04,0.02889,4e-05
30.0835,73.099,1244.77,0.0253,0.00019
30.085167,12.5313,1242.68,0.02144,8e-05
30.086833,-50.125,1232.24,0.01727,8e-05
30.0885,-108.604,1228.06,0.01298,8e-05
30.090167,-169.172,1232.24,0.00834,4e-05
30.091833,-227.651,1242.68,0.00363,4e-05
30.0935,-286.13,1259.39,-0.0014,8e-05
30.095167,-348.787,1265.66,-0.00647,4e-05
30.096833,-409.355,1271.92,-0.01134,8e-05
30.0985,-463.657,1278.19,-0.01606,8e-05
30.100167,-524.224,1294.9,-0.02066,0.00015
30.101833,-580.615,1311.61,-0.02479,8e-05
30.1035,-637.006,1324.14,-0.02854,8e-05
30.105167,-687.131,1334.58,-0.03189,4e-05
30.106833,-735.167,1353.38,-0.03501,4e-05
30.1085,-779.027,1365.91,-0.0377,4e-05
30.110167,-814.532,1374.26,-0.04035,4e-05
30.111833,-852.126,1384.7,-0.04284,4e-05
30.1135,-887.631,1399.32,-0.04502,0
30.115167,-918.959,1405.59,-0.0469,0
30.116667,-946.11,1411.86,-0.04842,8e-05
30.118333,-969.084,1416.03,-0.04959,0
30.12,-987.881,1420.21,-0.05048,-4e-05
30.121667,-1000.41,1422.3,-0.05118,-4e-05
30.123333,-1010.86,1424.39,-0.05181,-8e-05
30.125,-1019.21,1424.39,-0.05224,-4e-05
30.126667,-1019.21,1424.39,-0.05251,-4e-05
30.128333,-1015.03,1424.39,-0.05267,-4e-05
30.13,-1010.86,1422.3,-0.0527,-4e-05
30.131667,-1000.41,1422.3,-0.0527,-4e-05
30.133333,-981.615,1418.12,-0.0527,4e-05
30.135,-966.996,1418.12,-0.05255,-8e-05
30.136667,-944.022,1416.03,-0.05239,-8e-05
30.138333,-921.048,1411.86,-0.05216,-8e-05
30.14,-889.72,1407.68,-0.05181,-8e-05
30.141667,-860.48,1403.5,-0.05138,-8e-05
30.143333,-824.975,1395.15,-0.05083,-4e-05
30.145,-785.292,1388.88,-0.05017,-8e-05
30.146667,-745.61,1384.7,-0.04939,-4e-05
30.148333,-699.662,1376.35,-0.04857,-4e-05
30.15,-653.714,1365.91,-0.04756,-4e-05
30.151667,-605.678,1361.73,-0.04639,-4e-05
30.153333,-551.375,1355.46,-0.04502,-4e-05
30.155,-499.162,1345.02,-0.0435,-4e-05
30.156667,-444.86,1338.76,-0.04167,-4e-05
30.158333,-388.469,1330.4,-0.03968,-4e-05
30.16,-329.99,1315.78,-0.03738,-4e-05
30.161667,-271.511,1303.25,-0.03489,-4e-05
30.163333,-208.854,1292.81,-0.03197,-4e-05
30.165,-152.464,1278.19,-0.02889,0
30.166667,-89.8074,1263.57,-0.02553,0
30.168167,-29.2396,1253.13,-0.02183,0.00015
30.169833,31.3282,1240.59,-0.01781,4e-05
30.1715,87.7188,1230.15,-0.01357,4e-05
30.173167,148.287,1225.97,-0.009,4e-05
30.174833,210.943,1219.71,-0.00425,0
30.1765,267.334,1205.09,0.00058,4e-05
30.178167,327.901,1198.82,0.00565,8e-05
30.179833,384.292,1215.53,0.01072,8e-05
30.1815,444.86,1230.15,0.01567,0.00012
30.183167,503.339,1244.77,0.02015,8e-05
30.184833,561.818,1259.39,0.02433,0.00019
30.1865,614.032,1276.1,0.02807,8e-05
30.188167,662.068,1284.45,0.03154,4e-05
30.189833,710.105,1301.16,0.03477,0
30.1915,756.053,1315.78,0.03773,4e-05
30.193167,791.558,1328.31,0.04027,0
30.194833,833.329,1340.84,0.04269,-4e-05
30.1965,866.746,1353.38,0.04487,-4e-05
30.198167,898.074,1365.91,0.04666,-4e-05
30.199833,925.225,1372.17,0.04803,-8e-05
30.2015,948.199,1378.44,0.0492,4e-05
30.203167,964.907,1382.62,0.05013,-8e-05
30.204833,979.527,1384.7,0.05079,-0.00012
30.2065,989.97,1384.7,0.05138,-0.00012
30.208167,996.235,1393.06,0.05185,-0.00012
30.209833,998.324,1393.06,0.05212,-0.00012
30.2115,996.235,1390.97,0.05231,-0.00012
30.213167,989.97,1390.97,0.05231,-0.00012
30.214833,979.527,1388.88,0.05235,-0.00012
30.2165,966.996,1386.79,0.05231,-0.00012
30.218167,946.11,1386.79,0.05224,-4e-05
30.219667,927.313,1384.7,0.05208,-0.00012
30.221333,902.251,1382.62,0.05185,-0.00012
30.223,875.1,1378.44,0.05153,-0.00012
30.224667,843.772,1378.44,0.05118,-0.00012
30.226333,810.355,1372.17,0.05076,-0.00015
30.228,772.761,1365.91,0.05017,-0.00012
30.229667,733.079,1363.82,0.04935,-0.00012
30.231333,687.131,1355.46,0.04857,-0.00012
30.233,643.271,1349.2,0.0476,-0.00012
30.234667,593.146,1342.93,0.04651,-0.00012
30.236333,543.021,1334.58,0.0453,-8e-05
30.238,488.719,1328.31,0.04386,-8e-05
30.239667,436.506,1311.61,0.04226,-4e-05
30.241333,380.115,1301.16,0.04031,-4e-05
30.243,323.724,1292.81,0.03816,4e-05
30.244667,263.156,1278.19,0.03575,4e-05
30.246333,206.766,1267.75,0.03317,0
30.248,150.375,1255.21,0.03017,0
30.249667,91.8959,1244.77,0.02666,0
30.251333,31.3282,1238.51,0.02284,4e-05
30.253,-27.1511,1230.15,0.01879,8e-05
30.254667,-87.7188,1228.06,0.0145,8e-05
30.256333,-148.287,1228.06,0.01006,8e-05
30.258,-208.854,1234.33,0.00522,8e-05
30.259667,-265.245,1255.21,0.00023,8e-05
30.261333,-327.901,1261.48,-0.00476,8e-05
30.263,-386.381,1265.66,-0.00963,8e-05
30.264667,-446.948,1271.92,-0.0145,8e-05
30.266333,-507.516,1286.54,-0.01922,8e-05
30.268,-563.907,1303.25,-0.02351,0.00012
30.2695,-620.297,1315.78,-0.02744,0.00012
30.271167,-672.511,1330.4,-0.03095,8e-05
30.272833,-722.636,1345.02,-0.03415,4e-05
30.2745,-764.407,1355.46,-0.03699,4e-05
30.276167,-806.178,1365.91,-0.03968,4e-05
30.277833,-839.594,1380.53,-0.04222,0
30.2795,-877.188,1390.97,-0.04452,4e-05
30.281167,-908.516,1399.32,-0.04643,0
30.282833,-939.845,1407.68,-0.04814,0
30.2845,-962.819,1413.94,-0.04935,-4e-05
30.286167,-981.615,1416.03,-0.0504,8e-05
30.287833,-998.324,1420.21,-0.05122,-8e-05
30.2895,-1010.86,1422.3,-0.05185,-4e-05
30.291167,-1015.03,1420.21,-0.05231,0
30.292833,-1019.21,1422.3,-0.05267,-4e-05
30.2945,-1019.21,1422.3,-0.05282,-4e-05
30.296167,-1012.94,1418.12,-0.05294,-4e-05
30.297833,-1002.5,1416.03,-0.0529,-4e-05
30.2995,-989.97,1418.12,-0.0529,-4e-05
30.301167,-973.261,1416.03,-0.05278,0
30.302833,-950.287,1411.86,-0.05267,8e-05
30.3045,-927.313,1407.68,-0.05247,-4e-05
30.306167,-902.251,1405.59,-0.05212,-8e-05
30.307833,-868.834,1399.32,-0.05173,-4e-05
30.3095,-835.417,1395.15,-0.05118,-4e-05
30.311167,-797.824,1390.97,-0.0506,-4e-05
30.312833,-760.23,1382.62,-0.04986,-4e-05
30.3145,-716.37,1376.35,-0.04904,-4e-05
30.316167,-666.245,1368,-0.04807,-4e-05
30.317833,-620.297,1361.73,-0.04697,-4e-05
30.3195,-568.084,1355.46,-0.04573,8e-05
30.321,-517.959,1345.02,-0.04425,-4e-05
30.322667,-461.568,1342.93,-0.04245,-4e-05
30.324333,-407.266,1328.31,-0.04058,-4e-05
30.326,-350.875,1317.87,-0.03836,-4e-05
30.327667,-290.308,1307.43,-0.0359,-4e-05
30.329333,-231.828,1292.81,-0.03321,0
30.331,-173.349,1278.19,-0.03009,0
30.332667,-110.693,1265.66,-0.02674,0
30.334333,-50.125,1255.21,-0.02323,0
30.336,12.5313,1240.59,-0.01934,4e-05
30.337667,68.9219,1228.06,-0.01524,0
30.339333,129.49,1228.06,-0.01072,4e-05
30.341,187.969,1221.8,-0.006,0
30.342667,248.537,1203,-0.00117,4e-05
30.344333,307.016,1200.91,0.0039,4e-05
30.346,365.495,1207.18,0.00908,8e-05
30.347667,423.974,1221.8,0.01396,0.00012
30.349333,482.454,1236.42,0.01867,8e-05
30.351,543.021,1255.21,0.02308,8e-05
30.352667,595.235,1267.75,0.02694,4e-05
30.354333,645.36,1278.19,0.03052,8e-05
30.356,693.396,1294.9,0.03388,4e-05
30.357667,741.433,1309.52,0.03688,0
30.359333,781.115,1322.05,0.03953,0
30.361,818.709,1334.58,0.04202,0
30.362667,854.214,1351.29,0.04428,-4e-05
30.364333,885.542,1359.64,0.04623,-4e-05
30.366,914.782,1368,0.04775,-8e-05
30.367667,939.845,1374.26,0.04896,-8e-05
30.369333,958.641,1380.53,0.04994,-8e-05
30.371,975.35,1380.53,0.05068,-4e-05
30.3725,985.792,1386.79,0.05134,-0.00015
30.374167,994.147,1386.79,0.05181,-8e-05
30.375833,996.235,1386.79,0.05216,-0.00012
30.3775,996.235,1386.79,0.05235,-0.00015
30.379167,989.97,1386.79,0.05247,-0.00015
30.380833,983.704,1386.79,0.05251,-0.00015
30.3825,971.173,1384.7,0.05251,-0.00015
30.384167,958.641,1382.62,0.05247,-0.00015
30.385833,933.579,1382.62,0.05231,-0.00019
30.3875,910.605,1380.53,0.05212,-4e-05
30.389167,883.454,1378.44,0.05177,-0.00012
30.390833,854.214,1374.26,0.05146,-0.00012
30.3925,820.798,1368,0.05103,-8e-05
30.394167,787.381,1368,0.05048,-0.00012
30.395833,747.699,1361.73,0.04978,-8e-05
30.3975,705.928,1355.46,0.049,-0.00012
30.399167,655.803,1349.2,0.04807,-0.00012
30.400833,611.943,1342.93,0.04701,-0.00012
30.4025,559.73,1334.58,0.04584,-4e-05
30.404167,507.516,1326.23,0.04452,0
30.405833,457.391,1313.69,0.04292,-4e-05
30.4075,401,1305.34,0.04113,-4e-05
30.409167,340.433,1292.81,0.03898,0
30.410833,284.042,1280.28,0.03664,4e-05
30.4125,225.563,1271.92,0.03419,0
30.414167,164.995,1259.39,0.0313,4e-05
30.415833,112.781,1240.59,0.02803,4e-05
30.4175,50.125,1236.42,0.02425,4e-05
30.419167,-6.26563,1234.33,0.02027,4e-05
30.420833,-68.9219,1225.97,0.01598,0.00015
30.4225,-127.401,1221.8,0.01162,8e-05
30.424,-190.057,1225.97,0.00686,8e-05
30.425667,-246.448,1246.86,0.00203,8e-05
30.427333,-307.016,1253.13,-0.00304,8e-05
30.429,-365.495,1259.39,-0.00807,8e-05
30.430667,-426.063,1267.75,-0.01298,8e-05
30.432333,-486.631,1278.19,-0.01774,4e-05
30.434,-543.021,1290.72,-0.02226,8e-05
30.435667,-599.412,1309.52,-0.02635,8e-05
30.437333,-653.714,1322.05,-0.02998,4e-05
30.439,-703.839,1336.67,-0.03325,0
30.440667,-749.787,1347.11,-0.03621,4e-05
30.442333,-791.558,1363.82,-0.0389,0
30.444,-829.152,1374.26,-0.04156,0
30.445667,-864.657,1380.53,-0.04393,0
30.447333,-900.162,1393.06,-0.04608,0
30.449,-929.402,1403.5,-0.04779,0
30.450667,-956.553,1409.77,-0.0492,0
30.452333,-977.438,1411.86,-0.05029,0
30.454,-992.058,1420.21,-0.05111,-8e-05
30.455667,-1006.68,1418.12,-0.05185,-4e-05
30.457333,-1012.94,1418.12,-0.05235,-4e-05
30.459,-1019.21,1418.12,-0.05274,-4e-05
30.460667,-1019.21,1422.3,-0.0529,-8e-05
30.462333,-1015.03,1418.12,-0.05306,-4e-05
30.464,-1006.68,1416.03,-0.05306,-8e-05
30.465667,-994.147,1416.03,-0.05309,-4e-05
30.467333,-979.527,1411.86,-0.05302,-4e-05
30.469,-958.641,1407.68,-0.0529,-4e-05
30.470667,-937.756,1405.59,-0.05267,-4e-05
30.472333,-908.516,1405.59,-0.05239,4e-05
30.473833,-879.277,1399.32,-0.05208,-4e-05
30.4755,-845.86,1393.06,-0.05153,-8e-05
30.477167,-808.266,1388.88,-0.05095,-4e-05
30.478833,-772.761,1380.53,-0.05029,-8e-05
30.4805,-730.99,1374.26,-0.04951,-4e-05
30.482167,-685.042,1368,-0.04861,-8e-05
30.483833,-634.917,1361.73,-0.04752,-4e-05
30.4855,-586.881,1353.38,-0.04631,-4e-05
30.487167,-532.579,1347.11,-0.04483,-4e-05
30.488833,-482.454,1340.84,-0.04327,8e-05
30.4905,-426.063,1328.31,-0.0414,-4e-05
30.492167,-369.672,1319.96,-0.03926,-4e-05
30.493833,-309.104,1311.61,-0.03684,0
30.4955,-250.625,1294.9,-0.03423,0
30.497167,-194.235,1278.19,-0.03134,0
30.498833,-129.49,1267.75,-0.02807,0
30.5005,-71.0105,1253.13,-0.02456,4e-05
30.502167,-10.4427,1240.59,-0.02078,4e-05
30.503833,48.0365,1230.15,-0.01676,4e-05
30.5055,110.693,1225.97,-0.01224,0.00015
30.507167,167.083,1215.53,-0.00768,0
30.508833,229.74,1205.09,-0.00281,4e-05
30.5105,286.13,1198.82,0.00218,4e-05
30.512167,346.698,1196.74,0.00733,4e-05
30.513833,401,1213.44,0.01232,0.00012
30.5155,463.657,1232.24,0.01727,0.00012
30.517167,522.136,1246.86,0.02175,8e-05
30.518833,578.527,1259.39,0.02577,4e-05
30.5205,630.74,1271.92,0.02943,4e-05
30.522167,680.865,1290.72,0.03294,0.00012
30.523833,726.813,1303.25,0.03602,0
30.525333,768.584,1315.78,0.03883,0
30.527,806.178,1328.31,0.04128,0
30.528667,843.772,1342.93,0.04374,-4e-05
30.530333,877.188,1353.38,0.04577,-4e-05
30.532,908.516,1361.73,0.04744,-4e-05
30.533667,933.579,1370.08,0.04873,-4e-05
30.535333,954.464,1378.44,0.04978,-8e-05
30.537,969.084,1378.44,0.05068,-8e-05
30.538667,983.704,1382.62,0.0513,-8e-05
30.540333,992.058,1386.79,0.05185,-0.00012
30.542,996.235,1384.7,0.0522,-0.00012
30.543667,998.324,1384.7,0.05247,-0.00012
30.545333,994.147,1386.79,0.05259,-0.00012
30.547,983.704,1384.7,0.05267,-0.00012
30.548667,975.35,1380.53,0.05259,-0.00012
30.550333,960.73,1380.53,0.05259,-0.00015
30.552,939.845,1382.62,0.05251,-0.00015
30.553667,918.959,1376.35,0.05228,-0.00012
30.555333,889.72,1378.44,0.05204,-0.00015
30.557,864.657,1374.26,0.05169,-0.00012
30.558667,831.24,1368,0.0513,-0.00012
30.560333,797.824,1365.91,0.05076,-0.00015
30.562,760.23,1361.73,0.05009,-0.00015
30.563667,718.459,1355.46,0.04943,-0.00012
30.565333,670.422,1349.2,0.04853,-0.00012
30.567,626.563,1340.84,0.04756,-8e-05
30.568667,574.349,1336.67,0.04643,-8e-05
30.570333,526.313,1326.23,0.04514,-4e-05
30.572,474.099,1315.78,0.04362,-4e-05
30.573667,419.797,1307.43,0.04191,8e-05
30.575333,363.407,1296.99,0.03984,-4e-05
30.576833,302.839,1280.28,0.03762,0
30.5785,244.36,1269.83,0.03512,0
30.580167,185.88,1259.39,0.03243,4e-05
30.581833,129.49,1242.68,0.02928,8e-05
30.5835,73.099,1234.33,0.02557,4e-05
30.585167,12.5313,1232.24,0.02171,4e-05
30.586833,-50.125,1228.06,0.01754,8e-05
30.5885,-110.693,1221.8,0.01314,8e-05
30.590167,-171.261,1223.89,0.00854,0.00015
30.591833,-227.651,1238.51,0.00366,8e-05
30.5935,-284.042,1251.04,-0.00144,4e-05
30.595167,-344.61,1255.21,-0.00643,8e-05
30.596833,-407.266,1261.48,-0.01142,4e-05
30.5985,-463.657,1274.01,-0.01626,8e-05
30.600167,-526.313,1284.45,-0.02086,8e-05
30.601833,-582.704,1296.99,-0.02507,8e-05
30.6035,-637.006,1315.78,-0.02889,4e-05
30.605167,-687.131,1330.4,-0.03228,4e-05
30.606833,-735.167,1342.93,-0.03532,8e-05
30.6085,-776.938,1353.38,-0.03809,4e-05
30.610167,-814.532,1365.91,-0.04074,0
30.611833,-854.214,1376.35,-0.04323,4e-05
30.6135,-889.72,1386.79,-0.04545,0
30.615167,-916.871,1397.24,-0.04736,4e-05
30.616833,-948.199,1405.59,-0.04885,-4e-05
30.6185,-969.084,1409.77,-0.05005,0
30.620167,-989.97,1411.86,-0.05107,0
30.621833,-1000.41,1418.12,-0.05177,-4e-05
30.6235,-1012.94,1418.12,-0.05235,4e-05
30.625167,-1017.12,1422.3,-0.05274,-8e-05
30.626833,-1019.21,1418.12,-0.05306,-4e-05
30.628333,-1019.21,1413.94,-0.05321,-4e-05
30.63,-1008.77,1416.03,-0.05325,-4e-05
30.631667,-1000.41,1413.94,-0.05325,-4e-05
30.633333,-985.792,1409.77,-0.05321,-8e-05
30.635,-964.907,1407.68,-0.05309,-4e-05
30.636667,-944.022,1405.59,-0.05294,-8e-05
30.638333,-918.959,1403.5,-0.05267,-8e-05
30.64,-889.72,1397.24,-0.05231,-4e-05
30.641667,-858.391,1393.06,-0.05185,-8e-05
30.643333,-822.886,1386.79,-0.05134,0
30.645,-785.292,1380.53,-0.05072,-8e-05
30.646667,-743.521,1376.35,-0.0499,-4e-05
30.648333,-699.662,1370.08,-0.04908,-8e-05
30.65,-651.626,1361.73,-0.04803,-4e-05
30.651667,-603.589,1353.38,-0.04686,-4e-05
30.653333,-551.375,1347.11,-0.04549,-4e-05
30.655,-501.25,1340.84,-0.04393,-4e-05
30.656667,-442.771,1328.31,-0.04214,-8e-05
30.658333,-386.381,1322.05,-0.04011,0
30.66,-329.99,1309.52,-0.03785,0
30.661667,-271.511,1296.99,-0.03532,-4e-05
30.663333,-210.943,1280.28,-0.03243,4e-05
30.665,-152.464,1269.83,-0.02924,-4e-05
30.666667,-91.8959,1257.3,-0.02581,0
30.668333,-31.3282,1242.68,-0.0221,-4e-05
30.67,31.3282,1232.24,-0.01813,0
30.671667,89.8074,1223.89,-0.01388,4e-05
30.673333,148.287,1215.53,-0.00928,0
30.675,210.943,1209.27,-0.00448,0.00015
30.676667,265.245,1198.82,0.00039,8e-05
30.678167,325.813,1190.47,0.00557,8e-05
30.679833,384.292,1205.09,0.01068,8e-05
30.6815,444.86,1225.97,0.01575,4e-05
30.683167,501.25,1236.42,0.02031,8e-05
30.684833,561.818,1248.95,0.02456,8e-05
30.6865,611.943,1267.75,0.02834,8e-05
30.688167,662.068,1280.28,0.03189,4e-05
30.689833,710.105,1292.81,0.03512,4e-05
30.6915,756.053,1309.52,0.03805,8e-05
30.693167,793.647,1324.14,0.04062,0
30.694833,831.24,1336.67,0.04315,0
30.6965,864.657,1347.11,0.04526,-4e-05
30.698167,898.074,1359.64,0.04709,-4e-05
30.699833,925.225,1365.91,0.04849,-8e-05
30.7015,946.11,1368,0.04962,-8e-05
30.703167,964.907,1376.35,0.05048,-8e-05
30.704833,979.527,1380.53,0.0513,-0.00012
30.7065,987.881,1378.44,0.05181,-0.00012
30.708167,996.235,1382.62,0.05228,-4e-05
30.709833,996.235,1384.7,0.05255,-0.00012
30.7115,996.235,1384.7,0.05274,-0.00015
30.713167,987.881,1382.62,0.05278,-0.00012
30.714833,981.615,1382.62,0.05278,-0.00015
30.7165,969.084,1380.53,0.05278,-0.00012
30.718167,946.11,1376.35,0.0527,-0.00012
30.719833,927.313,1376.35,0.05251,-0.00015
30.7215,902.251,1378.44,0.05228,-0.00012
30.723167,870.923,1372.17,0.052,-0.00015
30.724833,843.772,1368,0.05165,-8e-05
30.7265,810.355,1365.91,0.05111,-0.00015
30.728167,772.761,1361.73,0.0506,-0.00012
30.729667,733.079,1355.46,0.04982,-0.00012
30.731333,687.131,1349.2,0.04896,-0.00015
30.733,639.094,1342.93,0.04803,-0.00012
30.734667,593.146,1334.58,0.0469,-4e-05
30.736333,543.021,1326.23,0.04569,-8e-05
30.738,488.719,1317.87,0.04425,-4e-05
30.739667,436.506,1307.43,0.04261,-4e-05
30.741333,380.115,1292.81,0.0407,-4e-05
30.743,321.636,1282.37,0.03851,0
30.744667,265.245,1274.01,0.03614,0
30.746333,206.766,1261.48,0.03352,0
30.748,148.287,1244.77,0.03041,4e-05
30.749667,93.9845,1236.42,0.02694,0
30.751333,31.3282,1234.33,0.02304,4e-05
30.753,-27.1511,1223.89,0.01898,4e-05
30.754667,-87.7188,1217.62,0.01466,4e-05
30.756333,-148.287,1219.71,0.01014,8e-05
30.758,-206.766,1228.06,0.0053,8e-05
30.759667,-265.245,1242.68,0.00031,0.00015
30.761333,-327.901,1251.04,-0.00479,8e-05
30.763,-386.381,1259.39,-0.00982,8e-05
30.764667,-444.86,1265.66,-0.01474,4e-05
30.766333,-505.428,1280.28,-0.01945,4e-05
30.768,-563.907,1292.81,-0.0239,8e-05
30.769667,-622.386,1307.43,-0.02783,8e-05
30.771333,-672.511,1324.14,-0.0313,8e-05
30.773,-722.636,1336.67,-0.03454,8e-05
30.774667,-762.318,1347.11,-0.03735,4e-05
30.776333,-806.178,1361.73,-0.04011,8e-05
30.778,-841.683,1374.26,-0.04269,0
30.779667,-877.188,1380.53,-0.04495,-4e-05
30.781167,-908.516,1390.97,-0.04693,0
30.782833,-939.845,1401.41,-0.04857,-4e-05
30.7845,-964.907,1405.59,-0.04986,0
30.786167,-983.704,1407.68,-0.05091,-4e-05
30.787833,-998.324,1413.94,-0.05169,-4e-05
30.7895,-1008.77,1416.03,-0.05231,-4e-05
30.791167,-1015.03,1418.12,-0.05282,-4e-05
30.792833,-1019.21,1416.03,-0.05317,4e-05
30.7945,-1017.12,1413.94,-0.05329,-4e-05
30.796167,-1010.86,1416.03,-0.05337,-4e-05
30.797833,-1002.5,1411.86,-0.05337,-8e-05
30.7995,-989.97,1407.68,-0.05337,-8e-05
30.801167,-973.261,1407.68,-0.05325,-8e-05
30.802833,-952.376,1405.59,-0.05309,-8e-05
30.8045,-927.313,1401.41,-0.0529,-4e-05
30.806167,-900.162,1399.32,-0.05259,-8e-05
30.807833,-868.834,1393.06,-0.0522,-4e-05
30.8095,-833.329,1388.88,-0.05169,4e-05
30.811167,-795.735,1382.62,-0.05107,-4e-05
30.812833,-756.053,1378.44,-0.05033,-8e-05
30.8145,-716.37,1370.08,-0.04955,-8e-05
30.816167,-668.334,1361.73,-0.04853,-8e-05
30.817833,-620.297,1357.55,-0.04744,-4e-05
30.8195,-568.084,1347.11,-0.04619,0
30.821167,-517.959,1340.84,-0.04463,-4e-05
30.822833,-461.568,1334.58,-0.04292,-4e-05
30.8245,-407.266,1326.23,-0.04097,-4e-05
30.826167,-348.787,1311.61,-0.03875,0
30.827833,-292.396,1299.07,-0.03629,-4e-05
30.8295,-229.74,1284.45,-0.03352,0
30.831167,-171.261,1271.92,-0.03045,-8e-05
30.832667,-110.693,1259.39,-0.02705,0
30.834333,-50.125,1246.86,-0.02347,0
30.836,12.5313,1234.33,-0.01953,0
30.837667,68.9219,1221.8,-0.0154,0
30.839333,129.49,1215.53,-0.01088,4e-05
30.841,190.057,1209.27,-0.00612,4e-05
30.842667,248.537,1194.65,-0.00117,4e-05
30.844333,307.016,1190.47,0.00386,4e-05
30.846,365.495,1200.91,0.00908,8e-05
30.847667,426.063,1215.53,0.01411,8e-05
30.849333,482.454,1228.06,0.01887,8e-05
30.851,540.933,1244.77,0.02327,8e-05
30.852667,597.323,1263.57,0.02725,4e-05
30.854333,645.36,1274.01,0.03084,4e-05
30.856,697.574,1288.63,0.03423,4e-05
30.857667,741.433,1303.25,0.03723,4e-05
30.859333,781.115,1315.78,0.03988,0
30.861,818.709,1330.4,0.04241,8e-05
30.862667,854.214,1340.84,0.04467,0
30.864333,889.72,1355.46,0.04666,0
30.866,914.782,1361.73,0.04818,-4e-05
30.867667,939.845,1368,0.04943,-4e-05
30.869333,958.641,1372.17,0.05037,-0.00012
30.871,975.35,1378.44,0.05118,-8e-05
30.872667,987.881,1378.44,0.05177,-8e-05
30.874333,994.147,1380.53,0.05231,-8e-05
30.876,998.324,1382.62,0.05263,-0.00015
30.877667,994.147,1382.62,0.05282,-4e-05
30.879333,989.97,1380.53,0.0529,-0.00012
30.881,981.615,1380.53,0.05298,-0.00012
30.8825,971.173,1378.44,0.05298,-0.00015
30.884167,956.553,1376.35,0.05286,-0.00012
30.885833,933.579,1376.35,0.05274,-0.00012
30.8875,910.605,1376.35,0.05251,-0.00015
30.889167,883.454,1372.17,0.05224,-0.00015
30.890833,854.214,1368,0.05192,-0.00012
30.8925,820.798,1365.91,0.05146,-0.00015
30.894167,787.381,1363.82,0.05087,0
30.895833,747.699,1355.46,0.05029,-0.00012
30.8975,703.839,1349.2,0.04939,-0.00012
30.899167,655.803,1342.93,0.04849,-0.00012
30.900833,609.855,1336.67,0.04744,-0.00012
30.9025,559.73,1328.31,0.04627,-8e-05
30.904167,507.516,1317.87,0.04491,-8e-05
30.905833,455.302,1305.34,0.04327,-4e-05
30.9075,398.912,1299.07,0.04148,-4e-05
30.909167,342.521,1284.45,0.03937,0
30.910833,281.953,1271.92,0.03699,8e-05
30.9125,225.563,1263.57,0.03454,-4e-05
30.914167,167.083,1251.04,0.03165,4e-05
30.915833,110.693,1234.33,0.0283,8e-05
30.9175,52.2136,1225.97,0.02448,8e-05
30.919167,-8.35417,1223.89,0.02047,4e-05
30.920833,-71.0105,1217.62,0.01622,4e-05
30.9225,-129.49,1215.53,0.01169,4e-05
30.924167,-190.057,1217.62,0.00698,4e-05
30.925833,-246.448,1238.51,0.00207,8e-05
30.9275,-307.016,1246.86,-0.00308,8e-05
30.929167,-365.495,1251.04,-0.00815,8e-05
30.930833,-426.063,1259.39,-0.01318,8e-05
30.9325,-482.454,1276.1,-0.01789,0.00012
30.934,-543.021,1288.63,-0.02245,8e-05
30.935667,-601.501,1296.99,-0.02655,4e-05
30.937333,-655.803,1315.78,-0.03025,4e-05
30.939,-703.839,1328.31,-0.03352,4e-05
30.940667,-751.876,1340.84,-0.03657,4e-05
30.942333,-793.647,1353.38,-0.03933,8e-05
30.944,-829.152,1365.91,-0.04191,0
30.945667,-864.657,1376.35,-0.04436,4e-05
30.947333,-900.162,1384.7,-0.04647,0
30.949,-929.402,1399.32,-0.04822,0
30.950667,-956.553,1401.41,-0.04962,0
30.952333,-977.438,1405.59,-0.05076,0
30.954,-994.147,1411.86,-0.05161,-8e-05
30.955667,-1006.68,1413.94,-0.05228,-4e-05
30.957333,-1012.94,1416.03,-0.05278,-4e-05
30.959,-1019.21,1411.86,-0.05317,-4e-05
30.960667,-1019.21,1411.86,-0.05341,-4e-05
30.962333,-1015.03,1411.86,-0.0536,4e-05
30.964,-1006.68,1409.77,-0.0536,-4e-05
30.965667,-994.147,1409.77,-0.05356,-8e-05
30.967333,-977.438,1407.68,-0.05348,-8e-05
30.969,-960.73,1405.59,-0.05333,-8e-05
30.970667,-933.579,1401.41,-0.05313,-8e-05
30.972333,-908.516,1397.24,-0.05286,-8e-05
30.974,-879.277,1393.06,-0.05247,-4e-05
30.975667,-845.86,1384.7,-0.052,-4e-05
30.977333,-810.355,1382.62,-0.05142,-8e-05
30.979,-772.761,1378.44,-0.05076,0
30.980667,-728.902,1365.91,-0.05001,-8e-05
30.982333,-685.042,1361.73,-0.04908,-8e-05
30.984,-634.917,1355.46,-0.04795,-4e-05
30.9855,-586.881,1347.11,-0.04678,-4e-05
30.987167,-532.579,1340.84,-0.04526,-8e-05
30.988833,-480.365,1334.58,-0.04362,-8e-05
30.9905,-423.974,1322.05,-0.04175,-4e-05
30.992167,-367.584,1313.69,-0.03968,-4e-05
30.993833,-309.104,1303.25,-0.03727,0
30.9955,-252.714,1290.72,-0.03462,4e-05
30.997167,-192.146,1276.1,-0.03158,-4e-05
30.998833,-129.49,1261.48,-0.02834,0
31.0005,-68.9219,1246.86,-0.02487,0
31.002167,-8.35417,1234.33,-0.02097,4e-05
31.003833,50.125,1221.8,-0.01692,4e-05
31.0055,110.693,1215.53,-0.01244,0
31.007167,167.083,1211.36,-0.00772,0
31.008833,229.74,1200.91,-0.00281,4e-05
31.0105,284.042,1188.38,0.00214,8e-05
31.012167,344.61,1184.2,0.00733,0.00012
31.013833,403.089,1207.18,0.01247,4e-05
31.0155,465.745,1223.89,0.01739,8e-05
31.017167,522.136,1236.42,0.02195,8e-05
31.018833,580.615,1253.13,0.02608,4e-05
31.0205,630.74,1267.75,0.02978,4e-05
31.022167,680.865,1278.19,0.03329,0
31.023833,724.725,1292.81,0.03641,4e-05
31.0255,770.673,1309.52,0.03922,0
31.027167,808.266,1322.05,0.04183,-4e-05
31.028833,843.772,1336.67,0.04417,-4e-05
31.0305,877.188,1347.11,0.04619,-8e-05
31.032167,908.516,1361.73,0.04787,-8e-05
31.033833,933.579,1365.91,0.04923,-8e-05
31.0355,954.464,1365.91,0.05021,-8e-05
31.037,971.173,1372.17,0.05103,-0.00012
31.038667,983.704,1378.44,0.05177,-8e-05
31.040333,989.97,1376.35,0.05228,-0.00012
31.042,996.235,1376.35,0.05267,-8e-05
31.043667,998.324,1380.53,0.05294,-0.00012
31.045333,994.147,1380.53,0.05309,-0.00012
31.047,985.792,1378.44,0.05313,-0.00012
31.048667,975.35,1378.44,0.05309,-0.00012
31.050333,958.641,1378.44,0.05306,-0.00012
31.052,939.845,1374.26,0.05294,-0.00012
31.053667,916.871,1372.17,0.05274,-0.00012
31.055333,891.808,1372.17,0.05247,-0.00015
31.057,862.568,1368,0.05224,-0.00012
31.058667,831.24,1361.73,0.05181,-0.00012
31.060333,797.824,1361.73,0.05126,-0.00015
31.062,760.23,1355.46,0.05068,-0.00012
31.063667,720.547,1351.29,0.0499,-4e-05
31.065333,670.422,1340.84,0.04896,-0.00012
31.067,624.474,1336.67,0.04799,-0.00012
31.068667,574.349,1328.31,0.04682,-8e-05
31.070333,524.224,1319.96,0.04553,-8e-05
31.072,472.011,1309.52,0.04401,-4e-05
31.073667,417.709,1299.07,0.0423,-4e-05
31.075333,361.318,1288.63,0.04027,-4e-05
31.077,302.839,1276.1,0.03801,4e-05
31.078667,244.36,1265.66,0.03555,0
31.080333,185.88,1253.13,0.03278,0.00019
31.082,131.578,1234.33,0.02955,8e-05
31.083667,71.0105,1228.06,0.02588,8e-05
31.085333,12.5313,1223.89,0.02195,4e-05
31.086833,-48.0365,1215.53,0.0177,4e-05
31.0885,-108.604,1213.44,0.01329,8e-05
31.090167,-169.172,1215.53,0.00862,4e-05
31.091833,-227.651,1225.97,0.00374,8e-05
31.0935,-286.13,1240.59,-0.0014,8e-05
31.095167,-346.698,1248.95,-0.00651,8e-05
31.096833,-407.266,1257.3,-0.01154,0.00015
31.0985,-463.657,1265.66,-0.01645,4e-05
31.100167,-524.224,1278.19,-0.02105,8e-05
31.101833,-582.704,1294.9,-0.02534,0.00012
31.1035,-641.183,1305.34,-0.0292,8e-05
31.105167,-689.219,1319.96,-0.03263,8e-05
31.106833,-737.256,1336.67,-0.03575,4e-05
31.1085,-779.027,1349.2,-0.03851,0
31.110167,-816.62,1357.55,-0.04124,0
31.111833,-852.126,1370.08,-0.04366,0
31.1135,-889.72,1382.62,-0.04592,4e-05
31.115167,-918.959,1388.88,-0.04783,0
31.116833,-946.11,1395.15,-0.04935,-4e-05
31.1185,-969.084,1403.5,-0.0506,0
31.120167,-987.881,1409.77,-0.05153,-4e-05
31.121833,-1004.59,1407.68,-0.05228,-4e-05
31.1235,-1010.86,1409.77,-0.05274,-4e-05
31.125167,-1017.12,1413.94,-0.05325,-4e-05
31.126833,-1019.21,1411.86,-0.05356,-8e-05
31.1285,-1017.12,1407.68,-0.05364,-4e-05
31.130167,-1010.86,1407.68,-0.05368,-8e-05
31.131833,-998.324,1407.68,-0.05376,-4e-05
31.1335,-983.704,1405.59,-0.05364,-8e-05
31.135167,-964.907,1403.5,-0.05356,-4e-05
31.136833,-944.022,1399.32,-0.05333,-8e-05
31.138333,-918.959,1397.24,-0.05313,-8e-05
31.14,-889.72,1395.15,-0.05278,-4e-05
31.141667,-858.391,1388.88,-0.05239,-4e-05
31.143333,-820.798,1380.53,-0.05181,-4e-05
31.145,-785.292,1376.35,-0.05115,-8e-05
31.146667,-743.521,1372.17,-0.05037,-8e-05
31.148333,-699.662,1361.73,-0.04959,4e-05
31.15,-651.626,1355.46,-0.04846,-8e-05
31.151667,-603.589,1349.2,-0.04736,-8e-05
31.153333,-551.375,1340.84,-0.04592,-4e-05
31.155,-499.162,1332.49,-0.0444,-8e-05
31.156667,-444.86,1324.14,-0.04261,-4e-05
31.158333,-386.381,1315.78,-0.0405,-4e-05
31.16,-327.901,1303.25,-0.0382,0
31.161667,-269.422,1290.72,-0.03567,0
31.163333,-208.854,1278.19,-0.03275,0
31.165,-150.375,1261.48,-0.02963,0.00012
31.166667,-89.8074,1246.86,-0.02612,4e-05
31.168333,-31.3282,1234.33,-0.02241,4e-05
31.17,31.3282,1225.97,-0.01832,0
31.171667,87.7188,1215.53,-0.01403,4e-05
31.173333,148.287,1209.27,-0.00939,0
31.175,208.854,1203,-0.0046,4e-05
31.176667,265.245,1190.47,0.00043,4e-05
31.178333,325.813,1184.2,0.00557,4e-05
31.18,384.292,1200.91,0.01076,8e-05
31.181667,444.86,1213.44,0.01583,0.00019
31.183333,503.339,1228.06,0.02047,8e-05
31.185,559.73,1244.77,0.02475,8e-05
31.186667,614.032,1259.39,0.02865,0
31.188333,662.068,1276.1,0.03224,8e-05
31.189833,708.016,1288.63,0.03547,4e-05
31.1915,756.053,1301.16,0.03844,0
31.193167,795.735,1315.78,0.04105,-4e-05
31.194833,831.24,1328.31,0.0435,-4e-05
31.1965,866.746,1342.93,0.04569,-4e-05
31.198167,898.074,1359.64,0.04752,4e-05
31.199833,925.225,1361.73,0.04892,-0.00012
31.2015,948.199,1365.91,0.05009,-0.00012
31.203167,964.907,1370.08,0.05095,-8e-05
31.204833,979.527,1374.26,0.05173,-8e-05
31.2065,987.881,1374.26,0.05231,-0.00012
31.208167,994.147,1378.44,0.0527,-8e-05
31.209833,996.235,1380.53,0.05302,-0.00012
31.2115,996.235,1378.44,0.05317,-0.00012
31.213167,989.97,1374.26,0.05321,-0.00015
31.214833,979.527,1374.26,0.05329,-8e-05
31.2165,964.907,1376.35,0.05325,-0.00012
31.218167,948.199,1372.17,0.05313,-0.00012
31.219833,927.313,1372.17,0.05294,-0.00015
31.2215,902.251,1370.08,0.05274,-0.00012
31.223167,870.923,1368,0.05243,-0.00015
31.224833,841.683,1363.82,0.05208,-0.00012
31.2265,810.355,1359.64,0.05161,-0.00012
31.228167,772.761,1357.55,0.05099,-0.00012
31.229833,733.079,1349.2,0.05033,-0.00012
31.2315,687.131,1342.93,0.04939,-0.00012
31.233167,639.094,1338.76,0.04842,-4e-05
31.234833,591.058,1328.31,0.04736,-4e-05
31.2365,540.933,1317.87,0.04608,-8e-05
31.238167,488.719,1309.52,0.04463,-4e-05
31.239833,434.417,1301.16,0.043,-4e-05
31.241333,378.026,1286.54,0.04105,-4e-05
31.243,321.636,1278.19,0.0389,0
31.244667,261.068,1267.75,0.03645,0
31.246333,204.677,1253.13,0.03384,0
31.248,148.287,1238.51,0.0308,4e-05
31.249667,91.8959,1228.06,0.02733,0.00012
31.251333,31.3282,1221.8,0.02339,4e-05
31.253,-29.2396,1215.53,0.01926,4e-05
31.254667,-91.8959,1211.36,0.01485,4e-05
31.256333,-148.287,1211.36,0.01029,8e-05
31.258,-206.766,1219.71,0.00538,4e-05
31.259667,-263.156,1238.51,0.00035,4e-05
31.261333,-327.901,1244.77,-0.00491,4e-05
31.263,-388.469,1251.04,-0.00994,8e-05
31.264667,-444.86,1257.3,-0.01489,4e-05
31.266333,-505.428,1274.01,-0.01965,0.00019
31.268,-561.818,1288.63,-0.02405,0.00012
31.269667,-620.297,1301.16,-0.02807,4e-05
31.271333,-670.422,1315.78,-0.03165,4e-05
31.273,-722.636,1332.49,-0.03489,4e-05
31.274667,-766.495,1340.84,-0.03781,4e-05
31.276333,-806.178,1351.29,-0.04054,0
31.278,-841.683,1365.91,-0.04308,4e-05
31.279667,-879.277,1378.44,-0.04541,0
31.281333,-908.516,1384.7,-0.04732,4e-05
31.283,-937.756,1393.06,-0.04904,8e-05
31.284667,-964.907,1401.41,-0.05037,0
31.286333,-983.704,1403.5,-0.05138,-8e-05
31.288,-998.324,1405.59,-0.05216,-8e-05
31.289667,-1010.86,1411.86,-0.05282,-4e-05
31.291167,-1015.03,1411.86,-0.05325,-8e-05
31.292833,-1019.21,1407.68,-0.0536,-8e-05
31.2945,-1017.12,1409.77,-0.0538,-4e-05
31.296167,-1010.86,1407.68,-0.05387,-8e-05
31.297833,-1002.5,1405.59,-0.05387,-4e-05
31.2995,-987.881,1405.59,-0.05387,0
31.301167,-971.173,1403.5,-0.05376,-4e-05
31.302833,-950.287,1399.32,-0.0536,-8e-05
31.3045,-927.313,1397.24,-0.05341,-8e-05
31.306167,-898.074,1390.97,-0.05306,-8e-05
31.307833,-868.834,1388.88,-0.05263,-8e-05
31.3095,-835.417,1380.53,-0.05216,-4e-05
31.311167,-797.824,1376.35,-0.05153,-4e-05
31.312833,-756.053,1372.17,-0.05079,-8e-05
31.3145,-714.282,1363.82,-0.04998,-4e-05
31.316167,-666.245,1355.46,-0.049,-4e-05
31.317833,-620.297,1351.29,-0.04791,-4e-05
31.3195,-568.084,1342.93,-0.04658,-4e-05
31.321167,-517.959,1332.49,-0.0451,-4e-05
31.322833,-463.657,1322.05,-0.04335,-4e-05
31.3245,-407.266,1317.87,-0.04136,-8e-05
31.326167,-346.698,1305.34,-0.03918,0
31.327833,-290.308,1290.72,-0.03672,-4e-05
31.3295,-229.74,1278.19,-0.03384,-4e-05
31.331167,-173.349,1265.66,-0.0308,-4e-05
31.332833,-110.693,1251.04,-0.02737,0
31.3345,-50.125,1236.42,-0.02382,0
31.336167,10.4427,1225.97,-0.01973,0
31.337833,71.0105,1215.53,-0.01555,0
31.3395,129.49,1209.27,-0.01099,4e-05
31.341167,190.057,1203,-0.00624,-4e-05
31.342667,248.537,1190.47,-0.00121,4e-05
31.344333,307.016,1184.2,0.0039,4e-05
31.346,365.495,1190.47,0.00908,8e-05
31.347667,423.974,1207.18,0.01423,8e-05
31.349333,486.631,1221.8,0.0191,8e-05
31.351,545.11,1240.59,0.02351,0.00019
31.352667,597.323,1253.13,0.02752,4e-05
31.354333,647.448,1265.66,0.03119,4e-05
31.356,695.485,1284.45,0.03458,4e-05
31.357667,741.433,1299.07,0.0377,0
31.359333,781.115,1309.52,0.04031,0
31.361,818.709,1324.14,0.04284,0
31.362667,854.214,1340.84,0.0451,-4e-05
31.364333,887.631,1347.11,0.04709,-8e-05
31.366,914.782,1353.38,0.04857,-8e-05
31.367667,939.845,1365.91,0.0499,4e-05
31.369333,960.73,1370.08,0.05087,-8e-05
31.371,977.438,1370.08,0.05165,-0.00012
31.372667,985.792,1374.26,0.05228,-0.00012
31.374333,992.058,1376.35,0.05274,-0.00012
31.376,996.235,1376.35,0.05306,-0.00012
31.377667,996.235,1376.35,0.05337,-0.00012
31.379333,989.97,1374.26,0.05337,-0.00015
31.381,983.704,1376.35,0.05341,-0.00012
31.382667,971.173,1372.17,0.05341,-0.00012
31.384333,952.376,1372.17,0.05333,-4e-05
31.386,933.579,1372.17,0.05317,-0.00015
31.387667,910.605,1368,0.05294,-0.00012
31.389333,883.454,1363.82,0.0527,-0.00012
31.391,852.126,1363.82,0.05239,-0.00012
31.392667,822.886,1361.73,0.05192,-0.00012
31.394167,785.292,1353.38,0.05134,-0.00012
31.395833,747.699,1349.2,0.05076,-0.00015
31.3975,703.839,1342.93,0.0499,-0.00012
31.399167,655.803,1336.67,0.04892,-0.00012
31.400833,605.678,1330.4,0.04791,-4e-05
31.4025,559.73,1322.05,0.0467,-8e-05
31.404167,507.516,1313.69,0.0453,-0.00012
31.405833,451.125,1299.07,0.0437,-8e-05
31.4075,398.912,1292.81,0.04191,-4e-05
31.409167,340.433,1278.19,0.0398,0
31.410833,281.953,1267.75,0.03738,0
31.4125,223.474,1255.21,0.03489,0
31.414167,167.083,1242.68,0.032,4e-05
31.415833,110.693,1228.06,0.02861,0
31.4175,50.125,1219.71,0.02479,4e-05
31.419167,-10.4427,1215.53,0.02074,8e-05
31.420833,-71.0105,1211.36,0.01645,4e-05
31.4225,-129.49,1207.18,0.01193,4e-05
31.424167,-187.969,1209.27,0.00706,4e-05
31.425833,-246.448,1230.15,0.00214,8e-05
31.4275,-309.104,1240.59,-0.00316,4e-05
31.429167,-365.495,1244.77,-0.00823,4e-05
31.430833,-426.063,1255.21,-0.01329,4e-05
31.4325,-486.631,1269.83,-0.01817,4e-05
31.434167,-543.021,1278.19,-0.02269,4e-05
31.435833,-601.501,1290.72,-0.02686,0.00012
31.4375,-655.803,1309.52,-0.03056,4e-05
31.439167,-703.839,1324.14,-0.03395,4e-05
31.440833,-751.876,1336.67,-0.03699,4e-05
31.4425,-791.558,1351.29,-0.03976,4e-05
31.444167,-831.24,1361.73,-0.04237,0
31.445667,-864.657,1368,-0.04479,0
31.447333,-900.162,1380.53,-0.04693,0
31.449,-931.49,1390.97,-0.04877,0
31.450667,-956.553,1395.15,-0.05013,-4e-05
31.452333,-977.438,1403.5,-0.05122,0.00012
31.454,-994.147,1403.5,-0.05212,-4e-05
31.455667,-1006.68,1405.59,-0.05278,-4e-05
31.457333,-1015.03,1405.59,-0.05329,-4e-05
31.459,-1019.21,1409.77,-0.05368,-8e-05
31.460667,-1019.21,1411.86,-0.05391,-4e-05
31.462333,-1012.94,1405.59,-0.05395,-4e-05
31.464,-1006.68,1403.5,-0.05407,-4e-05
31.465667,-994.147,1403.5,-0.05403,-8e-05
31.467333,-979.527,1401.41,-0.05395,-4e-05
31.469,-958.641,1399.32,-0.0538,4e-05
31.470667,-933.579,1395.15,-0.0536,-4e-05
31.472333,-908.516,1393.06,-0.05337,-8e-05
31.474,-881.365,1386.79,-0.05298,-4e-05
31.475667,-845.86,1380.53,-0.05247,-8e-05
31.477333,-808.266,1378.44,-0.05185,-8e-05
31.479,-772.761,1370.08,-0.05118,-8e-05
31.480667,-728.902,1363.82,-0.05044,-8e-05
31.482333,-680.865,1357.55,-0.04951,-0.00012
31.484,-637.006,1349.2,-0.04838,-4e-05
31.485667,-586.881,1342.93,-0.04717,4e-05
31.487333,-532.579,1332.49,-0.04577,-4e-05
31.489,-480.365,1326.23,-0.04409,-8e-05
31.490667,-423.974,1315.78,-0.04222,-4e-05
31.492333,-365.495,1307.43,-0.04004,0
31.494,-309.104,1294.9,-0.03766,-4e-05
31.4955,-250.625,1280.28,-0.03497,-4e-05
31.497167,-190.057,1265.66,-0.03197,-4e-05
31.498833,-129.49,1253.13,-0.02865,0
31.5005,-68.9219,1240.59,-0.02507,0
31.502167,-10.4427,1228.06,-0.02125,4e-05
31.503833,50.125,1215.53,-0.01711,4e-05
31.5055,110.693,1209.27,-0.01263,4e-05
31.507167,169.172,1203,-0.00784,0
31.508833,229.74,1190.47,-0.00296,4e-05
31.5105,286.13,1182.12,0.00211,4e-05
31.512167,344.61,1182.12,0.00741,8e-05
31.513833,403.089,1203,0.01263,8e-05
31.5155,463.657,1215.53,0.01758,8e-05
31.517167,522.136,1232.24,0.02214,8e-05
31.518833,580.615,1246.86,0.02631,4e-05
31.5205,630.74,1261.48,0.03002,0
31.522167,678.777,1274.01,0.0336,4e-05
31.523833,728.902,1290.72,0.03684,4e-05
31.5255,770.673,1303.25,0.03961,0
31.527167,808.266,1315.78,0.04214,-4e-05
31.528833,845.86,1330.4,0.04456,0
31.5305,877.188,1345.02,0.04658,-4e-05
31.532167,908.516,1351.29,0.0483,-4e-05
31.533833,933.579,1359.64,0.04962,-8e-05
31.5355,954.464,1365.91,0.05068,-0.00012
31.537167,971.173,1368,0.05153,-8e-05
31.538833,983.704,1370.08,0.05224,-0.00012
31.5405,989.97,1374.26,0.05274,-0.00015
31.542167,996.235,1378.44,0.05313,-0.00015
31.543833,998.324,1376.35,0.05341,-0.00015
31.5455,994.147,1374.26,0.05352,-0.00012
31.547,983.704,1374.26,0.05356,-0.00015
31.548667,975.35,1374.26,0.05356,-0.00015
31.550333,958.641,1372.17,0.05352,-0.00015
31.552,939.845,1370.08,0.05341,-0.00019
31.553667,918.959,1370.08,0.05321,-4e-05
31.555333,889.72,1365.91,0.05294,-0.00012
31.557,864.657,1361.73,0.05267,-0.00012
31.558667,831.24,1359.64,0.0522,-0.00015
31.560333,795.735,1355.46,0.05169,-0.00012
31.562,758.141,1347.11,0.05099,-0.00012
31.563667,718.459,1345.02,0.05037,-0.00012
31.565333,670.422,1336.67,0.04935,-0.00012
31.567,624.474,1330.4,0.04842,-0.00012
31.568667,574.349,1322.05,0.04725,-8e-05
31.570333,526.313,1313.69,0.046,4e-05
31.572,469.922,1303.25,0.04444,-4e-05
31.573667,417.709,1294.9,0.04272,-4e-05
31.575333,359.229,1282.37,0.0407,-4e-05
31.577,302.839,1269.83,0.03836,0
31.578667,242.271,1259.39,0.03586,4e-05
31.580333,185.88,1246.86,0.03314,4e-05
31.582,129.49,1230.15,0.02994,4e-05
31.583667,73.099,1221.8,0.02624,4e-05
31.585333,12.5313,1215.53,0.02226,4e-05
31.587,-50.125,1209.27,0.01793,0.00019
31.588667,-110.693,1203,0.01345,4e-05
31.590333,-167.083,1205.09,0.00873,8e-05
31.592,-225.563,1221.8,0.00382,8e-05
31.593667,-286.13,1236.42,-0.0014,4e-05
31.595333,-346.698,1240.59,-0.00659,4e-05
31.597,-407.266,1248.95,-0.01166,8e-05
31.5985,-465.745,1261.48,-0.01649,8e-05
31.600167,-526.313,1271.92,-0.02125,8e-05
31.601833,-582.704,1284.45,-0.02553,8e-05
31.6035,-637.006,1301.16,-0.02947,8e-05
31.605167,-687.131,1317.87,-0.03298,4e-05
31.606833,-737.256,1328.31,-0.03614,8e-05
31.6085,-779.027,1342.93,-0.03894,0
31.610167,-818.709,1355.46,-0.04163,4e-05
31.611833,-854.214,1365.91,-0.04417,0
31.6135,-889.72,1378.44,-0.04643,0
31.615167,-921.048,1386.79,-0.04826,0
31.616833,-948.199,1390.97,-0.04986,0
31.6185,-969.084,1397.24,-0.05107,-4e-05
31.620167,-987.881,1403.5,-0.05196,-4e-05
31.621833,-1002.5,1403.5,-0.0527,-4e-05
31.6235,-1012.94,1405.59,-0.05333,-4e-05
31.625167,-1017.12,1407.68,-0.05372,-4e-05
31.626833,-1019.21,1407.68,-0.05399,-8e-05
31.6285,-1015.03,1403.5,-0.05415,-8e-05
31.630167,-1008.77,1401.41,-0.05419,-4e-05
31.631833,-998.324,1403.5,-0.05415,-4e-05
31.6335,-985.792,1399.32,-0.05415,-8e-05
31.635167,-964.907,1397.24,-0.05399,-8e-05
31.636833,-944.022,1395.15,-0.05383,-8e-05
31.6385,-916.871,1390.97,-0.0536,0
31.640167,-889.72,1384.7,-0.05329,-8e-05
31.641833,-858.391,1380.53,-0.05282,-4e-05
31.6435,-822.886,1380.53,-0.05224,-8e-05
31.645167,-783.204,1370.08,-0.05161,-4e-05
31.646833,-741.433,1365.91,-0.05083,-8e-05
31.6485,-697.574,1357.55,-0.04998,-8e-05
31.65,-649.537,1349.2,-0.04892,-8e-05
31.651667,-603.589,1340.84,-0.04775,-4e-05
31.653333,-551.375,1334.58,-0.04635,-8e-05
31.655,-497.073,1326.23,-0.04479,4e-05
31.656667,-442.771,1315.78,-0.04296,-4e-05
31.658333,-384.292,1311.61,-0.04089,-4e-05
31.66,-327.901,1296.99,-0.03863,-4e-05
31.661667,-269.422,1282.37,-0.03602,-4e-05
31.663333,-208.854,1271.92,-0.0331,0
31.665,-150.375,1255.21,-0.0299,0
31.666667,-87.7188,1240.59,-0.02635,4e-05
31.668333,-31.3282,1230.15,-0.02261,4e-05
31.67,31.3282,1219.71,-0.01852,4e-05
31.671667,89.8074,1207.18,-0.01419,0.00012
31.673333,148.287,1200.91,-0.00947,4e-05
31.675,210.943,1194.65,-0.00464,8e-05
31.676667,267.334,1182.12,0.00043,4e-05
31.678333,325.813,1177.94,0.00565,8e-05
31.68,384.292,1190.47,0.01092,0.00012
31.681667,444.86,1209.27,0.01598,8e-05
31.683333,505.428,1225.97,0.02082,8e-05
31.685,561.818,1238.51,0.0251,4e-05
31.686667,611.943,1253.13,0.029,4e-05
31.688333,662.068,1271.92,0.03267,0.00012
31.69,710.105,1284.45,0.03598,0
31.691667,756.053,1296.99,0.03887,0
31.693333,793.647,1311.61,0.04152,0
31.695,833.329,1324.14,0.04393,-4e-05
31.696667,864.657,1334.58,0.04608,-4e-05
31.698333,898.074,1347.11,0.04795,-4e-05
31.699833,927.313,1353.38,0.04939,-8e-05
31.7015,948.199,1361.73,0.05068,-0.00012
31.703167,966.996,1363.82,0.05146,-0.00012
31.704833,981.615,1368,0.0522,-0.00012
31.7065,987.881,1370.08,0.05278,-0.00012
31.708167,996.235,1374.26,0.05317,-0.00012
31.709833,996.235,1374.26,0.05341,-0.00012
31.7115,996.235,1372.17,0.05364,-0.00012
31.713167,987.881,1372.17,0.05372,-0.00015
31.714833,977.438,1370.08,0.05372,-0.00015
31.7165,964.907,1365.91,0.05368,-0.00015
31.718167,946.11,1368,0.0536,-0.00015
31.719833,925.225,1365.91,0.05344,-0.00015
31.7215,902.251,1363.82,0.05317,-0.00012
31.723167,873.011,1361.73,0.0529,-0.00012
31.724833,841.683,1361.73,0.05251,-8e-05
31.7265,806.178,1353.38,0.05196,-0.00012
31.728167,770.673,1349.2,0.05138,-0.00012
31.729833,733.079,1345.02,0.05068,-0.00012
31.7315,685.042,1340.84,0.04986,-0.00012
31.733167,639.094,1328.31,0.04888,-0.00012
31.734833,588.969,1319.96,0.04775,-8e-05
31.7365,538.844,1315.78,0.04655,-4e-05
31.738167,488.719,1303.25,0.04506,-8e-05
31.739833,434.417,1294.9,0.04343,4e-05
31.7415,375.938,1282.37,0.04148,-4e-05
31.743167,321.636,1271.92,0.03929,0
31.744833,261.068,1259.39,0.03688,4e-05
31.7465,204.677,1244.77,0.03419,0
31.748167,146.198,1234.33,0.03119,4e-05
31.749833,91.8959,1221.8,0.02764,4e-05
31.751333,31.3282,1215.53,0.02366,8e-05
31.753,-27.1511,1209.27,0.01953,8e-05
31.754667,-89.8074,1203,0.01505,8e-05
31.756333,-148.287,1203,0.01049,0.00019
31.758,-210.943,1207.18,0.00554,8e-05
31.759667,-263.156,1232.24,0.00043,8e-05
31.761333,-327.901,1238.51,-0.00491,4e-05
31.763,-388.469,1242.68,-0.01002,8e-05
31.764667,-444.86,1253.13,-0.01497,8e-05
31.766333,-505.428,1265.66,-0.01984,4e-05
31.768,-563.907,1278.19,-0.02429,8e-05
31.769667,-620.297,1296.99,-0.02834,8e-05
31.771333,-672.511,1309.52,-0.032,4e-05
31.773,-722.636,1324.14,-0.03524,0.00012
31.774667,-766.495,1336.67,-0.0382,4e-05
31.776333,-804.089,1347.11,-0.04093,0
31.778,-843.772,1357.55,-0.0435,0
31.779667,-879.277,1370.08,-0.0458,0
31.781333,-908.516,1382.62,-0.04783,0
31.783,-939.845,1390.97,-0.04959,0
31.784667,-964.907,1393.06,-0.05083,-4e-05
31.786333,-983.704,1399.32,-0.05181,0
31.788,-998.324,1401.41,-0.05263,0
31.789667,-1010.86,1403.5,-0.05325,4e-05
31.791333,-1015.03,1403.5,-0.05368,-4e-05
31.793,-1019.21,1403.5,-0.05403,-8e-05
31.794667,-1019.21,1403.5,-0.05422,0
31.796333,-1010.86,1399.32,-0.0543,-8e-05
31.798,-1002.5,1399.32,-0.0543,-8e-05
31.799667,-987.881,1399.32,-0.05426,-8e-05
31.801333,-971.173,1395.15,-0.05419,-4e-05
31.802833,-952.376,1390.97,-0.05399,-4e-05
31.8045,-927.313,1390.97,-0.05383,-4e-05
31.806167,-898.074,1384.7,-0.05348,-4e-05
31.807833,-866.746,1378.44,-0.05306,-4e-05
31.8095,-835.417,1376.35,-0.05259,-4e-05
31.811167,-797.824,1370.08,-0.05192,-4e-05
31.812833,-756.053,1361.73,-0.05122,-4e-05
31.8145,-710.105,1355.46,-0.0504,-4e-05
31.816167,-666.245,1351.29,-0.04947,-4e-05
31.817833,-618.209,1342.93,-0.0483,-4e-05
31.8195,-568.084,1334.58,-0.04705,-4e-05
31.821167,-515.87,1328.31,-0.04549,-4e-05
31.822833,-461.568,1319.96,-0.04374,-4e-05
31.8245,-405.177,1309.52,-0.04175,-4e-05
31.826167,-346.698,1299.07,-0.03949,0
31.827833,-290.308,1286.54,-0.03703,0
31.8295,-229.74,1269.83,-0.03423,0
31.831167,-173.349,1257.3,-0.03103,0
31.832833,-110.693,1244.77,-0.02764,4e-05
31.8345,-50.125,1228.06,-0.02401,4e-05
31.836167,10.4427,1215.53,-0.02004,4e-05
31.837833,68.9219,1205.09,-0.01579,4e-05
31.8395,129.49,1200.91,-0.01111,4e-05
31.841167,190.057,1192.56,-0.00628,0.00012
31.842833,250.625,1182.12,-0.00125,8e-05
31.8445,304.927,1175.85,0.00394,8e-05
31.846167,365.495,1184.2,0.0092,0.00012
31.847833,423.974,1200.91,0.01438,8e-05
31.8495,486.631,1217.62,0.01934,4e-05
31.851167,543.021,1230.15,0.02378,8e-05
31.852833,597.323,1244.77,0.02779,8e-05
31.854333,647.448,1261.48,0.03154,4e-05
31.856,697.574,1278.19,0.03505,4e-05
31.857667,741.433,1286.54,0.03805,0.00012
31.859333,783.204,1303.25,0.04074,4e-05
31.861,822.886,1319.96,0.04331,0
31.862667,854.214,1332.49,0.04557,-4e-05
31.864333,889.72,1340.84,0.04748,-4e-05
31.866,916.871,1353.38,0.04908,-4e-05
31.867667,941.933,1357.55,0.0504,-4e-05
31.869333,960.73,1359.64,0.05126,-8e-05
31.871,977.438,1365.91,0.05208,-0.00012
31.872667,987.881,1370.08,0.05274,-8e-05
31.874333,994.147,1374.26,0.05321,4e-05
31.876,996.235,1370.08,0.05356,-0.00012
31.877667,996.235,1370.08,0.05383,-0.00012
31.879333,989.97,1372.17,0.05387,-0.00012
31.881,981.615,1368,0.05387,-0.00012
31.882667,969.084,1365.91,0.05387,-0.00015
31.884333,952.376,1368,0.0538,-0.00012
31.886,933.579,1365.91,0.05364,-0.00012
31.887667,908.516,1363.82,0.05348,-0.00012
31.889333,883.454,1361.73,0.05321,-0.00012
31.891,854.214,1359.64,0.05282,-8e-05
31.892667,820.798,1353.38,0.05239,-0.00012
31.894333,785.292,1349.2,0.05185,-8e-05
31.896,745.61,1342.93,0.05118,-0.00012
31.897667,703.839,1336.67,0.0504,-8e-05
31.899333,653.714,1330.4,0.04939,-8e-05
31.901,607.766,1324.14,0.04838,-8e-05
31.902667,557.641,1315.78,0.04717,-4e-05
31.904333,503.339,1305.34,0.04569,-4e-05
31.905833,451.125,1294.9,0.04413,0
31.9075,396.823,1286.54,0.04233,0
31.909167,340.433,1271.92,0.04023,0
31.910833,279.865,1259.39,0.03781,4e-05
31.9125,223.474,1251.04,0.03524,4e-05
31.914167,167.083,1236.42,0.03239,4e-05
31.915833,112.781,1219.71,0.02904,4e-05
31.9175,50.125,1215.53,0.02514,4e-05
31.919167,-8.35417,1209.27,0.02101,4e-05
31.920833,-71.0105,1200.91,0.01665,4e-05
31.9225,-129.49,1200.91,0.01212,8e-05
31.924167,-187.969,1203,0.00721,8e-05
31.925833,-246.448,1221.8,0.00214,0.00012
31.9275,-307.016,1230.15,-0.00316,8e-05
31.929167,-367.584,1238.51,-0.00826,8e-05
31.930833,-426.063,1246.86,-0.01337,4e-05
31.9325,-486.631,1257.3,-0.01824,4e-05
31.934167,-545.11,1271.92,-0.02288,4e-05
31.935833,-599.412,1288.63,-0.02709,8e-05
31.9375,-655.803,1299.07,-0.03087,4e-05
31.939167,-703.839,1315.78,-0.03427,0
31.940833,-751.876,1330.4,-0.03731,4e-05
31.9425,-791.558,1342.93,-0.04015,0.00012
31.944167,-829.152,1353.38,-0.04272,0
31.945833,-864.657,1365.91,-0.04518,4e-05
31.9475,-898.074,1376.35,-0.04732,4e-05
31.949167,-929.402,1382.62,-0.04912,4e-05
31.950833,-956.553,1390.97,-0.05056,-4e-05
31.9525,-977.438,1399.32,-0.05169,-4e-05
31.954167,-994.147,1399.32,-0.05251,0
31.955667,-1006.68,1399.32,-0.05321,0
31.957333,-1012.94,1401.41,-0.05368,0
31.959,-1019.21,1403.5,-0.05411,8e-05
31.960667,-1019.21,1403.5,-0.05434,-4e-05
31.962333,-1012.94,1399.32,-0.05446,-4e-05
31.964,-1006.68,1401.41,-0.05446,-4e-05
31.965667,-994.147,1399.32,-0.05442,-4e-05
31.967333,-979.527,1393.06,-0.05438,-4e-05
31.969,-958.641,1390.97,-0.05422,-4e-05
31.970667,-933.579,1388.88,-0.05407,-4e-05
31.972333,-908.516,1384.7,-0.0538,-4e-05
31.974,-877.188,1380.53,-0.05337,-4e-05
31.975667,-845.86,1378.44,-0.0529,0
31.977333,-808.266,1370.08,-0.05231,-8e-05
31.979,-768.584,1363.82,-0.05161,-4e-05
31.980667,-728.902,1359.64,-0.05083,-8e-05
31.982333,-685.042,1349.2,-0.04994,-8e-05
31.984,-632.829,1342.93,-0.04885,-4e-05
31.985667,-584.792,1336.67,-0.04764,-4e-05
31.987333,-532.579,1328.31,-0.04612,-4e-05
31.989,-480.365,1319.96,-0.04448,-4e-05
31.990667,-423.974,1309.52,-0.04257,0
31.992333,-365.495,1301.16,-0.04042,-4e-05
31.994,-309.104,1290.72,-0.03797,0
31.995667,-250.625,1276.1,-0.03536,0
31.997333,-190.057,1259.39,-0.03224,0
31.999,-129.49,1244.77,-0.02892,-4e-05
32.000667,-71.0105,1232.24,-0.02534,0
32.002333,-8.35417,1217.62,-0.02136,4e-05
32.004,50.125,1205.09,-0.01727,8e-05
32.005667,110.693,1203,-0.01271,4e-05
32.007167,169.172,1196.74,-0.00791,4e-05
32.008833,229.74,1182.12,-0.003,4e-05
32.0105,284.042,1171.67,0.00214,4e-05
32.012167,346.698,1173.76,0.00745,8e-05
32.013833,403.089,1192.56,0.01271,8e-05
32.0155,463.657,1209.27,0.01778,8e-05
32.017167,522.136,1221.8,0.02245,8e-05
32.018833,580.615,1238.51,0.02659,8e-05
32.0205,630.74,1253.13,0.03045,4e-05
32.022167,678.777,1271.92,0.03403,4e-05
32.023833,728.902,1284.45,0.03723,4e-05
32.0255,770.673,1296.99,0.04003,4e-05
32.027167,808.266,1311.61,0.04265,4e-05
32.028833,845.86,1326.23,0.04502,-4e-05
32.0305,877.188,1334.58,0.04701,-4e-05
32.032167,908.516,1347.11,0.04873,-4e-05
32.033833,933.579,1355.46,0.05005,-0.00012
32.0355,956.553,1359.64,0.05114,-8e-05
32.037167,971.173,1363.82,0.052,-8e-05
32.038833,983.704,1368,0.05267,-8e-05
32.0405,992.058,1370.08,0.05321,-0.00012
32.042167,994.147,1368,0.05356,-0.00012
32.043833,996.235,1370.08,0.05387,0
32.0455,994.147,1370.08,0.05399,-0.00012
32.047167,983.704,1368,0.05403,-0.00015
32.048833,975.35,1365.91,0.05407,-0.00012
32.0505,958.641,1365.91,0.05399,-0.00012
32.052167,939.845,1365.91,0.05387,-0.00012
32.053833,916.871,1359.64,0.05368,-0.00015
32.0555,889.72,1359.64,0.05341,-0.00012
32.057167,862.568,1359.64,0.05313,-0.00012
32.058667,831.24,1351.29,0.05267,-0.00015
32.060333,797.824,1349.2,0.05216,0
32.062,758.141,1345.02,0.0515,-0.00012
32.063667,716.37,1340.84,0.05068,-8e-05
32.065333,668.334,1330.4,0.04978,-0.00012
32.067,622.386,1326.23,0.04884,-0.00012
32.068667,574.349,1315.78,0.04768,-8e-05
32.070333,524.224,1307.43,0.04643,-8e-05
32.072,469.922,1296.99,0.04487,-8e-05
32.073667,415.62,1286.54,0.04311,-4e-05
32.075333,359.229,1276.1,0.04109,0
32.077,302.839,1263.57,0.03879,0.00012
32.078667,242.271,1251.04,0.03625,0
32.080333,185.88,1240.59,0.03352,4e-05
32.082,129.49,1223.89,0.03033,4e-05
32.083667,71.0105,1215.53,0.02659,4e-05
32.085333,12.5313,1207.18,0.02253,4e-05
32.087,-48.0365,1205.09,0.01824,8e-05
32.088667,-110.693,1196.74,0.01364,0.00012
32.090333,-167.083,1198.82,0.00893,8e-05
32.092,-227.651,1215.53,0.0039,8e-05
32.093667,-284.042,1228.06,-0.00133,0.00012
32.095333,-346.698,1232.24,-0.00663,8e-05
32.097,-407.266,1240.59,-0.01169,0.00012
32.098667,-463.657,1253.13,-0.01672,8e-05
32.100333,-526.313,1265.66,-0.02144,8e-05
32.102,-582.704,1280.28,-0.02581,8e-05
32.103667,-639.094,1294.9,-0.02978,8e-05
32.105333,-689.219,1309.52,-0.03329,8e-05
32.107,-737.256,1324.14,-0.03649,4e-05
32.108667,-779.027,1338.76,-0.03933,4e-05
32.110167,-820.798,1347.11,-0.04206,4e-05
32.111833,-856.303,1357.55,-0.0446,4e-05
32.1135,-889.72,1370.08,-0.04682,0
32.115167,-921.048,1380.53,-0.04877,4e-05
32.116833,-950.287,1388.88,-0.05029,0
32.1185,-971.173,1393.06,-0.05146,0
32.120167,-989.97,1397.24,-0.05243,-4e-05
32.121833,-1002.5,1399.32,-0.05313,0
32.1235,-1012.94,1399.32,-0.05376,-4e-05
32.125167,-1019.21,1399.32,-0.05415,0
32.126833,-1019.21,1399.32,-0.05438,-4e-05
32.1285,-1015.03,1399.32,-0.05458,0
32.130167,-1008.77,1395.15,-0.05461,-8e-05
32.131833,-998.324,1393.06,-0.05458,0
32.1335,-983.704,1393.06,-0.05458,-8e-05
32.135167,-964.907,1390.97,-0.05442,-4e-05
32.136833,-944.022,1386.79,-0.05426,-4e-05
32.1385,-916.871,1386.79,-0.05407,-4e-05
32.140167,-889.72,1380.53,-0.05368,0
32.141833,-858.391,1374.26,-0.05325,-4e-05
32.1435,-822.886,1370.08,-0.0527,-4e-05
32.145167,-785.292,1365.91,-0.05204,8e-05
32.146833,-743.521,1355.46,-0.0513,0
32.1485,-697.574,1351.29,-0.0504,-8e-05
32.150167,-649.537,1345.02,-0.04935,0
32.151833,-601.501,1338.76,-0.04818,-4e-05
32.1535,-549.287,1330.4,-0.04678,-4e-05
32.155167,-499.162,1319.96,-0.04522,-4e-05
32.156833,-442.771,1315.78,-0.04339,-4e-05
32.1585,-384.292,1303.25,-0.04124,0
32.16,-327.901,1290.72,-0.03898,0
32.161667,-271.511,1278.19,-0.03637,8e-05
32.163333,-208.854,1265.66,-0.03345,0
32.165,-152.464,1253.13,-0.03021,0
32.166667,-89.8074,1234.33,-0.02666,4e-05
32.168333,-31.3282,1221.8,-0.02284,4e-05
32.17,31.3282,1209.27,-0.01875,4e-05
32.171667,89.8074,1200.91,-0.01435,4e-05
32.173333,148.287,1196.74,-0.00963,0
32.175,208.854,1186.29,-0.00468,8e-05
32.176667,267.334,1175.85,0.00039,8e-05
32.178333,325.813,1171.67,0.00569,0.00019
32.18,382.203,1184.2,0.01099,0.00012
32.181667,444.86,1200.91,0.01614,0.00012
32.183333,503.339,1219.71,0.02097,8e-05
32.185,561.818,1232.24,0.02538,8e-05
32.186667,614.032,1244.77,0.02924,0.00012
32.188333,664.157,1263.57,0.03298,8e-05
32.19,710.105,1278.19,0.03629,4e-05
32.191667,758.141,1290.72,0.03926,8e-05
32.193333,793.647,1305.34,0.04195,4e-05
32.195,833.329,1319.96,0.0444,0
32.196667,866.746,1330.4,0.04655,0
32.198333,898.074,1342.93,0.04838,-4e-05
32.2,925.225,1351.29,0.04978,-4e-05
32.201667,948.199,1353.38,0.05099,-4e-05
32.203333,964.907,1359.64,0.05189,-8e-05
32.205,981.615,1363.82,0.05267,-8e-05
32.206667,989.97,1365.91,0.05321,-0.00012
32.208333,996.235,1365.91,0.05372,-0.00012
32.21,998.324,1368,0.05399,-8e-05
32.2115,994.147,1368,0.05411,-8e-05
32.213167,989.97,1365.91,0.05419,-8e-05
32.214833,979.527,1365.91,0.05422,-0.00012
32.2165,964.907,1365.91,0.05422,-0.00012
32.218167,946.11,1363.82,0.05415,-0.00012
32.219833,925.225,1359.64,0.05391,-0.00012
32.2215,902.251,1357.55,0.05368,-8e-05
32.223167,870.923,1357.55,0.05341,-8e-05
32.224833,841.683,1353.38,0.05302,-8e-05
32.2265,808.266,1347.11,0.05255,-0.00012
32.228167,772.761,1342.93,0.05185,-0.00012
32.229833,730.99,1340.84,0.05114,0
32.2315,687.131,1330.4,0.05033,-8e-05
32.233167,637.006,1326.23,0.04939,-8e-05
32.234833,588.969,1317.87,0.04822,-4e-05
32.2365,538.844,1309.52,0.04697,-8e-05
32.238167,488.719,1299.07,0.04549,-4e-05
32.239833,432.328,1288.63,0.04386,0
32.2415,378.026,1276.1,0.04195,0
32.243167,321.636,1265.66,0.03972,0
32.244833,261.068,1255.21,0.03731,4e-05
32.2465,204.677,1240.59,0.03458,0.00012
32.248167,146.198,1228.06,0.03158,4e-05
32.249833,91.8959,1215.53,0.02799,8e-05
32.2515,31.3282,1207.18,0.02401,8e-05
32.253167,-29.2396,1200.91,0.01976,0.00012
32.254833,-89.8074,1194.65,0.01528,8e-05
32.2565,-148.287,1196.74,0.01064,0.00012
32.258167,-208.854,1200.91,0.00561,0.00012
32.259833,-265.245,1221.8,0.00043,8e-05
32.2615,-327.901,1230.15,-0.00491,0.00012
32.263,-386.381,1234.33,-0.01006,0.00023
32.264667,-444.86,1244.77,-0.01516,0.00012
32.266333,-505.428,1259.39,-0.02,8e-05
32.268,-563.907,1274.01,-0.02452,8e-05
32.269667,-620.297,1286.54,-0.02857,8e-05
32.271333,-672.511,1303.25,-0.03224,8e-05
32.273,-720.547,1317.87,-0.03559,4e-05
32.274667,-766.495,1330.4,-0.03851,8e-05
32.276333,-806.178,1340.84,-0.04136,4e-05
32.278,-843.772,1353.38,-0.04386,4e-05
32.279667,-877.188,1368,-0.04623,0.00012
32.281333,-908.516,1374.26,-0.0483,0
32.283,-939.845,1382.62,-0.04994,4e-05
32.284667,-962.819,1390.97,-0.05126,0
32.286333,-985.792,1390.97,-0.05231,-4e-05
32.288,-1000.41,1397.24,-0.05306,0
32.289667,-1010.86,1399.32,-0.05376,0
32.291333,-1017.12,1399.32,-0.05422,0
32.293,-1019.21,1397.24,-0.05454,-4e-05
32.294667,-1019.21,1397.24,-0.05465,-4e-05
32.296333,-1012.94,1397.24,-0.05477,0
32.298,-1002.5,1390.97,-0.05477,-4e-05
32.299667,-989.97,1393.06,-0.05473,-4e-05
32.301333,-969.084,1390.97,-0.05461,-4e-05
32.303,-952.376,1384.7,-0.05446,-4e-05
32.304667,-927.313,1382.62,-0.05426,0
32.306333,-898.074,1380.53,-0.05395,-4e-05
32.308,-866.746,1374.26,-0.05356,0
32.309667,-833.329,1368,-0.05302,-4e-05
32.311333,-795.735,1363.82,-0.05243,0
32.313,-756.053,1357.55,-0.05169,-4e-05
32.3145,-710.105,1349.2,-0.05087,0
32.316167,-666.245,1342.93,-0.04986,0
32.317833,-616.12,1336.67,-0.04873,-4e-05
32.3195,-568.084,1328.31,-0.04744,-4e-05
32.321167,-515.87,1322.05,-0.04596,-4e-05
32.322833,-461.568,1315.78,-0.04417,0
32.3245,-403.089,1303.25,-0.04218,4e-05
32.326167,-348.787,1290.72,-0.03996,0
32.327833,-288.219,1280.28,-0.03738,0
32.3295,-227.651,1267.75,-0.03458,4e-05
32.331167,-171.261,1251.04,-0.0315,0.00012
32.332833,-110.693,1234.33,-0.02799,4e-05
32.3345,-48.0365,1223.89,-0.02425,4e-05
32.336167,10.4427,1211.36,-0.02023,8e-05
32.337833,68.9219,1196.74,-0.01598,4e-05
32.3395,129.49,1194.65,-0.01127,8e-05
32.341167,187.969,1190.47,-0.00635,8e-05
32.342833,248.537,1171.67,-0.00125,4e-05
32.3445,307.016,1169.58,0.00398,8e-05
32.346167,365.495,1180.03,0.00936,8e-05
32.347833,423.974,1196.74,0.01454,0.00019
32.3495,484.542,1205.09,0.01949,0.00012
32.351167,543.021,1228.06,0.02409,8e-05
32.352833,599.412,1240.59,0.02815,8e-05
32.3545,645.36,1253.13,0.03193,4e-05
32.356167,697.574,1271.92,0.03544,4e-05
32.357833,741.433,1286.54,0.03851,4e-05
32.3595,781.115,1299.07,0.0412,4e-05
32.361167,820.798,1311.61,0.04382,0
32.362833,856.303,1326.23,0.046,0
32.364333,889.72,1336.67,0.04795,8e-05
32.366,918.959,1342.93,0.04959,-4e-05
32.367667,941.933,1353.38,0.05072,-4e-05
32.369333,960.73,1357.55,0.05177,-4e-05
32.371,975.35,1357.55,0.05259,-8e-05
32.372667,987.881,1361.73,0.05317,-8e-05
32.374333,994.147,1365.91,0.05364,-0.00012
32.376,996.235,1363.82,0.05399,-0.00012
32.377667,996.235,1361.73,0.05422,-8e-05
32.379333,992.058,1363.82,0.0543,-0.00015
32.381,981.615,1363.82,0.05438,-4e-05
32.382667,971.173,1359.64,0.05434,-0.00012
32.384333,952.376,1359.64,0.0543,-0.00015
32.386,933.579,1359.64,0.05411,-0.00012
32.387667,908.516,1355.46,0.05395,-8e-05
32.389333,881.365,1353.38,0.05364,-0.00012
32.391,852.126,1351.29,0.05329,-0.00012
32.392667,818.709,1347.11,0.05282,-0.00012
32.394333,785.292,1342.93,0.05228,-0.00012
32.396,745.61,1336.67,0.05157,-0.00012
32.397667,701.751,1332.49,0.05076,-8e-05
32.399333,655.803,1322.05,0.04974,-8e-05
32.401,607.766,1315.78,0.04877,-8e-05
32.402667,557.641,1307.43,0.04756,-8e-05
32.404333,505.428,1299.07,0.04616,-4e-05
32.406,451.125,1286.54,0.04452,-4e-05
32.407667,396.823,1278.19,0.04272,0
32.409333,340.433,1267.75,0.04058,0
32.411,279.865,1253.13,0.03824,0
32.412667,223.474,1238.51,0.03563,4e-05
32.414333,167.083,1228.06,0.03271,4e-05
32.415833,110.693,1213.44,0.02931,0.00012
32.4175,52.2136,1205.09,0.02538,4e-05
32.419167,-8.35417,1198.82,0.02128,8e-05
32.420833,-71.0105,1192.56,0.01692,8e-05
32.4225,-129.49,1188.38,0.01228,8e-05
32.424167,-190.057,1190.47,0.00733,0.00012
32.425833,-246.448,1215.53,0.00222,8e-05
32.4275,-304.927,1223.89,-0.00316,8e-05
32.429167,-367.584,1228.06,-0.00834,8e-05
32.430833,-426.063,1236.42,-0.01345,8e-05
32.4325,-484.542,1251.04,-0.0184,0.00015
32.434167,-545.11,1263.57,-0.02312,4e-05
32.435833,-601.501,1278.19,-0.02725,0.00012
32.4375,-655.803,1294.9,-0.03115,8e-05
32.439167,-703.839,1305.34,-0.03462,0.00012
32.440833,-751.876,1317.87,-0.0377,4e-05
32.4425,-793.647,1332.49,-0.0405,4e-05
32.444167,-831.24,1347.11,-0.04319,4e-05
32.445833,-866.746,1355.46,-0.04557,4e-05
32.4475,-900.162,1365.91,-0.04775,0
32.449167,-931.49,1376.35,-0.04962,0.00015
32.450833,-956.553,1386.79,-0.05103,-4e-05
32.4525,-977.438,1388.88,-0.05212,0
32.454167,-994.147,1388.88,-0.05298,0
32.455833,-1006.68,1395.15,-0.05364,-4e-05
32.4575,-1015.03,1397.24,-0.05419,0
32.459167,-1019.21,1395.15,-0.05458,-4e-05
32.460833,-1019.21,1393.06,-0.05481,0
32.4625,-1012.94,1393.06,-0.05493,-4e-05
32.464167,-1006.68,1393.06,-0.05493,-4e-05
32.465833,-992.058,1388.88,-0.05489,0.00012
32.467333,-977.438,1388.88,-0.05485,-4e-05
32.469,-958.641,1384.7,-0.05469,-4e-05
32.470667,-935.667,1382.62,-0.0545,-4e-05
32.472333,-906.428,1376.35,-0.05422,-4e-05
32.474,-879.277,1372.17,-0.05387,-4e-05
32.475667,-845.86,1368,-0.05337,-4e-05
32.477333,-808.266,1365.91,-0.05278,-4e-05
32.479,-770.673,1355.46,-0.05204,-4e-05
32.480667,-726.813,1349.2,-0.05126,0
32.482333,-680.865,1342.93,-0.05037,-4e-05
32.484,-632.829,1336.67,-0.04931,-4e-05
32.485667,-582.704,1328.31,-0.04803,0
32.487333,-530.49,1317.87,-0.04658,0
32.489,-478.276,1313.69,-0.04491,-4e-05
32.490667,-423.974,1305.34,-0.043,-4e-05
32.492333,-365.495,1290.72,-0.04081,0
32.494,-309.104,1280.28,-0.03844,0
32.495667,-248.537,1269.83,-0.03575,0
32.497333,-187.969,1251.04,-0.03263,0
32.499,-129.49,1236.42,-0.02931,0
32.500667,-68.9219,1223.89,-0.02569,0
32.502333,-8.35417,1211.36,-0.02171,0
32.504,50.125,1196.74,-0.0175,0
32.505667,108.604,1190.47,-0.01294,4e-05
32.507333,169.172,1186.29,-0.00803,4e-05
32.509,229.74,1173.76,-0.003,4e-05
32.510667,286.13,1165.41,0.00214,8e-05
32.512333,346.698,1167.5,0.00756,8e-05
32.514,403.089,1184.2,0.01286,0.00012
32.515667,463.657,1198.82,0.01797,8e-05
32.517333,524.224,1217.62,0.02265,0.00012
32.518833,580.615,1230.15,0.0269,8e-05
32.5205,628.652,1244.77,0.03072,4e-05
32.522167,680.865,1263.57,0.03442,4e-05
32.523833,728.902,1278.19,0.03762,0
32.5255,770.673,1290.72,0.04046,0
32.527167,810.355,1305.34,0.04304,0
32.528833,845.86,1322.05,0.04545,-4e-05
32.5305,877.188,1330.4,0.04752,-4e-05
32.532167,910.605,1338.76,0.0492,0
32.533833,933.579,1349.2,0.05052,0
32.5355,954.464,1355.46,0.05161,-8e-05
32.537167,971.173,1353.38,0.05247,-0.00012
32.538833,983.704,1359.64,0.05313,-0.00012
32.5405,992.058,1361.73,0.05368,-0.00012
32.542167,996.235,1361.73,0.05407,-8e-05
32.543833,996.235,1359.64,0.05434,-8e-05
32.5455,992.058,1361.73,0.0545,-0.00012
32.547167,985.792,1363.82,0.05454,-0.00012
32.548833,975.35,1359.64,0.0545,-0.00012
32.5505,958.641,1361.73,0.0545,0
32.552167,941.933,1359.64,0.0543,-0.00012
32.553833,916.871,1355.46,0.05415,-8e-05
32.5555,889.72,1351.29,0.05395,-0.00012
32.557167,862.568,1349.2,0.0536,-0.00012
32.558833,829.152,1349.2,0.05313,-0.00012
32.5605,797.824,1340.84,0.05263,-0.00012
32.562167,756.053,1336.67,0.05192,-0.00012
32.563833,716.37,1330.4,0.05126,-0.00012
32.5655,668.334,1324.14,0.05033,-8e-05
32.567167,622.386,1317.87,0.04931,-4e-05
32.568667,574.349,1309.52,0.04818,-0.00012
32.570333,522.136,1301.16,0.04682,-4e-05
32.572,469.922,1290.72,0.04526,-4e-05
32.573667,413.532,1278.19,0.04354,-4e-05
32.575333,357.141,1267.75,0.04148,-4e-05
32.577,300.75,1257.3,0.03922,-4e-05
32.578667,242.271,1240.59,0.03672,0
32.580333,185.88,1232.24,0.03391,4e-05
32.582,129.49,1215.53,0.03068,4e-05
32.583667,73.099,1200.91,0.02698,8e-05
32.585333,10.4427,1198.82,0.0228,4e-05
32.587,-48.0365,1192.56,0.01844,8e-05
32.588667,-108.604,1188.38,0.01388,8e-05
32.590333,-167.083,1188.38,0.00908,8e-05
32.592,-227.651,1203,0.00394,0.00012
32.593667,-284.042,1221.8,-0.00133,8e-05
32.595333,-344.61,1221.8,-0.00663,8e-05
32.597,-407.266,1232.24,-0.01181,8e-05
32.598667,-465.745,1244.77,-0.01688,4e-05
32.600333,-528.401,1259.39,-0.02167,8e-05
32.602,-582.704,1274.01,-0.02608,8e-05
32.603667,-639.094,1288.63,-0.03013,8e-05
32.605333,-691.308,1299.07,-0.03368,8e-05
32.607,-737.256,1311.61,-0.03692,8e-05
32.608667,-779.027,1328.31,-0.0398,4e-05
32.610333,-820.798,1340.84,-0.04253,4e-05
32.612,-856.303,1349.2,-0.04502,0
32.613667,-889.72,1363.82,-0.04729,0
32.615333,-921.048,1374.26,-0.04923,0
32.617,-950.287,1378.44,-0.05087,0
32.618667,-969.084,1386.79,-0.05196,8e-05
32.620167,-992.058,1390.97,-0.05294,0
32.621833,-1002.5,1393.06,-0.05364,0
32.6235,-1012.94,1393.06,-0.05422,-4e-05
32.625167,-1017.12,1390.97,-0.05461,-4e-05
32.626833,-1019.21,1393.06,-0.05493,-8e-05
32.6285,-1017.12,1390.97,-0.05504,-4e-05
32.630167,-1008.77,1388.88,-0.05512,-4e-05
32.631833,-996.235,1390.97,-0.05512,-4e-05
32.6335,-983.704,1388.88,-0.05504,-4e-05
32.635167,-964.907,1386.79,-0.05489,4e-05
32.636833,-941.933,1378.44,-0.05473,0
32.6385,-916.871,1378.44,-0.0545,-4e-05
32.640167,-889.72,1374.26,-0.05415,-4e-05
32.641833,-856.303,1368,-0.05372,-4e-05
32.6435,-820.798,1365.91,-0.05317,-4e-05
32.645167,-783.204,1355.46,-0.05251,-4e-05
32.646833,-741.433,1349.2,-0.05173,-4e-05
32.6485,-697.574,1342.93,-0.05087,-4e-05
32.650167,-651.626,1336.67,-0.04982,-4e-05
32.651833,-599.412,1330.4,-0.04865,4e-05
32.6535,-549.287,1324.14,-0.04725,-4e-05
32.655167,-499.162,1311.61,-0.04565,-8e-05
32.656833,-440.683,1303.25,-0.04378,-4e-05
32.6585,-386.381,1294.9,-0.04171,0
32.660167,-325.813,1284.45,-0.03941,0
32.661833,-269.422,1269.83,-0.0368,0
32.6635,-208.854,1255.21,-0.03384,0
32.665167,-150.375,1240.59,-0.0306,0
32.666833,-89.8074,1225.97,-0.02698,0
32.6685,-29.2396,1213.44,-0.02312,0.00012
32.670167,31.3282,1200.91,-0.01898,4e-05
32.671667,89.8074,1188.38,-0.01458,4e-05
32.673333,148.287,1184.2,-0.00975,4e-05
32.675,210.943,1177.94,-0.00476,4e-05
32.676667,265.245,1163.32,0.00035,4e-05
32.678333,325.813,1161.23,0.00573,8e-05
32.68,384.292,1177.94,0.01107,0.00012
32.681667,444.86,1190.47,0.01629,0.00012
32.683333,503.339,1207.18,0.02117,0.00012
32.685,561.818,1223.89,0.02557,8e-05
32.686667,611.943,1238.51,0.02955,8e-05
32.688333,664.157,1253.13,0.03329,8e-05
32.69,712.193,1269.83,0.03672,8e-05
32.691667,758.141,1284.45,0.03968,4e-05
32.693333,795.735,1296.99,0.04233,4e-05
32.695,833.329,1309.52,0.04483,-4e-05
32.696667,868.834,1326.23,0.04701,0
32.698333,900.162,1336.67,0.04881,-4e-05
32.7,925.225,1340.84,0.05029,-8e-05
32.701667,948.199,1349.2,0.05146,-8e-05
32.703333,966.996,1355.46,0.05235,-4e-05
32.705,977.438,1355.46,0.05309,-4e-05
32.706667,989.97,1357.55,0.05368,-0.00012
32.708333,996.235,1359.64,0.05411,-0.00012
32.71,996.235,1359.64,0.05442,-0.00012
32.711667,996.235,1359.64,0.05458,-0.00012
32.713333,989.97,1359.64,0.05469,-0.00012
32.715,977.438,1359.64,0.05465,-0.00012
32.716667,964.907,1355.46,0.05465,-0.00012
32.718333,948.199,1355.46,0.05454,-0.00012
32.72,925.225,1357.55,0.05438,0
32.721667,902.251,1351.29,0.05415,-0.00012
32.723167,870.923,1349.2,0.05383,-0.00012
32.724833,841.683,1349.2,0.05344,-0.00015
32.7265,808.266,1342.93,0.05302,-0.00012
32.728167,770.673,1334.58,0.05231,-0.00012
32.729833,733.079,1328.31,0.05165,-8e-05
32.7315,685.042,1326.23,0.05076,-8e-05
32.733167,639.094,1317.87,0.04986,-0.00012
32.734833,591.058,1311.61,0.04865,-8e-05
32.7365,538.844,1303.25,0.04744,0
32.738167,486.631,1290.72,0.04592,-4e-05
32.739833,432.328,1278.19,0.04425,-8e-05
32.7415,375.938,1269.83,0.04233,-4e-05
32.743167,321.636,1259.39,0.04015,0
32.744833,258.979,1242.68,0.03762,0
32.7465,204.677,1230.15,0.03497,4e-05
32.748167,146.198,1217.62,0.03185,4e-05
32.749833,93.9845,1205.09,0.0283,4e-05
32.7515,31.3282,1196.74,0.02425,8e-05
32.753167,-27.1511,1192.56,0.02004,0.00019
32.754833,-91.8959,1188.38,0.01548,8e-05
32.7565,-148.287,1184.2,0.01076,0.00012
32.758167,-208.854,1192.56,0.00565,8e-05
32.759833,-265.245,1215.53,0.00043,8e-05
32.7615,-327.901,1219.71,-0.00495,8e-05
32.763167,-386.381,1225.97,-0.01017,8e-05
32.764833,-444.86,1238.51,-0.01532,8e-05
32.7665,-507.516,1248.95,-0.02027,8e-05
32.768167,-561.818,1263.57,-0.02479,8e-05
32.769833,-620.297,1280.28,-0.02892,0.00015
32.7715,-672.511,1294.9,-0.03271,8e-05
32.773,-722.636,1305.34,-0.03598,4e-05
32.774667,-766.495,1319.96,-0.03898,4e-05
32.776333,-808.266,1334.58,-0.04183,4e-05
32.778,-845.86,1345.02,-0.04436,0
32.779667,-877.188,1355.46,-0.0467,0
32.781333,-910.605,1368,-0.04877,-4e-05
32.783,-941.933,1378.44,-0.05048,0
32.784667,-964.907,1382.62,-0.05177,-4e-05
32.786333,-985.792,1386.79,-0.05282,-4e-05
32.788,-1000.41,1388.88,-0.0536,0
32.789667,-1010.86,1390.97,-0.05422,-4e-05
32.791333,-1017.12,1393.06,-0.05469,-4e-05
32.793,-1021.3,1393.06,-0.055,-4e-05
32.794667,-1019.21,1390.97,-0.05512,-4e-05
32.796333,-1012.94,1386.79,-0.05524,-4e-05
32.798,-1004.59,1386.79,-0.05524,-4e-05
32.799667,-989.97,1386.79,-0.0552,-4e-05
32.801333,-973.261,1384.7,-0.05512,-8e-05
32.803,-950.287,1380.53,-0.05497,-4e-05
32.804667,-925.225,1378.44,-0.05481,-4e-05
32.806333,-898.074,1372.17,-0.05442,-8e-05
32.808,-866.746,1368,-0.05399,-8e-05
32.809667,-833.329,1363.82,-0.05352,-8e-05
32.811333,-795.735,1357.55,-0.0529,-8e-05
32.813,-753.964,1349.2,-0.0522,-8e-05
32.814667,-712.193,1342.93,-0.0513,-4e-05
32.816333,-664.157,1338.76,-0.05029,-4e-05
32.818,-616.12,1330.4,-0.0492,-4e-05
32.819667,-568.084,1322.05,-0.04795,-4e-05
32.821333,-511.693,1317.87,-0.04631,4e-05
32.823,-459.48,1307.43,-0.0446,-4e-05
32.8245,-405.177,1294.9,-0.04265,-4e-05
32.826167,-346.698,1284.45,-0.04039,0
32.827833,-288.219,1271.92,-0.03781,0
32.8295,-227.651,1253.13,-0.03497,-4e-05
32.831167,-171.261,1242.68,-0.03185,0
32.832833,-108.604,1230.15,-0.0283,0
32.8345,-50.125,1213.44,-0.0246,4e-05
32.836167,10.4427,1198.82,-0.0205,4e-05
32.837833,71.0105,1190.47,-0.01618,8e-05
32.8395,129.49,1184.2,-0.01138,4e-05
32.841167,187.969,1175.85,-0.00647,4e-05
32.842833,248.537,1163.32,-0.00133,4e-05
32.8445,304.927,1161.23,0.0039,8e-05
32.846167,365.495,1167.5,0.00943,8e-05
32.847833,423.974,1182.12,0.01462,0.00012
32.8495,486.631,1200.91,0.01965,8e-05
32.851167,545.11,1215.53,0.02425,8e-05
32.852833,597.323,1228.06,0.02834,8e-05
32.8545,645.36,1246.86,0.0322,0.00012
32.856167,697.574,1265.66,0.03575,4e-05
32.857833,743.521,1278.19,0.03883,0
32.8595,785.292,1290.72,0.04163,4e-05
32.861167,822.886,1307.43,0.04421,0
32.862833,856.303,1317.87,0.04655,-4e-05
32.8645,889.72,1326.23,0.04842,-4e-05
32.866167,918.959,1340.84,0.04994,-4e-05
32.867833,944.022,1345.02,0.05122,-8e-05
32.8695,962.819,1349.2,0.05224,-8e-05
32.871167,977.438,1355.46,0.05302,-4e-05
32.872833,985.792,1355.46,0.05364,-8e-05
32.8745,994.147,1355.46,0.05419,-0.00012
32.876,996.235,1359.64,0.05454,-0.00012
32.877667,996.235,1355.46,0.05473,-0.00012
32.879333,989.97,1355.46,0.05485,-0.00012
32.881,981.615,1355.46,0.05489,-0.00015
32.882667,969.084,1355.46,0.05477,-0.00012
32.884333,954.464,1353.38,0.05481,-0.00015
32.886,931.49,1353.38,0.05465,-0.00015
32.887667,908.516,1349.2,0.05438,-0.00012
32.889333,883.454,1349.2,0.05411,-0.00012
32.891,852.126,1345.02,0.0538,-0.00012
32.892667,820.798,1340.84,0.05329,-0.00012
32.894333,785.292,1336.67,0.05278,-0.00012
32.896,743.521,1330.4,0.05204,-0.00012
32.897667,699.662,1326.23,0.05122,-8e-05
32.899333,653.714,1315.78,0.05033,-0.00012
32.901,609.855,1311.61,0.04927,-8e-05
32.902667,557.641,1301.16,0.04799,-8e-05
32.904333,505.428,1290.72,0.04662,0
32.906,451.125,1282.37,0.04495,4e-05
32.907667,394.735,1271.92,0.04311,-4e-05
32.909333,338.344,1259.39,0.04109,0
32.911,281.953,1246.86,0.03863,0
32.912667,223.474,1234.33,0.03602,0
32.914333,164.995,1219.71,0.0331,4e-05
32.916,110.693,1205.09,0.02967,4e-05
32.917667,52.2136,1198.82,0.02577,4e-05
32.919333,-10.4427,1190.47,0.02156,8e-05
32.921,-71.0105,1184.2,0.01707,8e-05
32.922667,-129.49,1182.12,0.01244,0.00019
32.924333,-187.969,1188.38,0.00748,8e-05
32.926,-246.448,1205.09,0.00226,8e-05
32.9275,-307.016,1215.53,-0.00312,4e-05
32.929167,-365.495,1219.71,-0.00838,0.00012
32.930833,-426.063,1230.15,-0.0136,8e-05
32.9325,-484.542,1242.68,-0.01863,0.00012
32.934167,-545.11,1255.21,-0.02339,0.00012
32.935833,-601.501,1271.92,-0.0276,8e-05
32.9375,-655.803,1288.63,-0.03158,8e-05
32.939167,-705.928,1301.16,-0.03501,0.00012
32.940833,-751.876,1313.69,-0.03816,0
32.9425,-791.558,1328.31,-0.04097,8e-05
32.944167,-831.24,1338.76,-0.04362,0
32.945833,-866.746,1349.2,-0.04604,4e-05
32.9475,-902.251,1361.73,-0.04826,0
32.949167,-931.49,1370.08,-0.05009,0
32.950833,-958.641,1378.44,-0.05157,-4e-05
32.9525,-977.438,1382.62,-0.05267,-4e-05
32.954167,-994.147,1386.79,-0.05352,-4e-05
32.955833,-1006.68,1388.88,-0.05422,8e-05
32.9575,-1015.03,1388.88,-0.05477,0
32.959167,-1019.21,1388.88,-0.05508,0
32.960833,-1019.21,1390.97,-0.05532,0
32.9625,-1017.12,1386.79,-0.05543,-4e-05
32.964167,-1004.59,1386.79,-0.05543,-4e-05
32.965833,-994.147,1386.79,-0.05547,-4e-05
32.9675,-979.527,1380.53,-0.05532,-8e-05
32.969167,-956.553,1378.44,-0.05524,0
32.970833,-933.579,1376.35,-0.055,-8e-05
32.9725,-908.516,1372.17,-0.05473,-4e-05
32.974167,-877.188,1368,-0.05434,-8e-05
32.975833,-845.86,1361.73,-0.05383,-4e-05
32.977333,-808.266,1357.55,-0.05329,-8e-05
32.979,-770.673,1349.2,-0.05259,-4e-05
32.980667,-726.813,1342.93,-0.05177,-4e-05
32.982333,-680.865,1338.76,-0.05083,-4e-05
32.984,-632.829,1330.4,-0.04974,0
32.985667,-586.881,1319.96,-0.04853,-8e-05
32.987333,-530.49,1315.78,-0.04705,-4e-05
32.989,-478.276,1307.43,-0.04538,-4e-05
32.990667,-419.797,1296.99,-0.04339,0
32.992333,-363.407,1284.45,-0.04124,-4e-05
32.994,-307.016,1271.92,-0.03887,0
32.995667,-248.537,1261.48,-0.0361,0
32.997333,-187.969,1246.86,-0.03306,0
32.999,-129.49,1230.15,-0.02967,0
33.000667,-68.9219,1215.53,-0.02596,4e-05
33.002333,-8.35417,1205.09,-0.02195,0
33.004,50.125,1190.47,-0.0177,4e-05
33.005667,110.693,1182.12,-0.01314,4e-05
33.007333,167.083,1177.94,-0.00826,0.00012
33.009,229.74,1167.5,-0.0032,4e-05
33.010667,284.042,1154.96,0.00203,8e-05
33.012333,344.61,1159.14,0.00752,8e-05
33.014,403.089,1180.03,0.0129,0.00012
33.015667,463.657,1194.65,0.01805,8e-05
33.017333,522.136,1207.18,0.0228,8e-05
33.019,580.615,1225.97,0.02709,8e-05
33.020667,628.652,1238.51,0.03107,4e-05
33.022333,680.865,1257.3,0.03477,4e-05
33.024,728.902,1271.92,0.03801,0.00012
33.025667,772.761,1284.45,0.04089,0
33.027333,810.355,1299.07,0.04347,0
33.028833,845.86,1315.78,0.04596,0
33.0305,879.277,1324.14,0.04795,-4e-05
33.032167,910.605,1332.49,0.04966,-4e-05
33.033833,933.579,1342.93,0.05103,-8e-05
33.0355,958.641,1349.2,0.05212,-8e-05
33.037167,973.261,1351.29,0.05294,-8e-05
33.038833,983.704,1353.38,0.05368,-8e-05
33.0405,992.058,1359.64,0.05422,0
33.042167,996.235,1355.46,0.05461,-8e-05
33.043833,998.324,1355.46,0.05485,-0.00015
33.0455,994.147,1357.55,0.05497,-0.00012
33.047167,985.792,1355.46,0.05504,-0.00012
33.048833,973.261,1355.46,0.055,-0.00015
33.0505,958.641,1351.29,0.055,-8e-05
33.052167,939.845,1351.29,0.05485,-0.00012
33.053833,916.871,1349.2,0.05465,-8e-05
33.0555,889.72,1347.11,0.05438,-0.00012
33.057167,862.568,1347.11,0.05407,-4e-05
33.058833,829.152,1342.93,0.0536,-0.00012
33.0605,795.735,1336.67,0.05306,-0.00012
33.062167,756.053,1328.31,0.05247,-8e-05
33.063833,716.37,1326.23,0.05169,-8e-05
33.0655,668.334,1317.87,0.05072,-0.00012
33.067167,622.386,1309.52,0.04982,-8e-05
33.068833,572.261,1301.16,0.04857,-0.00012
33.0705,522.136,1292.81,0.04729,-4e-05
33.072167,469.922,1282.37,0.04573,-4e-05
33.073833,413.532,1274.01,0.04389,-4e-05
33.0755,359.229,1261.48,0.04191,-4e-05
33.077167,300.75,1246.86,0.03961,0
33.078833,240.182,1238.51,0.03707,0
33.080333,185.88,1221.8,0.03423,4e-05
33.082,129.49,1205.09,0.03103,4e-05
33.083667,73.099,1196.74,0.02729,8e-05
33.085333,10.4427,1192.56,0.02308,8e-05
33.087,-48.0365,1184.2,0.01871,8e-05
33.088667,-110.693,1180.03,0.01411,4e-05
33.090333,-167.083,1177.94,0.00924,8e-05
33.092,-227.651,1192.56,0.00405,0.00012
33.093667,-284.042,1211.36,-0.00129,8e-05
33.095333,-344.61,1215.53,-0.00667,8e-05
33.097,-407.266,1221.8,-0.01193,8e-05
33.098667,-465.745,1236.42,-0.01704,4e-05
33.100333,-524.224,1248.95,-0.02191,8e-05
33.102,-582.704,1263.57,-0.02635,8e-05
33.103667,-637.006,1280.28,-0.03037,8e-05
33.105333,-689.219,1292.81,-0.03407,8e-05
33.107,-737.256,1305.34,-0.03727,8e-05
33.108667,-779.027,1324.14,-0.04023,0.00015
33.110333,-820.798,1332.49,-0.043,4e-05
33.112,-856.303,1342.93,-0.04549,4e-05
33.113667,-889.72,1353.38,-0.04771,0
33.115333,-921.048,1368,-0.04974,0
33.117,-950.287,1374.26,-0.0513,-4e-05
33.118667,-973.261,1378.44,-0.05251,0
33.120333,-992.058,1382.62,-0.05344,-4e-05
33.122,-1000.41,1386.79,-0.05411,0
33.123667,-1012.94,1384.7,-0.05465,-8e-05
33.125333,-1017.12,1386.79,-0.05508,8e-05
33.127,-1021.3,1386.79,-0.05539,-8e-05
33.128667,-1017.12,1386.79,-0.05551,-4e-05
33.130333,-1010.86,1380.53,-0.05559,-8e-05
33.131833,-998.324,1380.53,-0.05559,-8e-05
33.1335,-985.792,1380.53,-0.05547,-0.00012
33.135167,-962.819,1376.35,-0.05539,-8e-05
33.136833,-941.933,1374.26,-0.0552,-0.00012
33.1385,-914.782,1372.17,-0.05493,-8e-05
33.140167,-889.72,1368,-0.05461,-4e-05
33.141833,-856.303,1363.82,-0.05422,4e-05
33.1435,-820.798,1355.46,-0.05364,-4e-05
33.145167,-783.204,1353.38,-0.05302,-4e-05
33.146833,-741.433,1345.02,-0.05224,-4e-05
33.1485,-695.485,1336.67,-0.0513,-4e-05
33.150167,-647.448,1328.31,-0.05029,-8e-05
33.151833,-601.501,1322.05,-0.04916,-4e-05
33.1535,-549.287,1313.69,-0.04771,-4e-05
33.155167,-497.073,1307.43,-0.04612,-4e-05
33.156833,-440.683,1299.07,-0.04421,-4e-05
33.1585,-382.203,1288.63,-0.04214,-4e-05
33.160167,-327.901,1276.1,-0.0398,0
33.161833,-269.422,1261.48,-0.03719,0
33.1635,-208.854,1246.86,-0.03423,0
33.165167,-150.375,1232.24,-0.03099,-4e-05
33.166833,-87.7188,1215.53,-0.02729,0
33.1685,-29.2396,1203,-0.02343,4e-05
33.170167,31.3282,1190.47,-0.01926,4e-05
33.171833,89.8074,1180.03,-0.01477,4e-05
33.1735,148.287,1177.94,-0.0099,4e-05
33.175167,210.943,1167.5,-0.00479,0
33.176833,265.245,1154.96,0.00027,4e-05
33.1785,325.813,1152.88,0.00577,8e-05
33.180167,384.292,1169.58,0.01119,8e-05
33.181667,442.771,1184.2,0.01641,8e-05
33.183333,503.339,1203,0.02132,8e-05
33.185,563.907,1219.71,0.02588,8e-05
33.186667,614.032,1232.24,0.02994,8e-05
33.188333,664.157,1246.86,0.03372,4e-05
33.19,714.282,1265.66,0.03719,0
33.191667,760.23,1278.19,0.04015,4e-05
33.193333,797.824,1290.72,0.0428,0
33.195,835.417,1305.34,0.04538,0
33.196667,868.834,1319.96,0.04752,-4e-05
33.198333,902.251,1328.31,0.04935,-4e-05
33.2,927.313,1336.67,0.05079,-8e-05
33.201667,950.287,1342.93,0.05192,-8e-05
33.203333,966.996,1349.2,0.0529,-8e-05
33.205,981.615,1349.2,0.05364,-0.00012
33.206667,989.97,1353.38,0.05419,-0.00012
33.208333,996.235,1355.46,0.05473,-0.00012
33.21,998.324,1357.55,0.055,-8e-05
33.211667,994.147,1355.46,0.05516,-0.00012
33.213333,987.881,1353.38,0.05516,-0.00012
33.215,977.438,1355.46,0.05524,-0.00012
33.216667,962.819,1349.2,0.05516,-0.00012
33.218333,946.11,1349.2,0.05508,-0.00015
33.22,925.225,1349.2,0.05493,-0.00015
33.221667,902.251,1345.02,0.05465,-0.00012
33.223333,870.923,1340.84,0.05438,-0.00012
33.225,841.683,1340.84,0.05399,-8e-05
33.226667,806.178,1336.67,0.05344,0
33.228333,770.673,1328.31,0.05282,-0.00012
33.23,730.99,1326.23,0.05216,-0.00012
33.231667,685.042,1319.96,0.0513,-0.00012
33.233167,637.006,1309.52,0.05029,-0.00012
33.234833,588.969,1303.25,0.04916,-8e-05
33.2365,538.844,1294.9,0.04787,-8e-05
33.238167,488.719,1286.54,0.04643,-4e-05
33.239833,432.328,1274.01,0.04475,-4e-05
33.2415,373.849,1265.66,0.04276,0
33.243167,319.547,1253.13,0.04058,0.00012
33.244833,261.068,1238.51,0.03809,4e-05
33.2465,202.589,1225.97,0.03532,4e-05
33.248167,144.109,1211.36,0.03228,4e-05
33.249833,93.9845,1196.74,0.02873,4e-05
33.2515,31.3282,1190.47,0.0246,8e-05
33.253167,-27.1511,1184.2,0.02031,8e-05
33.254833,-89.8074,1177.94,0.01571,4e-05
33.2565,-148.287,1177.94,0.01099,4e-05
33.258167,-206.766,1188.38,0.00585,8e-05
33.259833,-265.245,1203,0.00055,0.00015
33.2615,-325.813,1209.27,-0.00495,4e-05
33.263167,-386.381,1219.71,-0.01029,8e-05
33.264833,-449.037,1228.06,-0.01552,8e-05
33.2665,-505.428,1240.59,-0.02043,8e-05
33.268167,-561.818,1257.3,-0.0251,4e-05
33.269833,-620.297,1274.01,-0.02924,8e-05
33.2715,-674.6,1284.45,-0.03306,8e-05
33.273167,-722.636,1299.07,-0.03641,8e-05
33.274833,-766.495,1315.78,-0.03945,4e-05
33.2765,-808.266,1326.23,-0.04226,8e-05
33.278167,-845.86,1336.67,-0.04483,0
33.279833,-879.277,1349.2,-0.04717,4e-05
33.2815,-912.693,1363.82,-0.04927,0
33.283167,-941.933,1368,-0.05095,0
33.284667,-966.996,1374.26,-0.05228,-4e-05
33.286333,-985.792,1382.62,-0.05329,-4e-05
33.288,-998.324,1382.62,-0.05403,0
33.289667,-1010.86,1382.62,-0.05465,-4e-05
33.291333,-1017.12,1384.7,-0.05512,-4e-05
33.293,-1019.21,1386.79,-0.05547,-4e-05
33.294667,-1019.21,1382.62,-0.05563,0
33.296333,-1010.86,1380.53,-0.05571,-8e-05
33.298,-1000.41,1380.53,-0.05571,-8e-05
33.299667,-989.97,1376.35,-0.05567,-4e-05
33.301333,-969.084,1374.26,-0.05555,-8e-05
33.303,-950.287,1372.17,-0.05539,-4e-05
33.304667,-925.225,1368,-0.0552,-4e-05
33.306333,-898.074,1365.91,-0.05493,-8e-05
33.308,-866.746,1359.64,-0.0545,-4e-05
33.309667,-833.329,1355.46,-0.05395,-4e-05
33.311333,-793.647,1351.29,-0.05333,8e-05
33.313,-753.964,1342.93,-0.05263,-8e-05
33.314667,-710.105,1338.76,-0.05177,-4e-05
33.316333,-664.157,1330.4,-0.05079,-4e-05
33.318,-614.032,1322.05,-0.04966,-4e-05
33.319667,-565.995,1315.78,-0.0483,-8e-05
33.321333,-511.693,1307.43,-0.04678,-8e-05
33.323,-457.391,1296.99,-0.04506,0
33.324667,-401,1288.63,-0.04296,-4e-05
33.326333,-344.61,1278.19,-0.04074,-4e-05
33.328,-288.219,1265.66,-0.03824,0.00012
33.329667,-229.74,1248.95,-0.0354,-4e-05
33.331333,-169.172,1234.33,-0.03216,0
33.333,-108.604,1219.71,-0.02865,0
33.334667,-50.125,1203,-0.02491,4e-05
33.336167,12.5313,1194.65,-0.02074,4e-05
33.337833,68.9219,1184.2,-0.01641,4e-05
33.3395,129.49,1175.85,-0.01162,0
33.341167,185.88,1167.5,-0.00667,4e-05
33.342833,248.537,1157.05,-0.00144,0
33.3445,302.839,1152.88,0.00378,0.00012
33.346167,363.407,1157.05,0.00932,8e-05
33.347833,421.886,1177.94,0.0147,8e-05
33.3495,482.454,1194.65,0.01988,8e-05
33.351167,543.021,1207.18,0.02448,4e-05
33.352833,597.323,1223.89,0.02865,4e-05
33.3545,645.36,1240.59,0.03259,4e-05
33.356167,697.574,1259.39,0.03621,4e-05
33.357833,743.521,1269.83,0.03929,0
33.3595,785.292,1286.54,0.0421,0
33.361167,822.886,1303.25,0.04467,4e-05
33.362833,858.391,1309.52,0.04693,0
33.3645,889.72,1322.05,0.04884,-8e-05
33.366167,918.959,1334.58,0.05048,-8e-05
33.367833,944.022,1338.76,0.05177,-8e-05
33.3695,962.819,1342.93,0.05274,-0.00012
33.371167,977.438,1349.2,0.05352,-8e-05
33.372833,987.881,1353.38,0.05419,-8e-05
33.3745,996.235,1351.29,0.05469,-8e-05
33.376167,998.324,1353.38,0.05504,-8e-05
33.377833,996.235,1353.38,0.05524,-8e-05
33.3795,989.97,1353.38,0.05536,-0.00015
33.381167,981.615,1349.2,0.05536,-0.00015
33.382833,969.084,1349.2,0.05536,-0.00015
33.3845,954.464,1351.29,0.05528,-0.00015
33.386,929.402,1345.02,0.0552,-0.00012
33.387667,908.516,1342.93,0.05497,-0.00015
33.389333,881.365,1340.84,0.05461,-0.00015
33.391,850.037,1340.84,0.0543,-0.00012
33.392667,816.62,1334.58,0.0538,-0.00015
33.394333,785.292,1328.31,0.05325,-0.00015
33.396,743.521,1326.23,0.05255,-8e-05
33.397667,699.662,1317.87,0.05169,-8e-05
33.399333,653.714,1309.52,0.05079,-0.00012
33.401,605.678,1305.34,0.04974,-8e-05
33.402667,557.641,1292.81,0.04849,-4e-05
33.404333,505.428,1284.45,0.04701,-4e-05
33.406,451.125,1276.1,0.04545,-8e-05
33.407667,394.735,1267.75,0.04358,-4e-05
33.409333,336.255,1251.04,0.04148,-4e-05
33.411,279.865,1240.59,0.0391,0
33.412667,219.297,1230.15,0.03645,8e-05
33.414333,162.906,1213.44,0.03349,0
33.416,110.693,1194.65,0.03009,4e-05
33.417667,52.2136,1190.47,0.02616,8e-05
33.419333,-8.35417,1182.12,0.02187,8e-05
33.421,-71.0105,1177.94,0.01735,8e-05
33.422667,-129.49,1173.76,0.01267,0.00012
33.424333,-187.969,1177.94,0.0076,8e-05
33.426,-244.36,1194.65,0.00234,8e-05
33.427667,-307.016,1207.18,-0.00312,8e-05
33.429333,-367.584,1213.44,-0.0085,0.00019
33.431,-426.063,1221.8,-0.01376,8e-05
33.432667,-484.542,1232.24,-0.01883,8e-05
33.434333,-545.11,1246.86,-0.02355,8e-05
33.436,-601.501,1265.66,-0.02791,4e-05
33.4375,-655.803,1276.1,-0.03189,8e-05
33.439167,-705.928,1292.81,-0.0354,8e-05
33.440833,-751.876,1307.43,-0.03855,4e-05
33.4425,-793.647,1319.96,-0.04144,4e-05
33.444167,-833.329,1330.4,-0.04413,4e-05
33.445833,-866.746,1342.93,-0.04655,8e-05
33.4475,-902.251,1355.46,-0.04877,0
33.449167,-933.579,1365.91,-0.0506,0
33.450833,-956.553,1370.08,-0.052,-4e-05
33.4525,-977.438,1378.44,-0.05313,0
33.454167,-994.147,1380.53,-0.05399,-4e-05
33.455833,-1006.68,1380.53,-0.05465,-4e-05
33.4575,-1017.12,1380.53,-0.05516,-4e-05
33.459167,-1019.21,1382.62,-0.05555,0
33.460833,-1019.21,1380.53,-0.05578,-4e-05
33.4625,-1012.94,1380.53,-0.0559,-4e-05
33.464167,-1004.59,1378.44,-0.05586,-4e-05
33.465833,-994.147,1376.35,-0.05586,-4e-05
33.4675,-977.438,1374.26,-0.05582,-8e-05
33.469167,-956.553,1372.17,-0.05571,-4e-05
33.470833,-933.579,1368,-0.05547,-8e-05
33.4725,-908.516,1363.82,-0.05524,-8e-05
33.474167,-877.188,1359.64,-0.05485,-8e-05
33.475833,-845.86,1355.46,-0.0543,-8e-05
33.4775,-808.266,1349.2,-0.05376,-4e-05
33.479167,-768.584,1342.93,-0.05302,-8e-05
33.480833,-724.725,1336.67,-0.05228,-4e-05
33.4825,-680.865,1328.31,-0.0513,-4e-05
33.484167,-632.829,1322.05,-0.05025,-4e-05
33.485833,-582.704,1317.87,-0.049,-8e-05
33.4875,-530.49,1307.43,-0.04748,-4e-05
33.489,-476.188,1299.07,-0.04577,-4e-05
33.490667,-419.797,1290.72,-0.04382,-4e-05
33.492333,-363.407,1280.28,-0.04163,-4e-05
33.494,-304.927,1265.66,-0.03922,-4e-05
33.495667,-246.448,1251.04,-0.03653,-4e-05
33.497333,-185.88,1240.59,-0.03345,8e-05
33.499,-129.49,1221.8,-0.03002,-4e-05
33.500667,-66.8334,1205.09,-0.02627,0
33.502333,-10.4427,1194.65,-0.0223,4e-05
33.504,50.125,1184.2,-0.01785,4e-05
33.505667,110.693,1171.67,-0.01325,4e-05
33.507333,171.261,1167.5,-0.00834,4e-05
33.509,229.74,1161.23,-0.0032,4e-05
33.510667,284.042,1146.61,0.00203,4e-05
33.512333,344.61,1148.7,0.00756,0.00012
33.514,403.089,1171.67,0.0131,0.00019
33.515667,463.657,1186.29,0.01828,8e-05
33.517333,522.136,1200.91,0.02304,8e-05
33.519,580.615,1217.62,0.0274,8e-05
33.520667,628.652,1234.33,0.03142,8e-05
33.522333,680.865,1248.95,0.0352,4e-05
33.524,728.902,1265.66,0.03848,0
33.525667,772.761,1280.28,0.04136,4e-05
33.527333,808.266,1292.81,0.04389,0
33.529,847.949,1303.25,0.04639,-4e-05
33.530667,879.277,1319.96,0.04842,-4e-05
33.532333,912.693,1330.4,0.05021,-4e-05
33.534,935.667,1334.58,0.05153,-4e-05
33.535667,958.641,1338.76,0.05263,-4e-05
33.537333,971.173,1345.02,0.05352,-0.00012
33.538833,985.792,1349.2,0.05422,-8e-05
33.5405,994.147,1349.2,0.05469,-0.00012
33.542167,998.324,1351.29,0.05516,-0.00012
33.543833,998.324,1353.38,0.05543,-0.00012
33.5455,994.147,1349.2,0.05555,-8e-05
33.547167,983.704,1349.2,0.05555,-4e-05
33.548833,973.261,1349.2,0.05555,-0.00012
33.5505,960.73,1349.2,0.05551,-0.00012
33.552167,939.845,1342.93,0.05539,-0.00012
33.553833,914.782,1342.93,0.05528,-0.00012
33.5555,889.72,1342.93,0.05497,-0.00015
33.557167,862.568,1340.84,0.05461,-0.00012
33.558833,829.152,1336.67,0.05419,-0.00015
33.5605,795.735,1330.4,0.05364,-8e-05
33.562167,756.053,1326.23,0.05294,-0.00012
33.563833,716.37,1315.78,0.05224,-0.00012
33.5655,668.334,1311.61,0.0513,-8e-05
33.567167,622.386,1305.34,0.05029,-0.00012
33.568833,572.261,1296.99,0.04904,-8e-05
33.5705,520.047,1284.45,0.04771,-4e-05
33.572167,467.834,1278.19,0.04612,-4e-05
33.573833,413.532,1267.75,0.04444,-8e-05
33.5755,357.141,1253.13,0.04237,-4e-05
33.577167,298.662,1242.68,0.04007,0
33.578833,240.182,1228.06,0.03754,0
33.5805,183.792,1217.62,0.03469,0
33.582167,127.401,1198.82,0.03146,8e-05
33.583833,75.1876,1188.38,0.02764,4e-05
33.5855,12.5313,1182.12,0.02335,0
33.587167,-48.0365,1175.85,0.01895,8e-05
33.588833,-110.693,1169.58,0.01427,8e-05
33.590333,-167.083,1169.58,0.00936,8e-05
33.592,-227.651,1184.2,0.00417,8e-05
33.593667,-284.042,1200.91,-0.00125,0.00012
33.595333,-344.61,1205.09,-0.00671,0.00012
33.597,-407.266,1215.53,-0.01205,8e-05
33.598667,-465.745,1228.06,-0.01723,0.00023
33.600333,-524.224,1240.59,-0.02214,8e-05
33.602,-582.704,1255.21,-0.02659,8e-05
33.603667,-639.094,1271.92,-0.03072,4e-05
33.605333,-691.308,1284.45,-0.03446,8e-05
33.607,-739.344,1301.16,-0.03766,4e-05
33.608667,-783.204,1311.61,-0.04066,4e-05
33.610333,-822.886,1324.14,-0.04343,4e-05
33.612,-856.303,1340.84,-0.04588,0
33.613667,-889.72,1349.2,-0.04822,0
33.615333,-923.136,1359.64,-0.05021,0.00012
33.617,-950.287,1365.91,-0.05177,0
33.618667,-971.173,1374.26,-0.05294,0
33.620333,-992.058,1374.26,-0.05391,-4e-05
33.622,-1002.5,1378.44,-0.05461,-4e-05
33.623667,-1012.94,1380.53,-0.05516,0
33.625333,-1017.12,1380.53,-0.05555,-4e-05
33.627,-1021.3,1376.35,-0.05586,-8e-05
33.628667,-1017.12,1380.53,-0.05602,0
33.630333,-1010.86,1378.44,-0.05606,-8e-05
33.632,-996.235,1374.26,-0.05602,4e-05
33.633667,-981.615,1372.17,-0.05606,-8e-05
33.635333,-964.907,1370.08,-0.05586,-8e-05
33.637,-944.022,1365.91,-0.05571,-8e-05
33.638667,-914.782,1363.82,-0.05547,-4e-05
33.640333,-887.631,1361.73,-0.05512,-8e-05
33.641833,-854.214,1355.46,-0.05461,-8e-05
33.6435,-820.798,1347.11,-0.05415,-4e-05
33.645167,-781.115,1342.93,-0.05344,-4e-05
33.646833,-741.433,1338.76,-0.0527,-4e-05
33.6485,-697.574,1330.4,-0.05177,0
33.650167,-647.448,1319.96,-0.05079,0
33.651833,-599.412,1315.78,-0.04962,-4e-05
33.6535,-549.287,1309.52,-0.04814,-4e-05
33.655167,-494.985,1299.07,-0.04655,-4e-05
33.656833,-440.683,1290.72,-0.04467,-4e-05
33.6585,-382.203,1280.28,-0.04253,0
33.660167,-325.813,1271.92,-0.04019,-4e-05
33.661833,-269.422,1253.13,-0.03758,0
33.6635,-206.766,1240.59,-0.03454,0
33.665167,-150.375,1225.97,-0.03126,0
33.666833,-87.7188,1209.27,-0.0276,0
33.6685,-29.2396,1192.56,-0.02378,0
33.670167,31.3282,1184.2,-0.01945,4e-05
33.671833,87.7188,1175.85,-0.01489,8e-05
33.6735,148.287,1165.41,-0.01002,4e-05
33.675167,208.854,1157.05,-0.00503,0
33.676833,267.334,1148.7,0.00023,4e-05
33.6785,325.813,1144.52,0.00573,4e-05
33.680167,382.203,1159.14,0.01119,8e-05
33.681833,444.86,1175.85,0.01653,0.00012
33.6835,505.428,1192.56,0.0216,0.00012
33.685167,561.818,1211.36,0.02612,8e-05
33.686833,611.943,1219.71,0.03013,8e-05
33.6885,664.157,1238.51,0.03403,0
33.690167,714.282,1257.3,0.0375,4e-05
33.691833,758.141,1271.92,0.0405,0
33.693333,797.824,1280.28,0.04319,0
33.695,835.417,1299.07,0.04577,0
33.696667,870.923,1315.78,0.04795,-4e-05
33.698333,900.162,1322.05,0.04974,-8e-05
33.7,927.313,1326.23,0.05122,0
33.701667,950.287,1334.58,0.05247,-8e-05
33.703333,964.907,1342.93,0.05337,-8e-05
33.705,979.527,1342.93,0.05411,-0.00012
33.706667,989.97,1340.84,0.05469,-0.00012
33.708333,996.235,1347.11,0.0552,-0.00012
33.71,998.324,1349.2,0.05547,-8e-05
33.711667,994.147,1345.02,0.05563,-0.00015
33.713333,985.792,1340.84,0.05574,-0.00012
33.715,979.527,1342.93,0.05574,-0.00012
33.716667,964.907,1342.93,0.05567,-8e-05
33.718333,946.11,1338.76,0.05559,-0.00012
33.72,925.225,1338.76,0.05547,-0.00015
33.721667,900.162,1338.76,0.05516,-0.00015
33.723333,870.923,1334.58,0.05485,-0.00015
33.725,841.683,1330.4,0.0545,-0.00012
33.726667,808.266,1324.14,0.05395,-0.00015
33.728333,772.761,1324.14,0.05333,-0.00012
33.73,730.99,1317.87,0.05267,-0.00012
33.731667,687.131,1309.52,0.05177,-8e-05
33.733333,637.006,1301.16,0.05076,0
33.735,588.969,1294.9,0.04962,-8e-05
33.736667,538.844,1290.72,0.04834,-4e-05
33.738333,486.631,1276.1,0.04674,-4e-05
33.74,432.328,1261.48,0.04514,-4e-05
33.741667,378.026,1253.13,0.04319,-4e-05
33.743167,319.547,1246.86,0.04097,0
33.744833,258.979,1228.06,0.03851,4e-05
33.7465,202.589,1211.36,0.03575,0
33.748167,142.021,1198.82,0.03263,4e-05
33.749833,91.8959,1188.38,0.029,4e-05
33.7515,31.3282,1182.12,0.02487,4e-05
33.753167,-29.2396,1171.67,0.0205,4e-05
33.754833,-91.8959,1167.5,0.0159,4e-05
33.7565,-148.287,1167.5,0.01115,8e-05
33.758167,-208.854,1177.94,0.00596,8e-05
33.759833,-265.245,1190.47,0.00051,8e-05
33.7615,-327.901,1196.74,-0.00503,4e-05
33.763167,-388.469,1207.18,-0.01033,8e-05
33.764833,-446.948,1215.53,-0.01559,8e-05
33.7665,-507.516,1225.97,-0.02062,8e-05
33.768167,-563.907,1246.86,-0.0253,8e-05
33.769833,-618.209,1263.57,-0.02947,4e-05
33.7715,-672.511,1271.92,-0.03333,4e-05
33.773167,-722.636,1286.54,-0.03672,8e-05
33.774833,-766.495,1303.25,-0.0398,4e-05
33.7765,-810.355,1315.78,-0.04265,4e-05
33.778167,-845.86,1319.96,-0.04522,0
33.779833,-879.277,1336.67,-0.0476,0
33.7815,-910.605,1353.38,-0.0497,0
33.783167,-939.845,1361.73,-0.05142,0
33.784833,-966.996,1359.64,-0.05274,4e-05
33.7865,-983.704,1365.91,-0.05376,-4e-05
33.788167,-1000.41,1372.17,-0.0545,0
33.789833,-1012.94,1374.26,-0.05516,-4e-05
33.7915,-1019.21,1368,-0.05563,-4e-05
33.793167,-1021.3,1370.08,-0.05598,-4e-05
33.794667,-1019.21,1374.26,-0.0561,-8e-05
33.796333,-1012.94,1372.17,-0.05617,-8e-05
33.798,-1000.41,1363.82,-0.05613,-4e-05
33.799667,-987.881,1361.73,-0.05613,-8e-05
33.801333,-969.084,1363.82,-0.05602,4e-05
33.803,-950.287,1359.64,-0.05586,-4e-05
33.804667,-925.225,1351.29,-0.05574,-8e-05
33.806333,-895.985,1347.11,-0.05536,-8e-05
33.808,-864.657,1347.11,-0.05493,-4e-05
33.809667,-833.329,1340.84,-0.05442,-4e-05
33.811333,-795.735,1330.4,-0.0538,-8e-05
33.813,-753.964,1324.14,-0.05309,-4e-05
33.814667,-708.016,1322.05,-0.0522,-4e-05
33.816333,-664.157,1315.78,-0.05126,-4e-05
33.818,-618.209,1305.34,-0.05013,-4e-05
33.819667,-568.084,1296.99,-0.04885,-4e-05
33.821333,-511.693,1296.99,-0.04721,-4e-05
33.823,-457.391,1288.63,-0.04545,-8e-05
33.824667,-401,1274.01,-0.04343,-4e-05
33.826333,-344.61,1263.57,-0.0412,-4e-05
33.828,-286.13,1255.21,-0.03863,-4e-05
33.829667,-227.651,1236.42,-0.03579,0
33.831333,-169.172,1215.53,-0.03259,0
33.833,-108.604,1205.09,-0.029,0
33.834667,-50.125,1194.65,-0.0251,0.00012
33.836333,10.4427,1177.94,-0.02097,4e-05
33.838,68.9219,1163.32,-0.01657,0
33.839667,129.49,1163.32,-0.01169,0
33.841333,187.969,1157.05,-0.00659,4e-05
33.843,248.537,1138.26,-0.0014,8e-05
33.844667,302.839,1134.08,0.00394,8e-05
33.846167,365.495,1150.79,0.00963,8e-05
33.847833,423.974,1163.32,0.01505,8e-05
33.8495,484.542,1175.85,0.02015,8e-05
33.851167,543.021,1196.74,0.02479,8e-05
33.852833,597.323,1211.36,0.029,4e-05
33.8545,645.36,1221.8,0.0329,4e-05
33.856167,697.574,1240.59,0.03657,4e-05
33.857833,743.521,1263.57,0.03976,-4e-05
33.8595,785.292,1276.1,0.04253,0
33.861167,822.886,1282.37,0.04506,-4e-05
33.862833,860.48,1299.07,0.04732,-4e-05
33.8645,891.808,1313.69,0.04931,-8e-05
33.866167,916.871,1315.78,0.05091,-8e-05
33.867833,941.933,1324.14,0.05216,-8e-05
33.8695,960.73,1336.67,0.05321,-0.00012
33.871167,977.438,1342.93,0.05407,-0.00015
33.872833,985.792,1336.67,0.05473,-0.00012
33.8745,994.147,1338.76,0.0552,-0.00015
33.876167,996.235,1342.93,0.05555,-0.00012
33.877833,996.235,1342.93,0.05578,-0.00015
33.8795,989.97,1338.76,0.05586,-0.00015
33.881167,981.615,1336.67,0.0559,-0.00012
33.882833,971.173,1340.84,0.05586,-0.00015
33.8845,952.376,1340.84,0.0559,-0.00015
33.886167,931.49,1332.49,0.05567,-0.00012
33.887833,904.339,1328.31,0.05547,-0.00015
33.8895,881.365,1328.31,0.05516,-0.00015
33.891167,852.126,1328.31,0.05485,-0.00012
33.892833,816.62,1322.05,0.0543,-0.00015
33.8945,783.204,1315.78,0.05372,-0.00012
33.896167,743.521,1311.61,0.05302,-0.00012
33.897667,699.662,1309.52,0.05228,-8e-05
33.899333,651.626,1296.99,0.05126,-0.00012
33.901,605.678,1288.63,0.05025,-0.00012
33.902667,557.641,1284.45,0.04892,0
33.904333,503.339,1278.19,0.04752,-8e-05
33.906,449.037,1263.57,0.04592,-4e-05
33.907667,396.823,1246.86,0.04401,-4e-05
33.909333,338.344,1238.51,0.04198,-4e-05
33.911,279.865,1228.06,0.03953,-4e-05
33.912667,221.386,1213.44,0.03684,0
33.914333,162.906,1196.74,0.03384,4e-05
33.916,108.604,1180.03,0.03048,4e-05
33.917667,52.2136,1175.85,0.02639,4e-05
33.919333,-8.35417,1169.58,0.0221,0.00015
33.921,-73.099,1154.96,0.01746,8e-05
33.922667,-129.49,1152.88,0.01271,4e-05
33.924333,-187.969,1163.32,0.0076,8e-05
33.926,-246.448,1182.12,0.00238,0.00012
33.927667,-307.016,1186.29,-0.0032,0.00012
33.929333,-367.584,1192.56,-0.00869,8e-05
33.931,-428.151,1205.09,-0.01399,8e-05
33.932667,-486.631,1219.71,-0.0191,4e-05
33.934333,-545.11,1225.97,-0.0239,4e-05
33.936,-603.589,1246.86,-0.0283,0.00015
33.937667,-655.803,1265.66,-0.03228,4e-05
33.939333,-703.839,1278.19,-0.03575,4e-05
33.941,-751.876,1284.45,-0.0389,4e-05
33.942667,-795.735,1296.99,-0.04183,4e-05
33.944333,-835.417,1315.78,-0.04448,0
33.946,-866.746,1328.31,-0.04686,0
33.9475,-900.162,1334.58,-0.04916,0
33.949167,-931.49,1342.93,-0.05095,-4e-05
33.950833,-956.553,1355.46,-0.05243,-4e-05
33.9525,-977.438,1361.73,-0.05352,0
33.954167,-994.147,1361.73,-0.05438,-8e-05
33.955833,-1006.68,1357.55,-0.05512,-4e-05
33.9575,-1015.03,1363.82,-0.05563,-8e-05
33.959167,-1019.21,1365.91,-0.05594,-8e-05
33.960833,-1019.21,1363.82,-0.05621,-8e-05
33.9625,-1012.94,1359.64,-0.05633,-8e-05
33.964167,-1004.59,1357.55,-0.05629,-8e-05
33.965833,-994.147,1359.64,-0.05633,-4e-05
33.9675,-977.438,1355.46,-0.05629,-8e-05
33.969167,-956.553,1353.38,-0.05613,-8e-05
33.970833,-933.579,1351.29,-0.05594,-0.00012
33.9725,-908.516,1347.11,-0.05563,-8e-05
33.974167,-877.188,1342.93,-0.05532,-8e-05
33.975833,-845.86,1336.67,-0.05481,-8e-05
33.9775,-808.266,1330.4,-0.05419,-8e-05
33.979167,-768.584,1326.23,-0.05352,-4e-05
33.980833,-726.813,1319.96,-0.0527,-4e-05
33.9825,-680.865,1311.61,-0.05173,-8e-05
33.984167,-630.74,1303.25,-0.05068,-8e-05
33.985833,-580.615,1299.07,-0.04939,-8e-05
33.9875,-530.49,1292.81,-0.04791,0
33.989167,-478.276,1278.19,-0.04627,-4e-05
33.990833,-423.974,1269.83,-0.04428,-4e-05
33.9925,-363.407,1263.57,-0.04206,-8e-05
33.994167,-304.927,1253.13,-0.03957,-8e-05
33.995833,-248.537,1230.15,-0.03692,-8e-05
33.9975,-187.969,1215.53,-0.0338,-4e-05
33.999,-127.401,1203,-0.03029,-4e-05
34.000667,-66.8334,1190.47,-0.02651,0
34.002333,-8.35417,1171.67,-0.02245,-4e-05
34.004,50.125,1163.32,-0.01805,0.00015
34.005667,110.693,1152.88,-0.01333,0
34.007333,171.261,1148.7,-0.0083,4e-05
34.009,229.74,1138.26,-0.0032,4e-05
34.010667,284.042,1125.72,0.00218,0
34.012333,344.61,1134.08,0.0078,8e-05
34.014,403.089,1152.88,0.01329,0.00012
34.015667,463.657,1165.41,0.01852,4e-05
34.017333,522.136,1180.03,0.02331,4e-05
34.019,580.615,1198.82,0.02776,4e-05
34.020667,628.652,1217.62,0.03185,0.00015
34.022333,682.954,1228.06,0.03555,-4e-05
34.024,728.902,1244.77,0.03887,-4e-05
34.025667,772.761,1263.57,0.04183,0
34.027333,810.355,1278.19,0.04444,-4e-05
34.029,845.86,1288.63,0.04682,-4e-05
34.030667,877.188,1299.07,0.04892,-8e-05
34.032333,908.516,1315.78,0.05064,-8e-05
34.034,933.579,1322.05,0.05204,-8e-05
34.035667,954.464,1324.14,0.05313,-0.00012
34.037333,971.173,1328.31,0.05399,-8e-05
34.039,983.704,1334.58,0.05473,-0.00012
34.040667,992.058,1336.67,0.05532,-0.00015
34.042333,998.324,1336.67,0.05578,-0.00015
34.044,996.235,1336.67,0.05598,-0.00015
34.045667,992.058,1338.76,0.0561,-0.00012
34.047333,983.704,1336.67,0.05617,-0.00019
34.049,975.35,1330.4,0.05613,-0.00015
34.0505,958.641,1330.4,0.0561,-0.00015
34.052167,937.756,1332.49,0.05594,-0.00019
34.053833,914.782,1328.31,0.05578,-0.00015
34.0555,889.72,1322.05,0.05547,-0.00019
34.057167,860.48,1317.87,0.05524,-0.00015
34.058833,829.152,1317.87,0.05469,-0.00015
34.0605,797.824,1315.78,0.05419,-0.00015
34.062167,753.964,1309.52,0.05348,-0.00015
34.063833,716.37,1301.16,0.05278,-0.00015
34.0655,666.245,1296.99,0.05181,-0.00012
34.067167,620.297,1288.63,0.05087,-0.00012
34.068833,570.172,1278.19,0.04962,-0.00012
34.0705,520.047,1269.83,0.04826,-0.00012
34.072167,467.834,1263.57,0.0467,-8e-05
34.073833,413.532,1253.13,0.04491,-8e-05
34.0755,357.141,1232.24,0.04288,-8e-05
34.077167,296.573,1221.8,0.0405,-8e-05
34.078833,240.182,1213.44,0.03793,-4e-05
34.0805,183.792,1200.91,0.03508,0
34.082167,125.313,1177.94,0.03181,0
34.083833,73.099,1165.41,0.02799,4e-05
34.0855,12.5313,1163.32,0.02366,0
34.087167,-48.0365,1154.96,0.01918,4e-05
34.088833,-110.693,1150.79,0.01446,0.00015
34.0905,-167.083,1148.7,0.00951,4e-05
34.092167,-227.651,1163.32,0.00417,4e-05
34.093833,-284.042,1182.12,-0.00136,8e-05
34.0955,-346.698,1184.2,-0.00682,4e-05
34.097167,-407.266,1188.38,-0.01228,8e-05
34.098833,-465.745,1205.09,-0.01754,4e-05
34.1005,-526.313,1223.89,-0.02249,4e-05
34.102,-586.881,1238.51,-0.02705,4e-05
34.103667,-641.183,1244.77,-0.03115,4e-05
34.105333,-691.308,1263.57,-0.03489,0.00012
34.107,-737.256,1280.28,-0.03812,4e-05
34.108667,-783.204,1294.9,-0.04113,0
34.110333,-820.798,1301.16,-0.04389,0
34.112,-856.303,1315.78,-0.04639,0
34.113667,-891.808,1328.31,-0.04869,0
34.115333,-921.048,1340.84,-0.05072,-4e-05
34.117,-952.376,1345.02,-0.05228,-4e-05
34.118667,-973.261,1349.2,-0.05344,0
34.120333,-992.058,1355.46,-0.05442,-4e-05
34.122,-1002.5,1363.82,-0.05508,0
34.123667,-1012.94,1359.64,-0.05567,-8e-05
34.125333,-1017.12,1353.38,-0.0561,-8e-05
34.127,-1019.21,1355.46,-0.05637,-8e-05
34.128667,-1017.12,1359.64,-0.05649,-8e-05
34.130333,-1010.86,1357.55,-0.05652,-8e-05
34.132,-998.324,1349.2,-0.05656,-8e-05
34.133667,-983.704,1347.11,-0.05649,-0.00012
34.135333,-962.819,1347.11,-0.05637,-8e-05
34.137,-941.933,1345.02,-0.05617,-8e-05
34.138667,-914.782,1340.84,-0.05594,-8e-05
34.140333,-887.631,1336.67,-0.05555,-0.00012
34.142,-852.126,1332.49,-0.05508,-0.00012
34.143667,-818.709,1328.31,-0.05458,-0.00012
34.145333,-781.115,1317.87,-0.05395,-8e-05
34.147,-741.433,1311.61,-0.05321,-8e-05
34.148667,-693.396,1305.34,-0.05228,-8e-05
34.150333,-647.448,1301.16,-0.05118,-4e-05
34.151833,-599.412,1292.81,-0.05005,-8e-05
34.1535,-549.287,1282.37,-0.04865,-8e-05
34.155167,-494.985,1276.1,-0.04697,-4e-05
34.156833,-438.594,1274.01,-0.04506,-8e-05
34.1585,-382.203,1259.39,-0.04296,-8e-05
34.160167,-325.813,1244.77,-0.04066,-8e-05
34.161833,-267.334,1230.15,-0.03801,-0.00012
34.1635,-208.854,1217.62,-0.03497,-4e-05
34.165167,-148.287,1200.91,-0.03161,-4e-05
34.166833,-89.8074,1184.2,-0.02791,-4e-05
34.1685,-29.2396,1171.67,-0.02401,-4e-05
34.170167,33.4167,1163.32,-0.01961,0
34.171833,91.8959,1150.79,-0.01505,-4e-05
34.1735,148.287,1142.43,-0.0101,8e-05
34.175167,210.943,1138.26,-0.00495,0
34.176833,269.422,1127.81,0.00047,0
34.1785,325.813,1119.46,0.00589,4e-05
34.180167,384.292,1140.34,0.0115,4e-05
34.181833,444.86,1157.05,0.01696,4e-05
34.1835,507.516,1175.85,0.02203,0
34.185167,563.907,1188.38,0.02647,4e-05
34.186833,614.032,1203,0.0306,4e-05
34.1885,666.245,1221.8,0.0345,0
34.190167,716.37,1240.59,0.03801,8e-05
34.191833,760.23,1257.3,0.04101,-4e-05
34.1935,797.824,1265.66,0.04374,-8e-05
34.195167,835.417,1280.28,0.04627,-4e-05
34.196833,870.923,1299.07,0.04842,-8e-05
34.1985,900.162,1303.25,0.05029,-4e-05
34.200167,925.225,1309.52,0.05177,-0.00012
34.201833,948.199,1317.87,0.05294,-0.00015
34.203333,964.907,1326.23,0.05391,-0.00015
34.205,981.615,1326.23,0.05469,-0.00012
34.206667,987.881,1328.31,0.05528,-0.00012
34.208333,994.147,1330.4,0.05578,-0.00015
34.21,996.235,1334.58,0.05606,-0.00015
34.211667,992.058,1328.31,0.05621,-0.00015
34.213333,987.881,1328.31,0.05629,-0.00019
34.215,977.438,1328.31,0.05633,-0.00019
34.216667,964.907,1328.31,0.05625,-0.00015
34.218333,946.11,1326.23,0.05621,-0.00015
34.22,923.136,1319.96,0.05598,-0.00019
34.221667,898.074,1322.05,0.05582,-0.00015
34.223333,870.923,1322.05,0.05547,-8e-05
34.225,839.594,1315.78,0.05508,-0.00015
34.226667,804.089,1309.52,0.05458,-0.00019
34.228333,770.673,1305.34,0.05395,-0.00019
34.23,728.902,1303.25,0.05321,-0.00015
34.231667,682.954,1292.81,0.05235,-0.00015
34.233333,637.006,1284.45,0.0513,-0.00015
34.235,588.969,1276.1,0.05025,-0.00012
34.236667,536.756,1271.92,0.04888,-0.00012
34.238333,484.542,1261.48,0.04748,-0.00012
34.24,430.24,1244.77,0.04565,-8e-05
34.241667,373.849,1238.51,0.04366,-8e-05
34.243333,317.459,1228.06,0.04144,0
34.245,258.979,1213.44,0.03894,-4e-05
34.246667,200.5,1196.74,0.03618,0
34.248333,142.021,1182.12,0.03306,0
34.25,89.8074,1169.58,0.02951,0
34.251667,31.3282,1165.41,0.02526,0
34.253333,-27.1511,1150.79,0.02086,0
34.254833,-91.8959,1142.43,0.01618,0
34.2565,-148.287,1146.61,0.0113,8e-05
34.258167,-206.766,1159.14,0.006,4e-05
34.259833,-265.245,1175.85,0.00055,4e-05
34.2615,-327.901,1175.85,-0.00507,4e-05
34.263167,-388.469,1186.29,-0.01049,4e-05
34.264833,-444.86,1203,-0.01583,8e-05
34.2665,-505.428,1209.27,-0.02089,4e-05
34.268167,-565.995,1221.8,-0.02565,4e-05
34.269833,-624.474,1240.59,-0.02994,4e-05
34.2715,-672.511,1261.48,-0.03376,0
34.273167,-722.636,1274.01,-0.03719,4e-05
34.274833,-766.495,1284.45,-0.04035,8e-05
34.2765,-808.266,1299.07,-0.04323,4e-05
34.278167,-845.86,1315.78,-0.04573,0
34.279833,-877.188,1324.14,-0.0481,-4e-05
34.2815,-912.693,1330.4,-0.05021,-4e-05
34.283167,-941.933,1342.93,-0.05196,-4e-05
34.284833,-964.907,1351.29,-0.05325,-4e-05
34.2865,-987.881,1353.38,-0.05426,-4e-05
34.288167,-1000.41,1355.46,-0.055,-8e-05
34.289833,-1010.86,1355.46,-0.05567,-4e-05
34.2915,-1017.12,1361.73,-0.05613,4e-05
34.293167,-1019.21,1361.73,-0.05641,-8e-05
34.294833,-1017.12,1353.38,-0.0566,-8e-05
34.2965,-1012.94,1349.2,-0.05672,-8e-05
34.298167,-1002.5,1353.38,-0.05668,-0.00012
34.299833,-987.881,1351.29,-0.05664,-8e-05
34.3015,-969.084,1340.84,-0.05656,-8e-05
34.303167,-952.376,1338.76,-0.05641,-8e-05
34.304833,-923.136,1340.84,-0.05613,-0.00012
34.306333,-895.985,1336.67,-0.05586,-0.00012
34.308,-864.657,1330.4,-0.05547,-8e-05
34.309667,-831.24,1324.14,-0.05497,-0.00012
34.311333,-793.647,1319.96,-0.05426,-0.00012
34.313,-753.964,1313.69,-0.05356,-8e-05
34.314667,-710.105,1303.25,-0.0527,-0.00012
34.316333,-662.068,1296.99,-0.05173,-0.00012
34.318,-611.943,1292.81,-0.0506,-0.00012
34.319667,-565.995,1284.45,-0.04927,-0.00012
34.321333,-511.693,1278.19,-0.04771,-8e-05
34.323,-457.391,1271.92,-0.04588,-0.00012
34.324667,-401,1263.57,-0.04382,4e-05
34.326333,-344.61,1248.95,-0.04159,-0.00012
34.328,-284.042,1234.33,-0.03906,-4e-05
34.329667,-227.651,1221.8,-0.03614,-8e-05
34.331333,-169.172,1207.18,-0.03294,-4e-05
34.333,-108.604,1188.38,-0.02928,-4e-05
34.334667,-48.0365,1171.67,-0.02546,-8e-05
34.336333,12.5313,1161.23,-0.02121,-4e-05
34.338,71.0105,1152.88,-0.01668,0
34.339667,129.49,1140.34,-0.01185,0
34.341333,190.057,1134.08,-0.00674,0
34.343,248.537,1125.72,-0.00148,0
34.344667,302.839,1121.55,0.00398,4e-05
34.346333,365.495,1129.9,0.00963,4e-05
34.348,419.797,1148.7,0.01509,0
34.349667,486.631,1167.5,0.02039,4e-05
34.351333,545.11,1182.12,0.02518,4e-05
34.353,597.323,1194.65,0.02943,0
34.354667,647.448,1213.44,0.03337,0
34.356333,701.751,1234.33,0.03715,-4e-05
34.357833,745.61,1248.95,0.04023,-4e-05
34.3595,785.292,1259.39,0.04304,-4e-05
34.361167,822.886,1274.01,0.04557,-8e-05
34.362833,860.48,1292.81,0.04787,-8e-05
34.3645,889.72,1303.25,0.0499,-8e-05
34.366167,921.048,1305.34,0.05153,-8e-05
34.367833,946.11,1315.78,0.05282,-0.00012
34.3695,962.819,1324.14,0.05383,-0.00012
34.371167,977.438,1328.31,0.05469,-0.00015
34.372833,989.97,1330.4,0.05536,-0.00012
34.3745,996.235,1332.49,0.0559,-0.00015
34.376167,998.324,1336.67,0.05621,-8e-05
34.377833,996.235,1328.31,0.05645,-0.00015
34.3795,989.97,1330.4,0.05652,-0.00015
34.381167,981.615,1332.49,0.05656,-0.00019
34.382833,966.996,1328.31,0.05652,-0.00019
34.3845,952.376,1328.31,0.05649,-0.00019
34.386167,931.49,1328.31,0.05633,-0.00019
34.387833,906.428,1326.23,0.0561,-0.00015
34.3895,879.277,1319.96,0.05574,-0.00015
34.391167,850.037,1317.87,0.05547,-0.00019
34.392833,816.62,1315.78,0.05493,-0.00012
34.3945,785.292,1311.61,0.05434,-0.00015
34.396167,741.433,1303.25,0.05368,-0.00015
34.397833,697.574,1294.9,0.05286,-0.00012
34.3995,649.537,1288.63,0.05192,-0.00015
34.401167,605.678,1284.45,0.05083,-0.00015
34.402833,555.553,1271.92,0.04955,-0.00015
34.4045,505.428,1261.48,0.04818,-0.00012
34.406167,451.125,1253.13,0.04651,-0.00012
34.407667,394.735,1240.59,0.0446,-8e-05
34.409333,336.255,1225.97,0.04245,8e-05
34.411,277.776,1213.44,0.04003,-4e-05
34.412667,221.386,1200.91,0.03735,-4e-05
34.414333,162.906,1186.29,0.03434,-4e-05
34.416,108.604,1169.58,0.03087,-4e-05
34.417667,50.125,1163.32,0.02682,0
34.419333,-10.4427,1152.88,0.02245,0
34.421,-71.0105,1144.52,0.01781,0
34.422667,-129.49,1140.34,0.01298,4e-05
34.424333,-187.969,1146.61,0.00784,0
34.426,-246.448,1167.5,0.00246,0.00012
34.427667,-304.927,1175.85,-0.00316,4e-05
34.429333,-367.584,1182.12,-0.00869,0
34.431,-426.063,1192.56,-0.01407,4e-05
34.432667,-484.542,1207.18,-0.01922,4e-05
34.434333,-545.11,1221.8,-0.02413,0
34.436,-601.501,1234.33,-0.02857,0
34.437667,-657.891,1251.04,-0.03271,4e-05
34.439333,-705.928,1267.75,-0.03618,0
34.441,-753.964,1278.19,-0.03945,-4e-05
34.442667,-795.735,1290.72,-0.04237,4e-05
34.444333,-835.417,1303.25,-0.04506,0
34.446,-868.834,1319.96,-0.04744,0
34.447667,-902.251,1328.31,-0.04978,-4e-05
34.449333,-931.49,1338.76,-0.05165,-4e-05
34.451,-956.553,1349.2,-0.05302,-8e-05
34.452667,-981.615,1353.38,-0.05411,-8e-05
34.454333,-996.235,1351.29,-0.05497,-8e-05
34.456,-1006.68,1353.38,-0.05563,-8e-05
34.457667,-1012.94,1357.55,-0.05617,-8e-05
34.459167,-1019.21,1357.55,-0.05652,-8e-05
34.460833,-1019.21,1355.46,-0.05676,-8e-05
34.4625,-1012.94,1353.38,-0.05684,-8e-05
34.464167,-1006.68,1353.38,-0.05688,-8e-05
34.465833,-994.147,1353.38,-0.05684,-0.00012
34.4675,-977.438,1349.2,-0.05676,-8e-05
34.469167,-956.553,1345.02,-0.05664,-0.00012
34.470833,-933.579,1340.84,-0.05645,-0.00012
34.4725,-908.516,1338.76,-0.05617,-8e-05
34.474167,-877.188,1334.58,-0.05574,-8e-05
34.475833,-843.772,1330.4,-0.05528,-0.00012
34.4775,-808.266,1324.14,-0.05473,0
34.479167,-768.584,1317.87,-0.05403,-8e-05
34.480833,-722.636,1311.61,-0.05321,-4e-05
34.4825,-678.777,1303.25,-0.05224,-0.00012
34.484167,-630.74,1296.99,-0.05115,-8e-05
34.485833,-580.615,1290.72,-0.0499,-0.00012
34.4875,-530.49,1282.37,-0.04842,-8e-05
34.489167,-476.188,1274.01,-0.04674,-0.00012
34.490833,-419.797,1265.66,-0.04463,-0.00012
34.4925,-363.407,1253.13,-0.04249,-8e-05
34.494167,-304.927,1240.59,-0.04007,4e-05
34.495833,-248.537,1223.89,-0.03735,-8e-05
34.4975,-185.88,1209.27,-0.03411,-4e-05
34.499167,-129.49,1192.56,-0.03068,-8e-05
34.500833,-66.8334,1175.85,-0.02686,-4e-05
34.5025,-8.35417,1163.32,-0.02277,-8e-05
34.504167,52.2136,1152.88,-0.01824,0
34.505833,110.693,1140.34,-0.01357,-4e-05
34.5075,167.083,1136.17,-0.00858,0
34.509167,229.74,1127.81,-0.00327,0
34.510667,284.042,1123.64,0.00218,0.00012
34.512333,344.61,1121.55,0.00772,4e-05
34.514,403.089,1140.34,0.01333,4e-05
34.515667,465.745,1161.23,0.01875,0
34.517333,524.224,1175.85,0.02366,0
34.519,580.615,1188.38,0.02811,0
34.520667,630.74,1209.27,0.03224,0
34.522333,680.865,1225.97,0.03606,0
34.524,728.902,1240.59,0.03937,-4e-05
34.525667,772.761,1253.13,0.04233,-4e-05
34.527333,810.355,1271.92,0.04499,-4e-05
34.529,845.86,1282.37,0.0474,-8e-05
34.530667,877.188,1294.9,0.04943,-8e-05
34.532333,910.605,1303.25,0.05118,-8e-05
34.534,935.667,1313.69,0.05263,-0.00015
34.535667,958.641,1319.96,0.05376,-0.00012
34.537333,973.261,1322.05,0.05461,-0.00015
34.539,983.704,1324.14,0.05532,-0.00015
34.540667,992.058,1328.31,0.0559,-0.00015
34.542333,1000.41,1328.31,0.05629,-0.00019
34.544,998.324,1328.31,0.05656,-0.00015
34.545667,996.235,1328.31,0.05672,-0.00019
34.547333,983.704,1328.31,0.05672,-0.00019
34.549,973.261,1324.14,0.05672,-0.00019
34.550667,958.641,1324.14,0.05668,-0.00019
34.552333,939.845,1324.14,0.05649,-0.00015
34.554,914.782,1319.96,0.05633,-0.00019
34.555667,889.72,1317.87,0.05606,-0.00015
34.557333,860.48,1317.87,0.05578,-0.00015
34.559,829.152,1315.78,0.05528,-0.00015
34.560667,793.647,1307.43,0.05477,-0.00015
34.562167,756.053,1303.25,0.05407,-0.00015
34.563833,716.37,1299.07,0.05329,-0.00015
34.5655,668.334,1290.72,0.05239,-0.00015
34.567167,618.209,1280.28,0.05134,-0.00015
34.568833,570.172,1271.92,0.05017,-0.00012
34.5705,520.047,1265.66,0.04877,-0.00012
34.572167,467.834,1253.13,0.04717,-0.00012
34.573833,409.355,1240.59,0.04538,-8e-05
34.5755,355.052,1228.06,0.04331,-8e-05
34.577167,298.662,1215.53,0.04105,-8e-05
34.578833,240.182,1203,0.0384,4e-05
34.5805,181.703,1190.47,0.03547,0
34.582167,125.313,1171.67,0.03224,0
34.583833,73.099,1163.32,0.02842,0
34.5855,10.4427,1154.96,0.02405,4e-05
34.587167,-48.0365,1146.61,0.01949,0
34.588833,-110.693,1138.26,0.0147,4e-05
34.5905,-167.083,1144.52,0.00971,4e-05
34.592167,-227.651,1157.05,0.00437,0
34.593833,-284.042,1171.67,-0.00129,4e-05
34.5955,-346.698,1180.03,-0.00694,8e-05
34.597167,-407.266,1190.47,-0.01236,0
34.598833,-467.834,1200.91,-0.01766,8e-05
34.6005,-526.313,1211.36,-0.02265,4e-05
34.602167,-584.792,1225.97,-0.02729,4e-05
34.603833,-639.094,1246.86,-0.03142,4e-05
34.6055,-691.308,1263.57,-0.03516,0
34.607167,-737.256,1269.83,-0.03851,0
34.608833,-783.204,1286.54,-0.04159,0
34.6105,-824.975,1303.25,-0.04436,0
34.612,-856.303,1315.78,-0.04682,8e-05
34.613667,-889.72,1324.14,-0.04916,0
34.615333,-923.136,1336.67,-0.05118,-4e-05
34.617,-950.287,1345.02,-0.05274,-4e-05
34.618667,-971.173,1347.11,-0.05395,-4e-05
34.620333,-989.97,1351.29,-0.05489,-8e-05
34.622,-1004.59,1353.38,-0.05559,-8e-05
34.623667,-1015.03,1357.55,-0.05617,-8e-05
34.625333,-1019.21,1355.46,-0.05656,-0.00012
34.627,-1019.21,1353.38,-0.05684,-8e-05
34.628667,-1012.94,1353.38,-0.05695,-8e-05
34.630333,-1008.77,1353.38,-0.05703,-8e-05
34.632,-1000.41,1351.29,-0.05703,-8e-05
34.633667,-983.704,1345.02,-0.05695,-0.00012
34.635333,-964.907,1345.02,-0.05684,-0.00012
34.637,-939.845,1342.93,-0.05668,-0.00015
34.638667,-916.871,1336.67,-0.05641,-8e-05
34.640333,-887.631,1330.4,-0.0561,-0.00012
34.642,-852.126,1328.31,-0.05559,-0.00012
34.643667,-820.798,1326.23,-0.05508,-0.00012
34.645333,-781.115,1315.78,-0.05442,-8e-05
34.647,-739.344,1311.61,-0.05368,-8e-05
34.648667,-693.396,1305.34,-0.05278,-0.00012
34.650333,-647.448,1296.99,-0.05165,-0.00012
34.652,-597.323,1288.63,-0.05056,-8e-05
34.653667,-545.11,1282.37,-0.04908,-4e-05
34.655333,-494.985,1278.19,-0.04744,-4e-05
34.657,-440.683,1265.66,-0.04561,-8e-05
34.658667,-384.292,1255.21,-0.04343,-8e-05
34.660333,-323.724,1244.77,-0.04101,-8e-05
34.662,-265.245,1228.06,-0.03836,-8e-05
34.6635,-206.766,1211.36,-0.0354,8e-05
34.665167,-148.287,1196.74,-0.03204,-4e-05
34.666833,-85.6303,1182.12,-0.02822,-4e-05
34.6685,-29.2396,1165.41,-0.02425,-4e-05
34.670167,31.3282,1152.88,-0.01992,-4e-05
34.671833,89.8074,1142.43,-0.01528,-4e-05
34.6735,150.375,1138.26,-0.01025,0
34.675167,208.854,1131.99,-0.00511,-4e-05
34.676833,267.334,1117.37,0.00031,0
34.6785,323.724,1115.28,0.00589,0
34.680167,384.292,1138.26,0.01154,0.00019
34.681833,444.86,1150.79,0.017,0
34.6835,505.428,1165.41,0.0221,0
34.685167,561.818,1186.29,0.02674,-4e-05
34.686833,614.032,1200.91,0.03099,4e-05
34.6885,664.157,1215.53,0.03497,0
34.690167,716.37,1234.33,0.03848,-4e-05
34.691833,760.23,1253.13,0.04148,-8e-05
34.6935,797.824,1267.75,0.04428,-8e-05
34.695167,835.417,1278.19,0.04682,-8e-05
34.696833,870.923,1292.81,0.04896,0
34.6985,902.251,1303.25,0.05091,-0.00012
34.700167,927.313,1309.52,0.05243,-0.00012
34.701833,952.376,1313.69,0.05356,-0.00012
34.7035,966.996,1322.05,0.05458,-0.00015
34.705167,981.615,1328.31,0.05532,-0.00012
34.706833,989.97,1328.31,0.05594,-0.00015
34.7085,994.147,1328.31,0.05649,-0.00015
34.710167,996.235,1330.4,0.05672,-0.00015
34.711833,994.147,1332.49,0.05691,-0.00019
34.7135,985.792,1326.23,0.05691,-0.00012
34.715,977.438,1328.31,0.05699,-0.00019
34.716667,962.819,1328.31,0.05695,-0.00015
34.718333,946.11,1326.23,0.05684,-0.00019
34.72,923.136,1317.87,0.05664,-0.00019
34.721667,898.074,1319.96,0.05645,-0.00019
34.723333,870.923,1319.96,0.05613,-0.00019
34.725,839.594,1313.69,0.05571,-0.00015
34.726667,806.178,1309.52,0.05516,-0.00015
34.728333,770.673,1305.34,0.05454,-0.00015
34.73,728.902,1299.07,0.0538,-0.00015
34.731667,682.954,1290.72,0.0529,-0.00015
34.733333,637.006,1284.45,0.05192,-0.00012
34.735,588.969,1278.19,0.05083,-0.00015
34.736667,536.756,1269.83,0.04947,-0.00012
34.738333,486.631,1257.3,0.04795,-0.00012
34.74,432.328,1244.77,0.04619,-8e-05
34.741667,371.761,1234.33,0.04421,-8e-05
34.743333,317.459,1221.8,0.04198,-8e-05
34.745,258.979,1207.18,0.03949,-8e-05
34.746667,202.589,1192.56,0.03664,-4e-05
34.748333,142.021,1177.94,0.03345,-4e-05
34.75,91.8959,1163.32,0.02986,0
34.751667,31.3282,1154.96,0.02557,0
34.753333,-29.2396,1144.52,0.02113,0
34.755,-91.8959,1142.43,0.01633,8e-05
34.756667,-148.287,1140.34,0.01142,4e-05
34.758333,-206.766,1146.61,0.00612,4e-05
34.76,-265.245,1167.5,0.00062,4e-05
34.761667,-327.901,1175.85,-0.00503,4e-05
34.763333,-386.381,1180.03,-0.01049,4e-05
34.765,-446.948,1190.47,-0.01594,0.00012
34.7665,-505.428,1209.27,-0.02109,4e-05
34.768167,-568.084,1223.89,-0.02577,0
34.769833,-622.386,1234.33,-0.02998,4e-05
34.7715,-674.6,1251.04,-0.03391,0
34.773167,-722.636,1269.83,-0.03738,0
34.774833,-766.495,1282.37,-0.0405,0
34.7765,-808.266,1292.81,-0.04339,0
34.778167,-843.772,1303.25,-0.046,-4e-05
34.779833,-877.188,1317.87,-0.04846,-4e-05
34.7815,-910.605,1332.49,-0.05068,4e-05
34.783167,-939.845,1338.76,-0.05239,-8e-05
34.784833,-964.907,1342.93,-0.05376,-8e-05
34.7865,-983.704,1351.29,-0.05473,-8e-05
34.788167,-1000.41,1353.38,-0.05555,-8e-05
34.789833,-1010.86,1353.38,-0.05621,-8e-05
34.7915,-1017.12,1353.38,-0.05664,-4e-05
34.793167,-1019.21,1353.38,-0.05695,-0.00012
34.794833,-1017.12,1355.46,-0.05711,-0.00012
34.7965,-1012.94,1351.29,-0.05723,-0.00012
34.798167,-1000.41,1349.2,-0.05719,4e-05
34.799833,-987.881,1349.2,-0.05719,-8e-05
34.8015,-969.084,1347.11,-0.05707,-0.00012
34.803167,-950.287,1340.84,-0.05691,-0.00012
34.804833,-923.136,1338.76,-0.05676,-0.00012
34.8065,-895.985,1336.67,-0.05641,-8e-05
34.808167,-864.657,1330.4,-0.05594,-0.00012
34.809833,-831.24,1324.14,-0.05543,-0.00012
34.8115,-791.558,1317.87,-0.05485,-0.00012
34.813167,-753.964,1311.61,-0.05407,-0.00012
34.814833,-708.016,1309.52,-0.05325,0
34.816333,-662.068,1296.99,-0.05228,-8e-05
34.818,-611.943,1290.72,-0.05111,-8e-05
34.819667,-563.907,1284.45,-0.0497,-8e-05
34.821333,-511.693,1278.19,-0.04814,-4e-05
34.823,-457.391,1267.75,-0.04639,-8e-05
34.824667,-401,1257.3,-0.04428,-8e-05
34.826333,-344.61,1246.86,-0.04206,-8e-05
34.828,-284.042,1230.15,-0.03945,-8e-05
34.829667,-225.563,1215.53,-0.03657,-8e-05
34.831333,-164.995,1200.91,-0.03329,-4e-05
34.833,-106.516,1186.29,-0.02963,0
34.834667,-48.0365,1169.58,-0.02577,-4e-05
34.836333,12.5313,1157.05,-0.02148,-4e-05
34.838,68.9219,1146.61,-0.01696,0
34.839667,129.49,1138.26,-0.01201,0
34.841333,187.969,1131.99,-0.00694,0
34.843,248.537,1119.46,-0.0016,4e-05
34.844667,302.839,1115.28,0.00394,0
34.846333,363.407,1127.81,0.00967,4e-05
34.848,421.886,1146.61,0.01524,0
34.849667,484.542,1161.23,0.02054,4e-05
34.851333,543.021,1177.94,0.02526,4e-05
34.853,597.323,1192.56,0.0297,4e-05
34.854667,647.448,1209.27,0.0338,0
34.856333,699.662,1228.06,0.03754,0
34.858,745.61,1242.68,0.04066,-4e-05
34.859667,787.381,1261.48,0.04354,-4e-05
34.861333,824.975,1274.01,0.04616,-8e-05
34.863,858.391,1284.45,0.04842,-8e-05
34.864667,891.808,1296.99,0.05037,-8e-05
34.866333,921.048,1311.61,0.05208,0
34.867833,946.11,1313.69,0.05337,-0.00012
34.8695,964.907,1317.87,0.05438,-0.00012
34.871167,979.527,1324.14,0.05524,-0.00015
34.872833,989.97,1328.31,0.0559,-0.00015
34.8745,996.235,1326.23,0.05645,-0.00015
34.876167,998.324,1328.31,0.05676,-0.00019
34.877833,996.235,1328.31,0.05695,-0.00015
34.8795,989.97,1328.31,0.05711,-0.00019
34.881167,981.615,1326.23,0.05707,-0.00015
34.882833,966.996,1328.31,0.05707,-8e-05
34.8845,952.376,1324.14,0.05703,-0.00019
34.886167,929.402,1322.05,0.05684,-0.00019
34.887833,908.516,1319.96,0.05664,-0.00019
34.8895,879.277,1315.78,0.05637,-0.00019
34.891167,847.949,1311.61,0.05602,-0.00019
34.892833,816.62,1309.52,0.05547,-0.00019
34.8945,783.204,1305.34,0.05493,-0.00015
34.896167,741.433,1299.07,0.05422,-0.00019
34.897833,699.662,1292.81,0.05337,-0.00015
34.8995,651.626,1286.54,0.05243,-8e-05
34.901167,605.678,1278.19,0.05134,-0.00012
34.902833,553.464,1269.83,0.05009,-0.00015
34.9045,503.339,1259.39,0.04857,-0.00012
34.906167,449.037,1248.95,0.04697,-8e-05
34.907833,394.735,1236.42,0.04506,-0.00012
34.9095,334.167,1219.71,0.04292,-4e-05
34.911167,277.776,1209.27,0.0405,-8e-05
34.912833,221.386,1196.74,0.03781,-4e-05
34.9145,164.995,1177.94,0.03469,0
34.916167,108.604,1165.41,0.03122,4e-05
34.917833,52.2136,1157.05,0.02721,4e-05
34.919333,-10.4427,1146.61,0.02269,0
34.921,-71.0105,1140.34,0.01801,4e-05
34.922667,-129.49,1140.34,0.01318,8e-05
34.924333,-187.969,1144.52,0.00799,4e-05
34.926,-246.448,1159.14,0.00246,4e-05
34.927667,-307.016,1171.67,-0.0032,8e-05
34.929333,-367.584,1177.94,-0.00877,4e-05
34.931,-426.063,1186.29,-0.01423,4e-05
34.932667,-486.631,1200.91,-0.01945,4e-05
34.934333,-545.11,1215.53,-0.02436,4e-05
34.936,-601.501,1230.15,-0.02885,4e-05
34.937667,-657.891,1246.86,-0.03298,0
34.939333,-705.928,1265.66,-0.03664,0
34.941,-753.964,1278.19,-0.03992,0
34.942667,-795.735,1288.63,-0.0428,-4e-05
34.944333,-833.329,1303.25,-0.04545,-4e-05
34.946,-868.834,1315.78,-0.04795,-4e-05
34.947667,-902.251,1324.14,-0.05017,-8e-05
34.949333,-931.49,1336.67,-0.05208,-4e-05
34.951,-958.641,1345.02,-0.05356,-4e-05
34.952667,-977.438,1349.2,-0.05469,-8e-05
34.954333,-994.147,1351.29,-0.05547,-8e-05
34.956,-1006.68,1349.2,-0.05613,-8e-05
34.957667,-1015.03,1357.55,-0.05668,-8e-05
34.959333,-1019.21,1355.46,-0.05703,-0.00012
34.961,-1019.21,1353.38,-0.05727,-0.00012
34.962667,-1012.94,1353.38,-0.05734,-0.00012
34.964333,-1006.68,1347.11,-0.05738,-0.00012
34.966,-992.058,1347.11,-0.05738,-0.00012
34.967667,-979.527,1345.02,-0.0573,-4e-05
34.969333,-954.464,1340.84,-0.05711,-8e-05
34.970833,-933.579,1336.67,-0.05695,-8e-05
34.9725,-904.339,1336.67,-0.05668,-0.00012
34.974167,-877.188,1332.49,-0.05629,-8e-05
34.975833,-843.772,1326.23,-0.05582,-0.00012
34.9775,-808.266,1319.96,-0.0552,-8e-05
34.979167,-766.495,1315.78,-0.0545,-0.00012
34.980833,-722.636,1307.43,-0.05372,-8e-05
34.9825,-678.777,1299.07,-0.05278,-0.00012
34.984167,-628.652,1294.9,-0.05169,0
34.985833,-580.615,1284.45,-0.05044,-8e-05
34.9875,-530.49,1278.19,-0.04892,-0.00012
34.989167,-476.188,1271.92,-0.04717,-0.00012
34.990833,-419.797,1263.57,-0.04518,-8e-05
34.9925,-363.407,1248.95,-0.04296,-0.00012
34.994167,-302.839,1234.33,-0.0405,-8e-05
34.995833,-246.448,1221.8,-0.0377,-4e-05
34.9975,-185.88,1207.18,-0.03454,-4e-05
34.999167,-129.49,1186.29,-0.03103,-4e-05
35.000833,-66.8334,1171.67,-0.02717,8e-05
35.0025,-8.35417,1159.14,-0.02308,0
35.004167,54.3021,1148.7,-0.01852,-4e-05
35.005833,110.693,1138.26,-0.01376,-4e-05
35.0075,171.261,1129.9,-0.00862,0
35.009167,229.74,1121.55,-0.00335,0
35.010833,286.13,1115.28,0.00222,0
35.0125,344.61,1119.46,0.00787,4e-05
35.014167,403.089,1138.26,0.01349,4e-05
35.015833,463.657,1152.88,0.01891,4e-05
35.0175,526.313,1173.76,0.02394,4e-05
35.019167,580.615,1188.38,0.02838,4e-05
35.020667,628.652,1200.91,0.03255,0
35.022333,680.865,1221.8,0.03645,0
35.024,728.902,1240.59,0.0398,-4e-05
35.025667,772.761,1253.13,0.04272,-8e-05
35.027333,810.355,1267.75,0.04541,-8e-05
35.029,847.949,1280.28,0.04783,-8e-05
35.030667,879.277,1292.81,0.04998,-8e-05
35.032333,908.516,1301.16,0.05165,-8e-05
35.034,935.667,1309.52,0.05313,-0.00012
35.035667,956.553,1315.78,0.05422,-0.00012
35.037333,973.261,1322.05,0.05516,-0.00019
35.039,983.704,1328.31,0.05586,-0.00015
35.040667,994.147,1328.31,0.05645,-0.00019
35.042333,998.324,1328.31,0.05684,-0.00015
35.044,996.235,1330.4,0.05711,-0.00019
35.045667,996.235,1328.31,0.05727,-0.00015
35.047333,983.704,1326.23,0.05727,-0.00019
35.049,973.261,1324.14,0.05727,-0.00019
35.050667,956.553,1324.14,0.05723,-0.00019
35.052333,939.845,1322.05,0.05707,-0.00012
35.054,914.782,1317.87,0.05688,-0.00019
35.055667,889.72,1317.87,0.05664,-0.00015
35.057333,860.48,1315.78,0.05633,-0.00015
35.059,829.152,1311.61,0.05582,-0.00019
35.060667,793.647,1305.34,0.05532,-0.00019
35.062333,756.053,1299.07,0.05461,-0.00015
35.064,714.282,1294.9,0.05387,-0.00015
35.065667,666.245,1288.63,0.05294,-0.00015
35.067333,618.209,1280.28,0.05189,-0.00015
35.069,570.172,1271.92,0.05064,-4e-05
35.070667,520.047,1261.48,0.04927,-0.00015
35.072167,465.745,1248.95,0.04771,-0.00012
35.073833,413.532,1240.59,0.04588,-8e-05
35.0755,352.964,1228.06,0.04382,-0.00012
35.077167,296.573,1213.44,0.04148,-4e-05
35.078833,238.094,1198.82,0.03887,-4e-05
35.0805,183.792,1186.29,0.03594,-4e-05
35.082167,123.224,1165.41,0.03255,0
35.083833,73.099,1152.88,0.02877,0
35.0855,10.4427,1150.79,0.02433,0.00012
35.087167,-50.125,1140.34,0.01973,0
35.088833,-110.693,1134.08,0.01489,0
35.0905,-167.083,1138.26,0.00978,4e-05
35.092167,-225.563,1157.05,0.00433,4e-05
35.093833,-284.042,1165.41,-0.00129,4e-05
35.0955,-346.698,1169.58,-0.00698,0
35.097167,-407.266,1182.12,-0.01244,8e-05
35.098833,-465.745,1194.65,-0.01781,4e-05
35.1005,-526.313,1205.09,-0.02284,4e-05
35.102167,-582.704,1221.8,-0.02748,0.00012
35.103833,-641.183,1240.59,-0.03177,4e-05
35.1055,-691.308,1257.3,-0.03555,0
35.107167,-737.256,1267.75,-0.03894,0
35.108833,-783.204,1282.37,-0.04202,4e-05
35.1105,-822.886,1299.07,-0.04483,-4e-05
35.112167,-858.391,1305.34,-0.04736,-4e-05
35.113833,-891.808,1319.96,-0.04974,-4e-05
35.1155,-923.136,1332.49,-0.05173,-4e-05
35.117167,-952.376,1338.76,-0.05333,-4e-05
35.118833,-973.261,1342.93,-0.0545,-4e-05
35.1205,-992.058,1349.2,-0.05543,-8e-05
35.122167,-1004.59,1349.2,-0.05613,-0.00012
35.123667,-1012.94,1349.2,-0.05672,-8e-05
35.125333,-1019.21,1351.29,-0.05711,-8e-05
35.127,-1019.21,1351.29,-0.05734,-8e-05
35.128667,-1015.03,1349.2,-0.0575,-8e-05
35.130333,-1010.86,1349.2,-0.05758,-8e-05
35.132,-998.324,1345.02,-0.05754,-0.00012
35.133667,-981.615,1342.93,-0.0575,-8e-05
35.135333,-962.819,1340.84,-0.05738,-8e-05
35.137,-941.933,1338.76,-0.05715,-8e-05
35.138667,-914.782,1336.67,-0.05695,-8e-05
35.140333,-885.542,1330.4,-0.05656,-0.00012
35.142,-854.214,1326.23,-0.05613,-8e-05
35.143667,-818.709,1322.05,-0.05563,-0.00012
35.145333,-779.027,1315.78,-0.05489,-8e-05
35.147,-737.256,1309.52,-0.05415,-8e-05
35.148667,-691.308,1301.16,-0.05325,-8e-05
35.149,-685.042,1299.07,-0.05302,-8e-05
